path,size_bytes,sha256
.github/workflows/android-phase-acceptance.yml,3124,c1bfe7f334d8d193243bff1cb500fdf25087ca3bf79e8aa860c4cb7ea8225509
.gitignore,390,fb114d0225b825598a22df0f280b08a08d8d0e8ebd582f1802bc2ba518c329eb
00_READ_ME_FIRST.md,6710,4c067d187f5d6962e004bbc36a9797869b46256ed4c91f02a54ad88d2f7b7242
AGENTS.md,6550,e548d84688a78f382cf2323ccab37b48043d7e3f5da09fcebee513434e426b46
CURRENT_PHASE.yaml,608,734ea6e19ae6f14717e186d6bef39248e8586b95aa4eafa9e6466b51161435fb
CURRENT_WORK_PACKET.yaml,181,3408a18e6b1a598a1c909a4fcf07b66951ab19a4fe071828c920c842b082ea8d
OWNER_ACTIONS.md,1360,1a87137fc6906776c4c2da9ceabbc86b2488d7b06ea3183507e811fac1293873
PACKAGE_CONTENTS.md,4281,14681c773f4d6f5c36ae9b541ab8b82bce77eda7fade0910ae75a20fdc2645e0
PACKAGE_SELF_TEST_REPORT.json,6705,4b32c24b57a227151bb0a3d1144c73527614bc8346d3abe78d9af36edd4232a4
PACKAGE_SELF_TEST_REPORT.md,566,15500d2c4a2852d06e9b01b1c52057e2f36f76b5de74607c7782b7cb44ac7ea7
POWERSHELL_SYNTAX_REPORT.json,4354,f494b7fefb41436ab4e6fba3ff8d6eb6bc85ce67431f357735837f864c526415
POWERSHELL_SYNTAX_REPORT.md,1982,58ad0fdc3f5d3463511bc90c65abaa7635652f66ad1981ba091de5dbf28830d7
PROJECT_CONTEXT.yaml,2316,b9c9392d90a80a9ca3a720d2957674bd6b5e5ab68c99a8a86e9d04a13b905d0a
RELEASE_CONTRACT.yaml,899,96e5823bf27b88966cd097468f6321edf5c0fd0889938d8e2092c0bb4ce03a8f
SPECKIT_INTEGRATION_VALIDATION.json,2161,d6dae60f2c07609c980b1a2d9fd31e4012584b8db169cafaad8408a0197b2059
SPECKIT_INTEGRATION_VALIDATION.md,1728,53c303854fd9fb67f536d02e40f3a2ddccc24b75ccd9db8228e33629fb28b2aa
UI_CONTRACT_BUILD_SUMMARY.json,724,9d5507ecbe94b40e6b88f202e6f0cda5a8f90b63002e63431744126a222aa6b8
UPGRADE_NOTES_V1.2.md,660,6a555aa9983f23dcb95af0e48eeaec66db756ec5e0cd8a4fadabcdb128d93aed
UPGRADE_NOTES_V1.4.md,1287,923889dfea632ac92ef6645639dcf4d759e2a35ef665fe44639e1c7fe62d2448
UPGRADE_NOTES_V1.5.md,696,e0d4531544d9e051b9a7c5c2dd7fb7fa4d8084d5c3b75897f49822d7fa082e4b
UPGRADE_NOTES_V1.6.md,763,7480ca6c8d329129578fd88079e9968cf472c73199c3aad0763ab4ca3e6eed16
VISUAL_DUPLICATION_AUDIT_REPORT.json,44538,7980487da9793d769aa376dd7297811b96a709b44b112d4290507cfd958a55a5
VISUAL_DUPLICATION_AUDIT_REPORT.md,1438,8aa749e60e70b01375af19616cef7622b905d168fd9a0dfdd2dac84f79840c25
YLVEN_MASTER_DEVELOPMENT_PLAN.md,10447,858ffde12f7327c3e9e6200806e607d0d9b07db0fa96b884b4461021746b93fe
codex/ADVANCE_AFTER_OWNER_ACCEPTANCE_PROMPT.md,802,8dfa0e379c4deb08cb794bf9226df421c5975568d41edab3dbe2b7cbe294dfa8
codex/AGENTS_TEMPLATE.md,4894,311e9eee15e560961f54815a1f9bdfbed80a50cc5e6665d5f3c205e289aa7a6b
codex/CONTINUE_CURRENT_PHASE_PROMPT.md,892,9e77d8cb64517a41a9b95d9ac9cac9401d0d922e9a007341111a69542fbae612
codex/CONTINUE_NEXT_VERSION_PROMPT.md,894,7728da59c8b8fc5073602433f53734f58e371ead66e6986fd73b20ffefbe5c49
codex/FIX_ACCEPTANCE_ISSUES_PROMPT.md,1230,c116fc9c2907efb9dc60d7e0ffbf44fea243b73e7c9beb067ddd677a2a91c160
codex/MOCKUP_GENERATION_HANDOFF.md,643,34c806ef0be9cec4823f96268d500e6bd3b31cdf73da3b804fa0c5cd67be69e9
codex/OWNER_WORKFLOW.md,932,9eefc6b07597f785dcc9444678ee96678abaf92f7d12059f7d1d1efec39eb30c
codex/RESUME_AFTER_CONTEXT_COMPACTION_PROMPT.md,313,7cb577b11ae9dfb252f760af2d6b4c5b35f9bbeb106fb3d4fb8c494eb629fb45
codex/SPECKIT_COMMANDS_AND_DECISION_RULES.md,1403,6106f69fe20fca778db13ec5d4dff2ffbba3dee243b20cc8dfb7f7bcf52468ca
codex/START_HERE_PROMPT.md,2324,ed3b046a8f11ff4bbcb13f7fd5d6e58d37b60bd587f36edbcac8dc1ddf17d913
codex/UI_IMPLEMENTATION_PROMPT.md,2276,4286d2764a0227dbd7d142891d0cef047338a8706d5c9e4db468c1bf9c3de110
contracts/CONTRACT_MANIFEST.json,6080,909f89a5e8ea973d9d35ab9a3ef5fc1d39fb5a6f402e046391d1bef676275008
contracts/FEATURE_MATRIX.md,86144,ae11ae1213d638eea875a204a6801bdda77408f655e6dde3d8736cedcd4df2b9
contracts/admin-menu-map.yaml,5537,5d5056c3c7f6022d08358339ed082e6fffa9cb1ca34b1c04b395d9b7205dfdb6
contracts/android-phase-acceptance.yaml,2037,8537b7a1adcd68d94da7483de85b7b50f4dfed00cf7518bd3a6ad225154db74f
contracts/api-inventory.csv,37012,66c5251961c02fd07f3399b818512cc440038373e8b6a96592d1388ef5612c16
contracts/contract-authority-map.yaml,2385,c43080dc45337db092b8caa26794259a8de9452e0c621c34392560f7f2c54ce2
contracts/data-authority-map.yaml,932,6ef61c1b78b2e9735a462eed5f3953a4339ec1ef9096d01af01c246852923dbf
contracts/database-entity-catalog.yaml,29505,055fca24e3448b7169a32a2161b954d07f85ed5cac02e47a341dd4f1a0ac9330
contracts/domain-delivery-map.yaml,5684,576a5dc9c3ca24294144fb68a68afa4943c1116e46bfb6fc0fa6a3804a5f3b04
contracts/entitlement-catalog.yaml,1564,1397879f61634d3b47e6329d243e38a395b61c412f4f2d52ffc15f8bcf833812
contracts/error-code-catalog.yaml,3749,a20cba3ffc07408e63ceb70c2b2d1f34ed2c8a5e8fab71c2a99ccbcf99e5ac67
contracts/execution-environment.yaml,1640,07251b9ca41a57ed48225fc42bb059e3bee683d620a036e5e251b351640b9f3b
contracts/execution-mode.yaml,1095,917854e4b6ee29b246101bf9e314a2231debb34bc4b383eaead4bdc23043a479
contracts/feature-map.csv,248621,540bc0e1174e75a02d93c60fbf194ba90cb9c97cf626b239bea2017ff50f0dec
contracts/feature-map.schema.json,2454,b67c13931cbcd5c6f55dfa823aef79e1644bcdf839f2442717ceed0b574c7d47
contracts/feature-map.yaml,353590,24a0d595657ce5d560e29da3d80e77092934cbbb5bbcd27db5f876e22665ee55
contracts/feature-ui-map.yaml,104783,02248b66880e9637a168bd7c6d212fbbecd0606799f40151cf214f4c0fa5c2cd
contracts/interaction-test-bindings.csv,46704,781c439cea4481ac6f437dca9535af65d50289a8afa062f4f69a8c498d7c2692
contracts/mockup-batches.yaml,91751,ad255e817432f6f3820196d5b3773e55595934fbe1a852940a8496407e32865d
contracts/mockup-manifest.csv,1382707,b479c9717fc8da3af269c59514266e21414236b3eb4f4ea40a472cf50a646e61
contracts/openapi-skeleton.yaml,213216,07131de4698b51c65edea3cd63f1e1d872b9852acd3ffeadf9caa979db13e7fd
contracts/release-contract.yaml,899,96e5823bf27b88966cd097468f6321edf5c0fd0889938d8e2092c0bb4ce03a8f
contracts/release-version-matrix.yaml,7806,6db76f5c7fba4356e4bd59aec831e031ec4f2416abb362046111688a7874d683
contracts/repository-policy.yaml,1823,f1df2f6d8551df9086e9d13b5a0fbdbb27efb3ac67ddeab63d674954a8be1563
contracts/state-transition-contract.yaml,2291,5847aaddfcc2ecf7bf2b7abfbe8be8197817525c25f363ada10bd09c95c8a2a7
contracts/test-catalog.csv,131095,d08b89febf65c8c8561b34c47c74973c65bc47a9020b13bade4c5106ee8f4224
contracts/ui-component-catalog.yaml,5746,bb5281f6509d4262bbf20c4de9c6b2b4fb015eb38053c7dfd03772be24c0a576
contracts/ui-contract.schema.json,1001,ab4c75f82e05334333c8de5735aa6159cc36a5590a4855e33cff27f5b0172b62
contracts/ui-design-tokens.yaml,12465,45cd76697f300fdc4283f5452d343057435ff63e731578341f6d109063232400
contracts/ui-interaction-map.csv,120558,76239998a41730e134a0669eb83fee62e28bba51bc76486f13d4f2cf3a6af358
contracts/ui-layout-profiles.yaml,4094,50c83b979d25b4b6af6606260022cd6eb7d306f2e9558a714268a6b06f8357f6
contracts/ui-page-catalog.yaml,571448,c7f7fdb743f69f4821ff115dc09ecec0c78f365fa9a523caebc22b4405e026e7
contracts/ui-page-resolved.csv,75102,97b08ff2365e525db0a198f8f6207e46719d9d0bd25024a30afd0877df19810f
contracts/ui-phase-binding.yaml,5798,bed1a7a624df3d53389f6fdf2259aab78b681f327fe356b13f1a6e78566f7713
contracts/ui-state-catalog.csv,783373,e83bf6417e6b10ed32edb302f2f961b8f160ea4ca730564cf0a62f85c02ac065
contracts/ui-state-profiles.yaml,14442,314e0821ee991fbdf6a68cb743e65954ace49b0aa349032dec9451dfce194fa1
contracts/work-packet-map.yaml,224758,941d46c99e59bcb8ac109636d380f7313c9d9f68b5f8227167c9256591e6359e
deployment/ADMIN_BOOTSTRAP_AND_HANDOFF.md,970,20ae97f2ab995f5f597673a0f2e41f399412e64bda7ea0132606edee49e23376
deployment/README.md,618,946eed8d54af5f12987f3b3c0e4cea6756bdce2fa1865f252f89110c7c14123e
deployment/cloudflare/DNS_PLAN.md,1442,7632166698889c625a002d430fb01456f8ae1cecb737631c966dae58fc09a938
deployment/cloudflare/R2_CORS.json,316,a2485c72086345ed22c39e66947e4dc5b4bc1df87872a9269a26caacb0b400b1
deployment/cloudflare/TURNSTILE_SETUP.md,944,16b3f76add02010a9fb8b7d0151186ba412aa0d91728b3b9d0bb56710fd3cb1c
deployment/docker-compose.staging.example.yml,2569,a2e2bf56e327a13d81a91089b06cfdec4a9352e2be17d1396361966184b7fcb8
deployment/env/.env.example,1675,4277929878ee61951226a426b37a53283c55522081d3baa0058d715cbea20850
docs/01_PROJECT_CHARTER_AND_FIXED_DECISIONS.md,3219,659e541a5cee63d286e5626a9539053c6978b8865bced468e48dd6455ddbd974
docs/02_PRODUCT_SCOPE_AND_INFORMATION_ARCHITECTURE.md,4995,389ad136f1121f515b400ab9ca5d78c2d02d2276f342d43b8ca9a90cdeaad553
docs/03_ANDROID_UI_UX_DETAILED_SPEC.md,7676,b72e5e3ce8be1df29d02ee65cf14f75e9277557baed4fc45f4ec3b0db240dc14
docs/04_ADMIN_CONSOLE_DETAILED_MENU.md,5763,4b62439f7fefdab56de7daa86010690c9ac6c6d8441b551be7351468b7b8fd0b
docs/05_DEVELOPER_PORTAL_AND_PUBLIC_API.md,3257,36753e5dfc1cdd84cc60b1cde524dd77b5fda26f14454f979502f411139a004b
docs/06_SYSTEM_ARCHITECTURE_AND_DEPLOYMENT_UNITS.md,5152,20476ac5580adb2d01c2a9ec2fc8aa34275d75f825a7afeddb6e4b502772c420
docs/07_BACKEND_DOMAIN_MODULES_DETAILED_SPEC.md,3660,9cad0126c51724cfa865f89978dc420364c80908a3c330feee1ce61652746e50
docs/08_DATABASE_AND_DATA_AUTHORITY.md,4314,062a1dd04ddef68d52aedb4ccff48acfacd9a58a5d5dad5b20b750c93daa1bca
docs/09_AI_MODEL_CAPABILITY_ROUTING_AND_STREAMING.md,3423,15925bedae809f9eb0cbe6636c7ec2ec4773e91b778de80af4134d4d8a7879d7
docs/10_SUB2API_LIGHT_COMPATIBILITY_AND_OFFICIAL_API_MIGRATION.md,3019,95f27a6c08d9639c0c5b1a32ea970d15ea710fd594f5795fdb2cded81a53ea4d
docs/11_IDENTITY_EMAIL_AUTH_TURNSTILE_AND_SECURITY.md,8583,abfd8c7fead9643d96d076f8aaeee9ddaaf336681d4bf39484a0d124f936ac79
docs/12_UNIFIED_ACCOUNT_SSO_WALLET_AND_SUB2API_COMPATIBILITY.md,2883,c1e40ddce8068e66317da108a9fd34aab7cf1fff32366ecd46676408e10bd914
docs/13_PRODUCTS_PLANS_WALLET_LEDGER_BILLING_AND_ENTITLEMENTS.md,6337,b823f09ab8832561e3130be852a0df60ca633f8471a6d3b0903f19a6f5dfbb2f
docs/14_PERFORMANCE_CONCURRENCY_SECURITY_OBSERVABILITY_AND_OPERATIONS.md,6945,e86875f7b7cb305c2a5f9c8926a564467c0c660c6781a0a42b9ef3b800e30410
docs/15_ORBEXA_DOMAIN_CLOUDFLARE_R2_AND_DEPLOYMENT.md,5415,608ae6ba430cab5f859030d96e1ac98d6b5cb49ec11edae108d76312a09eafe0
docs/16_PHASED_DEVELOPMENT_PLAN_P00_TO_P13.md,6636,ac0f78f13a180efd93de549e996d2d3cd644cc0b3de9cb5a0b24781e0665b32d
docs/17_TESTING_ACCEPTANCE_RELEASE_AND_OWNER_WORKFLOW.md,4705,4acedea39fdc72af0bf7ee77f5800ff225557c791d6d4511364a792f5696fe7d
docs/18_CODEX_OPERATING_MODEL_AND_ANTI_DRIFT_RULES.md,3164,6f3a5fdf7aa178fa52bcf8d17dd2867c5d4b29f1fc1b51d2c7ed563fe1dc5b2a
docs/19_SPECKIT_LITE_AUTOMATIC_SETUP_AND_WORKFLOW.md,3874,c326323b2c7ec69d5639964f78b2487f81885507b994843240bbb92fb070e036
docs/20_PAST_PROJECT_FAILURES_AND_MANDATORY_COUNTERMEASURES.md,4960,758a04ec8213b7fecd930df87af713472eb8344d8601bfc9d367c21726fe9588
docs/21_ERROR_CODES_RETRY_IDEMPOTENCY_AND_FAILURE_HANDLING.md,2482,14891ea65e586c2160da8175f767019ce09b443b9958471c0ca2e116cd5ea10d
docs/22_API_CONTRACT_EVENTS_VERSIONING_AND_COMPATIBILITY.md,2157,f06a2987c849b8c8fdbc4b8cdec1cfe0467f54b70dc0d50e3683645bee91d5aa
docs/23_TRACEABILITY_AND_COMPLETION_ENFORCEMENT.md,2223,57be67bb09755c9842ffde8f816dda51a07899ca5389ee730c6a32cc741159c5
docs/24_EXTERNAL_CONFIGURATION_OWNER_ACTIONS_AND_SECRET_HANDLING.md,2227,8f8c00e4581fd6bcf377d390af4b568abd346e4b7c6d0f194dedc9c41dd4fcb0
docs/25_BOOTSTRAP_CODEX_EXECUTION_AND_OWNER_ACCEPTANCE_RUNBOOK.md,4587,0fff11fcf9178df22ab6f064a208e145fb10ab148628c522eca6f0b59486b41d
docs/26_UI_DESIGN_SYSTEM_AND_FIXED_VALUES.md,4379,322099c1ca29ca0be49527643efc2447fae8349e34d78703df007de8da2b46ba
docs/27_FRONTEND_PUBLIC_FRAMEWORK_AND_COMPONENT_CONTRACTS.md,2767,d14d5790ad6a1a282278dad8d9528f800879c586f78a4b72b853c195c6f2a754
docs/28_PAGE_STATE_MOCKUP_NUMBERING_AND_BINDING.md,1051,a61180777851c2e177cb6fe20cf7e4cba2e1d64f923cdc6555156f393f267975
docs/29_VISUAL_IMPLEMENTATION_PIXEL_ACCEPTANCE_AND_NO_INVENTION_RULES.md,2960,7b13d4e478f67306933136d260d77e4a1c88e19f53dee220731b652652db90e4
docs/30_UI_PHASE_AND_WORK_PACKET_ALLOCATION.md,9112,a0f8b9fad2c1bbab894d5d2e395035bb6a967dd21adbe2624c15c0eaff2cb9a7
docs/31_ADMIN_AND_DEVELOPER_WEB_VISUAL_SYSTEM.md,1613,3bf63650964d23fbbfda0be2e31bedc3db07f4361352f04b958903adc695767c
docs/32_FRONTEND_PAGE_AND_STATE_CATALOG.md,28245,cadd9760c9ecd2aae2e7fbe2d629a64e95ac7031189474c98b31f74b3b027095
docs/33_PROJECT_CONTEXT_REPOSITORY_SERVER_AND_SSH.md,885,a98697c18c3835f187a0408eb7bd46be0652e8d9fdb785f932226f558f3b2796
docs/34_VISUAL_DUPLICATION_AUDIT_AND_PAGE_REBINDING.md,740,2788a205e53161c1d5c6f5cc79a8b750d151f3bf5603975b0b6cbef5470f71ff
docs/35_FINAL_RELEASE_DOMAIN_CI_DESKTOP_AND_FAST_EXECUTION_CONTRACT.md,5326,3e09b08166b6dee7ee6f5b68058ac8a4213908d01a0056f6d6c4c15adad4b0d5
docs/36_VERSION_CLOSURE_SESSION_RECOVERY_PUBLIC_REPO_AND_THIN_CLIENT.md,4203,70c281b40bac5b9585c3fb5af599e1fac2e6973337e340ce2a14684bca3990ed
phases/P00_ENGINEERING_FOUNDATION_AND_CAPABILITY_PROOF.md,57738,4d3e6c4c0dfac898ffec49ae15efe628a9b6f14cc79a8c960bf18700ae74ad36
phases/P01_IDENTITY_BACKEND_EMAIL_AUTH_AND_ADMIN.md,63982,e0bcd898b1b69085ecdf2aabe1623c6bbfe40c03a59ef7684dcb4a305ab48cbc
phases/P02_ANDROID_REGISTRATION_LOGIN_AND_DEVICE_SECURITY.md,59684,5fdf7d99fe8af0cb5dcdb1a46fccb1fdf34df748675e479fe7ed82e1e5685f02
phases/P03_CONVERSATIONS_STREAMING_CHAT_AND_MESSAGES.md,76352,741c235c6dd71c39cccc9d6b99c2cd9b4512a71ab81e94a02463ebc0b86d38ab
phases/P04_MULTI_MODEL_REASONING_ROUTING_AND_COMPARISON.md,69927,45ed5e352c244f9ec779f55048af36c32c088d8adaba23bc4759e0b946d141d0
phases/P05_FILES_VISION_AND_DOCUMENT_PROCESSING.md,59586,6f567de49acf470e15e2e4c6578685c0f230f2c844e05cfe681fa25411588395
phases/P06_PROJECTS_KNOWLEDGE_RETRIEVAL_AND_CITATIONS.md,49518,6a46260f04e92d23cf1d5e9c01d2f738fdd537e3b004d418018257772dc07cfb
phases/P07_IMAGE_STUDIO_JOBS_AND_ARTIFACT_VERSIONS.md,53184,371f8adfed58756fdcc96f4190b83687f7a6f92a92a40a02a70157980e9d142f
phases/P08_PRESENTATION_STUDIO_DECK_JSON_AND_RENDERING.md,59307,94038eac93229277d8bc6e23d7f0d281982de96d7dbca381365c8570cd0268d8
phases/P09_WORK_DISCOVER_PROFILE_AND_PRODUCT_INTEGRATION.md,59835,2023189cb8760874710a5cfac245f92ade72d5f8f4457fc71a162c7c07cbfc16
phases/P10_COMMERCE_WALLET_LEDGER_AND_SUB2API_PROJECTION.md,70257,abc7781bfa7213a1d8675666be07cb8bbae3479102e89fa7241a4d5f530d2a96
phases/P11_DEVELOPER_PORTAL_PUBLIC_API_KEYS_AND_SSO.md,73487,8669ab5f3bf4f70d705c4ccd0b962c55e28ae4b8d0092a61c82f3895ab9d0c04
phases/P12_SCALE_SECURITY_OBSERVABILITY_AND_OPERATIONS.md,58396,b303f1aebb447e270935c9e55df940d8f8f0b0304fa6a09abed2ea2a32f12a9e
phases/P13_FINAL_REGRESSION_OFFICIAL_API_MIGRATION_AND_ACCEPTANCE.md,39056,522aaafa095b0c94121d2bb920af5eea9f251c6d801519a3c17aa0d1595f115f
references/DECISION_LOG.md,1234,d3dd14a216d89c4fcfe0b5f79a46c69f0c861f6e9c1a23c7787aa39c99e5dd1a
references/OFFICIAL_SOURCES.md,1408,5ddfef9afcc7d0a745b6429183a000d50215e3f76bacd79c08c46210e5a539b1
references/VERSION_PINS.md,925,aa81332c580e4e73b91abb9f79faef42bca3e451a4b65927fd6d1dd24b12a748
requirements-tools.txt,42,f519490a8913313ff9a9662091edddf17a8dbbbc2ef02fcb67e7bca1e388db21
scripts/00_BOOTSTRAP_REPOSITORY.ps1,3933,ef9601d704bcf651d32dedde82ba03d4df28d2c69c64e35743195b0d7ac0b029
scripts/01_INSTALL_SPECKIT_WINDOWS.ps1,2930,380e7c3a3d386a9dad240178728ecdf26231066618f919732c41e851b841d630
scripts/02_INSTALL_SPECKIT_LINUX.sh,1719,ccd88cc872b883c4f3b7343bb84a3b858895a9b8fd10b4cbfbf9a9593b9406da
scripts/03_VERIFY_SPECKIT.ps1,1607,a8ad36303cd8a6950675ab3dbf8fc2ece3327c00291434675d869f14dd4cbc10
scripts/04_START_PHASE.ps1,597,417f3208bdfd7475eb5cbae115ae7efc3f692bf45c8f0631b6c6318eddc6f28a
scripts/05_RELEASE_PHASE.ps1,2403,1b8b63d85cd2d68bba24c7895b9aa0ecd71afba1a91f808e1379366a20ccb585
scripts/06_VERIFY_RELEASE.ps1,657,07d8e55c257e48d5aaa603fffe72f1e2bf718955f9ff2dbcdd806387812f2262
scripts/07_VALIDATE_CONTRACTS.py,10571,babf11a23a31818fa9c0617620b1cdb0ebeb9170af496749b7dfa2c31049e501
scripts/08_SYNC_DESKTOP_DELIVERY.ps1,1724,30e261e81180675510f2e1e25c02e78f905f12e658f9f49550dd8e7695386190
scripts/09_DOCTOR.ps1,1964,43facaaf1b7adfed086b980494bce58fbed30a51406cdc144b6cb0a5af50a6f2
scripts/10_PHASE_STATE.py,741,bbb534cee253abaf166dd746c0ea9e279231b698374aa82afe8ee3a9b782a5b7
scripts/11_GENERATE_RELEASE.py,18254,51b490ed37f6fe6f0761304c95525159b8c90a97f6da002be59ec8831843a03f
scripts/12_REGENERATE_CONTRACTS.py,19422,b7cebedd72a506a2525ab1a073fecb17e8a44cde602553769d4572f6a017c00c
scripts/13_VALIDATE_PACKAGE.py,12859,23a07a999232e8ad6f31f01c08ff7dcfac9c64debc52bb11cb140a2c507f43be
scripts/14_BUILD_DISTRIBUTION.py,14288,d304fe7638088c23d17e34fa98441931efcdc6d4798e91fa13aae4b788665133
scripts/15_SELF_TEST_PACKAGE.py,2775,56a2c53ef02bc48ec8ac87f931b2d3c5ab5a77b2bd9f26abfa28e15ad68fdb50
scripts/16_VERIFY_RELEASE.py,15906,ddbf645af9f419b64dd2dd5dc472f35865d89194c04ba11c99694e2c8c94c83d
scripts/17_STATIC_CHECK_POWERSHELL.py,13811,710f54aedd0771f75f505686605e57a7c0073503fdd23abc50331355b9b2196a
scripts/18_VALIDATE_SPECKIT_BOOTSTRAP.py,9192,c9221330a5412662c18f0702242c4fc827af6fc69b7ac9a29e81aad43af4fe30
scripts/19_VALIDATE_UI_CONTRACTS.py,5382,f9928b229ac97c6f686821267bcd4e9f44c836856400d6a4fb0398ceffbd4411
scripts/20_CHECK_UI_VISUAL_GATE.py,1800,578b07fd8ccfea891f099ad4446640a2218eed2307e8b5b1ac463ef336968acf
scripts/21_GENERATE_UI_SCREENSHOT_PLAN.py,1426,0d16dae837f1dc01ee85421dc81f49f322a76c0b6ac593bc2aff232988ee4d5e
scripts/22_BUILD_MOCKUP_BATCH_INDEX.py,603,70d8f42328ea8f4de17e98570b1b8c71a444d2f8f483f61ce576e0b6bdf70d91
scripts/23_REGENERATE_UI_CONTRACTS.py,3737,a118888def63be86932cd6b28b7e38fd1d45c4dbbfa8ff17a86b5e466db039b3
scripts/24_GENERATE_MOCKUPS.py,162834,c576f8dccd8b1852b9482c9491405bfb37a407723257ff63490828f368604f6e
scripts/25_APPROVE_MOCKUPS.py,2975,91a0e55d78001ad642f2eaa0f3fc8c4d8fbc7c33cb99e7847b9e15b129e9e28d
scripts/26_VALIDATE_GENERATED_MOCKUPS.py,3485,cf71577ec6a745b24adc67d85a3f701e6d6f629871d1b71325b72768ea9eedf5
scripts/27_AUDIT_VISUAL_DUPLICATES.py,754,0d9d46083cdca7ba4536a63d1cc1736c15acffc18cae0e3674899320a1d8d93c
scripts/28_GENERATE_DOMAIN_ACTIONS.py,1343,59395ebd46c334abb38f9aa7f2d5fed828e1a9a13b6f13c5e08e89416d9164a7
scripts/29_RUN_ANDROID_PHASE_ACCEPTANCE.sh,986,2ee775193aede583fa3f15633a34933edb5f89e46610eb50ddf644fe8cede160
scripts/30_COMPARE_ANDROID_SCREENSHOTS.py,1771,22ce73d2d12b644b081f3e96d63d6ae185a3eb852985859c3bd15c56e2dcea0d
scripts/31_VALIDATE_INTERACTION_TEST_COVERAGE.py,1371,0b23dea59ea40807a85471ba01258f43becf4241a733bcb7fcbca607cd95157e
scripts/32_VERIFY_ANDROID_VERSION_CONTRACT.py,1014,af2b0602ed6efa346b1cfbef0c5e8fb040ffd7e626c32ac7c1221a05bab7e8d5
scripts/33_VERIFY_ANDROID_ACCEPTANCE_OUTPUT.py,1055,3e72e7b4f4c274c8ee1f93a80bee74d5ab8a162bf3b8d75b66757ac57e4d4fdb
scripts/34_PREPARE_DESKTOP_DELIVERY.py,1344,7f14dbdfe885efe16710d6fab06e3761ad09ae568151e80fbb3b5370d034407b
scripts/35_DELIVER_ANDROID_RELEASE.ps1,1465,2a796fbc57d833baa24579196a982f5bd3293fc98e11ab24aba31269ce0b7e95
scripts/36_VALIDATE_RELEASE_CHAIN.py,1657,5ed4165124646397ceb94d860a598c8e9e535c46a475fd1f89c9ee1d362b4fe3
scripts/37_PROJECT_STATE.py,39189,4d2beae9f8c75b66edb07f982a472e05016d91eb30dc7d20dda4a2aab4c11fde
scripts/38_VALIDATE_STATE_CONTINUITY.py,549,a2acf2434398705b58abf86dcd54a5a14fdddd4a80fc93af6a05b86ddb6660d9
scripts/39_REMOTE_SERVER_INVENTORY.ps1,2284,c4c2f54589661beb16005a0f2a8196e78bc3bbfcb5cd5c5a4b11e35b43ad8690
scripts/40_PUBLIC_REPOSITORY_SAFETY.py,1871,6ac6f2c14ae0f65f03ec585070fe57a37b2f326c28d30ddb814965add661a111
scripts/41_SELF_TEST_STATE_CONTINUITY.py,5706,6e4aa9cf8d7ebe630bd7ed20a136202a6b41314c1eb83a9ce144ab68941a0fe6
scripts/42_RUN_PYTHON.ps1,1317,1529cbb15b1cfcd987c7fb8cbd697e5087894b82e223d74de0e7826f7460af10
speckit/README.md,554,0c751888a8432cbc9083422d79ea1be8338da783491726d8a49b72d7e7836a59
speckit/overrides/constitution-template.md,1973,ae59e8bb1325d2ce4295a3ffe3c596099f8953b48026e41505f50acf101be31e
speckit/overrides/plan-template.md,2219,a676626a999b378eda53b5a708a3e9748a352b8efdacf6371ede4b2172767733
speckit/overrides/spec-template.md,2028,10d46e6b51e3f3bd139617a5989cdd3d5bae1b57b52eebbb491d1981b3f336f7
speckit/overrides/tasks-template.md,1688,3ce292504344a9262da599a47cddd8bea04423f0325bb68e55f3dead0aee3488
speckit/profile/SPECKIT_PINNED_VERSION,8,e695a29d2b700226e520ee5af04e5a4b5f5844e2d7e2d93bbfa8d4461ca48664
speckit/ylven-skills/ylven-contract-traceability/SKILL.md,1028,08bfd37609274e741cbd9b837a9674e9ab64324372d1d079450ed9ada547f89c
speckit/ylven-skills/ylven-phase-delivery/SKILL.md,997,fed1258a8da93853ca2c51598bfebe62cdce08a37b2df35231819d249863d575
speckit/ylven-skills/ylven-ui-visual-contract/SKILL.md,514,1b629982b1ee9e3cf7fb82ea7f47d446d91906277fce485a0e657057331d334d
status/P00_FEATURE_STATUS.yaml,2003,c76ba709afd4652ae73e3a4c0718043d71424f86b7745d934f52dff45c63134c
status/P00_IMPLEMENTATION_STATUS.md,601,8361a00701c07cd2152d8045a396c875dfc08c786784382651071b736f81795e
status/P01_FEATURE_STATUS.yaml,2281,fd724f93e93197b55e94bf0b467e8476fc91c2829e4422fb76aa5ae7e5bde7ce
status/P01_IMPLEMENTATION_STATUS.md,607,d52946342384ce366c6d8ca287c4892d60c9e27f7abe2fba0f7859b1b93f3d69
status/P02_FEATURE_STATUS.yaml,2132,d8770fc7d52c9cf7190384c78a362866c3354808589c0b100e54e0878f9bf397
status/P02_IMPLEMENTATION_STATUS.md,594,c523a6abd356b61465a25a7dc7dd44d98bd1e565ec8bb6f7c385713f4f4fd1f2
status/P03_FEATURE_STATUS.yaml,2751,a02f88a4128ad6aab628bf6c174910ebfcf761833cd1d94e97795e75da872698
status/P03_IMPLEMENTATION_STATUS.md,601,e4c2e0d71dd30f2969a79db24d791353296ba465430d7b063d2900c5c72b5125
status/P04_FEATURE_STATUS.yaml,2417,f0d32fc916cdfb9a6de55a26ca033889a151adf19416e8a8b47726b9aaab7f56
status/P04_IMPLEMENTATION_STATUS.md,607,2eb4fe5b238d439ed0159fcc940b419a2bd514323d7b5c7e9cb1a024aca354f8
status/P05_FEATURE_STATUS.yaml,2074,29e37d19371b0ae038ebb7acf05b93e9f8b72af03f66551a66f2a10e3604453a
status/P05_IMPLEMENTATION_STATUS.md,604,1d957f27054b9dc4c1a863d4f474e131e9c3fe7d14b12ec1936c61764c7e3176
status/P06_FEATURE_STATUS.yaml,1725,f0d13bc81d07e9907a4ca504a3e056c071fe9cc3a347823a52d5e0121f5a1316
status/P06_IMPLEMENTATION_STATUS.md,595,2aff1e35eaf3d5400d0bbec124fdb14275351d0587160881a977e9afa9a70e9e
status/P07_FEATURE_STATUS.yaml,1870,4af3848785e11fe3b1968a4ce507b4c5f76789fd8687c486e3f336f9a45ebbb9
status/P07_IMPLEMENTATION_STATUS.md,604,2dc8fb394a916c9fc0f56d661ecc5f2fadd29d8f6893c0273bde8a6bc67a48d6
status/P08_FEATURE_STATUS.yaml,2075,5423d2d8f8d65b3a3f1a5e55a4ca792f23be71ce6f104fdf13870b7ea947e7c2
status/P08_IMPLEMENTATION_STATUS.md,605,d5873f6d9767ade9e8d0350e1e670e7e66756269374f78c260cd920ee35db741
status/P09_FEATURE_STATUS.yaml,2071,e4ad76c190db28ce872e42dc321a5df8ed3218f7b7b636e120702dd98800c76e
status/P09_IMPLEMENTATION_STATUS.md,601,5e360ca10f350330d26f7e91a5c09ed863d3742c4f6950863f85dcf5a98f91e3
status/P10_FEATURE_STATUS.yaml,2417,2c0294410749f0df52b6d3e1e7caf0d732977b69cd212f42c488e7609100c409
status/P10_IMPLEMENTATION_STATUS.md,607,95466fae2bfa6f36df3b3a355eb11f5499f43439d139f972aa9c17f71345e45b
status/P11_FEATURE_STATUS.yaml,2545,ee586925bfee48fb34a2c354ef87f8423d772461ada3941bc0b931b6b30f3551
status/P11_IMPLEMENTATION_STATUS.md,599,4199735db015b9fae0a6c1208d2a42e54590fc04e7d2bbe9a43192d092e448e5
status/P12_FEATURE_STATUS.yaml,2071,d1883df8034d5c4187cfdd35fff88c550fee1449584d5769ba476243e9b7976e
status/P12_IMPLEMENTATION_STATUS.md,601,9dafe848c6e2c511887714c2d8d91b075a36945a8133f17f473eef578918e535
status/P13_FEATURE_STATUS.yaml,1396,f4bb1e5b07425315441b07d8daf385a60d22bbb7f16117c6bdc3b6a2021d17ec
status/P13_IMPLEMENTATION_STATUS.md,606,0d52ca2a9242549bcca1c768428e216893854b5fa4c96a1dd3db8fbedaae7c02
status/PROJECT_STATE_SUMMARY.md,348,ecea32509f6158d1c512da76d860cb569aa1164d694c034bbeac255a043df51b
status/RELEASE_LEDGER.jsonl,250,6e8deb8e87e36c8dffa44c5f06b97e1de8243a790cd445bfae9da0cfc9c72791
status/WORK_PACKET_HISTORY.jsonl,261,48ca44050b9cdcd15386cacf2dfd149ca5baf84d24b4666f4175aab4079f7caf
status/WORK_PACKET_STATUS.yaml,12726,a88b15a8f39acf47cbd8ce843adbd7c4aaeeda7eccdc53c4976244998f42a18c
templates/ADR_TEMPLATE.md,300,a76916da9538842252aa5fefc9c607c9547a6fcc20b1c24fafa370f71b4a2bb4
templates/APK_ACCEPTANCE_TEMPLATE.md,1099,5afe241e00d00e4c8dae84a797d5a7ee4444045b288baf6800a483ac582998bb
templates/DEPLOYMENT_RECORD_TEMPLATE.md,1389,a731aff67e39c8d560861fa55721b19963ee6f153dfee46f655cf38854f3191a
templates/MIGRATION_PLAN_TEMPLATE.md,361,f04c81d74098ee0072d6ffe4d1754b9e39967f20dbcec108af1f3c6fc3daf8b8
templates/OWNER_ACCEPTANCE_TEMPLATE.md,953,8510f2beb000cf2fc8cfd26965e2714c82358f6eecbf72a6c014cf321673ea5c
templates/OWNER_ACTIONS_TEMPLATE.md,422,e22edff221e7987e766bfb95ee0dd1c68c914cc8f21d1385e682d28a79ee6e96
templates/TEST_REPORT_TEMPLATE.md,254,06042ccf5b7177f6d7580f5b384f0e280824ac9016590114d147eb6d6e3ee255
templates/UI_SCREENSHOT_INDEX_TEMPLATE.csv,99,032289d836cdd753ec80f0022116902013723ad8a6a0248e608e00e4707cabea
templates/UI_VISUAL_DIFF_REPORT_TEMPLATE.md,242,d16add8465957b523f3e96d0bc8f9f73b1c059b70ce6e4cefed7a3da9ca84ed0
templates/github-actions/ci.yml,1125,4cc31d41e10606868b46fee1165129005c15aa68b5498357d8aad3d795dcd2ff
templates/github-actions/contracts.yml,496,d017b916780dd2dc881190a185c93537e9ad3e5a80a829873baceb55655243ec
templates/github-actions/release-contract.yml,776,c81599925f8e204b1f639a242bb989a83ff7d9263696fd72f7afbc54ba65b587
templates/github-actions/security.yml,565,d85516ebbd3775a670d94ca4c5d919542ac40c19045a6af200f7508364e8fb70
ui/MOCKUP_BATCH_INDEX.md,9156,01d97cbf6fba3acf03f122ffd284720438a9989dd3e1eaafae2b3dbd4f9dacad
ui/README.md,1023,64fe0672bf8bb947f32e0d87dc4cf65666e8ff43004481e2ab4f5bcf6a0f0436
ui/mockups/admin/YL-M-001/YL-M-001-S01_LOADING.png,69927,7bf9d175619b072c320ab90986ed855659cfbd8bef0e9aa0f6dcd40897b347b6
ui/mockups/admin/YL-M-001/YL-M-001-S02_POPULATED.png,120687,80f16f097b8a8b7addf58ffa22e7e2d50176e815b6dbaba2362759559effc2ee
ui/mockups/admin/YL-M-001/YL-M-001-S03_EMPTY.png,87117,c299dca6692eeeb81815b22874b2db060a3327dcfa74d428ad5937bf397a618e
ui/mockups/admin/YL-M-001/YL-M-001-S04_FILTER_ACTIVE.png,125126,ecb4ac92641cd8e42682b42bb30cec31f789786d262d17a09141fa3cf36cf3e2
ui/mockups/admin/YL-M-001/YL-M-001-S05_BULK_SELECTED.png,126233,e00efe7c13ad911a6e3f88642d17c43abc4ccea7261417adb9c8fa921b006251
ui/mockups/admin/YL-M-001/YL-M-001-S06_PERMISSION_DENIED.png,83045,df8fa208d6a274b9e67a1f7fa2e92fb9492d2a0d5662aab42ae37be357f31409
ui/mockups/admin/YL-M-001/YL-M-001-S07_NETWORK_ERROR.png,85646,0934a8c8e32e498c15e796c0f1496237a0ac3a4addd00dcfab06835b2a6d2cc1
ui/mockups/admin/YL-M-001/YL-M-001-S08_SERVER_ERROR.png,84747,bd4beea06594bd28ea23021bf024fcfa02bd0a6068d8f162b6937499d06f21fc
ui/mockups/admin/YL-M-002/YL-M-002-S01_LOADING.png,71049,170fc6fa67e2dbc9599b86f7b4ac35593cde8b47d48b7280e16f423c7df46f1f
ui/mockups/admin/YL-M-002/YL-M-002-S02_POPULATED.png,76069,8817008467ed8d3d5174cb00132d6469cc410d713b258378893d1424dc456eab
ui/mockups/admin/YL-M-002/YL-M-002-S03_EDIT_MODE.png,79286,4b294e394be6b53a4b4a1af9bd4fb43af1b3c3d659ae762fec2ff10e60f3284d
ui/mockups/admin/YL-M-002/YL-M-002-S04_VALIDATION_ERROR.png,88578,68c7bf437e66188eaa21576b24060f18a836aa90921d8ab9c9ac247a895e7a43
ui/mockups/admin/YL-M-002/YL-M-002-S05_DIRTY.png,78716,2b774a57ffc62777348d0388a0b82970b1791509778fc5014b9ecdb12b51d6eb
ui/mockups/admin/YL-M-002/YL-M-002-S06_SUBMITTING.png,80039,4a30cf2a503140a1050c1c5c0ce836bc5c3aec4858ec144f56ae9fee09301c16
ui/mockups/admin/YL-M-002/YL-M-002-S07_SAVE_SUCCESS.png,87434,4c44489a0b867a8f0b2a71f4318bbd03d7d08fe441c55922c21225eb37d7c13f
ui/mockups/admin/YL-M-002/YL-M-002-S08_VERSION_CONFLICT.png,88828,a32285a04a4f387e53ba1720e55320072e91dcd3fc688625fab321103b2d8938
ui/mockups/admin/YL-M-002/YL-M-002-S09_ROLLBACK_CONFIRM.png,88951,af43954c1eb395c245a08d888230f8224be81e7a7d3ec49fcf531259d890b7ad
ui/mockups/admin/YL-M-002/YL-M-002-S10_PERMISSION_DENIED.png,83838,755816ce5e0c8570cdd1e8177b598433ec63c949fd6a0e14008a0155cd4d9cb1
ui/mockups/admin/YL-M-002/YL-M-002-S11_SERVER_ERROR.png,85809,6db501f5caf9fb8bfc8e39e67fb8db7cfe06bbaef69130c9ab990927a24d6667
ui/mockups/admin/YL-M-003/YL-M-003-S01_LOADING.png,71357,5ef10ed5057cb6dd1faadbdd4f048a51376ae72adea812ce740a75086873913f
ui/mockups/admin/YL-M-003/YL-M-003-S02_POPULATED.png,114791,4cffd5963783f1e824756007eb6b6563e0ba43ea0afc34bc4f24728856d70d98
ui/mockups/admin/YL-M-003/YL-M-003-S03_EMPTY.png,88790,b5e32000cbf4764367e290947661dd832484ad885ea975d6cf28e8c4b2fcce36
ui/mockups/admin/YL-M-003/YL-M-003-S04_FILTER_ACTIVE.png,119557,8a03872c87351afc05ab94ea8d732612585643d16158a6cf9d8bba3657b6f10c
ui/mockups/admin/YL-M-003/YL-M-003-S05_BULK_SELECTED.png,120665,9a8bc05f95eb3ab185b383cdc59aef724ac3b72010f26ddc0adf28b87b3b0b76
ui/mockups/admin/YL-M-003/YL-M-003-S06_PERMISSION_DENIED.png,84039,aa57d1611de5f9c9b3d5af6344e63b3fdf162a8105a98df6677e192e3c51574a
ui/mockups/admin/YL-M-003/YL-M-003-S07_NETWORK_ERROR.png,86996,36c033cbc360fa18437de3475ee508368d3a21124fd7f555ee6df9709eb32694
ui/mockups/admin/YL-M-003/YL-M-003-S08_SERVER_ERROR.png,86160,8a998b2155a1fd0b02cca275332f1fdc551ef44c0e0acb76d4d2f0cfe9053016
ui/mockups/admin/YL-M-004/YL-M-004-S01_LOADING.png,70590,9aa3d3b989bd1c1b13828a65edf9aa1279de5254bbb4d6bd63a4c105d3fa45ed
ui/mockups/admin/YL-M-004/YL-M-004-S02_POPULATED.png,76953,6572c408d827a7b269f5b00d30dfb0faa4a0061b217d2fd78e982b27c1b5eadc
ui/mockups/admin/YL-M-004/YL-M-004-S03_EDIT_MODE.png,80182,461ce57d91d2df5adcc2a02d9146a1c0352b8cb47a30449d6c34e43008a78640
ui/mockups/admin/YL-M-004/YL-M-004-S04_VALIDATION_ERROR.png,89482,4eb9c0cf0e08511c87b33f03b67844b048fadb7e9aa5a6063e5497a7e5112a27
ui/mockups/admin/YL-M-004/YL-M-004-S05_DIRTY.png,79611,02b2aef97c0246486463e161000c49ba78b03008ed128c1ec281e792a53b15d9
ui/mockups/admin/YL-M-004/YL-M-004-S06_SUBMITTING.png,80943,7806a6b8b45f1166f57e08c87a944220c290ba4df75a85199c63503a8365044a
ui/mockups/admin/YL-M-004/YL-M-004-S07_SAVE_SUCCESS.png,88321,227e8e0566f5fce64ad47690c59d9c678dfa685841cd4fc57431d1cebf0927b0
ui/mockups/admin/YL-M-004/YL-M-004-S08_VERSION_CONFLICT.png,89754,69f2a5f1f870047ec30995c5e064a18d35f0f6f01dcf9794420d109b31e9f6a1
ui/mockups/admin/YL-M-004/YL-M-004-S09_ROLLBACK_CONFIRM.png,89856,3146064e4b83181500ef9608f6dd1f7b21b93ad13e0b61b4ec7166c82df3ca82
ui/mockups/admin/YL-M-004/YL-M-004-S10_PERMISSION_DENIED.png,83457,7f0b9c69b40f4d57425845b441e3061a989d7727b522cf9e848e786f823d3274
ui/mockups/admin/YL-M-004/YL-M-004-S11_SERVER_ERROR.png,85376,7aefec71b2f8c7b33ab22908fcecc8e4265d97411658f98bd8fec1c253f08d07
ui/mockups/admin/YL-M-005/YL-M-005-S01_LOADING.png,70757,2e758b473a0e3052bb66890f76342ad3f10a9707eea0b15fc43f084776de9ab1
ui/mockups/admin/YL-M-005/YL-M-005-S02_POPULATED.png,76123,80ad065c48d6cd0830d1ec0fc1fd13e36f552b4d38c001cabbdc28e528633e3c
ui/mockups/admin/YL-M-005/YL-M-005-S03_EDIT_MODE.png,79355,20e38053eb195392d9192577c853bd070c93b3e739931701b26919cc9c171c24
ui/mockups/admin/YL-M-005/YL-M-005-S04_VALIDATION_ERROR.png,88645,6d67fb508b9b2cc985ed9997ca11f40d9d4dcb6c1c21e3408a3c4fa0572c71ad
ui/mockups/admin/YL-M-005/YL-M-005-S05_DIRTY.png,78783,518f689816fd9cfae686b53966775824d6f91900ac3cdd2fc5664358fb021728
ui/mockups/admin/YL-M-005/YL-M-005-S06_SUBMITTING.png,80104,a05fcbc08d1d4154a625463da1bfd4f831f1fbe1f904b27799b192f91e140c08
ui/mockups/admin/YL-M-005/YL-M-005-S07_SAVE_SUCCESS.png,87487,9ce2a4819edbfb77dc77d1c963fec99d9ceb62864d11f9c43be68d9f5e263408
ui/mockups/admin/YL-M-005/YL-M-005-S08_VERSION_CONFLICT.png,88916,77aa736ef0d76887a2b5d06e147642bcef48049b907a62738eec194496aeb6b6
ui/mockups/admin/YL-M-005/YL-M-005-S09_ROLLBACK_CONFIRM.png,89016,70c1cae6c6a0a55bfc3ebd43ad6157b461939fcc06e743deb72c82a8a2d83105
ui/mockups/admin/YL-M-005/YL-M-005-S10_PERMISSION_DENIED.png,83620,75e6c8366d2efcfbbc1ecb0cf294488ecb91e927c22109381781a685cb0e9958
ui/mockups/admin/YL-M-005/YL-M-005-S11_SERVER_ERROR.png,85580,ee6d128193298ac32c5a6b94ba4012dccc5a78b7271f4979cdfedf6699ac4ddd
ui/mockups/admin/YL-M-006/YL-M-006-S01_LOADING.png,71410,b179f5cea5bf2b7247687d02fd66418658ca82a13b6cebe0ddc81e52f112855c
ui/mockups/admin/YL-M-006/YL-M-006-S02_POPULATED.png,98638,3e0f4d66b4240f22e80ef4821e9280c3354a7e12d59c838079b78b5d961d00e8
ui/mockups/admin/YL-M-006/YL-M-006-S03_EMPTY.png,102731,de71a14c6888da47630d733000c1f3c0904458c0abcebc30588b1f1a862d818a
ui/mockups/admin/YL-M-006/YL-M-006-S04_FILTER_ACTIVE.png,101502,19ccc4fccf428425d3f6d1a5755a17b1d8d3766619175371104fe325b2a27658
ui/mockups/admin/YL-M-006/YL-M-006-S05_PARTIAL_DATA.png,112531,0c22033bc252d4ce5387574a7dd059f26385df2a6db4bfb6c320b051436be5c3
ui/mockups/admin/YL-M-006/YL-M-006-S06_PERMISSION_DENIED.png,83929,0420eb1f69852f8b4ac5999b7f74846dc9146715d93fadf528c4ed0f1c98262b
ui/mockups/admin/YL-M-006/YL-M-006-S07_SERVER_ERROR.png,85482,9974a3017f5f24c4a77505237a4a86a29b38822440c4a1b1b7ae10fd0e8e419c
ui/mockups/admin/YL-M-007/YL-M-007-S01_LOADING.png,70179,129b88c897e8bf241b0553077aa47ef70d7696941b71daef700bce5188018b07
ui/mockups/admin/YL-M-007/YL-M-007-S02_POPULATED.png,119671,4fab67fd531b80f80e3239e58e282a581742de40f174cf8d9b2b67673ca109a3
ui/mockups/admin/YL-M-007/YL-M-007-S03_EMPTY.png,87783,220ad9e500a9087ccc8c38d57eea082b1379ecee5ce8227b73318c21ad8d98bb
ui/mockups/admin/YL-M-007/YL-M-007-S04_FILTER_ACTIVE.png,124171,36ec991547381de5bd0c38fd258e0c6533059fab93d40ac5caa94a066d5a2431
ui/mockups/admin/YL-M-007/YL-M-007-S05_BULK_SELECTED.png,125281,0a20df12b2a3a5a3555ed6d3c2af5dca230cb1f8c7b9be59db0d92603bb1d6f8
ui/mockups/admin/YL-M-007/YL-M-007-S06_PERMISSION_DENIED.png,82917,e3d7f33e0450c3015535736f5cba60cd6239496ea18ee13a9b02b865a0fabfa2
ui/mockups/admin/YL-M-007/YL-M-007-S07_NETWORK_ERROR.png,85830,a3975dba34596ee57066c5c6c4167256cd77067986ec7613bc33a4a04a8cd76d
ui/mockups/admin/YL-M-007/YL-M-007-S08_SERVER_ERROR.png,84605,68fa11a3d908cff6571b26a6a834920a17dd12399a606fa03849d90f47bf899c
ui/mockups/admin/YL-M-008/YL-M-008-S01_LOADING.png,69491,dac31e41d631008627c8d3dbe091f6e4a1bfa321a0ec05a0a148e928915fc80a
ui/mockups/admin/YL-M-008/YL-M-008-S02_POPULATED.png,114838,b6435d773c320fe58eaf3723decd77ae56cddb8da56409ffa0781404bf5096d1
ui/mockups/admin/YL-M-008/YL-M-008-S03_EMPTY.png,87176,fa2b70521b1146f3bcb01ab96d2c09fed96e6cbcb3512d00f6062aec9918100a
ui/mockups/admin/YL-M-008/YL-M-008-S04_FILTER_ACTIVE.png,119622,0cbcd99babd4e84a78afe885fbe98f2176ae189731349621caec366410686605
ui/mockups/admin/YL-M-008/YL-M-008-S05_BULK_SELECTED.png,120731,7db86b11724561659100ed08000abd746d8c2be76665dfcd99de3e7aeed9fd27
ui/mockups/admin/YL-M-008/YL-M-008-S06_PERMISSION_DENIED.png,82343,6e3623f45ee539b30a376457931353a859ee49d9c3d57e0359b761e20490fd9b
ui/mockups/admin/YL-M-008/YL-M-008-S07_NETWORK_ERROR.png,85196,be5e724c33899790c83ad302d37966ea2112ba0a970360781e561790fd5fb7df
ui/mockups/admin/YL-M-008/YL-M-008-S08_SERVER_ERROR.png,83709,31112186ee1e25232d8d320b9ec89863b1c46287f295a469721c9aed706c0e1e
ui/mockups/admin/YL-M-009/YL-M-009-S01_LOADING.png,73039,9113291650933efe10b8afaa304f427875bbdff7d084dabf069e3de684ba902b
ui/mockups/admin/YL-M-009/YL-M-009-S02_POPULATED.png,122656,cf5aafcbc7246b174e9b5300f9ae2be5edcf804e96724703e9a58a359fcc4c31
ui/mockups/admin/YL-M-009/YL-M-009-S03_EMPTY.png,90403,4036d6c1d10f4fd5bbfd37e58fa176e48006417e795dc4a49cb849bdab240df0
ui/mockups/admin/YL-M-009/YL-M-009-S04_FILTER_ACTIVE.png,127265,a35c7970206d6e0278ad894407f01d2ce12d1913c610b02dcb74b168d5f01e28
ui/mockups/admin/YL-M-009/YL-M-009-S05_BULK_SELECTED.png,128369,9ff51f152e3fbaac095a1a9741b25569538e11aebe7df27bd582656206e71707
ui/mockups/admin/YL-M-009/YL-M-009-S06_PERMISSION_DENIED.png,85207,94d284c8dba0dfcc54e1e87efb53bd5680890fc35af054732337b67b0a7dcfc7
ui/mockups/admin/YL-M-009/YL-M-009-S07_NETWORK_ERROR.png,88700,38e140c529dbe6a676ac788fc7b6e9857e734e8f08f41e7c514e1bf9d38309b1
ui/mockups/admin/YL-M-009/YL-M-009-S08_SERVER_ERROR.png,87826,e9fa5011026e62eb9bcf77859d9d1a3e570d6327e81bc9ff58dd671f0db0a86e
ui/mockups/admin/YL-M-010/YL-M-010-S01_LOADING.png,67372,6db1cf47a868329167d21310483693d49de5604d540bf60b18ad079553500215
ui/mockups/admin/YL-M-010/YL-M-010-S02_POPULATED.png,120334,579f98d29b3635fe04df0f26b7c5421f7393c03a6b2cbb725a09ee579426dda3
ui/mockups/admin/YL-M-010/YL-M-010-S03_EMPTY.png,84590,bfd1c105b090ecafcab1e92953c95d5171cbc5a31c16445044acc79e2cd1ba78
ui/mockups/admin/YL-M-010/YL-M-010-S04_FILTER_ACTIVE.png,124826,a8253e3fb7741221f12b04ee41672ad03eb416e796f7f3fe17afbbb503e9f273
ui/mockups/admin/YL-M-010/YL-M-010-S05_BULK_SELECTED.png,125939,22c18f4b8ddb77de29a67c75650284c7f95cd566b0e397ced3fc323d2950e9e6
ui/mockups/admin/YL-M-010/YL-M-010-S06_PERMISSION_DENIED.png,80792,657d773978568a628957b52cc15493ecb6b8b164e2692bdcf7c29c91130730f9
ui/mockups/admin/YL-M-010/YL-M-010-S07_NETWORK_ERROR.png,83058,f011bc2804d7be614498e81a66650a6552c043b1ddb7fadff352c39a04185bb2
ui/mockups/admin/YL-M-010/YL-M-010-S08_SERVER_ERROR.png,82203,24a227012fa6dfe6451de109e44d272e4c0a17a50b21fac57ff764311b97346e
ui/mockups/admin/YL-M-011/YL-M-011-S01_LOADING.png,68519,6928855335357270fda34041e2b5eda68d77554052359995681362eb3a0c31db
ui/mockups/admin/YL-M-011/YL-M-011-S02_POPULATED.png,110270,d87dc7d7d1a9d971258d71dbf71d24628774609b5d7a2f4883fcfaba313a4f29
ui/mockups/admin/YL-M-011/YL-M-011-S03_EMPTY.png,85672,5dce6759922bf2370acaab102c004b0009ef9aaf990c1472e6ade67d28e7be67
ui/mockups/admin/YL-M-011/YL-M-011-S04_FILTER_ACTIVE.png,115075,44f3925e3fa754566e364bb398214d90b228eb9296059ff24b545de1bcd7ef63
ui/mockups/admin/YL-M-011/YL-M-011-S05_BULK_SELECTED.png,116240,cfb3d94c8e8fdae152869aefb983d150d1ee7b8b53c89f80cdda253b591daa43
ui/mockups/admin/YL-M-011/YL-M-011-S06_PERMISSION_DENIED.png,81582,3a33ff04851d6dbfe81d33d7ea2814913a8ff2ded0b231d668b2e8f9d0eeef9c
ui/mockups/admin/YL-M-011/YL-M-011-S07_NETWORK_ERROR.png,84191,cc39f082bc4dbeedd491b8531190378d9952dfdd93d9248091f2ae9ed696dd29
ui/mockups/admin/YL-M-011/YL-M-011-S08_SERVER_ERROR.png,83330,2cd8a56b4ea02bf7bbeb583b176f2969461ba42fdfdfd106ddd0f5822732db98
ui/mockups/admin/YL-M-012/YL-M-012-S01_LOADING.png,70443,9eccb5735e330d4adbb84c0ea26df8a7689ecfb704ef3932f435a9288e795a2b
ui/mockups/admin/YL-M-012/YL-M-012-S02_POPULATED.png,76808,5192ada0841d0b94725f599f5974f88cf9cce5836540550587b7c8f7f299c498
ui/mockups/admin/YL-M-012/YL-M-012-S03_EDIT_MODE.png,80024,8e2bc6d1dfc70f07cce83c7f26c5f4ce479ee7f7ed5dfdb14fd4ffb0225bf55a
ui/mockups/admin/YL-M-012/YL-M-012-S04_VALIDATION_ERROR.png,89332,94b6ccfc292a5a7171f7d7b10959069f074b1d311c6fbc7e67c766e131c84fe5
ui/mockups/admin/YL-M-012/YL-M-012-S05_DIRTY.png,79466,2af97886c8ee6ebe7a2ee5e06f1d900729ba0b4b1efdf0e2dc1ad8bb97f43af3
ui/mockups/admin/YL-M-012/YL-M-012-S06_SUBMITTING.png,80797,a28bfc644430f929ade35a6505631b49db28b6635cc55ec005145c039be26c3f
ui/mockups/admin/YL-M-012/YL-M-012-S07_SAVE_SUCCESS.png,88173,954b46e647edeff56a4627b3deb34ae91c8dc7c94791051f36bac45560bda4a9
ui/mockups/admin/YL-M-012/YL-M-012-S08_VERSION_CONFLICT.png,89605,ee5c072cbe0329679007dc23fae891aa45e4c894b4ae30257615bd028e5f335a
ui/mockups/admin/YL-M-012/YL-M-012-S09_ROLLBACK_CONFIRM.png,89706,9c53550ee1d99d00fced089626b01ee96f02f1b78f9723c57fc5fe395ee6c2f2
ui/mockups/admin/YL-M-012/YL-M-012-S10_PERMISSION_DENIED.png,83338,a7bd1056a7427e9f818a256c6e7d11b22eec54be10135099a978826b69684d44
ui/mockups/admin/YL-M-012/YL-M-012-S11_SERVER_ERROR.png,85352,8cb74c951939b1ab7c5d13580acad330ec40c51c9ab43fab82bdb1b582db0abc
ui/mockups/admin/YL-M-013/YL-M-013-S01_LOADING.png,70556,5eed5d9b878710cd8e8b958036f8a38660034de196552a04054ddd4b4cfa3ddf
ui/mockups/admin/YL-M-013/YL-M-013-S02_POPULATED.png,76849,c2a8280957435ac98b5b84eb719b054a77f3a1c977c0a0a62efebae5b013cc3d
ui/mockups/admin/YL-M-013/YL-M-013-S03_EDIT_MODE.png,80078,3587f63d99dbc05f0199ac07de970609858251a8a5fa197a9ce3cf93842d487d
ui/mockups/admin/YL-M-013/YL-M-013-S04_VALIDATION_ERROR.png,89353,963105fe8716f5a3f5f9f7d9013d50a868060f7176b482001feb29d0cfce3fed
ui/mockups/admin/YL-M-013/YL-M-013-S05_DIRTY.png,79495,9e2586be79a44a429cb1369f820ee2f3e0ff471a8e0ffb38d7815e2402eae579
ui/mockups/admin/YL-M-013/YL-M-013-S06_SUBMITTING.png,80821,c84a710fe80bb49f9e0849098ded2c018ce15999841bf363857fa1e68d0ffd85
ui/mockups/admin/YL-M-013/YL-M-013-S07_SAVE_SUCCESS.png,88206,deec2a9f47d3285921f9e7f791b94665bb1b8b5cd21b4164b6ce57b9a71df114
ui/mockups/admin/YL-M-013/YL-M-013-S08_VERSION_CONFLICT.png,89602,e48ee8ccfe1f7378c64623ccb0f3606754e2ac8dbad16201ae6ff345ee43444e
ui/mockups/admin/YL-M-013/YL-M-013-S09_ROLLBACK_CONFIRM.png,89726,ba57b10b8773b4637f8ca43bd410117afefa84bf879a71cac8e82d5ec8693596
ui/mockups/admin/YL-M-013/YL-M-013-S10_PERMISSION_DENIED.png,83624,303796ddadfc897f98b062c9f62a11bd1c6a33cd177e3e6c8f18f1a392bcbc93
ui/mockups/admin/YL-M-013/YL-M-013-S11_SERVER_ERROR.png,85380,15302ddcedd46afbd7e8883eb116a6185276fb9581cb7484505eb26442452716
ui/mockups/admin/YL-M-014/YL-M-014-S01_LOADING.png,72058,0c73339258d731b3c389f925c5b917ed8a6d2580a4e89f92398ca142514b14ac
ui/mockups/admin/YL-M-014/YL-M-014-S02_POPULATED.png,112818,1817b827028b52881a17893be436d007108d8d24c16b5557cf144b27c13074eb
ui/mockups/admin/YL-M-014/YL-M-014-S03_EMPTY.png,89000,2596891ee6ce5d50cb8ac47b97cd0126d1b3f22dfb9e5218b0f055e3e762ce65
ui/mockups/admin/YL-M-014/YL-M-014-S04_FILTER_ACTIVE.png,117536,9c74f41280be0adb65a090d9d6233f0dbccedc3c3245582058f20b9cf60fb74e
ui/mockups/admin/YL-M-014/YL-M-014-S05_BULK_SELECTED.png,118634,1644735bdfa29b631d31d94f7159bbf7fa8ef8d96edd91f84c8719ee54737506
ui/mockups/admin/YL-M-014/YL-M-014-S06_PERMISSION_DENIED.png,84836,f36150ae86a075573f244a5186127e4b04cd5a6ac7ead0c2edd1e08ba573f47c
ui/mockups/admin/YL-M-014/YL-M-014-S07_NETWORK_ERROR.png,87780,f3880e1f0140782fe65955eb5255f3ab65605acecfcc220af37c099ff19dafbe
ui/mockups/admin/YL-M-014/YL-M-014-S08_SERVER_ERROR.png,86922,231aa4f27dac1a6b58b25553a3f1432c310edfc6eb26df253275c373372cf40f
ui/mockups/admin/YL-M-015/YL-M-015-S01_LOADING.png,68267,09654f9a6b4bfface86a2afc67e1ad50697dcc1cfd4ada081252381c25515e8e
ui/mockups/admin/YL-M-015/YL-M-015-S02_POPULATED.png,90694,8fa300eaae72e9bad421616093390f501bba547560eb3e1cc3b804cc839bbe5e
ui/mockups/admin/YL-M-015/YL-M-015-S03_EMPTY.png,93933,9cc118ededcf0d03b0fff860d4c0bd28123b5fc429b9d683059173c5830bbc96
ui/mockups/admin/YL-M-015/YL-M-015-S04_FILTER_ACTIVE.png,93549,bdf44bf52492784cb17a623930f9808d68df88f460248f80f0f217f111b709c9
ui/mockups/admin/YL-M-015/YL-M-015-S05_PARTIAL_DATA.png,104568,ba79b3c09cf61144aabf32bc675f2b0cfa13254787097f20370f9e2c7e0edf48
ui/mockups/admin/YL-M-015/YL-M-015-S06_PERMISSION_DENIED.png,81713,25fefe549f01defb42fe696220a632e0b086283804df43d59d8822df6275fabf
ui/mockups/admin/YL-M-015/YL-M-015-S07_SERVER_ERROR.png,83122,e1bcd769932f97479cc04543eee4ac4013fc5101e31c0cb6295ddf58ed24dcdc
ui/mockups/admin/YL-M-016/YL-M-016-S01_LOADING.png,70768,61408297ac7c8cc5d8380a02ede267e9ca8800bc1fdabb13e62508026ae351c8
ui/mockups/admin/YL-M-016/YL-M-016-S02_POPULATED.png,114108,b9623cd6268d64b8c5d179382067110eb87997e5b1f145627c1fda706c63ef85
ui/mockups/admin/YL-M-016/YL-M-016-S03_EMPTY.png,88313,36ababb8af3364b30ea9725667652401dd96f265681f71652eb13ba0df5b5d6f
ui/mockups/admin/YL-M-016/YL-M-016-S04_FILTER_ACTIVE.png,118912,e23ec59fef0e8d4bdb2231243e9adac84bc7b77c5b64421698d02c125354cec7
ui/mockups/admin/YL-M-016/YL-M-016-S05_BULK_SELECTED.png,120015,e2fd77b8e5e257fa001f9674f2646f1c70d162374e4b48bd68e01a0dc3ac7bad
ui/mockups/admin/YL-M-016/YL-M-016-S06_PERMISSION_DENIED.png,83470,a85508d0a753004a67514214833b66584f3acd043f61120f9e416f6bb032766a
ui/mockups/admin/YL-M-016/YL-M-016-S07_NETWORK_ERROR.png,86433,ee3b88add031feef3afb9e5113cab659b7b7a88b8a4a952132385e781955efeb
ui/mockups/admin/YL-M-016/YL-M-016-S08_SERVER_ERROR.png,85593,2816531bc38e2c652dec6de3de49ddec232212aad267916392bd5b1503b88db3
ui/mockups/admin/YL-M-017/YL-M-017-S01_LOADING.png,71329,55f3b74e1e35f058130981c2a8d227d3a002ea25a987963d159ad544b5818783
ui/mockups/admin/YL-M-017/YL-M-017-S02_POPULATED.png,126404,d96fcd7d6e590b3c053bba030ac19cf5feb15bb1975c2afc5aa81dad62704e3a
ui/mockups/admin/YL-M-017/YL-M-017-S03_EMPTY.png,88790,0127b071613ec08dc21e236989ec3fb19c65b44dc8818f1a24d93abf476bad29
ui/mockups/admin/YL-M-017/YL-M-017-S04_FILTER_ACTIVE.png,131022,6de1daa712cd93bcb807d8dfb2acd26e122ac7aaac02967a6a814eae33edadaa
ui/mockups/admin/YL-M-017/YL-M-017-S05_BULK_SELECTED.png,132139,2b4e9b6dc98aeda96f27494647c227d528e1b104686bd0045cc0058953fcadd5
ui/mockups/admin/YL-M-017/YL-M-017-S06_PERMISSION_DENIED.png,84020,10da17255b20294047b4f0a46764b7d488c32f106f1afc0aa68790d75acbb784
ui/mockups/admin/YL-M-017/YL-M-017-S07_NETWORK_ERROR.png,87028,1e235ac288d6a7e2537487a4c350adf8f82b03dfee3a5aee129556b0b352628c
ui/mockups/admin/YL-M-017/YL-M-017-S08_SERVER_ERROR.png,86168,bcb1ac91d16e1c11f6ae87ca47c159d31550630cf41984d2cbea80b47811c320
ui/mockups/admin/YL-M-018/YL-M-018-S01_LOADING.png,73169,f08a22f7c78140b796de0c4265342f38709e1e8cfdb5b091af2fdf6316cac029
ui/mockups/admin/YL-M-018/YL-M-018-S02_POPULATED.png,96880,7cec011f572f2d8a3503ca89b238e447413d9942134770aa09040391321326b7
ui/mockups/admin/YL-M-018/YL-M-018-S03_EDIT_MODE.png,99813,cc2452887441462e417ccd9f239dd2f218575d6fae83fafae8c7b17761665b36
ui/mockups/admin/YL-M-018/YL-M-018-S04_VALIDATION_ERROR.png,109082,e4fa03ecf9333db793d4949e7a0282e290c5709fbf436a543e84c1172cce82c7
ui/mockups/admin/YL-M-018/YL-M-018-S05_DIRTY.png,99390,0fdd3042cd32aab75b814db16ffc3273cb5e4bc9795eae4869e465c9afb8ac7f
ui/mockups/admin/YL-M-018/YL-M-018-S06_SUBMITTING.png,100550,5ecc75ace9f4baf04eca07c9f813a7e92d8c0229b24dbd711d29f9c78bed8584
ui/mockups/admin/YL-M-018/YL-M-018-S07_SAVE_SUCCESS.png,107956,a408a91e905a3b5b15f69d9204019fc6bd2b7266fc70f906486976d4edfda1d1
ui/mockups/admin/YL-M-018/YL-M-018-S08_VERSION_CONFLICT.png,109422,d110d6358b9cd98d77639c1a01414a47313dd1e7a5a2db1429b34f6770a6c711
ui/mockups/admin/YL-M-018/YL-M-018-S09_ROLLBACK_CONFIRM.png,109461,3de1416718573169b7ab72ef523697528298b45cf1c85f46a84909aac07ada5e
ui/mockups/admin/YL-M-018/YL-M-018-S10_PERMISSION_DENIED.png,85888,710c105182b576f821556c57d95a728b48f4a7711584c364de0d085950123804
ui/mockups/admin/YL-M-018/YL-M-018-S11_SERVER_ERROR.png,87966,3d60ffee1d8b0d444d46ea11d904976544a99f613c052c059525f27501758b81
ui/mockups/admin/YL-M-019/YL-M-019-S01_LOADING.png,73063,9371c56281a0b982ca259c623cf190169c18f7803f03fbc95e0550a33f7c2171
ui/mockups/admin/YL-M-019/YL-M-019-S02_POPULATED.png,107312,ae243417afe5249e894f541ee27050062abbde18ed0d8cfea9b6788b8f0bc75e
ui/mockups/admin/YL-M-019/YL-M-019-S03_EMPTY.png,111698,f38e9ca5cbbb0f7ae7038ef00f6f7bf2e2ed3ee96ca41a0d86e5c93d52693cd8
ui/mockups/admin/YL-M-019/YL-M-019-S04_BULK_SELECTED.png,111708,288e162be8239d89a55291d3baf75a98c4f46312df737b6396a36155884add58
ui/mockups/admin/YL-M-019/YL-M-019-S05_SUBMITTING.png,111360,93ae762fb2756594e2bae97acc575fdb6cc3af974f2ccd6ef60add0d51048a38
ui/mockups/admin/YL-M-019/YL-M-019-S06_SUCCESS.png,118641,272ceb6d36fc2cfd0f335641614199abe952797234781a9ceb05b20423eefa53
ui/mockups/admin/YL-M-019/YL-M-019-S07_PERMISSION_DENIED.png,85474,c104abd208c93c3ae973bdd095d6bbc3cf41a96cc47800c61093702ae73bfc80
ui/mockups/admin/YL-M-019/YL-M-019-S08_SERVER_ERROR.png,87760,f228a5c15b1c602982f80f0c3a93daae1c85a3b29b309f61330805c19f02a965
ui/mockups/admin/YL-M-020/YL-M-020-S01_LOADING.png,69377,70df55b52bd8c07e6e75f2f8b0f57690d42e93524d6bb6f92013c95222eea409
ui/mockups/admin/YL-M-020/YL-M-020-S02_POPULATED.png,118974,be98b68fb9161745452bc2598cbba1738dfa4516f9ddd196d03629fa1b0343d1
ui/mockups/admin/YL-M-020/YL-M-020-S03_EMPTY.png,86515,358a28f92067a5c1591ed98597e5275138c47a7e05d7ffd804df2b741ad28b50
ui/mockups/admin/YL-M-020/YL-M-020-S04_FILTER_ACTIVE.png,123486,19eed736a086333b3ac7f99015c86a7be9fee4363b2f4ff74a93a8192d7ac790
ui/mockups/admin/YL-M-020/YL-M-020-S05_BULK_SELECTED.png,124609,b336044adb77db0373fefe2989f57e9ea15425964ebd773238d0fb8aaa3cf423
ui/mockups/admin/YL-M-020/YL-M-020-S06_PERMISSION_DENIED.png,82843,312f0fddfa1b186957bf42ad6e1a0512b4703624f2650c1c8a7680cfc73a0f74
ui/mockups/admin/YL-M-020/YL-M-020-S07_NETWORK_ERROR.png,85070,e8d325b096eea21e0e7e22e294840c71067fd827030716549acaa998f8725796
ui/mockups/admin/YL-M-020/YL-M-020-S08_SERVER_ERROR.png,84224,fbc52388709ea68c1fe6d718178b4d1d4a8db789ae35560c57b70272e38d18a7
ui/mockups/admin/YL-M-021/YL-M-021-S01_LOADING.png,69423,5436152f1943cbb96a81943d228375021d32bbff658b77b6b195070500a8cad2
ui/mockups/admin/YL-M-021/YL-M-021-S02_POPULATED.png,75009,22bc6f296ca03a6f1975cd8f5ee4c4770ffbee0198ca041c247940d0d78dd09b
ui/mockups/admin/YL-M-021/YL-M-021-S03_EDIT_MODE.png,78216,03efd805a23d61e631e4fa9fdbc475ef5f499dc2e6a7639b518b9e583fa5b8ec
ui/mockups/admin/YL-M-021/YL-M-021-S04_VALIDATION_ERROR.png,87529,61527f12f3a63fe26ba417c58be07a7cf175c6f45bf94120931e119720cd6198
ui/mockups/admin/YL-M-021/YL-M-021-S05_DIRTY.png,77656,c762b262a623a6f482acfbd0f838f4176fa051b25ac5fb1622e1d7dd98ad1863
ui/mockups/admin/YL-M-021/YL-M-021-S06_SUBMITTING.png,78971,efaf7fd577f332c915b6ec1125444b75b6be2c8ab9a6dd6651099f7a3d70f546
ui/mockups/admin/YL-M-021/YL-M-021-S07_SAVE_SUCCESS.png,86382,7214f7e17546366bbe9138a057856cff36119fdaa81d6b23b16fdd4f25e29f55
ui/mockups/admin/YL-M-021/YL-M-021-S08_VERSION_CONFLICT.png,87785,8626c36fb2cf8253e7257a9c997b75533587c90f51f66e9d734ab6a3c9c92ea6
ui/mockups/admin/YL-M-021/YL-M-021-S09_ROLLBACK_CONFIRM.png,87898,35bdbd1e1cb30d9e2c7efe75c89fa8be001afc7d370abec408d1b34c3964a070
ui/mockups/admin/YL-M-021/YL-M-021-S10_PERMISSION_DENIED.png,82620,cb50df0b7866161288ee27b4d6bb0d90b3ccd1dbbd520c1f255fa5ff668b327d
ui/mockups/admin/YL-M-021/YL-M-021-S11_SERVER_ERROR.png,84261,f671e2b7461fd2e0ea2f734473f6596d2caa421b7e92996d42fed25c60c6f830
ui/mockups/admin/YL-M-022/YL-M-022-S01_LOADING.png,70864,41f8ffe59b50ebe1d289c6ac0df903a8076fba01b135e0b6e6d3d0eeadc3b1ba
ui/mockups/admin/YL-M-022/YL-M-022-S02_POPULATED.png,77295,a7c030f16513965de1d35428ca324818a43d3acead09a8584f40226d56497803
ui/mockups/admin/YL-M-022/YL-M-022-S03_EDIT_MODE.png,80464,54f0fdb7f82e52986a7244fe4ecd42ec900036ae7364909e81bc876940e49d55
ui/mockups/admin/YL-M-022/YL-M-022-S04_VALIDATION_ERROR.png,89829,50a8c3bed9a6d35cd333f813927f44eb95aabe2f5c9b9a17083ac16371c06fde
ui/mockups/admin/YL-M-022/YL-M-022-S05_DIRTY.png,79953,fe8aed958d98e2ccebcf21b129c5fae6a9f7c74b42f3541f42a4e12ab2029de3
ui/mockups/admin/YL-M-022/YL-M-022-S06_SUBMITTING.png,81285,db4f06fa1c5eb8d596102dd76a71d167f80eb1d8d2ea3851a7cb3edf488eb54b
ui/mockups/admin/YL-M-022/YL-M-022-S07_SAVE_SUCCESS.png,88668,349c359f1484ad61a9822abe5936d0dc37c2deb1aa6584196cfd8d7260a0285b
ui/mockups/admin/YL-M-022/YL-M-022-S08_VERSION_CONFLICT.png,90100,77429547870778af275b971d34619ff7ac811b6d579df8baed9497d3e1dc7232
ui/mockups/admin/YL-M-022/YL-M-022-S09_ROLLBACK_CONFIRM.png,90202,faee7655005c77406c22534562d301cc22191fe5422ed4869c27b532fc144948
ui/mockups/admin/YL-M-022/YL-M-022-S10_PERMISSION_DENIED.png,83633,49855297514a740147a6e004aa679a2857f15ba829ef2315ea4baaef5e5138b8
ui/mockups/admin/YL-M-022/YL-M-022-S11_SERVER_ERROR.png,85692,c73f84baa925e7dc9dc2b8102d4324de1e6224d4564e55c68b0139c0ea92738c
ui/mockups/admin/YL-M-023/YL-M-023-S01_LOADING.png,71160,4177fffcb85689ddd8d0260a07acc11a624d9742e217a5e56477b2c07ef9b458
ui/mockups/admin/YL-M-023/YL-M-023-S02_POPULATED.png,123701,a59c239c2b6052a0f823d271328f7c800e8346a5b8311faf6b204944bc72bceb
ui/mockups/admin/YL-M-023/YL-M-023-S03_EMPTY.png,87777,3940c3a34b1e89b7964deb870a7ec27a2eadbb9aec0c31a7948b1f6d5460af82
ui/mockups/admin/YL-M-023/YL-M-023-S04_FILTER_ACTIVE.png,128263,9ea067e374ed390d87dcd1879241fa520c7cf586a969cb0b7cf4dd37fde3ac48
ui/mockups/admin/YL-M-023/YL-M-023-S05_BULK_SELECTED.png,129372,5f81f55b088eacf536111c3ed94e0809ba2095b7f53848933cea9a5e82021f3f
ui/mockups/admin/YL-M-023/YL-M-023-S06_PERMISSION_DENIED.png,83917,3d5d2231c0e37647d8dae894f8f4b1b4eb99d3f4d05ca787a10cd1f401197546
ui/mockups/admin/YL-M-023/YL-M-023-S07_NETWORK_ERROR.png,86859,860191d1d60ffee211da888df65f08cd6df51f91b8d56b2c562b461354b83bbf
ui/mockups/admin/YL-M-023/YL-M-023-S08_SERVER_ERROR.png,85974,995ec21139c9588cc75bc094d96afc249cf205dbba5b1f9e6a0a0010f132b6e3
ui/mockups/admin/YL-M-024/YL-M-024-S01_LOADING.png,71353,a76bea41f91b69e0b43852c2112dc64e18d8c2c563a11b3e0a1f7a011eae7e8c
ui/mockups/admin/YL-M-024/YL-M-024-S02_POPULATED.png,82097,ea2e9ac8d5f5dcb2af97e3d94b17b7cc81abe08028ab3df0d015acb36e911b37
ui/mockups/admin/YL-M-024/YL-M-024-S03_EDIT_MODE.png,85278,54db9f1c413ab76d8fbb80d5640fe5b6293566c5bc0274ae16534b1509995b2f
ui/mockups/admin/YL-M-024/YL-M-024-S04_VALIDATION_ERROR.png,94624,664d9188c3af2f958995984bb0f1fdc7188080d8aa8ec21e2b4a08a74782a835
ui/mockups/admin/YL-M-024/YL-M-024-S05_DIRTY.png,84744,d2141f76f921000c4d2bcc4788eec27a35e519ef5b8216a31462ed2d7d2f8e4d
ui/mockups/admin/YL-M-024/YL-M-024-S06_SUBMITTING.png,86062,9a180e6cf5cdbc3c52f5dac652fcdd0fb774fcae1cf6550e7eb49bd53888c23c
ui/mockups/admin/YL-M-024/YL-M-024-S07_SAVE_SUCCESS.png,93468,7b630e006f370e5c75e922f11fd687237c5c4de3ced085ddb7e5b5ffe7fdf32d
ui/mockups/admin/YL-M-024/YL-M-024-S08_VERSION_CONFLICT.png,94907,f08773819b705f98942818283d48602b1ef276f954d071ccb0367ba4c1da4d07
ui/mockups/admin/YL-M-024/YL-M-024-S09_ROLLBACK_CONFIRM.png,94999,e598bdd2b19396fb7c00e2170fa9cc70ac617f9f9b7554ead7dc26835d9def78
ui/mockups/admin/YL-M-024/YL-M-024-S10_PERMISSION_DENIED.png,84028,a1abdd6d54617f95c3a6b140d913a3382d1c9fc348d1b1c91beee41a48f72f36
ui/mockups/admin/YL-M-024/YL-M-024-S11_SERVER_ERROR.png,86182,a95c891836ff9e721852dcf12eb5d0012a49440094749bd54599db91feca0406
ui/mockups/admin/YL-M-025/YL-M-025-S01_LOADING.png,70224,d76978b934205c8c44c044ea4ebd5300a9a89ab57c2d0ddf109788263f23d7d5
ui/mockups/admin/YL-M-025/YL-M-025-S02_POPULATED.png,75863,d64436401a5284783fb8c5c71dbdf6ca1f859d86f5309788ea9486700da97d3f
ui/mockups/admin/YL-M-025/YL-M-025-S03_EDIT_MODE.png,79074,6ceccb22a4a955d851f088ad83fb05a01ae9b2792c1b20847a13f4cf44a5a095
ui/mockups/admin/YL-M-025/YL-M-025-S04_VALIDATION_ERROR.png,88394,b5a4c925c5b4b5c7a3fb5ae3a0c81e3abe4f5e7856d06dfcda7e04ed22bb7f18
ui/mockups/admin/YL-M-025/YL-M-025-S05_DIRTY.png,78523,b361f994aa44abf4a30f4f6cd16adbfb7b5683c3a995acf6f29cf1bd2e5f8ff3
ui/mockups/admin/YL-M-025/YL-M-025-S06_SUBMITTING.png,79842,817a96ec882e32d686af45f08b2782efa83def57d022d247280c4ab6acada5cd
ui/mockups/admin/YL-M-025/YL-M-025-S07_SAVE_SUCCESS.png,87234,cad5064fe328bd2a450314f57cd74a634f999c7475a27faf480f44d1ea86ff84
ui/mockups/admin/YL-M-025/YL-M-025-S08_VERSION_CONFLICT.png,88666,6f66cf21f76da75608857aa7f705f9a817d37dc42717083370e00d8aa499f6e6
ui/mockups/admin/YL-M-025/YL-M-025-S09_ROLLBACK_CONFIRM.png,88765,4381504cfa0560df0802f4fc4bb513f9a47ad8d1cc8598342a4cc1d0379bcd4c
ui/mockups/admin/YL-M-025/YL-M-025-S10_PERMISSION_DENIED.png,83082,f4a300dc643b63447cc49104e649b39a0952e8bb22f26e65a51914b03e634a1a
ui/mockups/admin/YL-M-025/YL-M-025-S11_SERVER_ERROR.png,84939,bf4da5f0b72c74ec0643ac8c1730e7c5f6051e5fda188752db75525a1e4bdd6e
ui/mockups/admin/YL-M-026/YL-M-026-S01_LOADING.png,73436,8dc53c41eec10d423457df02dfb2cee2c2f181c174e2e829db5a204e56932e42
ui/mockups/admin/YL-M-026/YL-M-026-S02_POPULATED.png,108560,1c300857f0e3c3e95577929901e0e580cf0b9286e71fb4e17c77ec1467eabadc
ui/mockups/admin/YL-M-026/YL-M-026-S03_EDIT_MODE.png,111813,ca0fe7a41ea77d5ab435e6c17faed291a3b0d57a250b9c9c845b1615baccfdfe
ui/mockups/admin/YL-M-026/YL-M-026-S04_VALIDATION_ERROR.png,121019,c362def0f11cfafd8c68f9b001898a602533f62ab268b95f01ca95cb06527591
ui/mockups/admin/YL-M-026/YL-M-026-S05_DIRTY.png,111234,0632289a48afd5cb895009c8f2a303088f05966b55d49b30abfc0079995c95f0
ui/mockups/admin/YL-M-026/YL-M-026-S06_SUBMITTING.png,112560,ecfcdefe2fb0a4522235392bfa61143756903250e00af43c8e1cc66caa3c0091
ui/mockups/admin/YL-M-026/YL-M-026-S07_SAVE_SUCCESS.png,119865,1e5a1674302e949d40bd1bbddb4dc6a6374f5a5bf94d3dbc01740bc0f0af120d
ui/mockups/admin/YL-M-026/YL-M-026-S08_VERSION_CONFLICT.png,121256,30849b11dea21558a4a1cb0f4ac4766eb4d0c30bf4a217ec9efd157a22b3ad37
ui/mockups/admin/YL-M-026/YL-M-026-S09_ROLLBACK_CONFIRM.png,121388,619fb3019e47a9ec85b41720447486c009a8053b332d3cf75770d8fc2c8d6ed3
ui/mockups/admin/YL-M-026/YL-M-026-S10_PERMISSION_DENIED.png,85660,138f9499e4b3fe43421b1500721f018816d619f5ff782b7e878cad7c87d62115
ui/mockups/admin/YL-M-026/YL-M-026-S11_SERVER_ERROR.png,88108,df1bb2020e6223644ca232e9f3b2e4afefb5947732762c1a267eee2dda373c0b
ui/mockups/admin/YL-M-027/YL-M-027-S01_LOADING.png,69982,09ef0062da2d1c5e46296d492290d8422fa2dc1e9927709d820b5ef8b1b52fbe
ui/mockups/admin/YL-M-027/YL-M-027-S02_POPULATED.png,118539,aab703c26c2d9a129ac9878bf2140fabf37b39afd232da95e98e6d496b8dc11b
ui/mockups/admin/YL-M-027/YL-M-027-S03_EMPTY.png,86581,3c03f604a6d97db099ab03bea21f72e13b5caa57583c78b082997dce87c2a813
ui/mockups/admin/YL-M-027/YL-M-027-S04_FILTER_ACTIVE.png,123098,724c4a73705e391b5046a3aff8dac5db0ca9cf4a3340e8098f50591e8c86ca1b
ui/mockups/admin/YL-M-027/YL-M-027-S05_BULK_SELECTED.png,124232,e30e791c96fd328af42f02a3a95e01ee0f8f127c7270bfde214bfd3eb481dee6
ui/mockups/admin/YL-M-027/YL-M-027-S06_PERMISSION_DENIED.png,82870,82ddc70ad95d82371a420ddd3d34d83e579c0a1cd60e3bf63dfed0258b029328
ui/mockups/admin/YL-M-027/YL-M-027-S07_NETWORK_ERROR.png,85617,bb615ca83c2b1f3407b57421e7a02eb8e88a2982fe19aa9c44be95beaa75cdf3
ui/mockups/admin/YL-M-027/YL-M-027-S08_SERVER_ERROR.png,84509,198a8b27f3bed3bcd7bb8ac1318a03d86f95db3ccb49dda9b3385bcd590a87ba
ui/mockups/admin/YL-M-028/YL-M-028-S01_LOADING.png,70513,8fd99bbfcc7ad255488a08200de266d4bea1448006a1676c1ae694053acef387
ui/mockups/admin/YL-M-028/YL-M-028-S02_POPULATED.png,121797,56c9d74e1b7b242ccdee034a46aab25e67b61fefb735062a83571a5e21f83251
ui/mockups/admin/YL-M-028/YL-M-028-S03_EMPTY.png,87126,66cc762af143f2d04616a02fdf53ca49b0268d7c7537edb0ddc0fe7f23bf9339
ui/mockups/admin/YL-M-028/YL-M-028-S04_FILTER_ACTIVE.png,126308,3f0087cacbd2b08d055b7c00e675562febacb95c826926311ff33334a4a13c6e
ui/mockups/admin/YL-M-028/YL-M-028-S05_BULK_SELECTED.png,127429,450cb0963d6574dfec1aeb6bf6d794ef2f693ccd7bbb78e61994d0632b1f5353
ui/mockups/admin/YL-M-028/YL-M-028-S06_PERMISSION_DENIED.png,83361,ffda4c3a143ce67b5fd6239fc133b669c6d844a71bb2800c833fec6b4bf67cba
ui/mockups/admin/YL-M-028/YL-M-028-S07_NETWORK_ERROR.png,86186,320d2a7167f3a2197f272980c31e5df52f29e12a5580d1310fa0a2485d693951
ui/mockups/admin/YL-M-028/YL-M-028-S08_SERVER_ERROR.png,85299,e82fb95434252e0bf17dbed6765c915cfac8eff9fe8717541612bb2cfa93b616
ui/mockups/admin/YL-M-029/YL-M-029-S01_LOADING.png,70537,d5c22466269aa5d28e79ac6f37063f852630c6edaa84973d6c517d0a62c07ee8
ui/mockups/admin/YL-M-029/YL-M-029-S02_POPULATED.png,95218,f5e9d7eecf6a4e7d041d169208b6ffd30a3169cf0fac8754bbe89ef885c96963
ui/mockups/admin/YL-M-029/YL-M-029-S03_EMPTY.png,98893,b537f6990fc4bded303182f9adbfb9e8834fbf81799fe8a8bc83c1a9f80c1489
ui/mockups/admin/YL-M-029/YL-M-029-S04_FILTER_ACTIVE.png,98087,49607662d2250e0fd8b614817496fc3d1cb7726eeb071bffb247351e71209539
ui/mockups/admin/YL-M-029/YL-M-029-S05_PARTIAL_DATA.png,109124,4b260b87736fadc538df164a44cf7a606ff740d70d63c2bd3dbfc232e916462f
ui/mockups/admin/YL-M-029/YL-M-029-S06_PERMISSION_DENIED.png,83510,e322608339dfe44d1640d44f99af6b2c03a8cd6eb457ecaa43c21c91871090c2
ui/mockups/admin/YL-M-029/YL-M-029-S07_SERVER_ERROR.png,85341,b8dc4f9e81039ba8ab57e6758356a413879dbe7eba467795ae60d6135c5de76d
ui/mockups/admin/YL-M-030/YL-M-030-S01_LOADING.png,70854,560ff49845687b3d0160a4610cba2fecb83028597b27127192de1adcf2622604
ui/mockups/admin/YL-M-030/YL-M-030-S02_POPULATED.png,119708,a702935b7c98cd4e840a91f94a12a69949ea2e46c37b56e7f3c116f49e17a17a
ui/mockups/admin/YL-M-030/YL-M-030-S03_EMPTY.png,87497,f39d5e3974461b044570665d9e9c4cfe0c10aa6dc6093f14f81682a8f967c516
ui/mockups/admin/YL-M-030/YL-M-030-S04_FILTER_ACTIVE.png,124215,f14454e0b23408dce058efa30f1d3eabdf30ce2c4e98f0ac8eb691012c0c2016
ui/mockups/admin/YL-M-030/YL-M-030-S05_BULK_SELECTED.png,125345,61571541d33b13a1c5caea3d4d91fef257d0838bfa86aac47fff898fd934745c
ui/mockups/admin/YL-M-030/YL-M-030-S06_PERMISSION_DENIED.png,83577,17c56638aa5b4d158671e13143df3ece765a892dd1b41a35052c47c7ea992501
ui/mockups/admin/YL-M-030/YL-M-030-S07_NETWORK_ERROR.png,86551,e03ab1b747fdcf269e62d82e1e47af93a47b063265638356e30ada25ab9462b1
ui/mockups/admin/YL-M-030/YL-M-030-S08_SERVER_ERROR.png,85601,394e1965407aa0110662cbc5f8c98355357dcdc77b8a534fb4f54deb5bb6cb86
ui/mockups/admin/YL-M-031/YL-M-031-S01_LOADING.png,71335,73d6499fae89cb504c620a0a1bef384b018280c7a17b225aa589345511070bf2
ui/mockups/admin/YL-M-031/YL-M-031-S02_POPULATED.png,117544,4292e31da0116b498691284a74a156339b12263eaf3e25983b7801dae5577f07
ui/mockups/admin/YL-M-031/YL-M-031-S03_EMPTY.png,87953,785a92baffc5909611f3090006072da51cf107f8fbfcc8614f0aa64801299504
ui/mockups/admin/YL-M-031/YL-M-031-S04_FILTER_ACTIVE.png,122167,6758cdc953abbcf771012a2c03b7bbedc9f1661d3bbe8c85900bcec80235eccb
ui/mockups/admin/YL-M-031/YL-M-031-S05_BULK_SELECTED.png,123278,8d2c64cab207c84624d512405bb49991e45ce264ecbe68f35255a13d267927d5
ui/mockups/admin/YL-M-031/YL-M-031-S06_PERMISSION_DENIED.png,84063,95f2dcb9d2de4e04b2c28902473c63d2248b01af6107e55870e74d595304dbee
ui/mockups/admin/YL-M-031/YL-M-031-S07_NETWORK_ERROR.png,87012,5dd05868d6a5179e755f11a0f93310b0ab24deb4dcba153bbecd39a92ec1d89b
ui/mockups/admin/YL-M-031/YL-M-031-S08_SERVER_ERROR.png,86077,f5e1ed5ca1bb2a7bf70992b3ad3ed7f691abe3eae8efb7662d0c3fecd8770fff
ui/mockups/admin/YL-M-032/YL-M-032-S01_LOADING.png,71572,6c8370ce824d45326b15e721c8da0a285de2f4763d4698c3cbe5218d08293131
ui/mockups/admin/YL-M-032/YL-M-032-S02_POPULATED.png,103461,21b0e33b990283c196c4aadca8c76ea2f1168a9e549509d0030d91b3ee53949d
ui/mockups/admin/YL-M-032/YL-M-032-S03_EMPTY.png,107839,dc71d90b31fea8b930720416559221ec6a90fa2780f87aa0bc7aeccada1399cc
ui/mockups/admin/YL-M-032/YL-M-032-S04_BULK_SELECTED.png,108108,8f78e36dce69bdc1a0fbba05b2b3d93c756c87b9bc8bf8854ed10d40c7d77b17
ui/mockups/admin/YL-M-032/YL-M-032-S05_SUBMITTING.png,107751,2dcfffd5dd537230fe422ae3529660d784f9497400c2a2e503c15228e8c432ad
ui/mockups/admin/YL-M-032/YL-M-032-S06_SUCCESS.png,115138,308c0069dd203bc94164a93443b1e4f48ee1b7ecd0a413106935e42901dc738d
ui/mockups/admin/YL-M-032/YL-M-032-S07_PERMISSION_DENIED.png,84313,696504e0f1dff5517726441cc80d57aad00ac5780a3c24efa6ef2a83ab94b966
ui/mockups/admin/YL-M-032/YL-M-032-S08_SERVER_ERROR.png,86353,a1d1897e9f339c025a490f19c395205aa055ce80fde89a81f263aba8f0e968a2
ui/mockups/admin/YL-M-033/YL-M-033-S01_LOADING.png,70433,7221b2bbc415c9269cfe29223cd4793bdbc86f14920be71f40a363c1b4464d0c
ui/mockups/admin/YL-M-033/YL-M-033-S02_POPULATED.png,101815,958a998b1ebad0718363408ce16daff443712064a6125adbbe3dda9278c2253e
ui/mockups/admin/YL-M-033/YL-M-033-S03_EMPTY.png,105938,67abd3e55070b788a9db623358df27202faec7ff38e8a0d68fef09d9cc6df3a8
ui/mockups/admin/YL-M-033/YL-M-033-S04_BULK_SELECTED.png,106360,d624df91c5edccbdb878a7eb5d59e9654e8b99e683089e91077fafc370b5007e
ui/mockups/admin/YL-M-033/YL-M-033-S05_SUBMITTING.png,106010,697193dd44d48a34ec3ea5ad84ae8a3892c6f10becc7a6b5c7d29db43991d5dd
ui/mockups/admin/YL-M-033/YL-M-033-S06_SUCCESS.png,113229,89cffb3f390a27fdbb196f3d46a8f96b1ec1bd0fd1fc862a7415eff7a3eb5585
ui/mockups/admin/YL-M-033/YL-M-033-S07_PERMISSION_DENIED.png,83308,f2fa3bb2d33eb8b24c0828bc64a43531c01c6fc80533dfd767f9d2dafe4a2d0d
ui/mockups/admin/YL-M-033/YL-M-033-S08_SERVER_ERROR.png,85258,68b8997645dc50ceb3b33704e871312a264338e2d2684cea44f9a1197c5c95b9
ui/mockups/admin/YL-M-034/YL-M-034-S01_LOADING.png,71838,9d46e9b3b9f5d0700737a93819f2ff0e4124a1775a61e7f8051a76535e2e82d4
ui/mockups/admin/YL-M-034/YL-M-034-S02_POPULATED.png,77409,3c775b4150971968a103600cc79df77327cf7876170210ba9cf71a05d020971f
ui/mockups/admin/YL-M-034/YL-M-034-S03_EDIT_MODE.png,80624,96b03576d8a59faec747e64a1e057671efc2b27418736de7221104f733578007
ui/mockups/admin/YL-M-034/YL-M-034-S04_VALIDATION_ERROR.png,89977,907efffaaf04f949435d124e6df7f73f4b9b41f4728689808c3ece1da0d00574
ui/mockups/admin/YL-M-034/YL-M-034-S05_DIRTY.png,80059,50254d39e0bb329d72ccb9c3ffa4648be8d5392084f72f8b378b214c393a9d82
ui/mockups/admin/YL-M-034/YL-M-034-S06_SUBMITTING.png,81388,75d5d8785050600817af9aaec71dd181e07ade4cd7ecc2a99570f824d369649c
ui/mockups/admin/YL-M-034/YL-M-034-S07_SAVE_SUCCESS.png,88827,ace91df4d4801d9fbf51eccf5ab052a859a5d492cafa0d8654387b7bae2a599f
ui/mockups/admin/YL-M-034/YL-M-034-S08_VERSION_CONFLICT.png,90222,2c5d443955b2c995622cae4d3a98c30aa443738652650733d7675ed5d7a0d8f3
ui/mockups/admin/YL-M-034/YL-M-034-S09_ROLLBACK_CONFIRM.png,90348,39169b8c7e4547ef26d158299eba36179b4962afe8930174de7401ba34f46b10
ui/mockups/admin/YL-M-034/YL-M-034-S10_PERMISSION_DENIED.png,84564,e8a234017aeaba1357dfc7dd176e48a77838eb48bab84e6d19763f478bc174b8
ui/mockups/admin/YL-M-034/YL-M-034-S11_SERVER_ERROR.png,85871,844d4c8526c20885e9e62cab0d895980ed1b7eb93bd2b401a1353db5a5982ccc
ui/mockups/admin/YL-M-035/YL-M-035-S01_LOADING.png,69453,b4be59ba68e3cadb36f0eb55e57380ce68271fa9a66d952dfdc9c48122aca001
ui/mockups/admin/YL-M-035/YL-M-035-S02_POPULATED.png,75918,065e9b72edd960a92d232221f2f0fadba815a380d1db7697a0a413e7aae0be99
ui/mockups/admin/YL-M-035/YL-M-035-S03_EDIT_MODE.png,79142,5e910cc50a9137c4fc11c2e053b5010583efcf9036c9fe14a739f2424fdf16c1
ui/mockups/admin/YL-M-035/YL-M-035-S04_VALIDATION_ERROR.png,88435,c8cf0db76103a2eb26dd7bbf8f15c0a1d8703af651e64227aebd2b6e07350156
ui/mockups/admin/YL-M-035/YL-M-035-S05_DIRTY.png,78563,af55ab3fcfec6ba60dccb8374af502465ea86946ccf8d004eff3a0bfba2d5741
ui/mockups/admin/YL-M-035/YL-M-035-S06_SUBMITTING.png,79887,c73128b6bafea1428917f6558aa34c0237aa6845b84e789056714ca43b6db3cb
ui/mockups/admin/YL-M-035/YL-M-035-S07_SAVE_SUCCESS.png,87292,bf9686aa4f8f7b503b5b15e2ee06d7eb0916f1ad526e5bc159a1f2b458c2d8e7
ui/mockups/admin/YL-M-035/YL-M-035-S08_VERSION_CONFLICT.png,88683,de3f47f31b9bccc672917dbf83a006e1f240991091c37480c23d86f9f63dc2df
ui/mockups/admin/YL-M-035/YL-M-035-S09_ROLLBACK_CONFIRM.png,88805,86cc5a9f09790aa05ce07c8ee45c81b9f882137eb19574ff2f4ca1e68c6da05f
ui/mockups/admin/YL-M-035/YL-M-035-S10_PERMISSION_DENIED.png,82765,2f75089ac3b47ac14990c76f4394fe8c9c1a8829995381b3b8eacb8060c6247e
ui/mockups/admin/YL-M-035/YL-M-035-S11_SERVER_ERROR.png,84319,7b0c10397a12a438a4fd9a3b98131988a7fa97d88877c99636cc6b216a1e08d2
ui/mockups/admin/YL-M-036/YL-M-036-S01_LOADING.png,69767,1451e9b4a80eed545419c3c2b52ca016476830b915e53f07acd6c4e36ae5d244
ui/mockups/admin/YL-M-036/YL-M-036-S02_POPULATED.png,107832,b41657a193330a0dd83863578cc65c497204d739672accebd4e46545efaca3ac
ui/mockups/admin/YL-M-036/YL-M-036-S03_NOT_FOUND.png,82502,1836c5c3213a587bfdd56aec7a0f33dbcb7d21a548406f84c6e30e8e3d487eab
ui/mockups/admin/YL-M-036/YL-M-036-S04_EDIT_MODE.png,111115,89a3b6f79f17a3da89d134c024859308cab7efd3f2ea13915751cc1d2885a6a0
ui/mockups/admin/YL-M-036/YL-M-036-S05_DIRTY.png,110628,5a1618911b3fccb8c01e83eec2c56df79783dc2f3172cb57aed9923e1d6d7f24
ui/mockups/admin/YL-M-036/YL-M-036-S06_SUBMITTING.png,111965,6360bfabfa6aecd153ef930fea2b17429fce449a1fa7f3855b81856bdc0894ed
ui/mockups/admin/YL-M-036/YL-M-036-S07_SAVE_SUCCESS.png,118897,044e2109ff065d143afa5966e72dc9e083519d810202eb527672ba47bb225534
ui/mockups/admin/YL-M-036/YL-M-036-S08_VALIDATION_ERROR.png,120084,060ad894c5ae310e742ceb660e000c749717a06445f6d524fb26a242060af65c
ui/mockups/admin/YL-M-036/YL-M-036-S09_VERSION_CONFLICT.png,120320,63a5a89f982fdf9125ba447ed885010a68f7fb6b88db7a67cb68f2956523193d
ui/mockups/admin/YL-M-036/YL-M-036-S10_PERMISSION_DENIED.png,82673,767ee5c9013df18523f6115b3faf9df9bd28ca2c8ccc12143b9533e3669c5654
ui/mockups/admin/YL-M-036/YL-M-036-S11_SERVER_ERROR.png,84278,c1cb2c5169526c2b6e081c6a7a41507e26f9b954b2c36b9a112eeabe4d4c1954
ui/mockups/admin/YL-M-037/YL-M-037-S01_LOADING.png,69135,271477ba62a526e7ec9174b23c7a2832ecc933dc1f25dbc06c492830439096a5
ui/mockups/admin/YL-M-037/YL-M-037-S02_POPULATED.png,125824,4e30ae2761889f43cc6c7064ba710cb171f2f9e18d9544f49abc7476bb2936f0
ui/mockups/admin/YL-M-037/YL-M-037-S03_EMPTY.png,86269,dcf67c34af4198e5a6c43e01236787f9bac38667c93901f16d8042092d040ee1
ui/mockups/admin/YL-M-037/YL-M-037-S04_FILTER_ACTIVE.png,130424,d26f1964f3fd607258d81b0fb6d294119498a90f0afa1e958d7c2989b1e6d8fb
ui/mockups/admin/YL-M-037/YL-M-037-S05_BULK_SELECTED.png,131538,1286e3a7fb09d7f9640e8e72d18cedbcd53ff6bb83fa81e9a99c2dd0f197d422
ui/mockups/admin/YL-M-037/YL-M-037-S06_PERMISSION_DENIED.png,82652,ac792815d27cd5ad0f3b185db9bf96d6da9ae2186f4759cc5967a89974a2bcbe
ui/mockups/admin/YL-M-037/YL-M-037-S07_NETWORK_ERROR.png,84820,907d41b52e8c78c796f8ea6e4e00631d24de9a923792ed07725f5745ddf7b3d7
ui/mockups/admin/YL-M-037/YL-M-037-S08_SERVER_ERROR.png,83957,8866daed9dce8c3d598b76ca1c0155e32f6bf7bb78cd21a0fe1e77c3163b417d
ui/mockups/admin/YL-M-038/YL-M-038-S01_LOADING.png,69498,20eb141e04c89489d299284225ed91354817ef2960418c94a154a8b2a607a444
ui/mockups/admin/YL-M-038/YL-M-038-S02_POPULATED.png,123398,ff255f9f356dfbdc28b7dd374dad21ddf1976f1ccf6c55f73fd54b8d3e893a9f
ui/mockups/admin/YL-M-038/YL-M-038-S03_EMPTY.png,86606,4186d205ce722e1ecc9b569e7acfd1c5253601d266112b7ffb7e9c00369f5c34
ui/mockups/admin/YL-M-038/YL-M-038-S04_FILTER_ACTIVE.png,127925,8abfb218afd49a9c6cbc2e1840cb0ef959c1fb20b8fa0ac9cc85c3ced33da179
ui/mockups/admin/YL-M-038/YL-M-038-S05_BULK_SELECTED.png,129023,0b164dbcb54bcaf99a0793dfc01b0a59317a9fc078211d0c68766a83311c024b
ui/mockups/admin/YL-M-038/YL-M-038-S06_PERMISSION_DENIED.png,82628,21aca41de078069ea318074deddad91718382c588207644438200f802410070e
ui/mockups/admin/YL-M-038/YL-M-038-S07_NETWORK_ERROR.png,85116,7042f756b10a39c58576db10d3957ed72e99088a65d6cf0f7b84ad670a47dcb4
ui/mockups/admin/YL-M-038/YL-M-038-S08_SERVER_ERROR.png,84215,a15f588a53b76758518ea3fcaebe35e88723ebb11d84b757595187d2baf8b1cf
ui/mockups/admin/YL-M-039/YL-M-039-S01_LOADING.png,72969,8a3e3a2cc0db9ab6f0dc6b0fd7b408bad720b7365614ed79cdb16565a7662f2f
ui/mockups/admin/YL-M-039/YL-M-039-S02_POPULATED.png,104254,f0bd0e75ac84fa3d0b576e7bb50d62f7a06cc3ba75a4e1147c8f581e971220a2
ui/mockups/admin/YL-M-039/YL-M-039-S03_EMPTY.png,108843,6d16bf14fcc1664845b061b2ccd421628d0f49cdc778b6743664cd2569b21fe9
ui/mockups/admin/YL-M-039/YL-M-039-S04_BULK_SELECTED.png,108806,4833319584b559188f7b75cb186d8a6486504db2ad775c26096ddbdc85794483
ui/mockups/admin/YL-M-039/YL-M-039-S05_SUBMITTING.png,108449,b2f4e01130749e6109c6da8ed1620115ab834d093350c69c57ac7cd514fd9f2f
ui/mockups/admin/YL-M-039/YL-M-039-S06_SUCCESS.png,115844,c2592011c4ba2222d6ffc02796838205e066bba7e543ce82121dfd022edd18ad
ui/mockups/admin/YL-M-039/YL-M-039-S07_PERMISSION_DENIED.png,85334,5e3a0743a073e3f61742fec82eef0021b30729d78ca8e1ff1aa22a55e691ab7f
ui/mockups/admin/YL-M-039/YL-M-039-S08_SERVER_ERROR.png,87628,1e5e09b5de7dd97a39f325d4e931626ea3cf49faba2c22d684a679f0697a33bb
ui/mockups/admin/YL-M-040/YL-M-040-S01_LOADING.png,70888,6c5438cf206f4c835c0ec993cee5d645ab32e292ec903ad0f23cda26b6d0f804
ui/mockups/admin/YL-M-040/YL-M-040-S02_POPULATED.png,77045,fbd09e52a00f14bc6182513f2302d76d191651d960409dc12278f040785a1afb
ui/mockups/admin/YL-M-040/YL-M-040-S03_EDIT_MODE.png,80271,028b1a0022a3865d954a56ed65d4d6b4a811146eb7bffbd75416e978d9b01052
ui/mockups/admin/YL-M-040/YL-M-040-S04_VALIDATION_ERROR.png,89594,7d6720a77cb0606e2700f3b7c0655404b82a108be4cfb5109bbfefc52879c785
ui/mockups/admin/YL-M-040/YL-M-040-S05_DIRTY.png,79704,76ae0bb1fd28b975b8dd2eed11e261dc7c3b4328009d877e3641fb2a930c4fd0
ui/mockups/admin/YL-M-040/YL-M-040-S06_SUBMITTING.png,81036,f4e58a0c29e6ee7fc892c095b1258505c459b64a4baf16b24e9f33fb41593b58
ui/mockups/admin/YL-M-040/YL-M-040-S07_SAVE_SUCCESS.png,88433,72ce5bc8da217851504af20578bc384a0bce285714b15de129212dcb490294d7
ui/mockups/admin/YL-M-040/YL-M-040-S08_VERSION_CONFLICT.png,89865,c6500b1b3a081f7676de643db05de884a8a0181066d3193e19e213fc1ddae9b9
ui/mockups/admin/YL-M-040/YL-M-040-S09_ROLLBACK_CONFIRM.png,89967,92452a5bf6993d9c892b32ea3680be439ce7a6b41f3943fe3c1aae0733c1309b
ui/mockups/admin/YL-M-040/YL-M-040-S10_PERMISSION_DENIED.png,83641,18550a5ff0910f92e7647f84c4f31fab2160929525b5e921bd510ddb8f1bc965
ui/mockups/admin/YL-M-040/YL-M-040-S11_SERVER_ERROR.png,85649,5bdd57556dbb2c30eedd9b606f2ae96c087e78f05deef203fd6de09423fee15c
ui/mockups/admin/YL-M-041/YL-M-041-S01_LOADING.png,70946,5e341fd13dd200e225b9f1cae1d81af960dca656f0bf460bb1ccd405a1b8d666
ui/mockups/admin/YL-M-041/YL-M-041-S02_POPULATED.png,76683,455d79f5c0599d352c74768f61ab10c3dff6be4217b31fcdc7b5f660520b51c1
ui/mockups/admin/YL-M-041/YL-M-041-S03_EDIT_MODE.png,79914,dd6e2c96392b35f7ff0a84cd8152a2d7ca3a29ac080bb59653f3fb37ea4889ef
ui/mockups/admin/YL-M-041/YL-M-041-S04_VALIDATION_ERROR.png,89197,8c9e363b8d3139084fd47618f7c29ef6ac5c1d8a958b4f1723199720e0c3b917
ui/mockups/admin/YL-M-041/YL-M-041-S05_DIRTY.png,79341,7ca9e65fbca44a938a663eab5d591e1ab0dfa21b9f57d1392f907ed9b4aeb395
ui/mockups/admin/YL-M-041/YL-M-041-S06_SUBMITTING.png,80666,3e5badbbe3cd5bfd7f2a5faf7ad5dbf0da7d4e7d0b7b1fd398581463d8b738ed
ui/mockups/admin/YL-M-041/YL-M-041-S07_SAVE_SUCCESS.png,88038,8cb03dcf7d5f3da37befb5811ada3444686c15ef30b76c049860ab5d5148f70d
ui/mockups/admin/YL-M-041/YL-M-041-S08_VERSION_CONFLICT.png,89468,4bcda6b101b73e62b98e35f8850eadf68c300cf26ba42352cef6fd5e9469c889
ui/mockups/admin/YL-M-041/YL-M-041-S09_ROLLBACK_CONFIRM.png,89570,065a58a71061dab4aa2223ba79708a1e0e8e7f3d9cd9b7d981e27f0fa11e6775
ui/mockups/admin/YL-M-041/YL-M-041-S10_PERMISSION_DENIED.png,83743,85fb37ece6f696ca4523d818427b3bb212ff2d0ff4e639c0da024145c6a22ac5
ui/mockups/admin/YL-M-041/YL-M-041-S11_SERVER_ERROR.png,85720,e5b8811ad4c142074ab6aed3a1a32f8bb32dad2a8abad2d4f33acc923dcce12a
ui/mockups/admin/YL-M-042/YL-M-042-S01_LOADING.png,70506,e8764aef0dded0bc8ecfba4a7503e9732d2336f14de91f080720574995307d76
ui/mockups/admin/YL-M-042/YL-M-042-S02_POPULATED.png,75881,6087ca6a50740e84c5bb07890c7ce45dad8e8de1929827b4d7db8348081762ed
ui/mockups/admin/YL-M-042/YL-M-042-S03_EDIT_MODE.png,79099,1fe1efa16775b10a8222e6f9408dfda89c3dcb1f051ca00a77e1b92f7b644b11
ui/mockups/admin/YL-M-042/YL-M-042-S04_VALIDATION_ERROR.png,88414,e6f8dd96be0af643ee0688074a1cdc7796fef256390c58fb81ccd29acd9355cc
ui/mockups/admin/YL-M-042/YL-M-042-S05_DIRTY.png,78541,f0f788478127261e4c602f005319462a845b440804d74d538d610c453839577c
ui/mockups/admin/YL-M-042/YL-M-042-S06_SUBMITTING.png,79859,4a76f505b4eef25d587ad06cdd567ab37820542e321b631b426fcbaa0a156186
ui/mockups/admin/YL-M-042/YL-M-042-S07_SAVE_SUCCESS.png,87255,20299ac6103eb77a8d445440a334d6c863f96c882ae6cb068ad4fa1eac38e467
ui/mockups/admin/YL-M-042/YL-M-042-S08_VERSION_CONFLICT.png,88686,ccb4a9ba463ecf7df67bcf2e010454a8e717a2d8311bfee20d8ecfa56dd1f17c
ui/mockups/admin/YL-M-042/YL-M-042-S09_ROLLBACK_CONFIRM.png,88786,cdce3598ceede197c4a70b710aca4f42c8b155e544321392e08785cf3ab8737e
ui/mockups/admin/YL-M-042/YL-M-042-S10_PERMISSION_DENIED.png,83329,32e8c2e61db3b4852722be624a00db308019fa064868433761bd941be7ebfdc0
ui/mockups/admin/YL-M-042/YL-M-042-S11_SERVER_ERROR.png,85227,9d96dab6b16e6c5da57211e0f0ca349dfdcb878b531c8ccac5707b710d4bc7b4
ui/mockups/admin/YL-M-043/YL-M-043-S01_LOADING.png,72064,cd13e2af989f4a0e14ed7e703585696d922d5b85ab80fa23df5022c2ad042640
ui/mockups/admin/YL-M-043/YL-M-043-S02_POPULATED.png,77684,abfef374b12c4252de9bebe46d1ec243a8a9e74637b286deb24a5b2abf23eb41
ui/mockups/admin/YL-M-043/YL-M-043-S03_EDIT_MODE.png,80904,d6dce647a59cc33dd8fbde4c78388ea04a8133fb2e66643f46896976dd83db7e
ui/mockups/admin/YL-M-043/YL-M-043-S04_VALIDATION_ERROR.png,90254,bad17cc7ba701051ca4167d4b56cd847988f26e51c0301865f67e4016c191c8c
ui/mockups/admin/YL-M-043/YL-M-043-S05_DIRTY.png,80342,1bf298e23241e9dffe7ed3581be74b4f8d7115d71e5ad40b6a2e1ab4eea2be05
ui/mockups/admin/YL-M-043/YL-M-043-S06_SUBMITTING.png,81676,9882bd10ab5a0cc29108fa3651850cdce831d3780173756a0ee2b53575de29b2
ui/mockups/admin/YL-M-043/YL-M-043-S07_SAVE_SUCCESS.png,89093,27c0ecfa6028016990aa80384e968ea4bd3209c61964fa4903251f0a9eb34601
ui/mockups/admin/YL-M-043/YL-M-043-S08_VERSION_CONFLICT.png,90524,d7d705c0fa3a48549d9700e26f1270394485a1a8c85e0321323483fcc64ab43e
ui/mockups/admin/YL-M-043/YL-M-043-S09_ROLLBACK_CONFIRM.png,90627,99224fdca6ff882d6a326483c7888274e10fa7e1b4ac8656d39d313712d68cfd
ui/mockups/admin/YL-M-043/YL-M-043-S10_PERMISSION_DENIED.png,84609,781d4acfd6c075ac559e27bb767cecd04968f62cac34d09e3736575ba75a2cdc
ui/mockups/admin/YL-M-043/YL-M-043-S11_SERVER_ERROR.png,86787,f4b0df68f4c297153e981194d30cbdc062107882f71af1fda90eeffebc83e977
ui/mockups/admin/YL-M-044/YL-M-044-S01_LOADING.png,72887,e4fef0822cc588599e15f9746ca874f26429b84942294573f24155394f463a05
ui/mockups/admin/YL-M-044/YL-M-044-S02_POPULATED.png,108751,b768102efa088fe08c05ddc4e8613e38ea458ab14172cc5a187b786a80550140
ui/mockups/admin/YL-M-044/YL-M-044-S03_EMPTY.png,113339,5c47c6ee584b5b1f9953a81d8049fa50feb5c57084274ebabb7105e5b6d81db3
ui/mockups/admin/YL-M-044/YL-M-044-S04_BULK_SELECTED.png,113146,6a162b646dc6e36da27a90f72f442e780ea17269fa86b5d8cb475bed519f61d2
ui/mockups/admin/YL-M-044/YL-M-044-S05_SUBMITTING.png,112797,20b8ef62ea407ac033b82e61ee433badfa2546015d7c83ef30a49801c7c44fd0
ui/mockups/admin/YL-M-044/YL-M-044-S06_SUCCESS.png,120126,409614309b9e863ebc35382893d74a529524b53da7f65249eafbc59bf7818436
ui/mockups/admin/YL-M-044/YL-M-044-S07_PERMISSION_DENIED.png,85151,cf8711a4643f0eca2ba24451db328b2d5f08e2cb6c8453e90f2f8e2b423604b6
ui/mockups/admin/YL-M-044/YL-M-044-S08_SERVER_ERROR.png,87620,7aa16f75b6b19584fdf653d8c68fdc18c16040298b2b25509ba8af8d23ffedd1
ui/mockups/admin/YL-M-045/YL-M-045-S01_LOADING.png,69975,70c501f4214f00016405c0bf3f2c1e82550e9ac9adb389b511a020e86d4a8de9
ui/mockups/admin/YL-M-045/YL-M-045-S02_POPULATED.png,75529,3e68ca52ac655d92da3ef0c27380f83cbfd4f1ba1f2585f8c2f30faa33200cd4
ui/mockups/admin/YL-M-045/YL-M-045-S03_EDIT_MODE.png,78748,8257d8d21b1f2aa82cb24141eb1d99deeab2e2e6764f5ee9073c90bdd9d0b5d6
ui/mockups/admin/YL-M-045/YL-M-045-S04_VALIDATION_ERROR.png,88064,a2918cd357398bdc4c9fc1630e831068edf9285d5f8526209fbbff71d478b515
ui/mockups/admin/YL-M-045/YL-M-045-S05_DIRTY.png,78190,f6421d834a1eb2ad18a92b8a9d587f552f4a43482e093bad5bfbde6e9bada000
ui/mockups/admin/YL-M-045/YL-M-045-S06_SUBMITTING.png,79506,4f08117cbe2869a32156f6a4228c133f72adebf8dd91cb461f54d082009c0591
ui/mockups/admin/YL-M-045/YL-M-045-S07_SAVE_SUCCESS.png,86904,e08cd0947c954e7dfcf2e58e17bdad61d44370e307870ea3d2d01fddb85509d3
ui/mockups/admin/YL-M-045/YL-M-045-S08_VERSION_CONFLICT.png,88336,db1212eb79878bf0556f80229bf7c37e841f6fc6bacdd260d0d74d52acc36416
ui/mockups/admin/YL-M-045/YL-M-045-S09_ROLLBACK_CONFIRM.png,88435,0af31e20137e7877873e50a790b2a158bdea30e17476d0354667eb7a5ec823e1
ui/mockups/admin/YL-M-045/YL-M-045-S10_PERMISSION_DENIED.png,82907,9cac6cf018928a73ed3c1d205eab639bfb405441813d740417552b05d935e06f
ui/mockups/admin/YL-M-045/YL-M-045-S11_SERVER_ERROR.png,84720,96a216ec3aebbffe431a6050c21f375662ba2583e410687e26df2cac206bd527
ui/mockups/admin/YL-M-046/YL-M-046-S01_LOADING.png,71870,2917cebc29a564a9a5a6eee882628f14df899a14cc2d7b8349d53b7caee1712e
ui/mockups/admin/YL-M-046/YL-M-046-S02_POPULATED.png,116991,525d175553f4a77cd749667729578b15fadd76405541c29507b9575d8ebf515a
ui/mockups/admin/YL-M-046/YL-M-046-S03_EMPTY.png,88271,fb9957af0c9c9cc514faeb42eb08aaed3f4243db5733001c8a9562217a8e3684
ui/mockups/admin/YL-M-046/YL-M-046-S04_FILTER_ACTIVE.png,121572,97bce1b805208d5078a0430952c69ef37ca6aee5e1be3c5de7dc0f86dd590359
ui/mockups/admin/YL-M-046/YL-M-046-S05_BULK_SELECTED.png,122692,a3ad7e476e3b6e3aff4584c099ac43eb248c8896f18ba057ca414b10bce422f5
ui/mockups/admin/YL-M-046/YL-M-046-S06_PERMISSION_DENIED.png,84547,460301ab427a670a15a80b009aa1a8be0ff5aa221bdecab12e2597417117441d
ui/mockups/admin/YL-M-046/YL-M-046-S07_NETWORK_ERROR.png,87537,094ae663aac03c04f6358a727b288d05472ec746f0b4d0e1d26719feae57be5f
ui/mockups/admin/YL-M-046/YL-M-046-S08_SERVER_ERROR.png,86649,2bb931ee90fa2abce39bc30d62f78ab83ae10c5117282e051e5a3403a7ed00f0
ui/mockups/admin/YL-M-047/YL-M-047-S01_LOADING.png,71952,30c49b48fcea7eb1c79b74e5566759695fde9938719dc2a68f87ca2e21971fe9
ui/mockups/admin/YL-M-047/YL-M-047-S02_POPULATED.png,77820,3ed3f79ed32aa853c169e15a3a77cd2a01b0b511a4bfb3282e1a873a28ecf38c
ui/mockups/admin/YL-M-047/YL-M-047-S03_EDIT_MODE.png,81063,34f640910f27de13dc26dcf2e9a57053cf398a9948f39a66b3ffed4bcbcf7a44
ui/mockups/admin/YL-M-047/YL-M-047-S04_VALIDATION_ERROR.png,90410,5b1540e1b003fd8a3c066c9f602398f90bf9ac107eb57736c1df6887bb3be055
ui/mockups/admin/YL-M-047/YL-M-047-S05_DIRTY.png,80477,bf05a2ea17ebc437b27b73ffe401b2c607eda924e4257545ff83bc28b2bebc87
ui/mockups/admin/YL-M-047/YL-M-047-S06_SUBMITTING.png,81813,1aff8dace8b31fa6d7974998cffc55d251dd69cdf178c127a575c922640bd910
ui/mockups/admin/YL-M-047/YL-M-047-S07_SAVE_SUCCESS.png,89249,26b5574bd3cb2147c9d89bd23f5f00cc447febe25460b18f22cb605a26dbc5c6
ui/mockups/admin/YL-M-047/YL-M-047-S08_VERSION_CONFLICT.png,90679,862b24c8d624b40e7c79a27171c853914ac96b0857ffd656b0025c6f605ac4a4
ui/mockups/admin/YL-M-047/YL-M-047-S09_ROLLBACK_CONFIRM.png,90783,cf70ac4ad0957b5d0aa00b4cfb0ac07031593866612765672e1e57f747240d36
ui/mockups/admin/YL-M-047/YL-M-047-S10_PERMISSION_DENIED.png,84672,fabb94397d19748a1e811a3add069528e4dbcd71e352754f243385e28f3ba50f
ui/mockups/admin/YL-M-047/YL-M-047-S11_SERVER_ERROR.png,86755,fb20d1bbc9cb176a3124a102ad2af54ac2238ca6e9745f1e39e52d785b28683e
ui/mockups/admin/YL-M-048/YL-M-048-S01_LOADING.png,71465,c86e8bbb3cc9d362c0e48207858cdfe8c738a135aac5d95533248c2fb1ec8aeb
ui/mockups/admin/YL-M-048/YL-M-048-S02_POPULATED.png,99207,ec8ddbfd7cb1f5b3795778a8524eb8939b117facc74029a083bab0579aac39fa
ui/mockups/admin/YL-M-048/YL-M-048-S03_NOT_FOUND.png,84044,e2a8122a302c47d32f0a63130395edb0ea0890f185c64980a2b4075360207ca1
ui/mockups/admin/YL-M-048/YL-M-048-S04_EDIT_MODE.png,102421,f1deaacc12a45c8e9016af8522d3dcf623ba63466e40a9eb72fc0658837969c2
ui/mockups/admin/YL-M-048/YL-M-048-S05_DIRTY.png,101970,40c9ba3a7d8dabede4fa7334a0ce762062890abf20461c6956a1fa62a851078d
ui/mockups/admin/YL-M-048/YL-M-048-S06_SUBMITTING.png,103218,c866f54fedd1522fb463a83656fb7dcfab321f8095a2c23576723beab14db065
ui/mockups/admin/YL-M-048/YL-M-048-S07_SAVE_SUCCESS.png,110008,0ee6a1a9edc53a374e0e3f422bbf3512b9f4048e216e1175b1b7b09f0b2bef6c
ui/mockups/admin/YL-M-048/YL-M-048-S08_VALIDATION_ERROR.png,111176,1294847ccd1cdfaa18746487aa5f58c51d7f4be39b5bbcac683fb93da27c4f79
ui/mockups/admin/YL-M-048/YL-M-048-S09_VERSION_CONFLICT.png,111449,04b23dfdf077527d483e594a6e37f2bc08f618b998d8cc096c615368ac6d9508
ui/mockups/admin/YL-M-048/YL-M-048-S10_PERMISSION_DENIED.png,84217,3e2104d9401ae5dfacaae5321ff459b72be1b1552f27145d748cb2cd789f33ba
ui/mockups/admin/YL-M-048/YL-M-048-S11_SERVER_ERROR.png,86319,733461ad047f69f8ab00a6f77ed7a44e5609ed58ac2b1717626bf98ce84008ad
ui/mockups/admin/YL-M-049/YL-M-049-S01_LOADING.png,72712,12befd6798af74ed38a581f67ec340455eac1dd510b850bc1a56b29048733be6
ui/mockups/admin/YL-M-049/YL-M-049-S02_POPULATED.png,78370,93b4975c13890a8adff41a267add68722052434b8c40f91c0b09f6b8f0e2ef9b
ui/mockups/admin/YL-M-049/YL-M-049-S03_EDIT_MODE.png,81594,7c0a06bb81f2b77ea3de4d836da24ba37d884a206abb3992dcbf6e1b67389764
ui/mockups/admin/YL-M-049/YL-M-049-S04_VALIDATION_ERROR.png,90956,82a4e86bdda1c8500a711149de2ff3d27e3897881793267a0f0310a00b8fc934
ui/mockups/admin/YL-M-049/YL-M-049-S05_DIRTY.png,81032,09b3c089857239da265c2279cfe56cc60aaf3804ac3d5c6a841610615b271f75
ui/mockups/admin/YL-M-049/YL-M-049-S06_SUBMITTING.png,82361,e610f5d0b4a2411cf8fae7b29f4cafded98f54f647673844176e1a106bc3a338
ui/mockups/admin/YL-M-049/YL-M-049-S07_SAVE_SUCCESS.png,89794,501ce2885e60837807b97c76dffe4b3d4152f34572bf6941c61680dcce08c4dc
ui/mockups/admin/YL-M-049/YL-M-049-S08_VERSION_CONFLICT.png,91223,72f32319bb75d86e816a8c8f7a95791bd2d8ac1d2066f4619538af8e7c1d4cd7
ui/mockups/admin/YL-M-049/YL-M-049-S09_ROLLBACK_CONFIRM.png,91330,4c3d7010eff8a377bd06db22f31363e5c5dad44574f4d9c1aee24c3f12d431a6
ui/mockups/admin/YL-M-049/YL-M-049-S10_PERMISSION_DENIED.png,85321,64186b6afe0eb6ce99d614736a9de1c1a074676798f4d8a5544681eb87e19ee8
ui/mockups/admin/YL-M-049/YL-M-049-S11_SERVER_ERROR.png,87441,ec9687862c7e97474629dc7a4d3d7008398d53d5f4a208917800dc6606919498
ui/mockups/admin/YL-M-050/YL-M-050-S01_LOADING.png,72146,510af169ef3782d9a040d1c72c43a157efafabdbf2657317383aa01508c837f5
ui/mockups/admin/YL-M-050/YL-M-050-S02_POPULATED.png,113146,4b3c3a50536f886445a50b263c4b75fd2790ce4a403e3bcfdf89f316a3e2ce82
ui/mockups/admin/YL-M-050/YL-M-050-S03_EMPTY.png,89337,5d9e044b5d8c8ca1230e22e18ed91eb5401376bce43e5c0b9f461cda09791290
ui/mockups/admin/YL-M-050/YL-M-050-S04_FILTER_ACTIVE.png,117889,2e0bc9a22da79413d147f0ccfbd6246e8f40379faa80242e66e59f8410f90abe
ui/mockups/admin/YL-M-050/YL-M-050-S05_BULK_SELECTED.png,118990,3dba9c4ba3a6dd1b1be6aa14f9b301aac7d2457fd43395dd8063cf63bcf14c4b
ui/mockups/admin/YL-M-050/YL-M-050-S06_PERMISSION_DENIED.png,84853,d745d9e39ef8451d88480c3ec79fd274bae1c4af89c5314ea9c3d2232187ced6
ui/mockups/admin/YL-M-050/YL-M-050-S07_NETWORK_ERROR.png,87832,663923399a5154c623154a87fe02ad77f891b681ae347015106ae0081908adbd
ui/mockups/admin/YL-M-050/YL-M-050-S08_SERVER_ERROR.png,86963,ec3b936285adcaa255c171ec15f757d9b10cf17de658a94167074972b7c97245
ui/mockups/admin/YL-M-051/YL-M-051-S01_LOADING.png,71080,aa693d83f351d1c6088dd79732613dacb2c28450efa10255764b8b4dd21064fe
ui/mockups/admin/YL-M-051/YL-M-051-S02_POPULATED.png,99568,3e6689b8cd5aa0d6c65c904f37517d9722e452ef62b9b65428a10ffa333633af
ui/mockups/admin/YL-M-051/YL-M-051-S03_EDIT_MODE.png,102843,5ded1f9cc3c5cac6e6a35d3ba494cfffa4321e35163753e0703fb6c444ed2d07
ui/mockups/admin/YL-M-051/YL-M-051-S04_VALIDATION_ERROR.png,111897,9a6ed225ecebfbc36c361cf408feefab4d40e6b1be624ca541506eb5b48af3cb
ui/mockups/admin/YL-M-051/YL-M-051-S05_DIRTY.png,102240,889b50d6267cb3dd60bbd555eda529548e17c909314c85c347ba480955e5a79a
ui/mockups/admin/YL-M-051/YL-M-051-S06_SUBMITTING.png,103493,a2d75cb62565f3513c40d271a0f8a9b6a571ccbfb6519cc0419679a67a99e99e
ui/mockups/admin/YL-M-051/YL-M-051-S07_SAVE_SUCCESS.png,110763,e54e2608b0282a01a42a23e84f89e0797fca835079b35636f498b527b4619519
ui/mockups/admin/YL-M-051/YL-M-051-S08_VERSION_CONFLICT.png,112193,755a11766843eeeea2877705eaf8f70896de2bbf4f62d32bc42f910616e2ec44
ui/mockups/admin/YL-M-051/YL-M-051-S09_ROLLBACK_CONFIRM.png,112247,72bb0ad8969081a222ea85b091aa80677111e8eae1765dff64027cf68148faeb
ui/mockups/admin/YL-M-051/YL-M-051-S10_PERMISSION_DENIED.png,84002,360a26b09b7de290d7df0354f4a1c4da8f1d5cfbc4c20e6a4721290cf540a394
ui/mockups/admin/YL-M-051/YL-M-051-S11_SERVER_ERROR.png,85858,3d588d4995db704fd7847bb748cedc8322a03992651ad6e8a12d9a139226277c
ui/mockups/admin/YL-M-052/YL-M-052-S01_LOADING.png,71215,d89858d84e7e0b19aab7f5e272a226d541da5e3a45b9cf85a8c6598d49f66a12
ui/mockups/admin/YL-M-052/YL-M-052-S02_POPULATED.png,121142,0f7b742ab82f9c9f63e5f6e02b3d89554b5e246edbf8f5d0294a8b360e8499c3
ui/mockups/admin/YL-M-052/YL-M-052-S03_EMPTY.png,88172,53d05e0ea0f1512de2313ebcb24029834394fd4e97df2633f223354ae04bec89
ui/mockups/admin/YL-M-052/YL-M-052-S04_FILTER_ACTIVE.png,125640,dbd3fc0262d37460af539de0207b3ddf403f57b0b43a943608b2d59ba99cdda4
ui/mockups/admin/YL-M-052/YL-M-052-S05_BULK_SELECTED.png,126762,b575386e46e624d9207917667cda2e1bce9f5d34cd08438aa8419f6f07a99b16
ui/mockups/admin/YL-M-052/YL-M-052-S06_PERMISSION_DENIED.png,83813,085e2dced39289a8299909ccbe847be69479d128dd0495f56ca4e79a7157e517
ui/mockups/admin/YL-M-052/YL-M-052-S07_NETWORK_ERROR.png,86147,8d256103bd06cd0b00770f31d91032446060877d44505abf42998ef8b0abc505
ui/mockups/admin/YL-M-052/YL-M-052-S08_SERVER_ERROR.png,86005,ad81b096b55e83967a4d4acc6988c26b9b781d2caed7ce306fdcba6c75d24352
ui/mockups/admin/YL-M-053/YL-M-053-S01_LOADING.png,71653,d1d932253f9e8e24038b80448d75af3beb0e958a3062db6fd79695bedace7865
ui/mockups/admin/YL-M-053/YL-M-053-S02_POPULATED.png,123360,81c18a5deb0faa72b844c16790b60323981e2b62d69be123abfb9a9b7fab7175
ui/mockups/admin/YL-M-053/YL-M-053-S03_EMPTY.png,88501,479315f5c62f2b77630c3e8709b2a8a99337b130fd84845f271439cde2571ae2
ui/mockups/admin/YL-M-053/YL-M-053-S04_FILTER_ACTIVE.png,127940,eb9192d07f51c671af1ba29709b50d6729109d761d308a0ade086c8356de97c1
ui/mockups/admin/YL-M-053/YL-M-053-S05_BULK_SELECTED.png,129027,dfd49dfcfec858a3a3c7b27ec5211d3e2c83c2d0ff8c6e8223e637a26bc53184
ui/mockups/admin/YL-M-053/YL-M-053-S06_PERMISSION_DENIED.png,84585,29159d62633b9b45c7e83e9be3927fb39ee9c20b5f55d989192cd7cbdc86f014
ui/mockups/admin/YL-M-053/YL-M-053-S07_NETWORK_ERROR.png,87438,776626917b993ce2229d39167c3336141fbba4013c2f6db951aee5036ddd68e2
ui/mockups/admin/YL-M-053/YL-M-053-S08_SERVER_ERROR.png,86541,daa700cb855d0db269faf92796f517592b80fccdcbe54886c4cb95227eb14568
ui/mockups/admin/YL-M-054/YL-M-054-S01_LOADING.png,71898,34578e2fd7a75df826f5e0f148f3e46ef567ec93cbeafcb08a35f93c4f4e0258
ui/mockups/admin/YL-M-054/YL-M-054-S02_POPULATED.png,121450,fc1ef9452ab26a8c3aa8f585a448af5d5894347e579f1aed92e7b2692751bc8b
ui/mockups/admin/YL-M-054/YL-M-054-S03_EMPTY.png,88711,42a07653cc68c120c95c535b2d37c4caa7d3280e248b83d7157cbeecbe1269f1
ui/mockups/admin/YL-M-054/YL-M-054-S04_FILTER_ACTIVE.png,125978,b6e2fec46a1031e6230edacf8d9a412032954971f7c4320dcad21dfabc8a4a73
ui/mockups/admin/YL-M-054/YL-M-054-S05_BULK_SELECTED.png,127078,6ce668c8ce33dd3be63e49be3224edb2b51569951fcf799fead2cc0ff82f5864
ui/mockups/admin/YL-M-054/YL-M-054-S06_PERMISSION_DENIED.png,84723,9145cfad227db5b93dedf88a6566d1749261d3890cc686a70d3154e03323947c
ui/mockups/admin/YL-M-054/YL-M-054-S07_NETWORK_ERROR.png,87591,e4cc038d676b87de19563c3397f40c7365c58857b6ee6bf41736a560695301bd
ui/mockups/admin/YL-M-054/YL-M-054-S08_SERVER_ERROR.png,86768,95213e28d98cbf8ebf5f9e8d8b87069f66941b73ab1e444c352b79dd1b44fba4
ui/mockups/admin/YL-M-055/YL-M-055-S01_LOADING.png,70522,689692a35c3d3f456bf32a79f448eed36cf41814b25b5855d974acf88892dde2
ui/mockups/admin/YL-M-055/YL-M-055-S02_POPULATED.png,117403,79d76f48c1c032fce6d57ad9d5c319af90c9493929bd3c54857c3613d0943821
ui/mockups/admin/YL-M-055/YL-M-055-S03_EMPTY.png,87572,728cc265e18f83a09267f93674df4cf400791e72f3c6df16b7e7170328d604fb
ui/mockups/admin/YL-M-055/YL-M-055-S04_FILTER_ACTIVE.png,122044,f9b19ebc118479c3e5075c6a502291291e1cfd1d4707cfbcb5529f40520dffb2
ui/mockups/admin/YL-M-055/YL-M-055-S05_BULK_SELECTED.png,123135,fe517a6410ae61496619616f0e402595770411f53e8fafc4ad6792c773f2578c
ui/mockups/admin/YL-M-055/YL-M-055-S06_PERMISSION_DENIED.png,83519,ad8e7e998711ad973c20f34b48b6f02cfadeed3c6031757db4f7055b2772c73f
ui/mockups/admin/YL-M-055/YL-M-055-S07_NETWORK_ERROR.png,86247,2ec224e800cccde39b440a6ee68e21854dc8640d8f8e46fae23fa4ffe4f1b073
ui/mockups/admin/YL-M-055/YL-M-055-S08_SERVER_ERROR.png,85156,48addb0db6907c8d19745e11f41761fef77204b34ba149040e0fd9800f6e89dd
ui/mockups/admin/YL-M-056/YL-M-056-S01_LOADING.png,70574,4ee9eddc8cb75cf89a08376bb0e7f312495093ff1c2a7fc8a98f45ccf4317b8b
ui/mockups/admin/YL-M-056/YL-M-056-S02_POPULATED.png,119847,08242699ef5d611ca8fa5cb70d5848c5fb220953bc5f57a6866368e853cf02dc
ui/mockups/admin/YL-M-056/YL-M-056-S03_EMPTY.png,87654,55826f443573b1d94a9d6667251924ba5233959a3a3056ef0f30b4d70da086e7
ui/mockups/admin/YL-M-056/YL-M-056-S04_FILTER_ACTIVE.png,124319,9cc47602b333b9830495fea344a7f1474e4f2eb3c782e0845e6e1e82d5570d16
ui/mockups/admin/YL-M-056/YL-M-056-S05_BULK_SELECTED.png,125418,5bbcb977411281165765090d0a96bf86cafb9a92eaadb4436362804e1b0d3108
ui/mockups/admin/YL-M-056/YL-M-056-S06_PERMISSION_DENIED.png,83646,d228e1f76bc19b938b45d39737a4c42a352874f35351c89e95c437a6b2f16b25
ui/mockups/admin/YL-M-056/YL-M-056-S07_NETWORK_ERROR.png,86328,640e3504e7490c8a1a773004e829f99a50e994a39f06a1cec7e7f23ff6c30271
ui/mockups/admin/YL-M-056/YL-M-056-S08_SERVER_ERROR.png,85451,3d9b46b848aad1820f2c9e2e9f3ddcedf44f2fb538af5234ea6693bc3d8760b1
ui/mockups/admin/YL-M-057/YL-M-057-S01_LOADING.png,70968,221e05a3d945ccf012eb0c35ea12e7f6b332e012031dd81ae12fdbf1bdc0b140
ui/mockups/admin/YL-M-057/YL-M-057-S02_POPULATED.png,118773,960e1ef05ce6f0a01f0b947b33efaea95614a489e8b2d2b1e35800939306a5dc
ui/mockups/admin/YL-M-057/YL-M-057-S03_EMPTY.png,87564,93863d388affc787ababc36c742d522efd7bcc8f445cbcd5c5444f453008841e
ui/mockups/admin/YL-M-057/YL-M-057-S04_FILTER_ACTIVE.png,123275,0fabf8dd6f6800c64143717c8c6340f85cee1f4322e11df6d7ff86dae5de4d6e
ui/mockups/admin/YL-M-057/YL-M-057-S05_BULK_SELECTED.png,124395,2f9b6af2566f8d06cdcd3beb9e5568bbceb279d140fd376935956dc51ea8f71c
ui/mockups/admin/YL-M-057/YL-M-057-S06_PERMISSION_DENIED.png,83951,e99e9d91a75134dc4f3edf1b697a66bab2efcdffe6b10f1171d0fd332dafb549
ui/mockups/admin/YL-M-057/YL-M-057-S07_NETWORK_ERROR.png,86712,646296ec742a91614619108b1f7941ee628c3cc26208263d5b873aaa2b3c8af7
ui/mockups/admin/YL-M-057/YL-M-057-S08_SERVER_ERROR.png,85629,de21daa73f1f2322dee00ccca6f2e1b6e741498ac343328a422da5aeaf510951
ui/mockups/admin/YL-M-058/YL-M-058-S01_LOADING.png,72598,8a0b00b20065886922b40565decdb12e5541afd54dcf1aaf85b0f3f46d655928
ui/mockups/admin/YL-M-058/YL-M-058-S02_POPULATED.png,78568,13c3bb143c512cbda45849148ae7b9b8fd15d1b3c43391e3dfa4a60a4d23a69e
ui/mockups/admin/YL-M-058/YL-M-058-S03_EDIT_MODE.png,81791,251edb585d77a4dc2decd777e3e49b3c6ef31e694553ad1e46c61aac60774db5
ui/mockups/admin/YL-M-058/YL-M-058-S04_VALIDATION_ERROR.png,91149,1353b32c0e25b8080cc1c1302d3551457944b7da22bc2ef17ba0b0b4226a7c38
ui/mockups/admin/YL-M-058/YL-M-058-S05_DIRTY.png,81228,975e0b569dbf05ce43b28a4c950d886bc14c73a663ee58c444269c5e75027b70
ui/mockups/admin/YL-M-058/YL-M-058-S06_SUBMITTING.png,82557,ae4561495ad43f0172fe2f4a6558a56bb03a7020c7012632af512ec7a0f161ec
ui/mockups/admin/YL-M-058/YL-M-058-S07_SAVE_SUCCESS.png,89988,590297dea2044cbdd65e59ad8888abde9e64348000179f6f099b0ad4df2abee2
ui/mockups/admin/YL-M-058/YL-M-058-S08_VERSION_CONFLICT.png,91416,5048e33b3cab9d8148478c43b3bb414a05a755bd173a8b618ff6061843223a1d
ui/mockups/admin/YL-M-058/YL-M-058-S09_ROLLBACK_CONFIRM.png,91525,ce94be14c354d86006662640e6b2409daffb69352a0b02a283c13a49de6ce1ed
ui/mockups/admin/YL-M-058/YL-M-058-S10_PERMISSION_DENIED.png,85208,46fdac2b987755ce2a0b14cd3e6043baacfecff7953e25125cafdee0b84b7f11
ui/mockups/admin/YL-M-058/YL-M-058-S11_SERVER_ERROR.png,87349,1dd3fd5498872a3e67503a4686c42e2fdfc592704df39fbb74a1862337c6c1b5
ui/mockups/admin/YL-M-059/YL-M-059-S01_LOADING.png,68777,72cca0eea923dc933e2cff4c75733452a117a1d3cd6ece30aff1a0b77a40a4fc
ui/mockups/admin/YL-M-059/YL-M-059-S02_POPULATED.png,72790,b4210f5ea19a20b2f614e15a4e82f34cf41a8b01ba0c0ecef724adcecb7977cf
ui/mockups/admin/YL-M-059/YL-M-059-S03_EDIT_MODE.png,76006,1137f10929457269867ee073f3be3c40b901a04b72fce99949eb5ec578476122
ui/mockups/admin/YL-M-059/YL-M-059-S04_VALIDATION_ERROR.png,85276,b557c8b438033e3355d0ccfc8966d333598547c9d55697f28d08ac2422c31b93
ui/mockups/admin/YL-M-059/YL-M-059-S05_DIRTY.png,75452,62551e713e864bb892051bc6e090929bf03e1e8f49bb3b71c6494502f980d9f6
ui/mockups/admin/YL-M-059/YL-M-059-S06_SUBMITTING.png,76766,878ad193444649c5f491786f017239705de2899f6f95bcde6fe5ab5b87a22f96
ui/mockups/admin/YL-M-059/YL-M-059-S07_SAVE_SUCCESS.png,84126,95f79a358e1f9ebd60157d5fadd8cbe5e20aaeae8bb2e4c89b891a0e0f64d236
ui/mockups/admin/YL-M-059/YL-M-059-S08_VERSION_CONFLICT.png,85547,ff9d3d638efa1638b7aeb0a5e8c7995e645c4aeda272e11dc58ad6fa0bf5cdc6
ui/mockups/admin/YL-M-059/YL-M-059-S09_ROLLBACK_CONFIRM.png,85645,28f894dc9f8938979823b2eb5ad30d848485b5e3d7ec43f8fdb94b0dbd7659bc
ui/mockups/admin/YL-M-059/YL-M-059-S10_PERMISSION_DENIED.png,81678,4442d41c11c612805daea83d688ad252f2fc50d1db9b7c26802caf5a5880b5bd
ui/mockups/admin/YL-M-059/YL-M-059-S11_SERVER_ERROR.png,83564,b5e246bf75e35172af609295e7b2d1934f656c00f8496a9d356f0646e5418079
ui/mockups/admin/YL-M-060/YL-M-060-S01_LOADING.png,70955,36e6000867451305bf42d24cf4f10453f8e2c6ca15e03d8536403eee4b19a81f
ui/mockups/admin/YL-M-060/YL-M-060-S02_POPULATED.png,103602,a9f1bc28d8b701bf763c92e1b486204f08b41fc956178b2f9320f4aa76d3f689
ui/mockups/admin/YL-M-060/YL-M-060-S03_EMPTY.png,107961,339e1b782c6875e4a4169b0bed4342de9829fd319ad517a6d37f3015ac453937
ui/mockups/admin/YL-M-060/YL-M-060-S04_BULK_SELECTED.png,108256,c5104a70535991322400b320ee5ace7ad69593a286dc154f38c3efeea632fd25
ui/mockups/admin/YL-M-060/YL-M-060-S05_SUBMITTING.png,107897,2005ad2f5d912fe5f1feba712ab1894180b9dddf05e250c03ac0c19d725b3e37
ui/mockups/admin/YL-M-060/YL-M-060-S06_SUCCESS.png,115301,7bfd54b709fd9858c5dcce6717819a9b108a63601f27713418e85a3807db7b63
ui/mockups/admin/YL-M-060/YL-M-060-S07_PERMISSION_DENIED.png,83735,f5159e9082f6aaeb427a8e7321eabca01a01a253dc346af509aea53b7aaf94fd
ui/mockups/admin/YL-M-060/YL-M-060-S08_SERVER_ERROR.png,85720,05348996981f5f3253aa6131afba09fd83a682cef13515625b6fcddbd807d800
ui/mockups/admin/YL-M-061/YL-M-061-S01_LOADING.png,69189,612bd91942a15d91ac051c2c76592436777676de3f53f67a8eb558880a4d9e30
ui/mockups/admin/YL-M-061/YL-M-061-S02_POPULATED.png,126076,827d3624c4b01107009f97483cca91a27365e7f817c2290ccc00934eed9defb1
ui/mockups/admin/YL-M-061/YL-M-061-S03_EMPTY.png,86335,8757bd10d7ccd50a6af1f2f00b0b9c4c8b750a5da3ac80cca3044d4c73088455
ui/mockups/admin/YL-M-061/YL-M-061-S04_FILTER_ACTIVE.png,130667,144f0af38cd9f60e21ac0f45ee024abf165ebdb6d46ea06cfd15c66f8648aebb
ui/mockups/admin/YL-M-061/YL-M-061-S05_BULK_SELECTED.png,131778,4788a675148bfd4bf94554e58696abd9ff74c00612b1d9f2b22f987085e7d45a
ui/mockups/admin/YL-M-061/YL-M-061-S06_PERMISSION_DENIED.png,82425,eef3117c11eb767c5fa4756dd4153803dfedc44694c89e9269de720cc2c05b33
ui/mockups/admin/YL-M-061/YL-M-061-S07_NETWORK_ERROR.png,84879,b0bdde1147ab625fd14ad04cb748116bd7a395a0ede94337318aed713861b6d1
ui/mockups/admin/YL-M-061/YL-M-061-S08_SERVER_ERROR.png,83971,6dbb56808978db1a5db4c1516fd922c4d5d8dce7b1b8d8c11e79c7237cc7186f
ui/mockups/admin/YL-M-062/YL-M-062-S01_LOADING.png,70352,3b99718fcdb85afca1d48aefb2c5243831063dacd61eb2bf76c3fb8553f906f7
ui/mockups/admin/YL-M-062/YL-M-062-S02_POPULATED.png,117372,c4ec9d37dbc7f8b6e8c095d4e7b811099017b9408b61f8bec8b1e4cd87df518b
ui/mockups/admin/YL-M-062/YL-M-062-S03_EMPTY.png,87847,c221af661a9a79f59b559c2f023f88b31f6e7b55dc00573c4fa072e6c5bdb915
ui/mockups/admin/YL-M-062/YL-M-062-S04_FILTER_ACTIVE.png,121976,4a54336d3086e5252831aae89cf7d2b6eda75d9118a982471f67165100936a3d
ui/mockups/admin/YL-M-062/YL-M-062-S05_BULK_SELECTED.png,123079,09f252dc75b51882795a8fb82f2586c8071ddb5f5e11ec4c5cfe2fa0198432fa
ui/mockups/admin/YL-M-062/YL-M-062-S06_PERMISSION_DENIED.png,83456,951024f776520f278a88879b3ee8833b7095b9229ecf7515a1243c0df6df2fa0
ui/mockups/admin/YL-M-062/YL-M-062-S07_NETWORK_ERROR.png,86055,6c55dd99f85c2a9b6be93a4a382e0c0a13b0c30ba183ec8b049a4177df4e9997
ui/mockups/admin/YL-M-062/YL-M-062-S08_SERVER_ERROR.png,85157,d9e975751ee7fe1a22763ec0edf83ad2528ece6ff9cd2a033e6b88521faf49d9
ui/mockups/admin/YL-M-063/YL-M-063-S01_LOADING.png,72274,1b08a16b3bf6e4d30aa99e7049355b5dd61b3baf0f5cb2ee9693e97640d99242
ui/mockups/admin/YL-M-063/YL-M-063-S02_POPULATED.png,87864,1f0fdfc98d69831beee5fb2bed52754c23ef717cbc91117e9e34e6243a7c45a8
ui/mockups/admin/YL-M-063/YL-M-063-S03_EDIT_MODE.png,90918,b685cff8e6712ea2ba5c996c490a6c3a8c9d39c5f838f15a963277103330fcd1
ui/mockups/admin/YL-M-063/YL-M-063-S04_VALIDATION_ERROR.png,100032,4b1381619ed265dfd20c4e86365ddb13f8fcc99f72a544a056424b57808ab079
ui/mockups/admin/YL-M-063/YL-M-063-S05_DIRTY.png,90393,29193ef181c92734eede91708da3ba2bbeb900f496edbe267defa7c609e25dc3
ui/mockups/admin/YL-M-063/YL-M-063-S06_SUBMITTING.png,91641,778b43fe6b034c2a0854819d9d4df4856cfc218dc6240756eaa26d6f5180f4f3
ui/mockups/admin/YL-M-063/YL-M-063-S07_SAVE_SUCCESS.png,98921,24a2bd404e6edc191131f6685b9bc0b8038d7a69c9b7583bfe7af04a1ef6e39a
ui/mockups/admin/YL-M-063/YL-M-063-S08_VERSION_CONFLICT.png,100320,7a3e503f236dd6c83af13ba4255868866bc531398e254b2b0d9495d454e6b0d9
ui/mockups/admin/YL-M-063/YL-M-063-S09_ROLLBACK_CONFIRM.png,100395,0bbd547c91422a59a1353fcba906b3a0abd715fa1324a0805092935a2f9ee708
ui/mockups/admin/YL-M-063/YL-M-063-S10_PERMISSION_DENIED.png,85023,4bd8ced3e129c9be71c87522fc95aa1d93a2c3dc6e73092598c62acaa142cafb
ui/mockups/admin/YL-M-063/YL-M-063-S11_SERVER_ERROR.png,87092,6e5a7c3a73f368cdf7e86574a79170778f7c8341d404210b83733b8ab43cbbb2
ui/mockups/admin/YL-M-064/YL-M-064-S01_LOADING.png,72851,a776e531eb4380b09c17221f3030a64d611f8add4cd4b9916452c8543b8aea1c
ui/mockups/admin/YL-M-064/YL-M-064-S02_POPULATED.png,84601,694addedfa164ca2c03bbf10988126cd48ac89f8c2396c324cfb6f283f63046b
ui/mockups/admin/YL-M-064/YL-M-064-S03_EDIT_MODE.png,87783,d1aa502797c7bbe2e6e53b9d9e7c936d2bb7b50f10f56c0a2dfab4065c25dd00
ui/mockups/admin/YL-M-064/YL-M-064-S04_VALIDATION_ERROR.png,97003,a10cb4f8e5dc49d0fd7dcabb3f4526dc3dd07916a6ade35590cb6ecf4ec7ba18
ui/mockups/admin/YL-M-064/YL-M-064-S05_DIRTY.png,87246,489e969908f539a690c5283061345e6204efcc1f35169d38400761e74d7e74e2
ui/mockups/admin/YL-M-064/YL-M-064-S06_SUBMITTING.png,88562,98ec0d750830d36d87df5ed186350aaf22cb66f40f0c5049d7919829d698068b
ui/mockups/admin/YL-M-064/YL-M-064-S07_SAVE_SUCCESS.png,95842,ec6d33ab83a40165c2eea4d5ead5d83becf09fddd0599830fa859f73fdfdf2a3
ui/mockups/admin/YL-M-064/YL-M-064-S08_VERSION_CONFLICT.png,97292,f7d6278f3759c013c69de6e8847b78ee7152251244876019175f2bb7e20219a5
ui/mockups/admin/YL-M-064/YL-M-064-S09_ROLLBACK_CONFIRM.png,97376,69a87249796812e56358d3a043f45d268042d8e0649a890f27174fb2431979c1
ui/mockups/admin/YL-M-064/YL-M-064-S10_PERMISSION_DENIED.png,85543,a76804d7e2bef28a3efb1d4d12c79f82deb25676e47ec44a32db8f8a8caf5ab0
ui/mockups/admin/YL-M-064/YL-M-064-S11_SERVER_ERROR.png,87613,34fdcfc802db36bd1ce4ec3aa7772650405866132f51719cf78016ca37af19e1
ui/mockups/admin/YL-M-065/YL-M-065-S01_LOADING.png,69155,2ad777e805c6c1973b371c7ac12c44b81d3ca379dfb6377885c96e57ad6ddf7f
ui/mockups/admin/YL-M-065/YL-M-065-S02_POPULATED.png,124695,027f4693899d65fb5590b51374135df41affdb525a5ebdf3886e7e935c76cf26
ui/mockups/admin/YL-M-065/YL-M-065-S03_EMPTY.png,86236,4bc9dbb8dd3bfd3a18865e1f1b8fb93c285e71e551233964d4354d551314ed37
ui/mockups/admin/YL-M-065/YL-M-065-S04_FILTER_ACTIVE.png,129274,6ba1831c5d2ce0f5bdaa371293b8e32c3175ff36ee579ab6a5b461ccd99cba63
ui/mockups/admin/YL-M-065/YL-M-065-S05_BULK_SELECTED.png,130360,aadc09d6d4ebd21dc4474f27be81db601c4ad7a5fd2eb3e60c3e7e06f49baf16
ui/mockups/admin/YL-M-065/YL-M-065-S06_PERMISSION_DENIED.png,82600,cf8227ee43ef2e004f29f3ee3044d19ef01c06a5aeb3a96ac0d069a39efa86c7
ui/mockups/admin/YL-M-065/YL-M-065-S07_NETWORK_ERROR.png,84868,246f208186fa36c63e3337f6c0313a3cfa325c1d501fda2c39d2327bd969c0f4
ui/mockups/admin/YL-M-065/YL-M-065-S08_SERVER_ERROR.png,84005,d9c01d9b8ede50c26f6fd1dc84c920a25beed7b09683f3e7075d51a01dc85296
ui/mockups/admin/YL-M-066/YL-M-066-S01_LOADING.png,71350,30c1af73d60b1fb4c3f90fed2e96ee7a97cb73a3a9e06af0f728da6fdea20faf
ui/mockups/admin/YL-M-066/YL-M-066-S02_POPULATED.png,119803,a43676857d56bdbd077d9b43b9dc6e1e07389e90c8684d7f3d4af180be7dc071
ui/mockups/admin/YL-M-066/YL-M-066-S03_EMPTY.png,88677,894fed4965da9ab2cb860939cf0198162d6339a1e9683d9ae60993a6ef4d0ff2
ui/mockups/admin/YL-M-066/YL-M-066-S04_FILTER_ACTIVE.png,124273,9297342c85c7cc3a3d15b1e5d71e94cd5dbaf7aa0ca3dcfd05e774573879522e
ui/mockups/admin/YL-M-066/YL-M-066-S05_BULK_SELECTED.png,125382,59ba8309675dba144807d411de4ed9359fbb0a6e003f7050789710d4cf3bf66e
ui/mockups/admin/YL-M-066/YL-M-066-S06_PERMISSION_DENIED.png,83817,2b0443c5ca0e1536047af5be6aab13638d2ce14eb5faa63cd44bc64c04077c67
ui/mockups/admin/YL-M-066/YL-M-066-S07_NETWORK_ERROR.png,87070,4b7381724c75ced90a97187a6bc23ee357c5788b6fe9bef0639dab1b108ca1eb
ui/mockups/admin/YL-M-066/YL-M-066-S08_SERVER_ERROR.png,86179,a71336b1efce39ea28d104b0ed6837927e594203412b4fb5a9d9f0f1f6a59af0
ui/mockups/admin/YL-M-067/YL-M-067-S01_LOADING.png,73913,aaeacfe4759bf4bdc47c86f3a2cb98c077bf1efd8f4febd122b5d4d509e32de1
ui/mockups/admin/YL-M-067/YL-M-067-S02_POPULATED.png,97688,d30aa55375f630bfdaa109f7c1bc987a6fc4384debc06ca45ca2d889da5e518c
ui/mockups/admin/YL-M-067/YL-M-067-S03_EMPTY.png,101777,7a54730c99bd6301a6b92c88d7e723fd0d20f0f38fed4f5cf9bc28fa47265d7f
ui/mockups/admin/YL-M-067/YL-M-067-S04_FILTER_ACTIVE.png,100550,543b892f068472b2dc9f120669ee49ba047a5b3bb0250f1a9f87b719268706f2
ui/mockups/admin/YL-M-067/YL-M-067-S05_PARTIAL_DATA.png,111576,49de0027c310e8da4b22d12c852e352bdb2e147e904d72ef09460945725757be
ui/mockups/admin/YL-M-067/YL-M-067-S06_PERMISSION_DENIED.png,86387,87671d2ca38735ad8cc802098530f7851a6e1877207a731bdb7bcfaed8e645a3
ui/mockups/admin/YL-M-067/YL-M-067-S07_SERVER_ERROR.png,87956,93baa71d212bfc90bba257972c93542c2677b8614f4eab8160849d0e84c1cf5c
ui/mockups/admin/YL-M-068/YL-M-068-S01_LOADING.png,72635,13e264d638cc26704e3e76b0b5b2f0d24814c1bac7364a85e226a4c13a917510
ui/mockups/admin/YL-M-068/YL-M-068-S02_POPULATED.png,90015,cc0801e3d68f7628f3668885b2d21cac77d0fc2992d1bb807c21b945672f2b21
ui/mockups/admin/YL-M-068/YL-M-068-S03_EDIT_MODE.png,93080,176269714e3863dbbf66b161f209b1a3dadd187eff1ba363f5c16dcb19a89873
ui/mockups/admin/YL-M-068/YL-M-068-S04_VALIDATION_ERROR.png,102263,491edd00c9dc817770b6d53544e5f73937552db51123048b7b2cb9bccb89baa9
ui/mockups/admin/YL-M-068/YL-M-068-S05_DIRTY.png,92541,f0f902d69b055ce8dd280b4c7bdaf446278e381ba9c7eeda7b05a487cd122d5c
ui/mockups/admin/YL-M-068/YL-M-068-S06_SUBMITTING.png,93788,4db8d22a6cc30f7bc5f24f9533399f3ebf4b0e5e5044c7e25f8946f5ce7ecf9b
ui/mockups/admin/YL-M-068/YL-M-068-S07_SAVE_SUCCESS.png,100999,d8b155be82ed07814daee0adc89efc148500b9ff6d0e27a0c584eb07483be4d5
ui/mockups/admin/YL-M-068/YL-M-068-S08_VERSION_CONFLICT.png,102556,25bc72b1233358c5c9bb5b71a38e9d9b1d6ab8ce7e4909a50949eb32336d590e
ui/mockups/admin/YL-M-068/YL-M-068-S09_ROLLBACK_CONFIRM.png,102640,c273c2becf28eb054565af840b74a8f16ac2f339e7a4b717b0aee8b6fdf42634
ui/mockups/admin/YL-M-068/YL-M-068-S10_PERMISSION_DENIED.png,85370,f428fe667e69daf57415e962ec49e43cd001f018104795972eac77136fc416c6
ui/mockups/admin/YL-M-068/YL-M-068-S11_SERVER_ERROR.png,87374,f0e948f24c2441715c5123b5d2a9ec4283dac681e26fa327f5520f7a02bc4036
ui/mockups/admin/YL-M-069/YL-M-069-S01_LOADING.png,70009,e347c2f74d32c6b56692f7597804852a1ecafbecc9847282371f03b81a31fe87
ui/mockups/admin/YL-M-069/YL-M-069-S02_POPULATED.png,92865,9fdee1af8ea7a33b019ba56e361769445f7804a256492f71e245214d99f3cf74
ui/mockups/admin/YL-M-069/YL-M-069-S03_EDIT_MODE.png,95868,52a5cd227938432883c6ae533f5dae2adfbca2ee875e165f157c3bcfb4a42dc6
ui/mockups/admin/YL-M-069/YL-M-069-S04_VALIDATION_ERROR.png,105100,8d7859dd0b6b2d066481e547eb03fe22f2aceb4bad06f21dbe549146bc58f81e
ui/mockups/admin/YL-M-069/YL-M-069-S05_DIRTY.png,95389,83ee0172b5f6cc634cd22002e502d671a457f61b51a3bd8b296ba6c21887af23
ui/mockups/admin/YL-M-069/YL-M-069-S06_SUBMITTING.png,96636,addab3cbde0a993c8f22929239dea58197c7dcea48ec027f0f55eecb77804da5
ui/mockups/admin/YL-M-069/YL-M-069-S07_SAVE_SUCCESS.png,103941,30f34488ccf4b6d920ac0b5bbea20ffd5eff84dd8f3f8ba3eed6c70902e5ebc2
ui/mockups/admin/YL-M-069/YL-M-069-S08_VERSION_CONFLICT.png,105396,abfe005fd3da66ddcea9097dc5c465a6d910f13892ad1a473d924897ccebc430
ui/mockups/admin/YL-M-069/YL-M-069-S09_ROLLBACK_CONFIRM.png,105490,9444a48e60daa94a749248e2ccac10f67b1639453a918fa5748aec2643f42f31
ui/mockups/admin/YL-M-069/YL-M-069-S10_PERMISSION_DENIED.png,83443,ea95128542ec1f82fb73e8df8024d6040eb8661028dd6d2f5a3388fc5ff16f3c
ui/mockups/admin/YL-M-069/YL-M-069-S11_SERVER_ERROR.png,84852,38a751062cc0c1239cf1f1ad253b6cad47a0c19a398774dae82491954c02828f
ui/mockups/admin/YL-M-070/YL-M-070-S01_LOADING.png,69620,364bce4e97b7141c52b56f6c724a75ba90c616d6b94990f03344cd4a43753210
ui/mockups/admin/YL-M-070/YL-M-070-S02_POPULATED.png,81721,ae3c3bbc0769b5351186c300182b8a708080efbe929017f259af9b76db46aeff
ui/mockups/admin/YL-M-070/YL-M-070-S03_EDIT_MODE.png,84919,8faba4bcaa3f764ea768f2cae83e4989017e4ccd90c8479ee31f768c9d4ee570
ui/mockups/admin/YL-M-070/YL-M-070-S04_VALIDATION_ERROR.png,94267,6cca13a23112f0d678205388ca53a5025c8543dcfc564e8b19dd0d9004ee5072
ui/mockups/admin/YL-M-070/YL-M-070-S05_DIRTY.png,84370,5d606cc9abfaec04cc743ddcd6f59579242e492197bfd6d642306831958e95e1
ui/mockups/admin/YL-M-070/YL-M-070-S06_SUBMITTING.png,85690,c4bddce5b2941c00024964cec3574f5e8489c8b64246168ab68ea4ccd558154a
ui/mockups/admin/YL-M-070/YL-M-070-S07_SAVE_SUCCESS.png,93108,77e4474f4a8874649f1bd5c5699936cff2daa69dacae200a5201ab8122ec4cde
ui/mockups/admin/YL-M-070/YL-M-070-S08_VERSION_CONFLICT.png,94542,dcdfcfee2c977b0d7a92e3598dae0b8de0bf933a34ff7cafb3f5ec0803fdf18a
ui/mockups/admin/YL-M-070/YL-M-070-S09_ROLLBACK_CONFIRM.png,94633,91a7494f990962917909b207b9a87a33ec27eb254c61159b32ade66924c02a39
ui/mockups/admin/YL-M-070/YL-M-070-S10_PERMISSION_DENIED.png,83088,d8458bd42027671aaca5955e50c9a83b93597ddcab99b9d45e1b312626b5477d
ui/mockups/admin/YL-M-070/YL-M-070-S11_SERVER_ERROR.png,84477,7c4b87e7100ade20131d71e2f51dce411db4e8cc98434be02332f3582a5a4d93
ui/mockups/admin/YL-M-071/YL-M-071-S01_LOADING.png,73674,2bfab0844a9e863a2f5a0e924469216cdadffb8fc3cabfa538b48fd16f75ab1a
ui/mockups/admin/YL-M-071/YL-M-071-S02_POPULATED.png,95938,24bbd7044a6277d60bd3b452e23ce92bfcbf3f8f1436ccd1d5b7772cdeb5d9f2
ui/mockups/admin/YL-M-071/YL-M-071-S03_EMPTY.png,99953,5cebab798cd5890247a74b21a63536cf6dfdb75d80b5c3671807771b3aa36f32
ui/mockups/admin/YL-M-071/YL-M-071-S04_FILTER_ACTIVE.png,98803,7ceda7d942c7d6fcba9db3e52309859f1765c4c2ce8316a66b59fa120a614d13
ui/mockups/admin/YL-M-071/YL-M-071-S05_PARTIAL_DATA.png,109869,cdef9ab102cf2f5649c5239d25adecc4fd38e33f1c8bb49d604bdbe1e92546b3
ui/mockups/admin/YL-M-071/YL-M-071-S06_PERMISSION_DENIED.png,86267,e873116a81ca126e7bdcd8be925940a16c34b267a7514eb35389d58239bc9f7f
ui/mockups/admin/YL-M-071/YL-M-071-S07_SERVER_ERROR.png,88423,89bfe3a2e4265b00db46852b21ce81c6210de08b3ba48997265ec399043635b0
ui/mockups/admin/YL-M-072/YL-M-072-S01_LOADING.png,73009,b0e10756c846b52b8ec4df83217ea4cfe6349b8d7306b8cb728d2ce19c999508
ui/mockups/admin/YL-M-072/YL-M-072-S02_POPULATED.png,80133,e0239d134f0521a1128d3b436ffe23744b4fd369ece1e5ea214a1aeac917a209
ui/mockups/admin/YL-M-072/YL-M-072-S03_EDIT_MODE.png,83365,a059181cdc32e9bb36a355f0043018d9e3a2a98741110e142d02367301b0194c
ui/mockups/admin/YL-M-072/YL-M-072-S04_VALIDATION_ERROR.png,92777,be059a07089c4cd6f3a1f61258aeafb3bd8a46cb6b5e82e196391bdb6192bcdd
ui/mockups/admin/YL-M-072/YL-M-072-S05_DIRTY.png,82792,040ad39aa8772694e29e17f85f043d818824e12a64ffb98d3c304d375ac39a96
ui/mockups/admin/YL-M-072/YL-M-072-S06_SUBMITTING.png,84131,dd94dcb9f5b71b0a9e6ce09fb7472b8663b7dfaece3e453bea6faa53d891ad35
ui/mockups/admin/YL-M-072/YL-M-072-S07_SAVE_SUCCESS.png,91612,8d1e1b02d234c524d921b9fe711ab1c056ede837879ada2be7a32a1245b6943a
ui/mockups/admin/YL-M-072/YL-M-072-S08_VERSION_CONFLICT.png,93042,aef4afa889664aae8dcb8fca7eada48ba7dc2b2cbd73d92f7f4fb377167feed9
ui/mockups/admin/YL-M-072/YL-M-072-S09_ROLLBACK_CONFIRM.png,93156,b459b64b09fd8e10807690419f5a8d03b9c577028def2a45e6dce1e28fed2bfb
ui/mockups/admin/YL-M-072/YL-M-072-S10_PERMISSION_DENIED.png,85689,6e0223ec7318c5ca48ba9b40e709e42959ac399664232396ea82202a7cb1f716
ui/mockups/admin/YL-M-072/YL-M-072-S11_SERVER_ERROR.png,87760,d8756383a0a101b1d332de85187e4bd73bb25db6eeb8c166b8e2a53b08969dad
ui/mockups/admin/YL-M-073/YL-M-073-S01_LOADING.png,69450,2ce3333125a5439cc29a9bd651a0985af58e47e6fdd902ec5c76e4fc3aa5d676
ui/mockups/admin/YL-M-073/YL-M-073-S02_POPULATED.png,120344,9547b21483673187667eddc073ad228216a0e88216a0b88f34e538e1aec4a91c
ui/mockups/admin/YL-M-073/YL-M-073-S03_EMPTY.png,86516,0ec43065de02e7f3f133b046bbc799201ab8820ee4b683a75b732253dc75a153
ui/mockups/admin/YL-M-073/YL-M-073-S04_FILTER_ACTIVE.png,124813,1507222228ca21c9bf7d7175d9ad444d7955d7d75fef10726371efcc66dcc1da
ui/mockups/admin/YL-M-073/YL-M-073-S05_BULK_SELECTED.png,125926,37ab52f46f11b66b5b1990f7a55cf8499e47575cc7c31ba9e1f27f9fa666598a
ui/mockups/admin/YL-M-073/YL-M-073-S06_PERMISSION_DENIED.png,82289,3d9976707b2971fec265911a05459e9d9e2ab3a2ccf6436cd442045acec4bc0b
ui/mockups/admin/YL-M-073/YL-M-073-S07_NETWORK_ERROR.png,85025,5cfce13470d59cc258a9026fb12e781910defd6e7f07f8e6d8b3846f6fb27b15
ui/mockups/admin/YL-M-073/YL-M-073-S08_SERVER_ERROR.png,83920,65ffe1b05cd83fe681b57554d353918af588af923f61f1fa3fd658da0a02225b
ui/mockups/admin/YL-M-074/YL-M-074-S01_LOADING.png,70799,a3494849f38e9535ad181fc36a088ac5985bcc418d7916d864ab2b5fe8c63a83
ui/mockups/admin/YL-M-074/YL-M-074-S02_POPULATED.png,121708,58c21b82430fc791281175b24dcff927a41414305dd4ebc2231065028cce3d13
ui/mockups/admin/YL-M-074/YL-M-074-S03_EMPTY.png,88249,3426bb67a387c9f13db2336d4bbe734fa7907d4abc3282e6d78fa293e82a86bd
ui/mockups/admin/YL-M-074/YL-M-074-S04_FILTER_ACTIVE.png,126215,a3c200ad0087c57f31509cc1571b7807b7e0f0f3d2e55992c0096a5078d41b75
ui/mockups/admin/YL-M-074/YL-M-074-S05_BULK_SELECTED.png,127337,0cf6905d3074cb59ca2a20ca274023175f3091d144ccf856db33fda6b3541212
ui/mockups/admin/YL-M-074/YL-M-074-S06_PERMISSION_DENIED.png,83518,6355240765933d343b610888b94dae855b26537cb92628940fe27bcd011e327e
ui/mockups/admin/YL-M-074/YL-M-074-S07_NETWORK_ERROR.png,86500,59ff6f5d36888935a1b98fe4178985f69f1361181c680f9ca4dad1dca266dd8b
ui/mockups/admin/YL-M-074/YL-M-074-S08_SERVER_ERROR.png,85611,79ebbfe1dcdc8a406a5fac77cd6df4a21a72d0182af433bef7e8e1466c67885f
ui/mockups/admin/YL-M-075/YL-M-075-S01_LOADING.png,69653,a67faa5cbe497250aed3b64d1de00a063d2b83ef9f9191a340710241789ad93f
ui/mockups/admin/YL-M-075/YL-M-075-S02_POPULATED.png,91112,df42154bc362ac6cb27916d6ceceaafe99dc8fb4fe3a49dd38a3bffa9b4b62ed
ui/mockups/admin/YL-M-075/YL-M-075-S03_EMPTY.png,94975,718c27f62221da5338031d081f375cfb7f6f776d81ea0857f06701e29c0ebed6
ui/mockups/admin/YL-M-075/YL-M-075-S04_FILTER_ACTIVE.png,93981,473c2c2c523a86f6d6a0c5a3f8ccef8698c5ef57d8d5f6b8d903556bca011f66
ui/mockups/admin/YL-M-075/YL-M-075-S05_PARTIAL_DATA.png,105060,7b42722f63f46009c827bd999704e0a0bb7a7b1bb72aec13a1801e6812c712a3
ui/mockups/admin/YL-M-075/YL-M-075-S06_PERMISSION_DENIED.png,82421,1fb8159b3f423a1799189093bf7b79615963f6fb6d94ff0aaa9afd62b6f9cd70
ui/mockups/admin/YL-M-075/YL-M-075-S07_SERVER_ERROR.png,84389,8a84029473a294fe1501456ea2750e47183249cc735b54efe268937d1e9c2a8f
ui/mockups/admin/YL-M-076/YL-M-076-S01_LOADING.png,71100,a93bd8cd867b6bd8a2d88a97c16fc703d3d799d5b4122c881efdf179d58067e5
ui/mockups/admin/YL-M-076/YL-M-076-S02_POPULATED.png,123429,9fa9cf3924b791f42968bf262651ece2f3e4028ddf9f87c191249a374824e539
ui/mockups/admin/YL-M-076/YL-M-076-S03_EMPTY.png,88073,bbaac2e624ab6826d5fc7766300a1c233e10ac69d8c12d8fe68943bb0e6d3352
ui/mockups/admin/YL-M-076/YL-M-076-S04_FILTER_ACTIVE.png,128028,1b303cf0fe8ce7aabec5c850e906b65940802a374f9885f4257c6f0f4512753e
ui/mockups/admin/YL-M-076/YL-M-076-S05_BULK_SELECTED.png,129133,22a2eb88d4fa76259638eaa97d5c81c9722e51ae544d12d658f714b5681bbfcf
ui/mockups/admin/YL-M-076/YL-M-076-S06_PERMISSION_DENIED.png,83925,1f9224aeaf2084ec1b8b6f09cde777346ae5872bcf2dd3d8c15a48c26b6577cc
ui/mockups/admin/YL-M-076/YL-M-076-S07_NETWORK_ERROR.png,86797,8e0fdc3650786e3ec91cd7c31abf13df7afe3ba77e9c62ff26862cbd69bdf40d
ui/mockups/admin/YL-M-076/YL-M-076-S08_SERVER_ERROR.png,85929,8b9709aaf4c83620bc47bb9d26cba55ecc0da8da86b9c896fcdee938534d4b0b
ui/mockups/admin/YL-M-077/YL-M-077-S01_LOADING.png,70312,17a7ce91c414a4668c71893c24a7d4e7b77403781fd828456a011a3ba30a531d
ui/mockups/admin/YL-M-077/YL-M-077-S02_POPULATED.png,116773,4241b570a54f553f132f00814606a7e9de835d1f46c501c108198796f0f83b5a
ui/mockups/admin/YL-M-077/YL-M-077-S03_EMPTY.png,87441,f7b8992c209215fcd4b247b162fdb5fcc71028b27bf2094d275dbc2bc68c94ea
ui/mockups/admin/YL-M-077/YL-M-077-S04_FILTER_ACTIVE.png,121451,29e270d74c1ac908bd9f128e7d25858229ae8508714f4b5ebae66cacceb13418
ui/mockups/admin/YL-M-077/YL-M-077-S05_BULK_SELECTED.png,122561,3c62afb5f7c434e4fc29ccad9408d4b311efd1de9f4b18437b07e6885ae91d65
ui/mockups/admin/YL-M-077/YL-M-077-S06_PERMISSION_DENIED.png,83422,56c5abb42d6f1b60a4822fb2f2b285187f0f86f128a7b13b7da0daee3531f37e
ui/mockups/admin/YL-M-077/YL-M-077-S07_NETWORK_ERROR.png,86065,4783135f734367153a58c0de17d0c4ef510108aad6b580d2a12b4c088e7219ee
ui/mockups/admin/YL-M-077/YL-M-077-S08_SERVER_ERROR.png,85184,2131325a6484fecf8eeae2bb9c0c8cf381a61b5946ac7dd716ce4c5a173d1dfb
ui/mockups/admin/YL-M-078/YL-M-078-S01_LOADING.png,72008,d15dc37d7c052cb680bcb49725742b08b82f3068eabff0b10428c6588eb1f026
ui/mockups/admin/YL-M-078/YL-M-078-S02_POPULATED.png,78016,812552903be74a6aa1bb5a34485d801938195c67c3659c69bc3df8af5ebf79c8
ui/mockups/admin/YL-M-078/YL-M-078-S03_EDIT_MODE.png,81235,5b8d4df1f195537f0e55fc27c73bddc6bec03cba5e4eb55291d0a53db7006378
ui/mockups/admin/YL-M-078/YL-M-078-S04_VALIDATION_ERROR.png,90601,7d1cfa4d99584957398462413bf251896f67d19fab2e4dee3fa061438d835d1b
ui/mockups/admin/YL-M-078/YL-M-078-S05_DIRTY.png,80672,1ab585b204ed5017e8bd4ee50cca1a84e35c3d690384594f00b4ea93cea8871e
ui/mockups/admin/YL-M-078/YL-M-078-S06_SUBMITTING.png,82004,58095b3784df14d74187b75bf4878ea8f27090b4f26b661f03122ff9cf20259c
ui/mockups/admin/YL-M-078/YL-M-078-S07_SAVE_SUCCESS.png,89441,f8ea4b64243fb40251148f8bdf9ae7d6bc6b7de2466373184f3d14f34464c43b
ui/mockups/admin/YL-M-078/YL-M-078-S08_VERSION_CONFLICT.png,90871,1e43b922f09ebb64829f1fa9ac370a6b9f0b8b0078e92ca14cdddf1a8f9f4f76
ui/mockups/admin/YL-M-078/YL-M-078-S09_ROLLBACK_CONFIRM.png,90976,9acf7b3ae1552dcfe057354f381898f5ed45897a7c8627c76a686a3e63a1805e
ui/mockups/admin/YL-M-078/YL-M-078-S10_PERMISSION_DENIED.png,84718,fcaed02f14bbd95e659c486364f1261ccc2ce91b15560d073641d8de1aab6e6b
ui/mockups/admin/YL-M-078/YL-M-078-S11_SERVER_ERROR.png,86807,04336e6c8686d986c31abbe352edd9cbc97a1031f9312aed6cd92f415b59126c
ui/mockups/admin/YL-M-079/YL-M-079-S01_LOADING.png,69859,501ed727066caab4854c4fc7413965a64b7dc39da90ecea41562e7fa0f3c8dcd
ui/mockups/admin/YL-M-079/YL-M-079-S02_POPULATED.png,122033,c17f234d596ba9647f9c5c21473e47c874c2259d918f4fa8922d416d5aa25eb3
ui/mockups/admin/YL-M-079/YL-M-079-S03_EMPTY.png,87026,a27a125e119079faa5c369050c6552c59177e40ae2a7bfc0f3c6172d34413d9c
ui/mockups/admin/YL-M-079/YL-M-079-S04_FILTER_ACTIVE.png,126516,342bac151fafe2df3939c3da62e3af38b8551f3357b15547164f8897328a077d
ui/mockups/admin/YL-M-079/YL-M-079-S05_BULK_SELECTED.png,127623,179120a4b104babd81f2c1220264310156d0e1707be8193cc366f2d57b8d8779
ui/mockups/admin/YL-M-079/YL-M-079-S06_PERMISSION_DENIED.png,83083,c9c5237d8e2e304b9a4e6b59a0bf3c1b020848d358f331f33c3e9a46bb307f06
ui/mockups/admin/YL-M-079/YL-M-079-S07_NETWORK_ERROR.png,85565,49f1b20ec3ccce92276d9bd0585d599aec8c17d18840cc8613f35014e67fd8b1
ui/mockups/admin/YL-M-079/YL-M-079-S08_SERVER_ERROR.png,84658,5715dfbac4631db50b9eb738f3ebe60dd152cecabdb201e6cbeb44eddcf1c083
ui/mockups/admin/YL-M-080/YL-M-080-S01_LOADING.png,71590,cc0f80e888765a4889f2c6eb1cfeead96aa6afe5ed533a32f9b5a7143fa66959
ui/mockups/admin/YL-M-080/YL-M-080-S02_POPULATED.png,125097,fc1adab1fd6e7c9527d795b8fdd45ad67e75943e2af810fd324d373bb39b9870
ui/mockups/admin/YL-M-080/YL-M-080-S03_EMPTY.png,88554,007a833f3a5454df75a48c45c5bd5e4256f799a8570182d7738100ae1a5668e2
ui/mockups/admin/YL-M-080/YL-M-080-S04_FILTER_ACTIVE.png,129703,498fd702177d07f59e6a586bc61b9eb30a04043e3373c3df0725abe0c263be17
ui/mockups/admin/YL-M-080/YL-M-080-S05_BULK_SELECTED.png,130807,ec1595067fa0b01398345a1c4887d71bceb3796e1aa20a28c70cc685636b717e
ui/mockups/admin/YL-M-080/YL-M-080-S06_PERMISSION_DENIED.png,84342,2e106cf0aeafb7e53c5704f35ff2ed1e6270e10a21e20d31b65a35315df48dfe
ui/mockups/admin/YL-M-080/YL-M-080-S07_NETWORK_ERROR.png,87294,3ba7f74f15240fe678fb37cea3125ca0df3bd344711caac8ad63652d6473cc52
ui/mockups/admin/YL-M-080/YL-M-080-S08_SERVER_ERROR.png,86077,c129c54557563e89f1a78a915d33b4e13f86bdb4540bd00aec32118d507def30
ui/mockups/admin/YL-M-081/YL-M-081-S01_LOADING.png,72105,708695afa4e62b5f909301a6eb05e2ed4da10f528e073088dceb5ad9295696b4
ui/mockups/admin/YL-M-081/YL-M-081-S02_POPULATED.png,122140,cfbd42f83d803d040eec60e0c9f3646648b266ce9281c549fa86f4a1873452ef
ui/mockups/admin/YL-M-081/YL-M-081-S03_EMPTY.png,89055,64a84c9d407ca5979d04477587e9a37adcf36c453f3cd2c2919d909dc5e98bdf
ui/mockups/admin/YL-M-081/YL-M-081-S04_FILTER_ACTIVE.png,126646,7f4320a07542875208c4ad1be32624c5bb9f34f9d7ee9662656453726ac502ce
ui/mockups/admin/YL-M-081/YL-M-081-S05_BULK_SELECTED.png,127751,854a4f5990e81ae3a26dd791144b90046ff986ffa0acdfaf8acc4f78336fe6b8
ui/mockups/admin/YL-M-081/YL-M-081-S06_PERMISSION_DENIED.png,84782,86ac43e77b03c3d7447c89b033e8923b0b295a2fbadb1dc9c07a025e3edeb056
ui/mockups/admin/YL-M-081/YL-M-081-S07_NETWORK_ERROR.png,87786,9a13e8632e5c6befc7f9c36e1ee65dc173f2e25085d452220957f4d0a941c9ce
ui/mockups/admin/YL-M-081/YL-M-081-S08_SERVER_ERROR.png,86585,2c5201fda9fd1f5af7e0992984f14924862b24a99f3b38d8485dcd6e737ce449
ui/mockups/admin/YL-M-082/YL-M-082-S01_LOADING.png,70696,5657ec01690517584005383b35580c086e22945e46f36e160dc6d13f6633ec29
ui/mockups/admin/YL-M-082/YL-M-082-S02_POPULATED.png,98685,4a7538851e6409b13440a7a445c092da3d1caa3d5b6a2ccfc203df80bc2dde30
ui/mockups/admin/YL-M-082/YL-M-082-S03_NOT_FOUND.png,83402,d6401177df332bef33e2c53bab9002dbcde518dd7196aa437ef8e56bf9b88c77
ui/mockups/admin/YL-M-082/YL-M-082-S04_EDIT_MODE.png,101838,1d4560280881c3541f23d03acd12e2b5065789ebab819529f846191380593238
ui/mockups/admin/YL-M-082/YL-M-082-S05_DIRTY.png,101376,ac93626959499ee18c40142de94e58115a518b58dab9e3ae9df284289403184f
ui/mockups/admin/YL-M-082/YL-M-082-S06_SUBMITTING.png,102647,aefd9396617dcaf2d7d41585b865d2f160df6fbfa6e592dfa711a749c319d601
ui/mockups/admin/YL-M-082/YL-M-082-S07_SAVE_SUCCESS.png,109440,81c2cd5d4ac305daa41139e461c28a9f93769739d371d3ca57c64bee8ba208a6
ui/mockups/admin/YL-M-082/YL-M-082-S08_VALIDATION_ERROR.png,110604,4bbe89712400fecf3b5e426a41bd04a716c5a22ff21abe427cfc36280da2f29c
ui/mockups/admin/YL-M-082/YL-M-082-S09_VERSION_CONFLICT.png,110887,bfb5b35eae1005fba38cda18210faaf1da00ce2b7a05e7024583878dd083dd1c
ui/mockups/admin/YL-M-082/YL-M-082-S10_PERMISSION_DENIED.png,83572,43ad6d4e212fc16f29a519ffc20939fdbee9d5f3f42af7201f8fcffcceafb5f3
ui/mockups/admin/YL-M-082/YL-M-082-S11_SERVER_ERROR.png,85589,bd7e2fbc43476408839582c32f56047790cd034ec1dc9cc62e29f184d5fdad8c
ui/mockups/admin/YL-M-083/YL-M-083-S01_LOADING.png,68589,029573d05ae8e0cca227dfd6b852008735d10762e8256d2b489427851edd6340
ui/mockups/admin/YL-M-083/YL-M-083-S02_POPULATED.png,122644,b95c76c56a0f148431000c606b8a65387280ff5cab12c64cb031c1242b377ebb
ui/mockups/admin/YL-M-083/YL-M-083-S03_EMPTY.png,85644,879fec5d86032ebe4919cc97e92ea97de2bedc4612821cc6d3926576c14ca937
ui/mockups/admin/YL-M-083/YL-M-083-S04_FILTER_ACTIVE.png,127147,31f6946c2d4a16c2dc5a78e3f1dd563971397d0485738806e8216bd0672d3f0d
ui/mockups/admin/YL-M-083/YL-M-083-S05_BULK_SELECTED.png,128234,20c566c0e806575608f3a288ae7238eb6a7bac2d2def194d5d079d6046ce7a53
ui/mockups/admin/YL-M-083/YL-M-083-S06_PERMISSION_DENIED.png,82154,3efd29b09e5ba28830c99ee8c545f47a174b14e3af0ec0b6c964f35b6b14e3ec
ui/mockups/admin/YL-M-083/YL-M-083-S07_NETWORK_ERROR.png,84339,c8c196b072676ce8bccbe1d17e67c8d14d5e6a97bc695b78d08b6a60984f6c11
ui/mockups/admin/YL-M-083/YL-M-083-S08_SERVER_ERROR.png,83473,085fed069fc603d9eabf5b8a6e236bb20895193c9a716dd727820ee6ceeeddca
ui/mockups/admin/YL-M-084/YL-M-084-S01_LOADING.png,70961,116b64f593820f5d93850ccbe724ae1a7ba03043e41d9aac22c2d8334f671838
ui/mockups/admin/YL-M-084/YL-M-084-S02_POPULATED.png,120373,2756b318062e686f0cbad2e405a8b7c41997fab1b176dabe0905b084e7f6cce9
ui/mockups/admin/YL-M-084/YL-M-084-S03_EMPTY.png,88293,9c5a6d75e7e9d0deed5eecc286bc1a6124f569fe6eff6f17fb54906a613eac25
ui/mockups/admin/YL-M-084/YL-M-084-S04_FILTER_ACTIVE.png,124880,223e3734c7f3acb822bc2d9f7980e73217235cb57ce7da6ac937350b918a6d14
ui/mockups/admin/YL-M-084/YL-M-084-S05_BULK_SELECTED.png,125992,c39f30a0426d892dd05362b12dd493959005af5096cf3fa13fa9e78c2fd4c866
ui/mockups/admin/YL-M-084/YL-M-084-S06_PERMISSION_DENIED.png,84264,ee87a3fa043574be0010db87052df4cb516c47f7ef629e00bd399ab76468c380
ui/mockups/admin/YL-M-084/YL-M-084-S07_NETWORK_ERROR.png,87067,fe1cde72f5018c8bd6968c0a96584c9a83c977b69d2426b5b356f29d59ca54da
ui/mockups/admin/YL-M-084/YL-M-084-S08_SERVER_ERROR.png,86208,28a1d684d56aae5112a258b770f82e833b846090ef207c87826186efbc599a57
ui/mockups/admin/YL-M-085/YL-M-085-S01_LOADING.png,72612,9d3bb1a8dffb63e40bc33b3b84151f1c18458e2d76143705a23a07a5d1cb0b11
ui/mockups/admin/YL-M-085/YL-M-085-S02_POPULATED.png,78299,fb25b7d419f0c5cc4aad14ea3553f29c600816e5ddec9d233f6313d6a68a7e72
ui/mockups/admin/YL-M-085/YL-M-085-S03_EDIT_MODE.png,81511,f5d5bacc03f890efb0a4e2dd9b8139252a19688a1bb7b415b5adf1094fe89a37
ui/mockups/admin/YL-M-085/YL-M-085-S04_VALIDATION_ERROR.png,90879,8070794988ccb4c2311ee15e7e9a320fd9400d3aba0691d8cb0d7fefbc44ff8f
ui/mockups/admin/YL-M-085/YL-M-085-S05_DIRTY.png,80959,4db3510403e03c5abaceafbb8672ef51a32640a35c888024a4253f2a551b5cae
ui/mockups/admin/YL-M-085/YL-M-085-S06_SUBMITTING.png,82288,32ba9d23ce49db0208c4c3b4b657c4b46e65aea0cbaee837d8d1ca9c6a1b909b
ui/mockups/admin/YL-M-085/YL-M-085-S07_SAVE_SUCCESS.png,89717,a1672de1d7fb7bf7ed7a09bab9866447afb1ef86f997af13c80c643fab486247
ui/mockups/admin/YL-M-085/YL-M-085-S08_VERSION_CONFLICT.png,91146,c678e324e1ecce07feefcb1d21cb6da0c8a84c9d22ac8435d672775c5e0e1970
ui/mockups/admin/YL-M-085/YL-M-085-S09_ROLLBACK_CONFIRM.png,91254,5697fa8c5bfa781b5b6c4e68e81455377528b000d230fcccf66b1bda86a7b59f
ui/mockups/admin/YL-M-085/YL-M-085-S10_PERMISSION_DENIED.png,85218,38275c07f84262b752e37d6d340d01af7f39ffd4ca261777ced61a5111dfeef6
ui/mockups/admin/YL-M-085/YL-M-085-S11_SERVER_ERROR.png,87336,d6532ed5659c99b2c97a3467028dc9dae9387625d2e4dcb65757e7054f05ad69
ui/mockups/admin/YL-M-086/YL-M-086-S01_LOADING.png,70484,f9df569e2b5b82b18d24a872477230b15ea277e25094a189d974b9ef47111057
ui/mockups/admin/YL-M-086/YL-M-086-S02_POPULATED.png,82524,c158fa40d0bb3eb94a2c6d2807112e29c6ec91bb85df116d9f1a79ec0b0c48b4
ui/mockups/admin/YL-M-086/YL-M-086-S03_EDIT_MODE.png,85716,fa63eb9b4eb7a7e6c0c53678baf366beb1b82ca8e24c6326cccd16f56ceef494
ui/mockups/admin/YL-M-086/YL-M-086-S04_VALIDATION_ERROR.png,95007,07243fbd11df53ee1ac874becef61b74754344209b9afe0958152d548acbf67c
ui/mockups/admin/YL-M-086/YL-M-086-S05_DIRTY.png,85159,008d73001696bfbed81b277d046f9b0f5c89af21f711c013b5ab1fbe2d1ceb43
ui/mockups/admin/YL-M-086/YL-M-086-S06_SUBMITTING.png,86477,e7932366fa50c7ebf98104ff0e1ed2165de723d2a6f9d5e395dfa7e7e8ffa8f2
ui/mockups/admin/YL-M-086/YL-M-086-S07_SAVE_SUCCESS.png,93849,b1d27cbaa1b51f95481ccaa512f13e365a84aa2f0d8d11d846d763901beb06b8
ui/mockups/admin/YL-M-086/YL-M-086-S08_VERSION_CONFLICT.png,95274,7793b6dc7ce687286d7513f539a17411756c61e4caf0df86070e66f6017fa8bf
ui/mockups/admin/YL-M-086/YL-M-086-S09_ROLLBACK_CONFIRM.png,95377,aeec013b3a34e93608590aaa1d0f63822cda5451691ea0bb9af6a510f947c791
ui/mockups/admin/YL-M-086/YL-M-086-S10_PERMISSION_DENIED.png,83179,62ea1e35f88290caf9d52d04cdc5d0517983b8c8038f061bbf67d9a97fa3ce36
ui/mockups/admin/YL-M-086/YL-M-086-S11_SERVER_ERROR.png,85214,b1b83f0a7952afff813060a3b19c8ed7f735103edeb62bc7c5f3c50d91785b36
ui/mockups/admin/YL-M-087/YL-M-087-S01_LOADING.png,71536,cbd0a8e6b45c3948a6038f69aeb7781088ab24c7bc039f923fc05dc83398359c
ui/mockups/admin/YL-M-087/YL-M-087-S02_POPULATED.png,126472,e1e388ac6697c60d80887f56aadb2a7db28848a4f6f73c80e819afc779474ea4
ui/mockups/admin/YL-M-087/YL-M-087-S03_EMPTY.png,88461,02a4bcd4350bea2424320cb2c897b8550735483043e595d68fe9d374d3f853b6
ui/mockups/admin/YL-M-087/YL-M-087-S04_FILTER_ACTIVE.png,131066,8534faeecfa9ee525d3a52975654aa17d860900e5ce847f31642c26c7d998e43
ui/mockups/admin/YL-M-087/YL-M-087-S05_BULK_SELECTED.png,132180,029e93b595119e21c92b869965568f3ee1fb586e13995a22de587cfd81134905
ui/mockups/admin/YL-M-087/YL-M-087-S06_PERMISSION_DENIED.png,84281,fbe2a1cdb0c18d3b9963847a4e79ca855a4fc6c1a4c11ce7e6f82c924a5da8ec
ui/mockups/admin/YL-M-087/YL-M-087-S07_NETWORK_ERROR.png,87232,0e15ee4ee66c775aec57937a50c4e6bba4262d33d4ca724555c187d77a958d84
ui/mockups/admin/YL-M-087/YL-M-087-S08_SERVER_ERROR.png,86011,3bd0bee8de8df4b22c0fb5acd2ff323142023bd73801987f579993d3410b051f
ui/mockups/admin/YL-M-088/YL-M-088-S01_LOADING.png,72051,0d5c661f44748c278560df65f32d809cb0ce8b20b8dd5d8b49bc4e440a64e31d
ui/mockups/admin/YL-M-088/YL-M-088-S02_POPULATED.png,121744,deb89881a51d65a2a5f8a3c70a98e99d77f0eeb78830eb3472628c8bea8893fe
ui/mockups/admin/YL-M-088/YL-M-088-S03_EMPTY.png,89482,65b095c7ab8cfac33aa45557a864046cb4af9d25cfffb6d496b88c19de5f4fa8
ui/mockups/admin/YL-M-088/YL-M-088-S04_FILTER_ACTIVE.png,126238,146eafa9874c3d8f646e393346abbecdbaa6cc992503516ab150fd7a3c8ca70a
ui/mockups/admin/YL-M-088/YL-M-088-S05_BULK_SELECTED.png,127340,d6a92c87772cccf60d60c06b25803f279fb0d5a3b4e094c9c8c382557d7ba91b
ui/mockups/admin/YL-M-088/YL-M-088-S06_PERMISSION_DENIED.png,84639,299204948e42c8bd50808fa52740dbe77785f5261873e7a09c45cc77c9917d61
ui/mockups/admin/YL-M-088/YL-M-088-S07_NETWORK_ERROR.png,87757,69eeb9eaf2cea905a755f1da7eff5ce578227a02f6ad2ab52133d4678c443048
ui/mockups/admin/YL-M-088/YL-M-088-S08_SERVER_ERROR.png,86635,f9ba78eed76f9fcbc62174ff5f28eb8c27098172f723e5c8e07ef817a3478380
ui/mockups/admin/YL-M-089/YL-M-089-S01_LOADING.png,70799,13a99cd39a587b86af2d6d27319745ef6d7140a7031bc81ee7462b29d7c42417
ui/mockups/admin/YL-M-089/YL-M-089-S02_POPULATED.png,118993,681eb805a243f74735456bd0a4ab7b1235c5127b1d3992d391b0c30e4ed951f4
ui/mockups/admin/YL-M-089/YL-M-089-S03_EMPTY.png,88193,0a183d35dfb366d3644ac36c9b137cc7d5351ae9103814eeddaa81522d801f02
ui/mockups/admin/YL-M-089/YL-M-089-S04_FILTER_ACTIVE.png,123469,102412d922f1d1178c58abb38c91dbe7bf3aa0e8b9de956111a9981e8516625b
ui/mockups/admin/YL-M-089/YL-M-089-S05_BULK_SELECTED.png,124582,4c4395a64707b48f8abe4b6c675e4e4fc1cafdab0dc5cce1083cb65804de6214
ui/mockups/admin/YL-M-089/YL-M-089-S06_PERMISSION_DENIED.png,83717,6d975ac1f15d76ee92655b0ea1f14512b44dccdafae3055f9762197f4a07faaf
ui/mockups/admin/YL-M-089/YL-M-089-S07_NETWORK_ERROR.png,86466,c412d75ad55fa0e07b399966db231e67d836de44dd30ef2bf8a5251ea2527a6e
ui/mockups/admin/YL-M-089/YL-M-089-S08_SERVER_ERROR.png,85593,6516fa43410a8d3ca25154bf4e2264e20255388685b7c737cae0efd382259364
ui/mockups/admin/YL-M-090/YL-M-090-S01_LOADING.png,70319,765fcaf3c3355b453281fb3094a3227b74ea9e121fccef839a85503dcde4ba99
ui/mockups/admin/YL-M-090/YL-M-090-S02_POPULATED.png,107908,46c134dbf6102c6c48eebf8b72ef24065e368cdf48d8cd22fdbeb4a0e42929d9
ui/mockups/admin/YL-M-090/YL-M-090-S03_NOT_FOUND.png,83046,0519f8fd3622e15b3b634f4cd765a5a07479196344d0021225dcde89ae71badb
ui/mockups/admin/YL-M-090/YL-M-090-S04_EDIT_MODE.png,111195,2c09bd7630cfa7f6f86c05818764c5108dc7c2110ed423387d19ea85a5c370a8
ui/mockups/admin/YL-M-090/YL-M-090-S05_DIRTY.png,110706,48323f7261d08652e3854059d97bf0c076e1f9ee15e60eb34d7b75972ee428a9
ui/mockups/admin/YL-M-090/YL-M-090-S06_SUBMITTING.png,112044,ab4a54ae93fa42c80ad091eafc034efab4e8c5790b7aeced824b15e37a6f5cc6
ui/mockups/admin/YL-M-090/YL-M-090-S07_SAVE_SUCCESS.png,118958,d6d50d9bec7469b410246aecacfd5ae4ff5d411b7229c832989d875f5fe96771
ui/mockups/admin/YL-M-090/YL-M-090-S08_VALIDATION_ERROR.png,120146,e860e9ee635fadd2324fd56c04f288d9ab84ba743f03011c5c80330a7933e1ab
ui/mockups/admin/YL-M-090/YL-M-090-S09_VERSION_CONFLICT.png,120382,5735e63a9181bdfbeb678fad2f837eef8578c7cdbe11113c83ccd7837296d106
ui/mockups/admin/YL-M-090/YL-M-090-S10_PERMISSION_DENIED.png,83259,79e04d3352f72d2554e881815fb526e9e3b92bcae224075fbbe02056261d16f4
ui/mockups/admin/YL-M-090/YL-M-090-S11_SERVER_ERROR.png,85136,a6dbcdbe304343c536acdde18ef31221a50a38e476bbacc0dc0efef74db5bf17
ui/mockups/admin/YL-M-091/YL-M-091-S01_LOADING.png,70460,140476600712c1e3f620f4fa11f0b4e2b035a47affa5b3d87e8296731a9e4c5a
ui/mockups/admin/YL-M-091/YL-M-091-S02_POPULATED.png,120491,f25c5b52d9cb20ae281b8cb83898c6451e4238ad5cabcfb97cb2719bdd362808
ui/mockups/admin/YL-M-091/YL-M-091-S03_EMPTY.png,87931,c50b5509489d5a03970feed443b94ad01e906d0aa1e5fc0131ae2a3fc06682e7
ui/mockups/admin/YL-M-091/YL-M-091-S04_FILTER_ACTIVE.png,124963,f4f3e026756276e86e375886deb14ce32c84b67a45ca8d015b5fbc0db1e20ed0
ui/mockups/admin/YL-M-091/YL-M-091-S05_BULK_SELECTED.png,126084,32cc9713153b8fed949355f948b58c3893d122db5a7719202146aeacb36e1a04
ui/mockups/admin/YL-M-091/YL-M-091-S06_PERMISSION_DENIED.png,83403,f620b4d64599ea71f6d1da715148ba93f44a3ce41c776d24637474b703eb0a74
ui/mockups/admin/YL-M-091/YL-M-091-S07_NETWORK_ERROR.png,86156,c4514b505fb5a81f42fb9b0c91d4893ddab074b969260f282ec7d4d0e17a2486
ui/mockups/admin/YL-M-091/YL-M-091-S08_SERVER_ERROR.png,85279,b535b48a54bbd178ce5e3b466da40bc7d333ed552fcffaeb579e39703f53adc5
ui/mockups/admin/YL-M-092/YL-M-092-S01_LOADING.png,68890,99cfb97554c3784df991135633a6b12fafb7158f7364ff18d13eb9b516b46427
ui/mockups/admin/YL-M-092/YL-M-092-S02_POPULATED.png,118389,246ae86f78c38f57df2cb5e2069d6fbad7d68d4b75078d16bc55be290c843b71
ui/mockups/admin/YL-M-092/YL-M-092-S03_EMPTY.png,85930,941fa6a6821eee63d13b7e018312b9c905108a28a855ef5fd2f3acb1f8bd1224
ui/mockups/admin/YL-M-092/YL-M-092-S04_FILTER_ACTIVE.png,122892,2083979e0390abf212e72f2d4708d97973e631c0088b317a59dd9ea7409ce3d5
ui/mockups/admin/YL-M-092/YL-M-092-S05_BULK_SELECTED.png,124011,454e2bc6959fd0620421917cd8bc91d6431a44ce2e1f2f1beda82bb7fe46df05
ui/mockups/admin/YL-M-092/YL-M-092-S06_PERMISSION_DENIED.png,82351,20f08bd3327b04c2f2cb64f1da4efa02535120afa52fbb6cbe562cc717f7dc1b
ui/mockups/admin/YL-M-092/YL-M-092-S07_NETWORK_ERROR.png,84591,bdcbb6b5bc29ae81aa0a2651d3140fed2ae4da915aa20e99a17f0cadd554d90f
ui/mockups/admin/YL-M-092/YL-M-092-S08_SERVER_ERROR.png,83730,274446cd6e51ce3f037caa9a9e13f8adaf782494ecbf7c2e3530130bb6e37cf0
ui/mockups/admin/YL-M-093/YL-M-093-S01_LOADING.png,71949,c9777da56194c75fd073b7cf381a9709d0401e6d592b66769a109cf101e35f50
ui/mockups/admin/YL-M-093/YL-M-093-S02_POPULATED.png,126036,5012a2d146be82cc3315087e90b2ac0db4df172585181abf7e82b236b9a9c68c
ui/mockups/admin/YL-M-093/YL-M-093-S03_EMPTY.png,89412,bce42aeb6db8d631e7987e5c247befd29593b50a7fba73a46e39c33329f09a8e
ui/mockups/admin/YL-M-093/YL-M-093-S04_FILTER_ACTIVE.png,130645,d7c5832e7f54beb7c090fe16925f1f200ffdaad6c04bd76924c415654526053d
ui/mockups/admin/YL-M-093/YL-M-093-S05_BULK_SELECTED.png,131767,d56b61ee15f45f1a802c23e47189c4f0fe4a4c02efe43069433a4e5140d9746b
ui/mockups/admin/YL-M-093/YL-M-093-S06_PERMISSION_DENIED.png,84746,1d179018e9495e2a992d64531c9154f6023df4c620c4b51bde06db150b78e81f
ui/mockups/admin/YL-M-093/YL-M-093-S07_NETWORK_ERROR.png,87681,09bdfca8f9c731e1fa2feefdc4c8aa6a0e7bab7f021a4cdc343a85f8a35320a5
ui/mockups/admin/YL-M-093/YL-M-093-S08_SERVER_ERROR.png,86452,e18731709472320102e2bf9338b800667469621745e5b0cea330fa96274498ec
ui/mockups/admin/YL-M-094/YL-M-094-S01_LOADING.png,73664,9435b2d59b74939a229cbad2c94158115e92db165a93c578d0734d0b1a4419e8
ui/mockups/admin/YL-M-094/YL-M-094-S02_POPULATED.png,99040,dbf568868c34714f7d8cd13fb7b9eaa57d5688aeae052bc07f0fb8d3302d38ff
ui/mockups/admin/YL-M-094/YL-M-094-S03_NOT_FOUND.png,85967,7fef01c4c30f64e6e5dac73d3ec93b0879aa98beb797d3ef07cce3c7c1c5ccb4
ui/mockups/admin/YL-M-094/YL-M-094-S04_EDIT_MODE.png,102181,035095dbeadcd3c9192230f437ff591df152c391fa0acd403e4154d66db91dba
ui/mockups/admin/YL-M-094/YL-M-094-S05_DIRTY.png,101724,383b4e359c1a0c64947fa1abe125dee9f9320a44ff93694ec4f370a2b29878ed
ui/mockups/admin/YL-M-094/YL-M-094-S06_SUBMITTING.png,102993,29465645bbcd939cd9d165d9c1a0396635ecfbd9be61dab7f8f3bd851a83160c
ui/mockups/admin/YL-M-094/YL-M-094-S07_SAVE_SUCCESS.png,109779,e987567a32470b5e37d1b6a5713104a5782bd852c8f61eb1db6214ce044387fd
ui/mockups/admin/YL-M-094/YL-M-094-S08_VALIDATION_ERROR.png,110943,2fb4694e9e096da8438af2b9d2ae0bce5f4c28d217b9672e936e110ec294a269
ui/mockups/admin/YL-M-094/YL-M-094-S09_VERSION_CONFLICT.png,111226,1402224fdb9aea260137c1296576ed813d8e1e92452e9a1286337fff85f0f776
ui/mockups/admin/YL-M-094/YL-M-094-S10_PERMISSION_DENIED.png,86187,e537df25e27d9df36ea4d032aebb4cd90ed98295cc9210e21d3faa2eb37ba7b8
ui/mockups/admin/YL-M-094/YL-M-094-S11_SERVER_ERROR.png,88448,6490a5fed920c3785bf42312d2ddde81b9f853a59f45ed47c8fe1ebb532e225c
ui/mockups/admin/YL-M-095/YL-M-095-S01_LOADING.png,72045,300fc1ab3fe3bbf9bf2b3cd1a874c2c609806890df286a67e6f32cc3ccc22174
ui/mockups/admin/YL-M-095/YL-M-095-S02_POPULATED.png,78483,df8fb7fd8df90ea7c01f0da19e446e8e4ff1faaaa29086e28d55a32c1dd537c4
ui/mockups/admin/YL-M-095/YL-M-095-S03_EDIT_MODE.png,81723,7dd7b56c4cbc123127299325bae26fc7a0baa70966c843ad8c66f7a152c65ce3
ui/mockups/admin/YL-M-095/YL-M-095-S04_VALIDATION_ERROR.png,91069,8b296cc0487e38247cf2222cb9d0f10a2ee535ccc34a55cdd07a9383d3e1faff
ui/mockups/admin/YL-M-095/YL-M-095-S05_DIRTY.png,81145,5e6a4d9e6d3d7a9f99eaee9111a50704d15d92aefa94d4bf10c7f57cf731b282
ui/mockups/admin/YL-M-095/YL-M-095-S06_SUBMITTING.png,82473,edf4a3625f711d1a2a87c28e02beccd3b943323b1ef38d31be0d63427ce57202
ui/mockups/admin/YL-M-095/YL-M-095-S07_SAVE_SUCCESS.png,89909,17b1ac1a798bbe5b1beb9577115d42fac84a577a08e2474e87e8b39c6269e497
ui/mockups/admin/YL-M-095/YL-M-095-S08_VERSION_CONFLICT.png,91336,3aa387f0d9ca9dbcd7a28575fce2267b7beb0cae6ab624d359e1ecaaef32ef26
ui/mockups/admin/YL-M-095/YL-M-095-S09_ROLLBACK_CONFIRM.png,91443,3538916983162e89be8dc2469485cb8cf8c1395e8eae411019f3b4f6b7dc0848
ui/mockups/admin/YL-M-095/YL-M-095-S10_PERMISSION_DENIED.png,84803,ca5681ec585f67c50709d78016cce7ff80f2dbf817c9a9f68ab62e01dd48a3ea
ui/mockups/admin/YL-M-095/YL-M-095-S11_SERVER_ERROR.png,86835,a346dc326a4d5ae898af86c97a08f8c68a5fff667e9b74f6d42ad4d696b26c3a
ui/mockups/admin/YL-M-096/YL-M-096-S01_LOADING.png,68151,885d2477fa0e88d12e52498f7e08c6363c2b692bdad797d6cfc3ff21b7821d55
ui/mockups/admin/YL-M-096/YL-M-096-S02_POPULATED.png,118550,8434638caa1315352b92df10569162bc4c84e4052876e843e162960ab709e756
ui/mockups/admin/YL-M-096/YL-M-096-S03_EMPTY.png,85726,cfc01f95d58e1b646719fff64e3db0756efbb4c35711500d29fd5e38df938060
ui/mockups/admin/YL-M-096/YL-M-096-S04_FILTER_ACTIVE.png,123113,b207bc325d11d3fab2b8257829896245bb2cc85bf4797cc0ce5dc482f67f8fec
ui/mockups/admin/YL-M-096/YL-M-096-S05_BULK_SELECTED.png,124243,2057a53799b515dd9fb5236ff6d92048a978a792ead9dc72daf29a98af081778
ui/mockups/admin/YL-M-096/YL-M-096-S06_PERMISSION_DENIED.png,81729,0de78c50acf13f01041a6ec9033fde7847222af2ea294d2edd0de0f92e0f385c
ui/mockups/admin/YL-M-096/YL-M-096-S07_NETWORK_ERROR.png,83884,044b20262fd49d6762a787c839c662613bb5759ed12e64c82fb273a5be4a237c
ui/mockups/admin/YL-M-096/YL-M-096-S08_SERVER_ERROR.png,82767,2cfbc8eb7933fd876e03a984ba6ae6c52742fb2621dffb7faf750ea6d65151ed
ui/mockups/admin/YL-M-097/YL-M-097-S01_LOADING.png,69831,e05579675802cfef01151951e1c202553c5df8ce31632276bfd10624522a75c9
ui/mockups/admin/YL-M-097/YL-M-097-S02_POPULATED.png,122402,82e75891717508cfdd4cf372a8bf84be4ad6bbba3fea6f812e34dab1f58baaca
ui/mockups/admin/YL-M-097/YL-M-097-S03_EMPTY.png,87409,1d3f73e1ed7c5def18cab7a4bd38f22418ec70628ee445cf826daf03804074a8
ui/mockups/admin/YL-M-097/YL-M-097-S04_FILTER_ACTIVE.png,126921,1518d79e505df77ac804bfd3b1e6ed03019c2efe124ce88e536907147882e7c8
ui/mockups/admin/YL-M-097/YL-M-097-S05_BULK_SELECTED.png,128023,1280e042401c5da1f1e5b4cfb25af8afbf5cf338bf7d290fa1f147605a977409
ui/mockups/admin/YL-M-097/YL-M-097-S06_PERMISSION_DENIED.png,83161,97830197bdfa11b5ad8bd8b184e0e2f29afc6562f6e030975e8f94311ddd266c
ui/mockups/admin/YL-M-097/YL-M-097-S07_NETWORK_ERROR.png,85609,eb983062f9dc3be8a49bf57d2aea0e0fd8fe20c0bc60bc5832432204ed168fc3
ui/mockups/admin/YL-M-097/YL-M-097-S08_SERVER_ERROR.png,84710,0ab62b09150687b3d675bb123e9b35dff23c455a5e327475d23a2c1bd444b52c
ui/mockups/admin/YL-M-098/YL-M-098-S01_LOADING.png,70089,90c3b8320ee5bc2058b160c94b81aae3771e0470dc75945517eea31a6db91dd1
ui/mockups/admin/YL-M-098/YL-M-098-S02_POPULATED.png,95252,461f73c4e251fe08c765fc0264cf61764e040ed3afeedf0d46c82ec363154947
ui/mockups/admin/YL-M-098/YL-M-098-S03_NOT_FOUND.png,83235,e9503e00b5a283f01b50e03cd630259686de173d50839e065a75e01c2bc66351
ui/mockups/admin/YL-M-098/YL-M-098-S04_EDIT_MODE.png,98347,f01bd6c5c9260a1b860f772762551c12e98507826e0b575cf46061df58d6a640
ui/mockups/admin/YL-M-098/YL-M-098-S05_DIRTY.png,97898,920d20b65cc985296129435e7a73a7ee03d62bda4261b42fc344e5aaedb4e0a0
ui/mockups/admin/YL-M-098/YL-M-098-S06_SUBMITTING.png,99137,831ef3385fda0ccab094ee0c31614c6b4da862b9e2e68ad27dbd1e609ac4f554
ui/mockups/admin/YL-M-098/YL-M-098-S07_SAVE_SUCCESS.png,105974,ee70a9c756eb5f88fe270a54df80b0d8dea82eec3df7773ebf6dd72e6b4c89e9
ui/mockups/admin/YL-M-098/YL-M-098-S08_VALIDATION_ERROR.png,107135,2faf399b72874977cd79d0f0376a0a74b69c99b934305a2c822a8eb0cfa4a6d2
ui/mockups/admin/YL-M-098/YL-M-098-S09_VERSION_CONFLICT.png,107439,42a3389be9d92a6701e0e2a32fae3b1d0deaf864bee05f359e40f0f6c9bf553f
ui/mockups/admin/YL-M-098/YL-M-098-S10_PERMISSION_DENIED.png,83446,7d5c797ce6f4dcf36bc39622761cf0ce82869e5cd6cdc8eaceab46a8d216fb57
ui/mockups/admin/YL-M-098/YL-M-098-S11_SERVER_ERROR.png,84977,fead10731cdeccf5ff8c296baab6d763a9cc45d5a468da98cd0d7ce9f77b2fb8
ui/mockups/admin/YL-M-099/YL-M-099-S01_LOADING.png,73122,98e89273327cfaccb1033eb142fa1375aa6c484c3d4a6503e1921495767341be
ui/mockups/admin/YL-M-099/YL-M-099-S02_POPULATED.png,99035,e063912733527ad8360cfad1b8ad59c47ab50c3cbcca7a03c4383c6e81bad870
ui/mockups/admin/YL-M-099/YL-M-099-S03_NOT_FOUND.png,85511,652ad83ac1de9bb83442c40589fc9b75c62bbf51466545aeb1ec563d72da0c56
ui/mockups/admin/YL-M-099/YL-M-099-S04_EDIT_MODE.png,102178,873789873078a1e145a999eb8e80253e62c106d2cfe15549db5dd40da9e4d9d4
ui/mockups/admin/YL-M-099/YL-M-099-S05_DIRTY.png,101714,ccb8054f925dbd33eb3a2ad88d7fd21443f41721ffe11a268751ecc32b861094
ui/mockups/admin/YL-M-099/YL-M-099-S06_SUBMITTING.png,102995,fe290a4fdc2ee1f3e80c853d638b5a10b8c999cafd591587cad3cc359e33abe7
ui/mockups/admin/YL-M-099/YL-M-099-S07_SAVE_SUCCESS.png,109774,21c397f3cc783fa3515a2c94279953e0b36eaa849f4d992f03c67c05a82df1d2
ui/mockups/admin/YL-M-099/YL-M-099-S08_VALIDATION_ERROR.png,110936,6d078836f66889cce1830037e4b76cfeac9e08e3eebef8a0820e37cf97047b35
ui/mockups/admin/YL-M-099/YL-M-099-S09_VERSION_CONFLICT.png,111223,758ae545b332d2fc8789d2fe6d2e6e49e5ce56efe5c9653cd035c80e0fe2e335
ui/mockups/admin/YL-M-099/YL-M-099-S10_PERMISSION_DENIED.png,85727,33e905beb2f22c8b75ba203875e4ba89e7020798a7b6a1505e57c7e41c03e766
ui/mockups/admin/YL-M-099/YL-M-099-S11_SERVER_ERROR.png,87943,30f013a4a6fe726a2f60c440a884b5c4b8f94725da3b12bcd9031e694f2dbee7
ui/mockups/admin/YL-M-100/YL-M-100-S01_LOADING.png,68434,e9561ec29b7fb7b47158fce448411852d4a8be60f5a303de9cf445100ae00ec7
ui/mockups/admin/YL-M-100/YL-M-100-S02_POPULATED.png,89295,cf87b997c677b07ae1af9b0236885057df8ae94e89cbb0244f60cb55583680b0
ui/mockups/admin/YL-M-100/YL-M-100-S03_EDIT_MODE.png,92319,e8ffb538db026f2cb89d2694c903a40bc51295f9eae80d34cac91b11fcda1fb2
ui/mockups/admin/YL-M-100/YL-M-100-S04_VALIDATION_ERROR.png,101511,b91382e7321e6f6683a3324efe9c7d69316760d42c60ec4ea100974d8eefc342
ui/mockups/admin/YL-M-100/YL-M-100-S05_DIRTY.png,91829,e8d03675e751b45a648e57fd1a3b55fc5217977f8580719701e9465e311e3405
ui/mockups/admin/YL-M-100/YL-M-100-S06_SUBMITTING.png,93079,56a9837b82553c366b086a50c41c924bba7f3fefbda89865db7d4cebf77a51c2
ui/mockups/admin/YL-M-100/YL-M-100-S07_SAVE_SUCCESS.png,100289,80602b3ed4874f359bebd8ddbbc638e7d435198431008bfdd9c58b749bf399ab
ui/mockups/admin/YL-M-100/YL-M-100-S08_VERSION_CONFLICT.png,101857,1a7cb8fd28bef02bddb1846a3ffe305e6717d4654f71f30a749b7b2acbae8599
ui/mockups/admin/YL-M-100/YL-M-100-S09_ROLLBACK_CONFIRM.png,101899,9ac76c4bf4c9b82d0a05aad9148967fb78f1d182d13a9f8936a47334fe20ac31
ui/mockups/admin/YL-M-100/YL-M-100-S10_PERMISSION_DENIED.png,81417,fee8fa32e9ee501c7a4e93f1fecc752fb71d58e3bb9af5a874851acb7e33e144
ui/mockups/admin/YL-M-100/YL-M-100-S11_SERVER_ERROR.png,83169,9fdf6f8b4ab0da7fc515dd1c519221a89ed266e3d2763ee2fcf488fee2656d23
ui/mockups/admin/YL-M-101/YL-M-101-S01_LOADING.png,69066,5cc417f6dd0d33b0af2ef3097f1c7168ba98ccd8eb05ba06f660209dcaf317d7
ui/mockups/admin/YL-M-101/YL-M-101-S02_POPULATED.png,107372,8ff7f7debd0e3a0692a7989beff1a4656d509f7fb6be144b7ffa3d1295449e74
ui/mockups/admin/YL-M-101/YL-M-101-S03_EMPTY.png,86515,cb3d8efb050e2f278ba3a0aba8a02b0ab235ea4b540f336ed3e26d71e4c1dc52
ui/mockups/admin/YL-M-101/YL-M-101-S04_FILTER_ACTIVE.png,112190,6f557ff260c82f5ff43e4850069844b828a8f48350902e82500601653f75c29b
ui/mockups/admin/YL-M-101/YL-M-101-S05_BULK_SELECTED.png,113392,bbd157a9de63841438fcb910e6a24bc95b55b082e57044be2cbc189919b9e2f5
ui/mockups/admin/YL-M-101/YL-M-101-S06_PERMISSION_DENIED.png,81898,4336f9550f5397a1239d19b0e2b437880180b84d9ffea6a374ea763df2c9438b
ui/mockups/admin/YL-M-101/YL-M-101-S07_NETWORK_ERROR.png,84659,7c23ada1d742b194c27ba7c8fbc90cae21166a98ce6db00ed2a3bba5d93efd8e
ui/mockups/admin/YL-M-101/YL-M-101-S08_SERVER_ERROR.png,83779,95eff5803f56438bd56cf4807510156fe908167db1622de6ff73d6c38472d186
ui/mockups/admin/YL-M-102/YL-M-102-S01_LOADING.png,69159,5631d9cf09195d75c7dcdc7c2f8afa301ecbd72d5411b79864b4dd3afcde4ef2
ui/mockups/admin/YL-M-102/YL-M-102-S02_POPULATED.png,121118,3a3946dbbcb069825278d5b4a6d8718f418d88e8219d2f8b8ec5e6cd5ccfe9df
ui/mockups/admin/YL-M-102/YL-M-102-S03_EMPTY.png,86785,2a1b7f858d1ceae62eacf8aa91087704d013665c06b76ba906946bed8e6577ab
ui/mockups/admin/YL-M-102/YL-M-102-S04_FILTER_ACTIVE.png,125650,f66eb50966ee6da5eea9df062a312bbfd44603ba36affba9738e45cad56436c1
ui/mockups/admin/YL-M-102/YL-M-102-S05_BULK_SELECTED.png,126761,605fb430a426c5297c4a00b3be8ded920844f029ec165f096e971a51ae794f60
ui/mockups/admin/YL-M-102/YL-M-102-S06_PERMISSION_DENIED.png,82019,fb1ab865e1fc5d74f6dd7222a173f3ca89730c5284e991fe2e390dd81d5c3266
ui/mockups/admin/YL-M-102/YL-M-102-S07_NETWORK_ERROR.png,84778,aec20c8ef017791c798dc5d2d2b22fe2dd3e0f370e4f98d738197df12f3b143c
ui/mockups/admin/YL-M-102/YL-M-102-S08_SERVER_ERROR.png,83535,f84979a45c4253b4b0fc6ec93767d2cadfc653e293848e8905c7d32cba2fef4a
ui/mockups/admin/YL-M-103/YL-M-103-S01_LOADING.png,70693,883fd0085ee7423aeb8f4fcfb90b870574dab433c5a0cbbade4a89ce6c739810
ui/mockups/admin/YL-M-103/YL-M-103-S02_POPULATED.png,125343,621a7b4254f0477c53d4a072e7d28d52bca6a428880bfd8c844efcba08ac039a
ui/mockups/admin/YL-M-103/YL-M-103-S03_EMPTY.png,87796,94db54d18193f9981ca30d0a982d5149b4fe9bd1ea7936b9e44960e007697025
ui/mockups/admin/YL-M-103/YL-M-103-S04_FILTER_ACTIVE.png,129927,5e82d41eaab4164debee000e09e177c7b48a9ffb3b3cba866e4da8a1f9f2ee53
ui/mockups/admin/YL-M-103/YL-M-103-S05_BULK_SELECTED.png,131029,5f40e14d43a0e2d77cff182d2b80af210337c28859093d046d5851cb5cc65d5e
ui/mockups/admin/YL-M-103/YL-M-103-S06_PERMISSION_DENIED.png,83408,0445fdf0d33ac68557dfcc93cc746a10adb4c9658bd85e32818d1057b6821102
ui/mockups/admin/YL-M-103/YL-M-103-S07_NETWORK_ERROR.png,86336,1b0ecbc4043a1fb0849961340b2032f1f31cb2747ba7c9ee8e27a2a4e46214e3
ui/mockups/admin/YL-M-103/YL-M-103-S08_SERVER_ERROR.png,85468,3dcb22ac61b458bf7605614b951fb17053bfc7836f6ab65623c35c4270cb68e8
ui/mockups/admin/YL-M-104/YL-M-104-S01_LOADING.png,68670,46cb50992c6c0fbee4504c1e52bdc0f6339fcb0b1564752283bacbcc65533e46
ui/mockups/admin/YL-M-104/YL-M-104-S02_POPULATED.png,74981,31272ed6e45bba2421b51e8bfe0211174cb950633c05577cf34350cb87601c6a
ui/mockups/admin/YL-M-104/YL-M-104-S03_EDIT_MODE.png,78203,c04a2bbbf0a186fa49c2cc2e9360c924272c013de00ffafff148e6a25e2708c8
ui/mockups/admin/YL-M-104/YL-M-104-S04_VALIDATION_ERROR.png,87523,4ef7180bd471fddebcfc0a6b09b6b81848a2009cbc4f4e8cbaa414c52809c0d5
ui/mockups/admin/YL-M-104/YL-M-104-S05_DIRTY.png,77638,23bab35918bf790bb57052e4a8f97e1673403f7a897505d5f5bb59603b5c38c1
ui/mockups/admin/YL-M-104/YL-M-104-S06_SUBMITTING.png,78958,d9ebdc648761694a729ad45334155c500e89ba9171fdc44f8d0deed0c2978e35
ui/mockups/admin/YL-M-104/YL-M-104-S07_SAVE_SUCCESS.png,86367,7a4f9dc3f9066745bd9b59fb76ec08eec3ba1f18fd3e5c508f29c29cfe575a33
ui/mockups/admin/YL-M-104/YL-M-104-S08_VERSION_CONFLICT.png,87793,c9d424773ec76bca3a465e09a69c4c3f89c44f719b7dfe6cc5de52d90e2c1a42
ui/mockups/admin/YL-M-104/YL-M-104-S09_ROLLBACK_CONFIRM.png,87892,9e2bad50639e506f45d9279a98371ac1ea4d87ba7cb794c4dba6cf9073ee0d1f
ui/mockups/admin/YL-M-104/YL-M-104-S10_PERMISSION_DENIED.png,81968,5312c46700aeec5af235a2ebf7402de3e630a89386e2ba0fa19060a4a6db2a98
ui/mockups/admin/YL-M-104/YL-M-104-S11_SERVER_ERROR.png,83461,58833921e5b1c6b1eaf79ed9bd1f726174920b3d9f85d561513934dc7e830390
ui/mockups/admin/YL-M-105/YL-M-105-S01_LOADING.png,68597,73039aed5aa3c91e45134c16c18b81f12b7fd00663144c440606cf5662ad6f1a
ui/mockups/admin/YL-M-105/YL-M-105-S02_POPULATED.png,121280,350a28b357c25aa4128cb2f81ed1d3774a551bea8c54f52baf4b08fa776e1db3
ui/mockups/admin/YL-M-105/YL-M-105-S03_EMPTY.png,85812,c6cbd9aae7c9c8487faee49679b8d22cd17a6e116bcdb55b57b05127d5fdc4e3
ui/mockups/admin/YL-M-105/YL-M-105-S04_FILTER_ACTIVE.png,125775,8461d6155a618717b3f101d7d187c1f0a4673685158428c9723e30f8200ed431
ui/mockups/admin/YL-M-105/YL-M-105-S05_BULK_SELECTED.png,126890,54dbc72d854cb5e0617ead172192619de06833c672754210cc71c30234f84a9e
ui/mockups/admin/YL-M-105/YL-M-105-S06_PERMISSION_DENIED.png,81653,fcf5e874984caa45efdfb9bc0e91173f2d5e8ea674167c2cfb8f5711952524ae
ui/mockups/admin/YL-M-105/YL-M-105-S07_NETWORK_ERROR.png,84265,4ddb131459ddca55a417110c20b644780d34a5a5a1f6ef76da80f02330b34a53
ui/mockups/admin/YL-M-105/YL-M-105-S08_SERVER_ERROR.png,83275,a4688effbafa322ef3c6bfac19f6145cfac443292dc5e8b8e6fed264d2487ed8
ui/mockups/admin/YL-M-106/YL-M-106-S01_LOADING.png,69062,7495e9977e8657cd2f3dcf74ed46462f85d2a337b207a4c8d8a6eefdf24ee3e2
ui/mockups/admin/YL-M-106/YL-M-106-S02_POPULATED.png,97754,389b1b4b36d91532c573564339acf095c75f836bace89f6444a7de035008bdc5
ui/mockups/admin/YL-M-106/YL-M-106-S03_NOT_FOUND.png,81750,994b33c28a1d657d39c10c782fad8ddaa38ce6bbe8543bd75cb2de78a7fb9246
ui/mockups/admin/YL-M-106/YL-M-106-S04_EDIT_MODE.png,100796,3a709979e0ae51c092d9c8dcdb63e15ce40b838f31dfde649b526d0cb7e53e3f
ui/mockups/admin/YL-M-106/YL-M-106-S05_DIRTY.png,100332,551348266e0ede81356ad83bee46c19e0f67e94c874011a8b2bcf45c391d0538
ui/mockups/admin/YL-M-106/YL-M-106-S06_SUBMITTING.png,101647,e41ddf028eba860d1aefb13771fdea705cbf47ba304a1decc40fd87c4e7cea6e
ui/mockups/admin/YL-M-106/YL-M-106-S07_SAVE_SUCCESS.png,108464,f1dc5c8e1e27e932cb9381e1196a58e227344fb0411cdc35959f8a0940af2317
ui/mockups/admin/YL-M-106/YL-M-106-S08_VALIDATION_ERROR.png,109607,3a22860ce1bc97a9af3f32e7eecb5bfe7c59a1e98311a9d0aadd411e4a461409
ui/mockups/admin/YL-M-106/YL-M-106-S09_VERSION_CONFLICT.png,109937,34ca68e8b2ce6c046fed180b7c3853fb8f5daafd779172e9f6e2d2661b98fb49
ui/mockups/admin/YL-M-106/YL-M-106-S10_PERMISSION_DENIED.png,81933,7ea044981d28bc8536b81bb5bb1f86ecd0c033c9106bf18216144f4dd8f5c857
ui/mockups/admin/YL-M-106/YL-M-106-S11_SERVER_ERROR.png,83734,a0c6cca05d5a0397fb7e8527ee14089161961540ec5d8bc12d3accdcc11270af
ui/mockups/admin/YL-M-107/YL-M-107-S01_LOADING.png,69955,468a09d8cbf80dc416f2e99063e84c075ffe7de546a0a48d379e87434221afae
ui/mockups/admin/YL-M-107/YL-M-107-S02_POPULATED.png,114971,8d2e9e84e7c9f76268fc6ec714dd3e88092029657f85178791c7a472bc5841c0
ui/mockups/admin/YL-M-107/YL-M-107-S03_EMPTY.png,87530,cc2007e60ffc6153ed6a8fc2a94b0398ecd0c14af49dd151929a9a4a967769bd
ui/mockups/admin/YL-M-107/YL-M-107-S04_FILTER_ACTIVE.png,119731,7b92b624f47eb94315c89f67426851bdac73b23fd12cf122c8dfb630ef489ae9
ui/mockups/admin/YL-M-107/YL-M-107-S05_BULK_SELECTED.png,120834,b5fb99fde7b052b124989eb9e6ecaf57e8210e32f215691c04e9fc098888a696
ui/mockups/admin/YL-M-107/YL-M-107-S06_PERMISSION_DENIED.png,83226,d280ecf50fc7ea5dd5982f43857004069f0a2b223dc98041237944b54444a11c
ui/mockups/admin/YL-M-107/YL-M-107-S07_NETWORK_ERROR.png,86033,42641215a231c0a6769244105423a80da74affe8f3253f522c27af908506b9ad
ui/mockups/admin/YL-M-107/YL-M-107-S08_SERVER_ERROR.png,85153,aab6023db04a986bb3da109530cc9c4ddac18b95e1de6534d6324036528d7be6
ui/mockups/admin/YL-M-108/YL-M-108-S01_LOADING.png,69411,27dd44b469037321955946afc91a05c07e190c5950cd1237c9a531bf8e422e16
ui/mockups/admin/YL-M-108/YL-M-108-S02_POPULATED.png,81035,1c5a049060b662d8fe27d168d905388cc859812c0143d5849710d87056e249be
ui/mockups/admin/YL-M-108/YL-M-108-S03_EDIT_MODE.png,84249,0753fdc801893b39848e37ea3d35659ab2008e7edbea7d91e9d06bba74ed0ab8
ui/mockups/admin/YL-M-108/YL-M-108-S04_VALIDATION_ERROR.png,93593,945b2384d61aebd188dc2bfc0967266185b933d56863627d0adba45b8485faaa
ui/mockups/admin/YL-M-108/YL-M-108-S05_DIRTY.png,83679,65dac4819081edb1c2859fb7ff153ca2cbca2772c39429afa6ae1415ae7992b4
ui/mockups/admin/YL-M-108/YL-M-108-S06_SUBMITTING.png,84998,3503de224fc3e1332a78237e19079b9b385787a80067f48fa9bbd46041155a25
ui/mockups/admin/YL-M-108/YL-M-108-S07_SAVE_SUCCESS.png,92432,6dee1753c2fb360aa461a23529bdce717957e8d56bf283e98b14ff07938d3a15
ui/mockups/admin/YL-M-108/YL-M-108-S08_VERSION_CONFLICT.png,93853,7984a8bb3c4f98a1688697efb974575b96c48eba96fba833e6deb7ee80201985
ui/mockups/admin/YL-M-108/YL-M-108-S09_ROLLBACK_CONFIRM.png,93963,a716c34024e2910f3546f075892618fd8873ca96603eb1dfdd6d330c0f27fd22
ui/mockups/admin/YL-M-108/YL-M-108-S10_PERMISSION_DENIED.png,82260,fd0620ff86be1c1a60733fb38f0248ed9cf02fa452398ec4879c83ab1ea5e7e8
ui/mockups/admin/YL-M-108/YL-M-108-S11_SERVER_ERROR.png,84072,fdeffbe1285e419489298abc90213f57db79b9a03926a8654685a6df9b726692
ui/mockups/admin/YL-M-109/YL-M-109-S01_LOADING.png,70571,d6e4c2080c66d6756172485be9f962a8fdfab5864a1bccb5222c85ec101343c6
ui/mockups/admin/YL-M-109/YL-M-109-S02_POPULATED.png,104927,19bb6651c0ab1db581b0434999b7aaca40f7761528bdcdf240d2bc44006adb7c
ui/mockups/admin/YL-M-109/YL-M-109-S03_EMPTY.png,108606,5e9e163c8e10cd32f7b10d663f39f594ddc601547a0bab3558f2e9ab3821e234
ui/mockups/admin/YL-M-109/YL-M-109-S04_BULK_SELECTED.png,109484,84700f4dd22288aa00d257b888260b136fc85e9feef4d95028099b387019029a
ui/mockups/admin/YL-M-109/YL-M-109-S05_SUBMITTING.png,109134,ad07cd236e8cb893feae07af172c5d30fcfb43c13c8ab59a834c2c37b1a6ada6
ui/mockups/admin/YL-M-109/YL-M-109-S06_SUCCESS.png,116523,927e3271d5d409947a5f67dc4930814c9332df2a1a2192c31645c73b12b66198
ui/mockups/admin/YL-M-109/YL-M-109-S07_PERMISSION_DENIED.png,83372,34359c5b7e6291a8b022db2866528a3e81b9058bde0e592ccb7faaea20a70632
ui/mockups/admin/YL-M-109/YL-M-109-S08_SERVER_ERROR.png,85324,161732931a6606b34aed4d794a614ff3f32ac2ef503113d6ff4417d8bfede660
ui/mockups/admin/YL-M-110/YL-M-110-S01_LOADING.png,67326,bf58a76097e4f596a85a0f86df9a9ba435ad9445946b7ff894ca4781bb38a8c2
ui/mockups/admin/YL-M-110/YL-M-110-S02_POPULATED.png,126325,11e116ec3d976d2adedf34135813cbce7598ffa3ea5f3abde4d6e560d8c14c38
ui/mockups/admin/YL-M-110/YL-M-110-S03_EMPTY.png,84024,841a5f8e350a984e48f4c3b3750ca386ce54e711acf46815ed48d5c848e74b83
ui/mockups/admin/YL-M-110/YL-M-110-S04_FILTER_ACTIVE.png,130916,17d91276e17a6f5d3a63c054526a86bfdec1525ada310a09afda4a8b370000bf
ui/mockups/admin/YL-M-110/YL-M-110-S05_BULK_SELECTED.png,132038,f8ef0e146bcd82412253ff31fbe376330b21f7c3827add5f3ed42f475a1d32bf
ui/mockups/admin/YL-M-110/YL-M-110-S06_PERMISSION_DENIED.png,80751,2271a0b353b7b223d07202371ccfac1769036f5367cfc3bc22157f3a062a3c03
ui/mockups/admin/YL-M-110/YL-M-110-S07_NETWORK_ERROR.png,83025,c1a041d3d8d2b09c8f657f634d72dfd72ffc2b888aecde8c173b51fe71dd6ed4
ui/mockups/admin/YL-M-110/YL-M-110-S08_SERVER_ERROR.png,82157,78dad7270b92d5705d14e95294dbdabb6fe223267dc790810e3bfc7fa9bfab71
ui/mockups/admin/YL-M-111/YL-M-111-S01_LOADING.png,66370,e458913eafee92257ab345d8f5bc633ce9e52bf108ae168b7d27b723d0369040
ui/mockups/admin/YL-M-111/YL-M-111-S02_POPULATED.png,118941,ebc6fff5fd9a6c79e0e3831fdc8486ab2ffe3eafca01f197907e77d0ba0967b7
ui/mockups/admin/YL-M-111/YL-M-111-S03_EMPTY.png,84052,3f2ba756ebd17fb7c55513648a1535fe3cc72505c2d21a4d1e88579115068662
ui/mockups/admin/YL-M-111/YL-M-111-S04_FILTER_ACTIVE.png,123437,031da724957320174eb251da8815daf9f350ae5d2a0d2eb66bbd7ec96556ebf1
ui/mockups/admin/YL-M-111/YL-M-111-S05_BULK_SELECTED.png,124563,641cfa3ffbc65a953806db3136d7c8bd36e3d085bda45bc0e058583e685526ee
ui/mockups/admin/YL-M-111/YL-M-111-S06_PERMISSION_DENIED.png,79745,be8c045df78052d0e2e9e05482aacd0cfc8794c2c6d0f97b9950ddea4ddf13f1
ui/mockups/admin/YL-M-111/YL-M-111-S07_NETWORK_ERROR.png,82067,4e33b2238e49319b3778165ae6808f847091674cf790f956f0b92dcacf6e2fc7
ui/mockups/admin/YL-M-111/YL-M-111-S08_SERVER_ERROR.png,81173,f9d1fcba68606a00677a23c01f0dc96006f223618382d53eee8c26475a3ee65b
ui/mockups/admin/YL-M-112/YL-M-112-S01_LOADING.png,68371,5b84956d1d251c1d15da17e5925dcd02ea8cc53f58855789a9003fabe7f4b576
ui/mockups/admin/YL-M-112/YL-M-112-S02_POPULATED.png,82470,8eab47336c1d76896316941b0612d8d66dcfa3607e9ce62d3fa65f95db405c99
ui/mockups/admin/YL-M-112/YL-M-112-S03_EDIT_MODE.png,85553,02b21c798701816bea989ff2ac60b6b0ce92b46c5a6aab83bc5f8e5746705e7e
ui/mockups/admin/YL-M-112/YL-M-112-S04_VALIDATION_ERROR.png,94723,4c6c92cbdb56e131a9cec25efb4ef5fc375b4b60d075164c5810aaf1b6598c1d
ui/mockups/admin/YL-M-112/YL-M-112-S05_DIRTY.png,85029,456c38101df2fb0daa3107077fae03888f1439d0cedc838aa8df4966eb7ac2ce
ui/mockups/admin/YL-M-112/YL-M-112-S06_SUBMITTING.png,86291,965ab03a9222f151174a17f888cae971a4fc7efb63482eb3e8d8d587de6e17bd
ui/mockups/admin/YL-M-112/YL-M-112-S07_SAVE_SUCCESS.png,93561,8e77b3ea693816788adf616674b40ce96c93208645eb535f2cfeec4227aef75b
ui/mockups/admin/YL-M-112/YL-M-112-S08_VERSION_CONFLICT.png,95020,d003474fa81014a86463e4de85a665ae3a02d41d6a501effb7283f14a6587262
ui/mockups/admin/YL-M-112/YL-M-112-S09_ROLLBACK_CONFIRM.png,95096,acdd89784822e8267992e492c22d94f0ad1dfa5d9d4fd27d5f6865aa73eadd31
ui/mockups/admin/YL-M-112/YL-M-112-S10_PERMISSION_DENIED.png,81470,fb1e7baaf945663e51a44b6b05f10c36cf3c5cee365bb6c0a8f6490acb99f0f3
ui/mockups/admin/YL-M-112/YL-M-112-S11_SERVER_ERROR.png,83181,69770e496f8c7552791ef982f0cea5f588bd0e069e5c07de8494804c8a72e5b6
ui/mockups/admin/YL-M-113/YL-M-113-S01_LOADING.png,67674,669c62ab0fd96d04752bee636cfb60d56f29a93343d400e6181a97d775343f8d
ui/mockups/admin/YL-M-113/YL-M-113-S02_POPULATED.png,116814,862e133735268af78548b52e65c9b7f408d3747d644d33888e6e4c8996561376
ui/mockups/admin/YL-M-113/YL-M-113-S03_EMPTY.png,85448,c3b404e1d6d6bcce5826510378d6eb061f5a510da70f8df744f11c66be08c59d
ui/mockups/admin/YL-M-113/YL-M-113-S04_FILTER_ACTIVE.png,121494,97fea4bb8ef4f5bb84227b65d53012b6f8f9bfddd750ba19378871725157d9ac
ui/mockups/admin/YL-M-113/YL-M-113-S05_BULK_SELECTED.png,122603,60792b7ff1499d970f36fa3719ae3a385b8acd46148ba938848246674de7b3ee
ui/mockups/admin/YL-M-113/YL-M-113-S06_PERMISSION_DENIED.png,80876,d9c0a3eda364002c5da34373f852c428d07fef766b6f6920d30baf5efcf09557
ui/mockups/admin/YL-M-113/YL-M-113-S07_NETWORK_ERROR.png,83359,5dde0e21df319bfa78b742db189563b4826fb577247943eec16847b28c09b350
ui/mockups/admin/YL-M-113/YL-M-113-S08_SERVER_ERROR.png,82114,fd8a9118cbd7e7d1b8055eb649b1223269c6cf7e4aeedf0bd5864e2ae549f2c9
ui/mockups/admin/YL-M-114/YL-M-114-S01_LOADING.png,68528,d7478ce7f8a8175ff7605fcd545839fbd03e467a2988ce30b0d41b983050d535
ui/mockups/admin/YL-M-114/YL-M-114-S02_POPULATED.png,96829,9deabe77061c52e19ec1cb9d7f921102675e81439bcbf94c5c6de02f7f572a39
ui/mockups/admin/YL-M-114/YL-M-114-S03_NOT_FOUND.png,81408,5fff7e1f462c6ad099e2ea3b1a96131f03012d9fcc4d31b4ce672c8647a4273b
ui/mockups/admin/YL-M-114/YL-M-114-S04_EDIT_MODE.png,99799,db6c44ffd6fa911f574215cb5ab6b3630f1eb0850917c07b11b7e4b64d5f7bb8
ui/mockups/admin/YL-M-114/YL-M-114-S05_DIRTY.png,99401,c7cf58d3afdd5169a0d674005a9a88473ecaeb4d8ae4134727c3e3c58dfef510
ui/mockups/admin/YL-M-114/YL-M-114-S06_SUBMITTING.png,100693,d4a4a9d55c3ecc6d518c53c11c1dce37e2ce9e4870710068b103ca306da042ac
ui/mockups/admin/YL-M-114/YL-M-114-S07_SAVE_SUCCESS.png,107543,d390249ba256158129db4766b3ee32fb8e6fff4816a6747705270c2378d917f9
ui/mockups/admin/YL-M-114/YL-M-114-S08_VALIDATION_ERROR.png,108703,9fde22073891b4bbd3da7a35e53415c7daec578d2bed2c1b1e10ef3667f79163
ui/mockups/admin/YL-M-114/YL-M-114-S09_VERSION_CONFLICT.png,109010,3a26e053b1e21f7a4d11f3389187fc73336d7aa887cc5e1dd137be80d4ee095b
ui/mockups/admin/YL-M-114/YL-M-114-S10_PERMISSION_DENIED.png,81570,e7d04dca96b47eab1673fbf794983217c1d270707db792129457c8b28151d880
ui/mockups/admin/YL-M-114/YL-M-114-S11_SERVER_ERROR.png,83272,a6b666b5a880320b7a6442c42488540e1995425aba4ee96936220048b2093bd7
ui/mockups/admin/YL-M-115/YL-M-115-S01_LOADING.png,67039,1d7e91cdda4cdb049d0d644be07df0a7ba61b6198a02fc912468362e32a1f3df
ui/mockups/admin/YL-M-115/YL-M-115-S02_POPULATED.png,108946,35c960f04a868671aa94bc46a0832add506cb2817821d6ba14ba218d38a2c3e5
ui/mockups/admin/YL-M-115/YL-M-115-S03_EMPTY.png,84352,5b71fa14f7a04c25885e753b3046995f96935b9dd6f49d278a76c05ebac7bd1c
ui/mockups/admin/YL-M-115/YL-M-115-S04_FILTER_ACTIVE.png,113618,39ac202b05c799bfd97a4de70f74b899de51745e09d8c1bff02ea026477281a6
ui/mockups/admin/YL-M-115/YL-M-115-S05_BULK_SELECTED.png,114788,3af9c240ac232a8eeb3b1f952efdc9b895ab90b1ec359472dc8e8c5d6e8899c0
ui/mockups/admin/YL-M-115/YL-M-115-S06_PERMISSION_DENIED.png,80424,7f04d13ff3a3321f6fc8df070a3fc9017e58d49f5c03e5157c23a397134826cc
ui/mockups/admin/YL-M-115/YL-M-115-S07_NETWORK_ERROR.png,82780,9fe78bcef228469407f22420b77a7a38599f6f775fb0da959b4674e15d3ec420
ui/mockups/admin/YL-M-115/YL-M-115-S08_SERVER_ERROR.png,81802,e56f337ebebf32fccf1a6fb5fa8946e6c5f73b85273aeddfe988b8d23f30dac4
ui/mockups/admin/YL-M-116/YL-M-116-S01_LOADING.png,70261,66db8277a9fc3222d6cdc53769166a0078c84228dbed8b9a38926f7a820446a5
ui/mockups/admin/YL-M-116/YL-M-116-S02_POPULATED.png,76130,e8062a1b5de74b2b702fbbf8a57117a435046ab478f3017e2d5db915bccd6da3
ui/mockups/admin/YL-M-116/YL-M-116-S03_EDIT_MODE.png,79348,4ace53dfcfd09a88f789f0adb646b1768e0b42b3322d55e317544b7ae7db3353
ui/mockups/admin/YL-M-116/YL-M-116-S04_VALIDATION_ERROR.png,88655,8da06bb3c4c22eb451f95e89987e0448d329b51edda451ff89c865ed987f923e
ui/mockups/admin/YL-M-116/YL-M-116-S05_DIRTY.png,78791,84b374fbef5f785c1fee6f572c260bc6fec89ab95a3b9ae8c6227912884d7193
ui/mockups/admin/YL-M-116/YL-M-116-S06_SUBMITTING.png,80111,b0f6e5eb196a82a326582f47cb91110dd204b386a192915944ce61c88b9b8fcb
ui/mockups/admin/YL-M-116/YL-M-116-S07_SAVE_SUCCESS.png,87498,42ea042501667f19371c97790055d63151ad2269ca78c63adcc784c40ccaac8a
ui/mockups/admin/YL-M-116/YL-M-116-S08_VERSION_CONFLICT.png,88927,1044dbcde69d043483f643b53283bf559612e94397c926f95ab88f7d4ff22b96
ui/mockups/admin/YL-M-116/YL-M-116-S09_ROLLBACK_CONFIRM.png,89026,ec139742706e38dd966f098af83957cb4958a25f98ec3fa74c6e9cac1cb8d098
ui/mockups/admin/YL-M-116/YL-M-116-S10_PERMISSION_DENIED.png,83066,da177ae4d43d754cc78b85882494a0a1d1dad2d5a082f00a93e4bf802e64041e
ui/mockups/admin/YL-M-116/YL-M-116-S11_SERVER_ERROR.png,84993,98de12b04b6c8b398b50309dba6db5c0d8c041634f3dbca0dadd79c797ca5775
ui/mockups/admin/YL-M-117/YL-M-117-S01_LOADING.png,66831,f3201999c5c6e9d9385c76c8463550080d8a1386cf5adbf4247063fecff3e1f8
ui/mockups/admin/YL-M-117/YL-M-117-S02_POPULATED.png,73120,ae2ddf8813be3e62bb7904602e0faee4108fc00e4adc3e74f0187fed0e0e5d19
ui/mockups/admin/YL-M-117/YL-M-117-S03_EDIT_MODE.png,76317,d0b87a9c6468233cf8d82402be806fb3f6c8fff5934cf007a82e387fd287ead1
ui/mockups/admin/YL-M-117/YL-M-117-S04_VALIDATION_ERROR.png,85604,17cbed76af900ce394646f97a29bff7775e5af67a444c1d714224dc4c538fb40
ui/mockups/admin/YL-M-117/YL-M-117-S05_DIRTY.png,75781,d37ae0a623e5f2647cf42e332bfbf49c728cffec432c8dfc16ad7e244af94fa1
ui/mockups/admin/YL-M-117/YL-M-117-S06_SUBMITTING.png,77096,9ecadc6ef0226703c310c4363c3fd7ac352619270175ba4fbd1136c4a906fa16
ui/mockups/admin/YL-M-117/YL-M-117-S07_SAVE_SUCCESS.png,84453,200828d6a7f4c793d727f8dce97717bd5897ef8e78e3e613ca80e1f31dc512bb
ui/mockups/admin/YL-M-117/YL-M-117-S08_VERSION_CONFLICT.png,85875,c0e44515e3fc5041450fc0846b15ae027a6d1b975d06519b070c8a05140b85cc
ui/mockups/admin/YL-M-117/YL-M-117-S09_ROLLBACK_CONFIRM.png,85973,4300c071be08d5cfc9174518cb1e770b5ed90a51b7c2940a9c119332602a7885
ui/mockups/admin/YL-M-117/YL-M-117-S10_PERMISSION_DENIED.png,80087,1ec33c5b84a977f1b0efa02637fd5b5954e7cfbbb0fabdad620aadbc4e37b84a
ui/mockups/admin/YL-M-117/YL-M-117-S11_SERVER_ERROR.png,81647,5f4a38f709f60d71d458db3b295a65fe231b4bc98cf7c0dc1ffdeaab5b8d2cb6
ui/mockups/admin/YL-M-118/YL-M-118-S01_LOADING.png,69357,1c9565d744411661425ad949416d05fcef20a9e5c05e444bf0836478cc6ada49
ui/mockups/admin/YL-M-118/YL-M-118-S02_POPULATED.png,119940,97dd3c389aecaa5a0b533c6d3c6ef346ce5fe176ae697795ccf8c5f908a4b2e0
ui/mockups/admin/YL-M-118/YL-M-118-S03_EMPTY.png,86511,68f0fbc760d771ae4ee81813122199e4c3e4c0ebf41be1877e0ddd77b0c29a23
ui/mockups/admin/YL-M-118/YL-M-118-S04_FILTER_ACTIVE.png,124425,ac550cda8766fa64d1a0a594b0664957ace3d4f8340446cae066a74ce57ed122
ui/mockups/admin/YL-M-118/YL-M-118-S05_BULK_SELECTED.png,125544,3df24d35f263a7906da2e57720dabf59206e2e61e0caa5cee382f79e714c9ab5
ui/mockups/admin/YL-M-118/YL-M-118-S06_PERMISSION_DENIED.png,82178,bbb174340105b32df6e2a26f47e068b85892de94c6192e312a79fb009c191b8f
ui/mockups/admin/YL-M-118/YL-M-118-S07_NETWORK_ERROR.png,84950,8b4e255406a0154b9c45a57caf59ec36452670fbcf2a6ad2abda7de0151c5eaa
ui/mockups/admin/YL-M-118/YL-M-118-S08_SERVER_ERROR.png,83978,16793019fe1948a477c16f7e257e08ea3eab417590a85826d3d7e75bbc5368fe
ui/mockups/admin/YL-M-119/YL-M-119-S01_LOADING.png,69853,a2c151e0a9f981c0b48b4d1590daf1da716c34dcaaa47399782d7f8aacab1fe0
ui/mockups/admin/YL-M-119/YL-M-119-S02_POPULATED.png,124076,83ebdae3cf2810e5491dbe284c5c6970199d8b537a1af52ff3b4a2c5805ac0b6
ui/mockups/admin/YL-M-119/YL-M-119-S03_EMPTY.png,86962,6f47834238f3f4d59972b1da0952d901b008ccd782e7b127e16ec2efb4b681ae
ui/mockups/admin/YL-M-119/YL-M-119-S04_FILTER_ACTIVE.png,128663,04c19b1ee9903b563741a63f9f5704677227a34458111967e8b8d87b0c99d380
ui/mockups/admin/YL-M-119/YL-M-119-S05_BULK_SELECTED.png,129771,a8373361b781f56b99e4205e667b6748d169a263598e801982518a72d124c278
ui/mockups/admin/YL-M-119/YL-M-119-S06_PERMISSION_DENIED.png,82902,58dad98d641b5ade0478e6e49e8053aa26cdf891a67fa7051d42015481461197
ui/mockups/admin/YL-M-119/YL-M-119-S07_NETWORK_ERROR.png,85537,fc068f8fc413c0d588c50550ec278cbd75bd4e57ddb776bc0ad7ac4d52fbc059
ui/mockups/admin/YL-M-119/YL-M-119-S08_SERVER_ERROR.png,84663,f9f74447e5eb8f025d499fddca52a3a529e1e55a518f2760c9cd53724a38d979
ui/mockups/admin/YL-M-120/YL-M-120-S01_LOADING.png,72362,1c7e191019e998f0823a47754f33061eb7a6cca54bf0fbd846669479685be222
ui/mockups/admin/YL-M-120/YL-M-120-S02_POPULATED.png,79026,4e6e0351b75097d2b4b3dfa40db422dd506bef1c47f4f5adbbb6e1877c6bd1f5
ui/mockups/admin/YL-M-120/YL-M-120-S03_EDIT_MODE.png,82243,321e501f83fb68a361379c52e6b6c43833b14cdd792677673eadf83f4ee4eaac
ui/mockups/admin/YL-M-120/YL-M-120-S04_VALIDATION_ERROR.png,91601,8ea5fb64dcbb81739215255910bf0894b67d31636156682bee565c8e52b735c8
ui/mockups/admin/YL-M-120/YL-M-120-S05_DIRTY.png,81685,0709008168d19761af3a600d925fb7812168ebf668c3df3148ea160be7d5af5e
ui/mockups/admin/YL-M-120/YL-M-120-S06_SUBMITTING.png,83016,ac0fd9352556d872ddd64a93e866f472b1fc60d5965128c72090f750ae8e22d1
ui/mockups/admin/YL-M-120/YL-M-120-S07_SAVE_SUCCESS.png,90439,d14c4530d149fb114458f2299f0e34c3a5dbb90d3d897f9356b7d491b6f54b20
ui/mockups/admin/YL-M-120/YL-M-120-S08_VERSION_CONFLICT.png,91873,231c0ada1d6a8ace9865998cb0a4ab3535c65bad80b405dc2f0c6625a55a4143
ui/mockups/admin/YL-M-120/YL-M-120-S09_ROLLBACK_CONFIRM.png,91979,7769b2e3872850da347dfee83059544c4fbf5f00efa2c542241e1930c61f8cb8
ui/mockups/admin/YL-M-120/YL-M-120-S10_PERMISSION_DENIED.png,84919,b6fdad6c15d77b6e143b7eebd044d0fc0cb2e18e77fb21954dfb5235b2769a07
ui/mockups/admin/YL-M-120/YL-M-120-S11_SERVER_ERROR.png,87083,c49630253f51ad02b38551e6028a5475a585381a866be8bc44b6ddb0d9471730
ui/mockups/admin/YL-M-121/YL-M-121-S01_LOADING.png,71531,cffc1bfcbb497b1178d26da305fda15776b20c877822bbf049d323def582b9dd
ui/mockups/admin/YL-M-121/YL-M-121-S02_POPULATED.png,120650,ef0105a2141e7885f334f1538cb8092549e85449f1bfc7d435138ce4e39b0f2d
ui/mockups/admin/YL-M-121/YL-M-121-S03_EMPTY.png,88776,a58c49465cada516077b6e8175a0a3d2d2a8ec3f775aec410fb0e3cd9c4cdefd
ui/mockups/admin/YL-M-121/YL-M-121-S04_FILTER_ACTIVE.png,125139,2ddac625303e0155ab9b6edb75bd40d058d4ff7cda86c88e39cf1d0bae438b96
ui/mockups/admin/YL-M-121/YL-M-121-S05_BULK_SELECTED.png,126262,e1c2de88b5e30169ebe024d2d8ddc1d2a67a911688c0a9df8b8fae14eed5ad7a
ui/mockups/admin/YL-M-121/YL-M-121-S06_PERMISSION_DENIED.png,84344,78418b7100da2a688dbca14d0c1c5885336b7c2b02b15406c70ee40b22613cf4
ui/mockups/admin/YL-M-121/YL-M-121-S07_NETWORK_ERROR.png,87207,fa83328807df6193b8217ab800ca74eba63396d07414ebcd16f8592fc32cef13
ui/mockups/admin/YL-M-121/YL-M-121-S08_SERVER_ERROR.png,86321,8fb6c083baaabcd1e3cba0742f105058a6c9bc16fd3a601311511228e63eb617
ui/mockups/admin/YL-M-122/YL-M-122-S01_LOADING.png,67929,c80733b0564ac1bff4a064f38a6e8b07f457ab8a67d10ff920d2084dd1e3f176
ui/mockups/admin/YL-M-122/YL-M-122-S02_POPULATED.png,123248,f5e883cb5762a56f6433ba8221353719ac8954efc10facce26c29069e6fbf925
ui/mockups/admin/YL-M-122/YL-M-122-S03_EMPTY.png,85127,fda0fbb53d3c48e21837f7b3c24dcbb31c80b9e690c8877ca578c1f08c1fe6e9
ui/mockups/admin/YL-M-122/YL-M-122-S04_FILTER_ACTIVE.png,127737,a4c0a08fba07c8af24f52b7772fc99cea18b0e3f2af8eb046a9ae97f47917e04
ui/mockups/admin/YL-M-122/YL-M-122-S05_BULK_SELECTED.png,128842,5f797c2f2c06cb23aa1adf5c5d7957fe309e466b3adb560d46ca2b8569b5a891
ui/mockups/admin/YL-M-122/YL-M-122-S06_PERMISSION_DENIED.png,81404,ae77821ebc17c514bb02bd729fa6eeb6c37fb19d9cde61aed9531fba91b05d77
ui/mockups/admin/YL-M-122/YL-M-122-S07_NETWORK_ERROR.png,83620,3ede9a886874da926acdce2f7be2c02dc9cfdc1f8c14279673efe4fe302ec37b
ui/mockups/admin/YL-M-122/YL-M-122-S08_SERVER_ERROR.png,82743,2eda9a5072c1bcf26390005be591fecb940356ad2de8bfcfe47cef349d1504db
ui/mockups/admin/YL-M-123/YL-M-123-S01_LOADING.png,72247,14515624f7e7e29b87ad4444d09c03552ca79eb1ffbe3e68308dd30e312e00ca
ui/mockups/admin/YL-M-123/YL-M-123-S02_POPULATED.png,118316,5ba712c318a6cdbc1766a03884ca5403d6716cb00b61d544ecb02ed90bd0e776
ui/mockups/admin/YL-M-123/YL-M-123-S03_EMPTY.png,89064,dd8907e60aca92eba6133345954a988d62e4f1e757c127343162dc44a5506b22
ui/mockups/admin/YL-M-123/YL-M-123-S04_FILTER_ACTIVE.png,122806,8ae7c744c329037a2b56bdd2ef64c88cfff8b673a2ffd9ab088a65f86a41ced1
ui/mockups/admin/YL-M-123/YL-M-123-S05_BULK_SELECTED.png,123921,d93d46431f10a3e2164818a8d79fd530b6abee339ca8de631e70dfa419d722ff
ui/mockups/admin/YL-M-123/YL-M-123-S06_PERMISSION_DENIED.png,84833,6733d97764a9f65711e33f1a9416ca728f1cddf8d11a85b4108d662647ff4230
ui/mockups/admin/YL-M-123/YL-M-123-S07_NETWORK_ERROR.png,87862,963449b1ce9e53423444c62396f1571d614d5395a5f1889d6addf2ceee733874
ui/mockups/admin/YL-M-123/YL-M-123-S08_SERVER_ERROR.png,87041,2d563147a3782541cc060449c00651f4949207a1a461178a13e458e8c9337be5
ui/mockups/admin/YL-M-124/YL-M-124-S01_LOADING.png,72063,025ee50b0d10997edf8350c9176e619110d43dd72cf55cd7dd006f38a2b09f01
ui/mockups/admin/YL-M-124/YL-M-124-S02_POPULATED.png,77028,03412c009b27a811ef1c98c43f94904f9729966711a510549772b7029835c616
ui/mockups/admin/YL-M-124/YL-M-124-S03_EDIT_MODE.png,80268,bbb715b19fabbf1ad5c421be907feea410701a629575f74621150ee07404e910
ui/mockups/admin/YL-M-124/YL-M-124-S04_VALIDATION_ERROR.png,89558,3d13d1ebf590ebd09f0583923875e675097e36d284a06029a5bcb55e60bbc75e
ui/mockups/admin/YL-M-124/YL-M-124-S05_DIRTY.png,79686,644d55e073d6da38229de485af61cd5fe861c63286ddf48be4e950b7bf60deb5
ui/mockups/admin/YL-M-124/YL-M-124-S06_SUBMITTING.png,81018,0a300ce9a87047124e096f5b78a10071e918ca44c02a33d45cc44a2e3418ace3
ui/mockups/admin/YL-M-124/YL-M-124-S07_SAVE_SUCCESS.png,88398,2ffd09e46950b9c1597527fd0cdea72a4264044c2b7b7f71971d4d0f746a68ba
ui/mockups/admin/YL-M-124/YL-M-124-S08_VERSION_CONFLICT.png,89830,981b38a29b9839891529dcbc4fb04f32e616e71fa7680fed2f96d57ba07f8ecf
ui/mockups/admin/YL-M-124/YL-M-124-S09_ROLLBACK_CONFIRM.png,89931,e96e528b14ae58c517addf41e5efd48b360c530dcaa6253a39508a06f24010e6
ui/mockups/admin/YL-M-124/YL-M-124-S10_PERMISSION_DENIED.png,84788,c08abc543581c0c1246fadf6dfd278a5e7e3082b30bc9b2d93394a2a477e5bef
ui/mockups/admin/YL-M-124/YL-M-124-S11_SERVER_ERROR.png,86887,92d5023e83c3fe97658906471b46b232831be1e1356d13fdd387a254d334a344
ui/mockups/admin/YL-M-125/YL-M-125-S01_LOADING.png,71093,d3e378bcd97f65bf8075da3cd82dd1d4cb036522da320391a452f4160768f75e
ui/mockups/admin/YL-M-125/YL-M-125-S02_POPULATED.png,121744,f5d21654dd28e1f36eeee5585f8c2fb4b4542778ec355b5a8ba74c083bcafc4b
ui/mockups/admin/YL-M-125/YL-M-125-S03_EMPTY.png,88093,3719e1849c74071ce37e64a7792f4f6eef0ae3e678db8fe329c5ab9eb462d6cd
ui/mockups/admin/YL-M-125/YL-M-125-S04_FILTER_ACTIVE.png,126247,16410c7b9cd70bbaf226a4d72d8c9f7a6fe6d61d89264f8c05baf14d38d34421
ui/mockups/admin/YL-M-125/YL-M-125-S05_BULK_SELECTED.png,127365,91bc9fc0a278e32d0b418b75616358793b3857bc43c04a6413863dbbe04da150
ui/mockups/admin/YL-M-125/YL-M-125-S06_PERMISSION_DENIED.png,83993,042b5856a246d88af13cb97972e150c31555bc66653c62eb65066a083db8e6d0
ui/mockups/admin/YL-M-125/YL-M-125-S07_NETWORK_ERROR.png,86870,93ef379115f80c3f8703881fd307efe710d98842b09c2e1b55697da25d6d05cd
ui/mockups/admin/YL-M-125/YL-M-125-S08_SERVER_ERROR.png,85936,25bb740c9bb1acaffe583bbb36c198029701ce2c3bc43247c2e5bf8da23a62f1
ui/mockups/admin/YL-M-126/YL-M-126-S01_LOADING.png,69883,ad4145209b58b0b01a7b9b48cc15c0d0e4e516a53a49884c80448176d15c1562
ui/mockups/admin/YL-M-126/YL-M-126-S02_POPULATED.png,121983,d8f1bc56326f6f7a0e79e6778b96cb21ca30e6e799c5f940173d94cd0e5cc4c4
ui/mockups/admin/YL-M-126/YL-M-126-S03_EMPTY.png,86521,8af0ca480765fcb039e983d2b63ed5338a861b09f3b082002752330bf34756d1
ui/mockups/admin/YL-M-126/YL-M-126-S04_FILTER_ACTIVE.png,126455,ab3cc38c7d37b5b16f83687d536b2c179dd0047c5921e4a61e5ce3ea53c56491
ui/mockups/admin/YL-M-126/YL-M-126-S05_BULK_SELECTED.png,127586,bae0aeb1b1d81b21848121369b0fe37559904392899ce111bccc8cc77a05e74e
ui/mockups/admin/YL-M-126/YL-M-126-S06_PERMISSION_DENIED.png,82803,53984713048f345ff0f624f9e098271a3958c20958f592d120431ff7ab418635
ui/mockups/admin/YL-M-126/YL-M-126-S07_NETWORK_ERROR.png,85556,f8565a89e69244dd5fa05371e304591bfdf0bb2e82915d3a2985cfd00aa7aaad
ui/mockups/admin/YL-M-126/YL-M-126-S08_SERVER_ERROR.png,84399,e072b4ae09a037c4518365931bdb870276e47b7c057b62e622f4936bb5546fad
ui/mockups/admin/YL-M-127/YL-M-127-S01_LOADING.png,72847,dcc8ee9356b2b849eb8de75df6238c38612283aee082bbabcd44436fa78cd796
ui/mockups/admin/YL-M-127/YL-M-127-S02_POPULATED.png,77665,2c73f060df30bb2ed513828c2daccef698e55730fda3b677acc12b7e96e37328
ui/mockups/admin/YL-M-127/YL-M-127-S03_EDIT_MODE.png,80874,d08fb0d71cf4b9232fcf346b4b8ee6225314f5bf051740e275d8ed09502b5ca5
ui/mockups/admin/YL-M-127/YL-M-127-S04_VALIDATION_ERROR.png,90251,184d4b1cb6438ac361e0cd4fa8a4f27079f36f47e5cf498bc6a8ed7de485fa1d
ui/mockups/admin/YL-M-127/YL-M-127-S05_DIRTY.png,80314,09cd54d6d10b1673aeabd84543bb4bcdfc3239a10f58865f5de1d20a2a5464e0
ui/mockups/admin/YL-M-127/YL-M-127-S06_SUBMITTING.png,81645,53ba555772ed4583d65cb9e6ad68b6accd76cd6860b740016e64adcce371c537
ui/mockups/admin/YL-M-127/YL-M-127-S07_SAVE_SUCCESS.png,89099,e3ad078db60fe3a577617710613b8fe332a4ededbf7833e4bb8cc38fa78f6371
ui/mockups/admin/YL-M-127/YL-M-127-S08_VERSION_CONFLICT.png,90490,be86d38ec53ae2644633798f7f3b9bff1740037b87e5bd0d049af42e943baf08
ui/mockups/admin/YL-M-127/YL-M-127-S09_ROLLBACK_CONFIRM.png,90618,c7a0f270abe5356dfe64cb3a96b5478773f391876aa055ed2ad1114d8400841f
ui/mockups/admin/YL-M-127/YL-M-127-S10_PERMISSION_DENIED.png,85453,d5f9c2f27e7d3a95e1ae17884a5c772e5cc1972efc9aa45711b571a5dadffa16
ui/mockups/admin/YL-M-127/YL-M-127-S11_SERVER_ERROR.png,87595,f60026ccc8b6904f915bbc1b0e82374a3a2b6a104d6fbc5301b9e7e0c350f94e
ui/mockups/admin/YL-M-128/YL-M-128-S01_LOADING.png,71061,04710813c81350af01a21c28c29490e314f444c02041ea9cf906c71fa5ffdd4e
ui/mockups/admin/YL-M-128/YL-M-128-S02_POPULATED.png,101796,7829aaec4594cfad94e8d800cfd0eac297835b56e8285758d5271d510d2b6e8c
ui/mockups/admin/YL-M-128/YL-M-128-S03_EMPTY.png,106012,4d80515e9e6a7a1278b5d20849c6e569f23270c675062a4a01f11e4beb372623
ui/mockups/admin/YL-M-128/YL-M-128-S04_BULK_SELECTED.png,106336,88ff6fbf9bcdef86e42e1cc7fde295923d907264ca797debe5f30b6f30f226e4
ui/mockups/admin/YL-M-128/YL-M-128-S05_SUBMITTING.png,105987,03ec56e905f4c3beb3024ccd365c6255968448cb207ef8a348c24cf07ba3b9e9
ui/mockups/admin/YL-M-128/YL-M-128-S06_SUCCESS.png,113198,48452c94c697e2d2cbec16c394d4c3aaee88c0b14f82f006b7319f57a95450d9
ui/mockups/admin/YL-M-128/YL-M-128-S07_PERMISSION_DENIED.png,83849,5acc3b3da5817c25d7b77ec554772d4800ab1a353f721dcf70320a8eb6e05b6b
ui/mockups/admin/YL-M-128/YL-M-128-S08_SERVER_ERROR.png,85839,e6d73ae4341eda1cffa47cc03e99aef9f88aa5edcc0695d260cd08a212bed60d
ui/mockups/admin/YL-M-129/YL-M-129-S01_LOADING.png,72073,e98e3d6ba15e9da8fda9b35bb095450e9d8c0f17d33f77f979fb69a8d78679c7
ui/mockups/admin/YL-M-129/YL-M-129-S02_POPULATED.png,103749,b4d14486a4496ed393537b6b23b265fb13e0d60c54737ae78f0b318cc9f551a9
ui/mockups/admin/YL-M-129/YL-M-129-S03_EMPTY.png,108249,d226d4784964609b08b74c6bb644dfe49d2a09bfa632f3bbff9645b836484387
ui/mockups/admin/YL-M-129/YL-M-129-S04_BULK_SELECTED.png,108379,267010d3d7a5a41d68cb827f3bc9e1b7c1965a41960284f73782f8f518dadca5
ui/mockups/admin/YL-M-129/YL-M-129-S05_SUBMITTING.png,108018,16c300e889526fd54849a3d970548c83371bf63132c35ac33671f04dfee3db1e
ui/mockups/admin/YL-M-129/YL-M-129-S06_SUCCESS.png,115428,ada36c19af687a6a7f3c85be99599e3bccef5f447f3908af3dd88d0bbcbc6fb6
ui/mockups/admin/YL-M-129/YL-M-129-S07_PERMISSION_DENIED.png,84647,1e88da92839f1a09081037f2afa9de53c92b89b0808ffba1282e2e5447e33eff
ui/mockups/admin/YL-M-129/YL-M-129-S08_SERVER_ERROR.png,86806,4cd644c01f38d57fcf127e73f3ac8b1741c5f97c82874fe99e4d61fa5ea84276
ui/mockups/admin/YL-M-130/YL-M-130-S01_LOADING.png,70672,5b4f7f98f22f57d104f0e76022a77004fc87e0bd3d9f0621b16ecbe4d921a016
ui/mockups/admin/YL-M-130/YL-M-130-S02_POPULATED.png,82913,79808d9a7c560f0145dad9e59e925ce053e50cabb1cb6b75b25a9f95406647e8
ui/mockups/admin/YL-M-130/YL-M-130-S03_EDIT_MODE.png,86105,65debd91ab69fbd8bb032f6912e16b25c898d686c71bb0b9f84424bde38671ca
ui/mockups/admin/YL-M-130/YL-M-130-S04_VALIDATION_ERROR.png,95389,bc900ed08f0c727f8d228eb212dc6752c3dacde663eb9bd5b214bce27c2dc100
ui/mockups/admin/YL-M-130/YL-M-130-S05_DIRTY.png,85553,3ac915fe4e86b93b4e6e4ba5a409ef31f31d27d1f17642acc683eb6787f6d907
ui/mockups/admin/YL-M-130/YL-M-130-S06_SUBMITTING.png,86869,3f38999e8b559085b68b4bba3e76bbc51b4b166bdb6d17fd3dd408df33473f4b
ui/mockups/admin/YL-M-130/YL-M-130-S07_SAVE_SUCCESS.png,94227,3fb4301b4de12ddc861e229de0996fb0604a91a7e98d71b35625604cf9e07a3a
ui/mockups/admin/YL-M-130/YL-M-130-S08_VERSION_CONFLICT.png,95671,78fd37ae6544601a2917fb2d328d9519a35e82f5aa9396bc49b5bf823ed3de31
ui/mockups/admin/YL-M-130/YL-M-130-S09_ROLLBACK_CONFIRM.png,95760,eddf1b9641f6da99cbb85d0732c389ab478bd657d129067305c04944e63bbeb8
ui/mockups/admin/YL-M-130/YL-M-130-S10_PERMISSION_DENIED.png,83682,357875a67959ccd7d13ecaae6a507112a5afcf8db8b37a3010591ab891fcff9d
ui/mockups/admin/YL-M-130/YL-M-130-S11_SERVER_ERROR.png,85440,eb02bc0c904da743e3998092af16ca34c867fa870ddfacad764378fc9625241a
ui/mockups/admin/YL-M-131/YL-M-131-S01_LOADING.png,70336,603a6c91fc3015aa8e56d732a514df9a4a2f538ab2c6980bc723513c0e98576d
ui/mockups/admin/YL-M-131/YL-M-131-S02_POPULATED.png,128155,ca2313ec6c7d5814d4d16cf6768f9da3795918da1b8904be85e0accd5b7cce45
ui/mockups/admin/YL-M-131/YL-M-131-S03_EMPTY.png,87391,413f5630b71fb9234aa05ee389aef4e04d22edd47b3db35b393a6dcd49a12b7b
ui/mockups/admin/YL-M-131/YL-M-131-S04_FILTER_ACTIVE.png,132769,18e1db3bd0917c1efad3c9b21ffaf8596c53f9a917e45d3920c206fa8ce33080
ui/mockups/admin/YL-M-131/YL-M-131-S05_BULK_SELECTED.png,133878,b8e1bf497893ba9576e7c4ff53151ae250974e38ad53756fa091e60497674b68
ui/mockups/admin/YL-M-131/YL-M-131-S06_PERMISSION_DENIED.png,83351,32a08f0c10af0e7eb112014c0ea7c91a2f445bf68ca38c15c482c4b5ad10d031
ui/mockups/admin/YL-M-131/YL-M-131-S07_NETWORK_ERROR.png,85998,fc7dc88736ddc09b4e07e295431654f568895332217c91f096a4a7cf2169ff14
ui/mockups/admin/YL-M-131/YL-M-131-S08_SERVER_ERROR.png,85146,572ebc002566bda5e11e9518c40f2c47a32d68974ca40e7bc51b00c439b0251c
ui/mockups/admin/YL-M-132/YL-M-132-S01_LOADING.png,70449,f37283f52e1dbcc3d7138026a82ac0df5a297e6f28da4c215098fd67b1367332
ui/mockups/admin/YL-M-132/YL-M-132-S02_POPULATED.png,93811,7137eabc8c42d7fa0f1be58ec943db6a3fa69221f20a9f01446b5d9be0c05f28
ui/mockups/admin/YL-M-132/YL-M-132-S03_EMPTY.png,97666,8debbadc4a4371bcf630f0109ef3f698ff6a45e606bfd6b8e506348dcb8393a2
ui/mockups/admin/YL-M-132/YL-M-132-S04_FILTER_ACTIVE.png,96673,bbdc44b36f609170b524b8e2ec242a093defbe5db26711cf0f72e0ce22c9faa4
ui/mockups/admin/YL-M-132/YL-M-132-S05_PARTIAL_DATA.png,107736,eaf933adce07c1c87c468a55c58a206e39ba617b9aba9de41b4e43a9e01029b8
ui/mockups/admin/YL-M-132/YL-M-132-S06_PERMISSION_DENIED.png,83285,c23f41856daf5d8ac804d58ca3bb71df79d24d544a6443d35649e8bf03652a87
ui/mockups/admin/YL-M-132/YL-M-132-S07_SERVER_ERROR.png,85253,85d065367705b8b8d929da57c4539f1026b050f743574f5496f253f1b25de568
ui/mockups/admin/YL-M-133/YL-M-133-S01_LOADING.png,71006,71251cda7ebc8d45d16f353b493b4bffd5e84578783fcb0e2c9ed623d7a663e6
ui/mockups/admin/YL-M-133/YL-M-133-S02_POPULATED.png,125400,d984296d6facf020bba84e3dc742eb2a9d0f7e426bc83c404663e8f819603d3c
ui/mockups/admin/YL-M-133/YL-M-133-S03_EMPTY.png,88081,f4504af11f04684a79ca8fca1c49539462518ba80937ed98d5220de0508eb27f
ui/mockups/admin/YL-M-133/YL-M-133-S04_FILTER_ACTIVE.png,129997,fcf696c16c11ca7d4302495a508baa5f57a00331dd71386c2f31886ab61e353b
ui/mockups/admin/YL-M-133/YL-M-133-S05_BULK_SELECTED.png,131100,26a39fc3edc846349f906a280be190978394e00f447f84693653fe7add8fb1d2
ui/mockups/admin/YL-M-133/YL-M-133-S06_PERMISSION_DENIED.png,83561,e7239f9ce1795fb6d01d24b3865b03ca7c24bc11c416a6d3bc323609a926e238
ui/mockups/admin/YL-M-133/YL-M-133-S07_NETWORK_ERROR.png,86650,1f8d2f0708436608dcd9453335a4ff6b6d6d0c0a0447e695f424ea5a26f35ecc
ui/mockups/admin/YL-M-133/YL-M-133-S08_SERVER_ERROR.png,85728,c8ac36036c641ac00d69442b4810f2f357cf91083b22875046eceaa331f3c1db
ui/mockups/admin/YL-M-134/YL-M-134-S01_LOADING.png,66485,ab0b63e66a9c3773759a585984f7560c65aeab7fca58f32834b7102e7c3c00eb
ui/mockups/admin/YL-M-134/YL-M-134-S02_POPULATED.png,110596,f8a1b53968757492805ddb777bbbdc157724f3bfd3080f61038ce8908ab37855
ui/mockups/admin/YL-M-134/YL-M-134-S03_EMPTY.png,83233,4d6481b0d47cf01d14eccb0527db427277adf218c898ef16636c91371658c3c3
ui/mockups/admin/YL-M-134/YL-M-134-S04_FILTER_ACTIVE.png,115383,6c1e44169494c3af761d0d572fa1021533ee60043f3d0153e1a2987402e22cb0
ui/mockups/admin/YL-M-134/YL-M-134-S05_BULK_SELECTED.png,116546,77647e382e9b47d50397ac2581f44af12961d6e929c34d4add291c4f4068cae3
ui/mockups/admin/YL-M-134/YL-M-134-S06_PERMISSION_DENIED.png,80135,6de5e3faa2e3ccdd8dde07d53d9e6f889dfcd3266ce52b32d5e21331962d8856
ui/mockups/admin/YL-M-134/YL-M-134-S07_NETWORK_ERROR.png,82214,c76b6f5d3735c95779f413fbafd44582c124f02d182ccb0c30bb61a232313fd0
ui/mockups/admin/YL-M-134/YL-M-134-S08_SERVER_ERROR.png,81338,f03e85e4fc7529beeef8a6fb5e2534795f88ed0845cda0d28b3110cf66e10451
ui/mockups/admin/YL-M-135/YL-M-135-S01_LOADING.png,69219,0237bdc469b0133d776df7ed2b886735af9ac0130aea1185cd1422e45ce532b9
ui/mockups/admin/YL-M-135/YL-M-135-S02_POPULATED.png,123061,476b1bf8701ee9525c66bddc9758d24927b4a0d0736a026c8e7bb70334996d85
ui/mockups/admin/YL-M-135/YL-M-135-S03_EMPTY.png,85804,1daeb4f4302f385720d468f0208d5be82314caee52af8541047e5c39ec4aed41
ui/mockups/admin/YL-M-135/YL-M-135-S04_FILTER_ACTIVE.png,127552,9c91aa950812074b30ee30b4c0bdbcddab3fd80687376c27d11420c107dcf43a
ui/mockups/admin/YL-M-135/YL-M-135-S05_BULK_SELECTED.png,128658,d2d1030cf4e9c1ea05058fd4619d3d2a5a932f58b789f1b3a7296aa297a0e9fc
ui/mockups/admin/YL-M-135/YL-M-135-S06_PERMISSION_DENIED.png,82135,02ed2237d52c65078ee689aad9dce500a8666bffeeb913560533914efa281b7f
ui/mockups/admin/YL-M-135/YL-M-135-S07_NETWORK_ERROR.png,84847,d9ec4cd1cf501615749ef06fc911d94d3291e1e8c9d61b9a5d5a754ea0de187f
ui/mockups/admin/YL-M-135/YL-M-135-S08_SERVER_ERROR.png,83965,9cdf93868fbfe919e402fadfb9fe1e5902f0dd09f86b330707408edf03407c2f
ui/mockups/admin/YL-M-136/YL-M-136-S01_LOADING.png,67976,94f5a2bca9034c04b413051bde1f66171d48c0a14a822a2ab01e787992a7ce24
ui/mockups/admin/YL-M-136/YL-M-136-S02_POPULATED.png,128188,d0959428baf2faa6ab450a70383c94f8fe3cc9a8509113f1c4ca19dc23d6fc51
ui/mockups/admin/YL-M-136/YL-M-136-S03_EMPTY.png,84655,15a1e0cd583830fc51b05763232683e02b7ebeeeaca78540ddc9c713a1935f2e
ui/mockups/admin/YL-M-136/YL-M-136-S04_FILTER_ACTIVE.png,132814,93028afe42c128567e2b15a597da72e2ba687ee70dfce7621508d7facfad2e60
ui/mockups/admin/YL-M-136/YL-M-136-S05_BULK_SELECTED.png,133923,d4f06de96517aa3109236921178b3c372609c377b02a46f285051a1686b1c407
ui/mockups/admin/YL-M-136/YL-M-136-S06_PERMISSION_DENIED.png,81333,0c15cececdedf8310e89198be51364d0b26e94962d36804f31d3ff5d4eb6dfe4
ui/mockups/admin/YL-M-136/YL-M-136-S07_NETWORK_ERROR.png,83666,a189a1a3d3accfc177e4a8b288cc7930dd8c48ca6d19f9a02ee96d7619e58b4c
ui/mockups/admin/YL-M-136/YL-M-136-S08_SERVER_ERROR.png,82785,dda61f75fd63ab8a3e5d3af96f62846f0d005b8d513351f26ea0098ecb3f813e
ui/mockups/admin/YL-M-137/YL-M-137-S01_LOADING.png,66775,3e89450ada9ac577bcd1902889abb9d94c0c8b04360f42b12a7d4a37a625db94
ui/mockups/admin/YL-M-137/YL-M-137-S02_POPULATED.png,128297,ebd9b003ab55a9303a8a05e1c60690898f86c176ea671b40e992896c082f8262
ui/mockups/admin/YL-M-137/YL-M-137-S03_EMPTY.png,84070,d7a024b2ee88b1d5c985f0add662d4b658de38a96c3edc74615fb7b6f4753629
ui/mockups/admin/YL-M-137/YL-M-137-S04_FILTER_ACTIVE.png,132882,6980b2c6e9c405985799956f0c7c687b794526654dea0f13a81c9ab6f0deac75
ui/mockups/admin/YL-M-137/YL-M-137-S05_BULK_SELECTED.png,133986,9b09047265c4cee5fa9cea43240968f5b81bcc7f83a2abbf28a586b81eca907f
ui/mockups/admin/YL-M-137/YL-M-137-S06_PERMISSION_DENIED.png,80327,92b170af5324ddfc39ad7516d14cea115648931f1426778bf90b674cee1edb07
ui/mockups/admin/YL-M-137/YL-M-137-S07_NETWORK_ERROR.png,82491,69c0aed729dc272c37a2e60c09b1fbb7a54e9493de397ec8e3a01b1d0da9f30d
ui/mockups/admin/YL-M-137/YL-M-137-S08_SERVER_ERROR.png,81577,8f947b3f2c886e8b96c9a93cbebb022c449a4644c1d9d03e8f2755aead4e0a31
ui/mockups/admin/YL-M-138/YL-M-138-S01_LOADING.png,67888,11fc311706bb1592461bfe4bf58773403873db15be91fc324cfcc80cdebd08eb
ui/mockups/admin/YL-M-138/YL-M-138-S02_POPULATED.png,123070,a36cf9e1c62b11d71249910b3503e1b6232cda750343eec128144720523fc81a
ui/mockups/admin/YL-M-138/YL-M-138-S03_EMPTY.png,85113,066ab581f14c5dc7cd5239803cf3d5774ba07bfbe2793b8c228db1f237166a62
ui/mockups/admin/YL-M-138/YL-M-138-S04_FILTER_ACTIVE.png,127648,8455e6bbfffd8ba0defa1db0e91e2e1d2cfbbd5d745f73be365db198852f2422
ui/mockups/admin/YL-M-138/YL-M-138-S05_BULK_SELECTED.png,128750,fa8b769621ad1edc732c4411759408036fd7a8825a9fbe073191475c804e2f94
ui/mockups/admin/YL-M-138/YL-M-138-S06_PERMISSION_DENIED.png,81219,a16ee34efcf2701940d98774c246b0c505c604ecd28c5ea2f4192e227c67e45c
ui/mockups/admin/YL-M-138/YL-M-138-S07_NETWORK_ERROR.png,83552,b318b87a619f4a9c74daa1d9fca6c5603af3ed8ff27a58da395aa58ee3bd910d
ui/mockups/admin/YL-M-138/YL-M-138-S08_SERVER_ERROR.png,82710,4756006c354821f67ca3b613d856c1ad223dac7e9799d9a122c26b162f526f9a
ui/mockups/admin/YL-M-139/YL-M-139-S01_LOADING.png,66520,ad0b7250f73e757566e21688e313d79176492efc016cfbdc29ebe9083e79d604
ui/mockups/admin/YL-M-139/YL-M-139-S02_POPULATED.png,113525,c0923b1e7cdb52d9a99314814fa39412cf5321ee033d8137e3251c430a4427cb
ui/mockups/admin/YL-M-139/YL-M-139-S03_EMPTY.png,83768,f720cbc2c0f2ad0de07e1c7c76963496258904eb94e921d85f36ee121a355c39
ui/mockups/admin/YL-M-139/YL-M-139-S04_FILTER_ACTIVE.png,118274,f90465d73385d4237ac3fc7d1adc29111d85e93586fb45d337a219ae3eefbb5a
ui/mockups/admin/YL-M-139/YL-M-139-S05_BULK_SELECTED.png,119392,9acc4bf0f4a3e69d622621329e38204b1275f1ed4619cf57016472af02f0e808
ui/mockups/admin/YL-M-139/YL-M-139-S06_PERMISSION_DENIED.png,80084,3403634550d2ddb8b3ebc9d3af0a1146e56e90b83bc4e985c17ab4dc8c7e656f
ui/mockups/admin/YL-M-139/YL-M-139-S07_NETWORK_ERROR.png,82254,f39b80f20811c5a010cc4972a02c4363117d96ede03aa782183ba1893cdcc9e4
ui/mockups/admin/YL-M-139/YL-M-139-S08_SERVER_ERROR.png,81110,1789080fe4def9dc22351ae7ef32a0061787db712a4b8ac85875a7105f06cf4b
ui/mockups/admin/YL-M-140/YL-M-140-S01_LOADING.png,71131,e37826e87760e0637b3f527aca35ccd9e208cc6f7853dbb5c932ab04257f1619
ui/mockups/admin/YL-M-140/YL-M-140-S02_POPULATED.png,82208,c5c6e367101c2e94aa8a8c770de0ff08e1ab4cc7af64a0afba2192dee7356e6c
ui/mockups/admin/YL-M-140/YL-M-140-S03_EDIT_MODE.png,85412,08b746899b643efbdeacc2f35f710a36427bcef2f9cbfcf409c2cf6fe8a83de7
ui/mockups/admin/YL-M-140/YL-M-140-S04_VALIDATION_ERROR.png,94716,e23c037fc08dfb3e11ff7e3fdbcfafe2062ac6bd14fb50637a39856475925a92
ui/mockups/admin/YL-M-140/YL-M-140-S05_DIRTY.png,84850,8aa1bd9f1dd08b16d08e5cb8d534d166639b813d5f87377204217fcd7bdab062
ui/mockups/admin/YL-M-140/YL-M-140-S06_SUBMITTING.png,86168,bdd4cd57f3a3c583b3a6dc7d1cdd2f345b4e2d9f3745f2bbaf4c9d446543bcf2
ui/mockups/admin/YL-M-140/YL-M-140-S07_SAVE_SUCCESS.png,93556,8dcf90706ff31bebc0996d809c2a2fb14bf3bb5399e0b8c898623680f9b00c63
ui/mockups/admin/YL-M-140/YL-M-140-S08_VERSION_CONFLICT.png,94994,1dc43551857d7d287a5ae11efe6ec9d324a518258de04906f577eeb37b2d06ed
ui/mockups/admin/YL-M-140/YL-M-140-S09_ROLLBACK_CONFIRM.png,95087,32409342520be1eb6eb5139195abc0af34898cf30b2b290a22dc19efbb20289d
ui/mockups/admin/YL-M-140/YL-M-140-S10_PERMISSION_DENIED.png,84075,f1be6c10a1918786b9d6d6dd28f79e26b7c6bd8141e0feec048f4fbcaf427bc9
ui/mockups/admin/YL-M-140/YL-M-140-S11_SERVER_ERROR.png,85704,f9a25b7872a30bfe682f678282e621162ca2efe3891af8d949c4e71088badbe6
ui/mockups/admin/YL-M-141/YL-M-141-S01_LOADING.png,72740,3575dfcd0f38c61ede257edc0056481c6b5682ab074a98f904650ee0fb870a61
ui/mockups/admin/YL-M-141/YL-M-141-S02_POPULATED.png,79091,cc2819e0354e41888105ddff1dac9531875e16cf3f632cce2420d688879d1438
ui/mockups/admin/YL-M-141/YL-M-141-S03_EDIT_MODE.png,82329,3596a90ecad9c468fe0df3e34fd28b3f538173ebb023834dd3d983f728597174
ui/mockups/admin/YL-M-141/YL-M-141-S04_VALIDATION_ERROR.png,91663,6b544f62987153473268a40f535e9bfa407c9acb74d95654d2d9cade711bbac5
ui/mockups/admin/YL-M-141/YL-M-141-S05_DIRTY.png,81747,6cf04f0d774d68a12a0695bbe7b88bd8f5f5aaf3bcd3e4cda7aaa31dc114b904
ui/mockups/admin/YL-M-141/YL-M-141-S06_SUBMITTING.png,83078,7389ea5909ccd68d6d915e122921b6e581fe8e299546cd2e5280d58ac96fb1ea
ui/mockups/admin/YL-M-141/YL-M-141-S07_SAVE_SUCCESS.png,90501,fe12c6548a699583e060efd086c9af0af8c65f9f5badbd2ae0bd08a391b7e602
ui/mockups/admin/YL-M-141/YL-M-141-S08_VERSION_CONFLICT.png,91934,8dd401393cb3f206042e6cafcd15fd2e3f742bd0d336167d7e64ba863f04720e
ui/mockups/admin/YL-M-141/YL-M-141-S09_ROLLBACK_CONFIRM.png,92041,9aacc800936b32c67e210f812930634ad31967c7890b6b4823daa9e9cbb93101
ui/mockups/admin/YL-M-141/YL-M-141-S10_PERMISSION_DENIED.png,85321,c009abd7f00325f6a4e84ed1e4d18cb1bb828b5f18e42989d33a828f9d94c69e
ui/mockups/admin/YL-M-141/YL-M-141-S11_SERVER_ERROR.png,87510,484321ef3857fffa9b33b6504a2dffc5872c2df20f8b85298511b9afac729c87
ui/mockups/admin/YL-M-142/YL-M-142-S01_LOADING.png,72399,8553b2d3f9aeb8a20ed5af087c596dce1d3a83d9b8b409678e4481b52af629fe
ui/mockups/admin/YL-M-142/YL-M-142-S02_POPULATED.png,79099,6ef6155f6508290f4698c1a5ff55dbdbf1e0930afb9f1afbc5cf010d336de75b
ui/mockups/admin/YL-M-142/YL-M-142-S03_EDIT_MODE.png,82336,589d60694c2a64432982ad03972f6f7d48e314daf587f1caf20282a68b5141c7
ui/mockups/admin/YL-M-142/YL-M-142-S04_VALIDATION_ERROR.png,91673,5fb356075dfcac30fe5f832668d3cbb93c43d2a53c68e4f0d303b372d15535d9
ui/mockups/admin/YL-M-142/YL-M-142-S05_DIRTY.png,81758,2292bb312b52d49f392d1f5f6fdce001218e90f543a0b09d326ba51f92f95249
ui/mockups/admin/YL-M-142/YL-M-142-S06_SUBMITTING.png,83091,f59b259b491d0b2e4156460318ce4727bdecac85c5644c3b5ccf943d8d6a6997
ui/mockups/admin/YL-M-142/YL-M-142-S07_SAVE_SUCCESS.png,90509,ccf2044e69da008a09c34b1a402d787da8c01f153f1b33cec80594fe82d55521
ui/mockups/admin/YL-M-142/YL-M-142-S08_VERSION_CONFLICT.png,91942,98a178a5fd9d0ba14dc5aedbf0e855ccdefe1b9e2ab8d77e12177ba92935bebf
ui/mockups/admin/YL-M-142/YL-M-142-S09_ROLLBACK_CONFIRM.png,92051,b275ff2c2c5fc2fdd91fd9b9129751b251ebba422926e3fae805e16da23d5ad7
ui/mockups/admin/YL-M-142/YL-M-142-S10_PERMISSION_DENIED.png,85100,f333a295c61ed3bee5a9f0e134cb26f4fbec85c9192027759da55447f9fac1f5
ui/mockups/admin/YL-M-142/YL-M-142-S11_SERVER_ERROR.png,87134,6d45f7f8f4e89809fe85564c057dd4b48eec48d668da25f3ebdf539bad658ff5
ui/mockups/admin/YL-M-143/YL-M-143-S01_LOADING.png,72467,06164b70884708ba8e3da8ff3379b4731c43c7f021f2c3407287d21875098134
ui/mockups/admin/YL-M-143/YL-M-143-S02_POPULATED.png,79582,24af2e36e790fd38322b2649ddfc35d99599ecd4e78368a9a2fac173ed4974ef
ui/mockups/admin/YL-M-143/YL-M-143-S03_EDIT_MODE.png,82808,faddfac0ce4ef5fba3897700016ceae64a13c317736a9012fbe5082f3823e951
ui/mockups/admin/YL-M-143/YL-M-143-S04_VALIDATION_ERROR.png,92188,fd27fa41226e3749494f8038fcc8c3d7cc2032b2702622a3695ed635e68a39e2
ui/mockups/admin/YL-M-143/YL-M-143-S05_DIRTY.png,82241,1cb4a8047bbf6b93102a938c5f33ae6189aed3a51d4e5ef109e5f6705a03cdea
ui/mockups/admin/YL-M-143/YL-M-143-S06_SUBMITTING.png,83577,184d74b8b9fc3a690af64361eb838c3ef907cdefda0c3383809c9d899ae8c649
ui/mockups/admin/YL-M-143/YL-M-143-S07_SAVE_SUCCESS.png,91024,18fadd7dbdd9ecff3c89c72c18e326e6bf264902d661b9a04090525fddfb531b
ui/mockups/admin/YL-M-143/YL-M-143-S08_VERSION_CONFLICT.png,92456,177889e2f8f3b15a6c3d9e37728e7f721da2688472611c04e131518ba5b7ec2a
ui/mockups/admin/YL-M-143/YL-M-143-S09_ROLLBACK_CONFIRM.png,92566,1523acbae758f828e8ab9b9ca4353909110102125e6caa83b6c1eefb6df2bd8c
ui/mockups/admin/YL-M-143/YL-M-143-S10_PERMISSION_DENIED.png,85183,008f3023af3f1a3863722f8052bd17b203c158d98889fbe86d781856b0331233
ui/mockups/admin/YL-M-143/YL-M-143-S11_SERVER_ERROR.png,87217,b4c6676e4e7868ba7c59f0e3f54bd589c4427c1eb39c1f14fb0f127154f2ac9c
ui/mockups/admin/YL-M-144/YL-M-144-S01_LOADING.png,70489,78a37b36791e0032b9f16febd4fbb100bb9f981cc6c7669fef848ce229d25c97
ui/mockups/admin/YL-M-144/YL-M-144-S02_POPULATED.png,76923,720e9e7b1132d60d82d7bfba069f3094d2bce7631ebc9f01c5182eb57be4fad0
ui/mockups/admin/YL-M-144/YL-M-144-S03_EDIT_MODE.png,80141,bc1f2b6f50c6a3d28f39f66e3d05c339aa4556834a3c0003bbea1315017cb2d5
ui/mockups/admin/YL-M-144/YL-M-144-S04_VALIDATION_ERROR.png,89438,8d9f20f729540532f101d4f56dbb7832ea7408a3e5f3e1c428704943e52f566f
ui/mockups/admin/YL-M-144/YL-M-144-S05_DIRTY.png,79581,e4e46a6df6908cbf45a2e1918c4b4b4a5a49fb64ac0993db43b5091444470002
ui/mockups/admin/YL-M-144/YL-M-144-S06_SUBMITTING.png,80910,7fee76ee9f308428f4f6bcd730ee5231f433c341bd71f563e7525bc13ef381a0
ui/mockups/admin/YL-M-144/YL-M-144-S07_SAVE_SUCCESS.png,88279,572d1d7f4c328b214c26fb701682a35a139d221328386d4f4cc6df0673427459
ui/mockups/admin/YL-M-144/YL-M-144-S08_VERSION_CONFLICT.png,89711,561740ff616d5d314f1b5c4ceadebf14b766d38c00ca36a74ea148b0b611a711
ui/mockups/admin/YL-M-144/YL-M-144-S09_ROLLBACK_CONFIRM.png,89812,3430d7f29115aac3525672ef830c6e5ce367cdf4cd668a29d7ff587234777dee
ui/mockups/admin/YL-M-144/YL-M-144-S10_PERMISSION_DENIED.png,83517,74adc6c86a6b8a004a3301fd39e261938283b1babf65a2e9e0b51d5b8101db14
ui/mockups/admin/YL-M-144/YL-M-144-S11_SERVER_ERROR.png,85022,b9473af8556c8adcb222b93f63517b5a3dca11dd646fce941fe41ad3decf1f81
ui/mockups/admin/YL-M-145/YL-M-145-S01_LOADING.png,67644,76ba46c759f0b5c89004763f6e92808214abefb6e08a733ef53576da758d2ae4
ui/mockups/admin/YL-M-145/YL-M-145-S02_POPULATED.png,113516,3eaa765be2d25abb4a4e239e7508d94903f8f02bea0e1df0b64e73223d5c1af1
ui/mockups/admin/YL-M-145/YL-M-145-S03_EMPTY.png,84882,cd3aec68bc2daa92fe25bcba68fe2ebaa0972c2374ff928d3be1b3d6f15baa85
ui/mockups/admin/YL-M-145/YL-M-145-S04_FILTER_ACTIVE.png,118272,4f9b1245372f4ad33c02f6ca8ef7a75cd2c0d29c5cb739f5f58b83c07e0ea945
ui/mockups/admin/YL-M-145/YL-M-145-S05_BULK_SELECTED.png,119381,8ea5153e612e414226d4494b22ee5903cd31c36e32355d4ee14c057085c9319c
ui/mockups/admin/YL-M-145/YL-M-145-S06_PERMISSION_DENIED.png,81043,7e4a2acfca7f78b984e278f0e76858c1eda92bb0a500249b890fb360d29e68e0
ui/mockups/admin/YL-M-145/YL-M-145-S07_NETWORK_ERROR.png,83350,b9424964cee036ce76e39aced37486b552356971d552644cc0d92c4c7f2ee16a
ui/mockups/admin/YL-M-145/YL-M-145-S08_SERVER_ERROR.png,82456,7c28523ea4b6d9d2ad4c682c54a38268c1285fd60185e38aa0f4c7e5df5f9812
ui/mockups/admin/YL-M-146/YL-M-146-S01_LOADING.png,71464,c25c753194bccdd0e4d43fd358e9741df0fcbc618919377776c3b0f7948cb550
ui/mockups/admin/YL-M-146/YL-M-146-S02_POPULATED.png,77274,77b8a8b2f5a8c59c07299b84192bca46f42e2ec97a0c9e2de8215f18c4eaa3cd
ui/mockups/admin/YL-M-146/YL-M-146-S03_EDIT_MODE.png,80499,36eb88484215f691271a1a2da01950acb15a0a54e4c5ad82cc11d71018afa0a5
ui/mockups/admin/YL-M-146/YL-M-146-S04_VALIDATION_ERROR.png,89825,03727cc07e136a986450a68738135b90cbdfc9f000795615cbb86e5a5aee82b2
ui/mockups/admin/YL-M-146/YL-M-146-S05_DIRTY.png,79932,c7e391b42284c6f806d4b405f88c76e2ca5959697a539816b883e3d6ea17a608
ui/mockups/admin/YL-M-146/YL-M-146-S06_SUBMITTING.png,81265,7ff8795a011f667ee291ac5d0a4328781b309f0252c1151921c0c11aed8a4972
ui/mockups/admin/YL-M-146/YL-M-146-S07_SAVE_SUCCESS.png,88665,4d6b8142624b553430bfe653822880715829e9de7bd7e88fefdbe3d8ce137dca
ui/mockups/admin/YL-M-146/YL-M-146-S08_VERSION_CONFLICT.png,90097,6939553f0a948bfd3daae810312e1f994e43e79e2076416c44a82e8468d65a6c
ui/mockups/admin/YL-M-146/YL-M-146-S09_ROLLBACK_CONFIRM.png,90198,669dcfaeefdbbfc66d2e1602a1a51233f81123aa6a457403799427dcee8a2ba6
ui/mockups/admin/YL-M-146/YL-M-146-S10_PERMISSION_DENIED.png,84400,d776ab89342bb12355472b97fd0dafbb83e4637d1c92ee4513b91ac71acbc0eb
ui/mockups/admin/YL-M-146/YL-M-146-S11_SERVER_ERROR.png,85886,2be8a353e6ac440c61b18ee2a105d9248bbdfb5ec25e914cc9d6c828a1cded31
ui/mockups/admin/YL-M-147/YL-M-147-S01_LOADING.png,70198,e9d022768640e1c85c2b37abbf43ec3a6b2f0f47f938d7d192ac96150c3d9d42
ui/mockups/admin/YL-M-147/YL-M-147-S02_POPULATED.png,127079,dc55e203f08e32388be4a37b5419f96a64bc4dfa5ee8153af32d3b32e5101ae6
ui/mockups/admin/YL-M-147/YL-M-147-S03_EMPTY.png,86773,ec7f3e99be62d3851a5c97b6fa20a3c06cd39ea8308e708211a4fb2f3ac53806
ui/mockups/admin/YL-M-147/YL-M-147-S04_FILTER_ACTIVE.png,131671,e1f1c41cf8f927a3af36a25f7861af856a236a1c083eb808ddaf563f1c80518c
ui/mockups/admin/YL-M-147/YL-M-147-S05_BULK_SELECTED.png,132784,c62eab81c9cedd77370f6da841b3f1cb7851e35c4e6859ef65eef33143c99da0
ui/mockups/admin/YL-M-147/YL-M-147-S06_PERMISSION_DENIED.png,82907,e78dff38629d058fc81c6ff96397d699e03663e94fb30d8cb19ad483d6b25eb2
ui/mockups/admin/YL-M-147/YL-M-147-S07_NETWORK_ERROR.png,85842,5961710a404d2f5cdf0b4adbcc64bd7b8ec0977567b108eb0f5c5fc407a1d047
ui/mockups/admin/YL-M-147/YL-M-147-S08_SERVER_ERROR.png,84923,4c26a36264b3bd7a1fb1aa6ce34868d73debd3d01b222fdaa9a8122d73747e6d
ui/mockups/admin/YL-M-148/YL-M-148-S01_LOADING.png,71934,229bda09ae4db938696144f31ca33207f7ca544e8c4b4f4a1110a2b36c1abbe0
ui/mockups/admin/YL-M-148/YL-M-148-S02_POPULATED.png,128970,6d928e5c2ad7bd7745cb96fc5fcb3233b69d04403db6bcd24acab730bc89d474
ui/mockups/admin/YL-M-148/YL-M-148-S03_EMPTY.png,88423,73e3f58cb9f5b1c7ce758b728dee17749bcbafb3d1c48304152e5fe44d6e911f
ui/mockups/admin/YL-M-148/YL-M-148-S04_FILTER_ACTIVE.png,133593,0a35812028febf22e105c3e2ddd77a870e6bc3585154318573862aeeb5c9d5d1
ui/mockups/admin/YL-M-148/YL-M-148-S05_BULK_SELECTED.png,134704,8ff48b0ae669e06fce22c747b132bf8575d98e74fc6a566f4d71b7e27186aaf5
ui/mockups/admin/YL-M-148/YL-M-148-S06_PERMISSION_DENIED.png,84337,e9133ec441b6a9702a807c49326d022ea419005c67ab380aa78d5fd280213dab
ui/mockups/admin/YL-M-148/YL-M-148-S07_NETWORK_ERROR.png,87491,bf016996e1fae40b77eca0935d16098cc12fd1232139baa2026647c6d7f13813
ui/mockups/admin/YL-M-148/YL-M-148-S08_SERVER_ERROR.png,86703,3dafe0dda8e8a9d62412c712e84fe109feaed31b33ec4ff3dd4e447cf5c230f4
ui/mockups/admin/YL-M-149/YL-M-149-S01_LOADING.png,68122,be3c616ab533a0e866272dcbdd0f63bb14de04ff8f7bf91f7a2dcf1f8803b1e1
ui/mockups/admin/YL-M-149/YL-M-149-S02_POPULATED.png,126709,e1b57af2327cf649305e8c4cd0927536294cb5cd2308fb44b51d907c49f27532
ui/mockups/admin/YL-M-149/YL-M-149-S03_EMPTY.png,84800,b6bfa5ac1b1a2afc9b19b413f28a6b687a259267859e6be037e495c918b95ee9
ui/mockups/admin/YL-M-149/YL-M-149-S04_FILTER_ACTIVE.png,131326,ea4fb3265a907ec8b77a941988dc42d558b65b30ab1e86b07bb1d291658bd29f
ui/mockups/admin/YL-M-149/YL-M-149-S05_BULK_SELECTED.png,132429,8990dcbad5d7fce463c78d1790f011c309f56dc5d10520e755f22d4a540fe01e
ui/mockups/admin/YL-M-149/YL-M-149-S06_PERMISSION_DENIED.png,81439,1abd7e915cf90a619c73e3180e7eb23eb6e95ab7fff47eb3fe161097f145daa2
ui/mockups/admin/YL-M-149/YL-M-149-S07_NETWORK_ERROR.png,83794,5f3a64d10927d671bdc85ae8cba33657e86a83624fa400a1f95b673cfbda5e13
ui/mockups/admin/YL-M-149/YL-M-149-S08_SERVER_ERROR.png,82911,e1e41864bf1ea6f3a6f7fec34e7b02fd9031164fe45a55e222e039f6763c81c0
ui/mockups/admin/YL-M-150/YL-M-150-S01_LOADING.png,71630,644b949cdc4f911e6f47eaf661fad8d1233047146fbba6e77c50a2a205f57888
ui/mockups/admin/YL-M-150/YL-M-150-S02_POPULATED.png,78152,9b23ed310e09bf32494aa9705a6341f3584cd58262f59645db31acdbe44a4b55
ui/mockups/admin/YL-M-150/YL-M-150-S03_EMPTY.png,82416,0941b98ea8d51cfb42781e2455b38deac5dbedad5041aa90ecc4b0a2367c5026
ui/mockups/admin/YL-M-150/YL-M-150-S04_FILTER_ACTIVE.png,81166,14d900830cf12fbdf7844296f9df473f1194757c3525af26d34024d4c16ab179
ui/mockups/admin/YL-M-150/YL-M-150-S05_BULK_SELECTED.png,82486,6572ce1b57f9886994120a96b9199ff10c52b1c463700cbeaf4951eebceb2766
ui/mockups/admin/YL-M-150/YL-M-150-S06_PERMISSION_DENIED.png,84110,6a98efaa026ec8b8d38256f70640d4f8e57e5ef5f8c5d4197857d9ae18b95cf3
ui/mockups/admin/YL-M-150/YL-M-150-S07_NETWORK_ERROR.png,87246,ea16652edbe91f151d7b93f91081478f6f669284266063c1e72360792e86802e
ui/mockups/admin/YL-M-150/YL-M-150-S08_SERVER_ERROR.png,86329,01c7fd9bd25fa75a5df9d3f825b9c4aad2bbcdf0dd1e1e62804123d3b351ea8f
ui/mockups/admin/YL-M-151/YL-M-151-S01_LOADING.png,71333,ab4ae34d7cb2f8bc42dc247dd7b047f81ec85fd456d121d184c15b881be8a8a7
ui/mockups/admin/YL-M-151/YL-M-151-S02_POPULATED.png,77804,74fd5b6207b4bdaed0b68e6863f4a4f1d390bc604b02e6fc9453ddf48732bfcb
ui/mockups/admin/YL-M-151/YL-M-151-S03_EDIT_MODE.png,81015,c4b826349a309d513c854ef9665c1b8cf01bd9839a2386d279b19d263da4f6a1
ui/mockups/admin/YL-M-151/YL-M-151-S04_VALIDATION_ERROR.png,90394,32e5b1eeff946d97fd68d11001f50476b2bc81e311f1fa0b4e95a18e7c1450c2
ui/mockups/admin/YL-M-151/YL-M-151-S05_DIRTY.png,80461,b3986e60a79c37ffd266cad208efe5f43693052f99e6ab05316a79678133c01e
ui/mockups/admin/YL-M-151/YL-M-151-S06_SUBMITTING.png,81797,46f3a84183dd10290620850b8d21523713aea8c4505d4a6e04e6c05252ba7a7e
ui/mockups/admin/YL-M-151/YL-M-151-S07_SAVE_SUCCESS.png,89233,e58cc4cdec2906e6042866c6a8b86e7ae65fffb8d5ace21d5938e22d690cf8ce
ui/mockups/admin/YL-M-151/YL-M-151-S08_VERSION_CONFLICT.png,90663,0373fa53287bf015b1b5f2653a3f25483e3abfb7df9538268ff4a09d2187e1b9
ui/mockups/admin/YL-M-151/YL-M-151-S09_ROLLBACK_CONFIRM.png,90767,28602ea3dcc2f4168c7bc76e133c8f07adfb37d54a44d46640dad5611cf48c6c
ui/mockups/admin/YL-M-151/YL-M-151-S10_PERMISSION_DENIED.png,84093,99a85a99b9c020710ccae9b1b5ef21dd90c61a57e011e0934e2111c5a40a99e0
ui/mockups/admin/YL-M-151/YL-M-151-S11_SERVER_ERROR.png,86090,d9af9063767885c6c1a50afc06e0830a6bc4523901c41500352f77de150a0fa4
ui/mockups/admin/YL-M-152/YL-M-152-S01_LOADING.png,69206,2404d79f65d973122ed955603d798a4b7cdcc49677093f7159acbcd67443d7da
ui/mockups/admin/YL-M-152/YL-M-152-S02_POPULATED.png,117867,3550091f19e6e66787dcbd53c1c49d43d0babc37474bfd62bc291accfcc2518e
ui/mockups/admin/YL-M-152/YL-M-152-S03_EMPTY.png,86286,cbfce37795f56a075974bd69204ad72e3bd3b36c7ad34c48b8f263adfad6260e
ui/mockups/admin/YL-M-152/YL-M-152-S04_FILTER_ACTIVE.png,122491,f4a65d3b2165cdd75e6a2f4a92ab899a60e84f1f498ba137f7ab1efdaee2d01d
ui/mockups/admin/YL-M-152/YL-M-152-S05_BULK_SELECTED.png,123595,c08ec440f76d7dcbd5e6d8e3794be1535625ebcc0fd6c409a58d8808f693ae21
ui/mockups/admin/YL-M-152/YL-M-152-S06_PERMISSION_DENIED.png,82522,271bf6305d0d8ffbd055fc662cac4f177af995840f3acc2a4a7fd470e4fc760c
ui/mockups/admin/YL-M-152/YL-M-152-S07_NETWORK_ERROR.png,84901,1014aa6bd90201f5e281032caeb2049417f9d526ebdb144088e5fec9cd9d1195
ui/mockups/admin/YL-M-152/YL-M-152-S08_SERVER_ERROR.png,84024,9043745b99acf87f12e8399e00f47b9bfc124efb49a9bcc503ec65bdd4a9f243
ui/mockups/admin/YL-M-153/YL-M-153-S01_LOADING.png,70728,61e68cced9da08848779ba2e913d984fb41be153b20899f4ae483353d7231c51
ui/mockups/admin/YL-M-153/YL-M-153-S02_POPULATED.png,123968,0c3705befef52f1dcfb35e9707e321e4fa94ccdc97a8246fbec42e40a5594654
ui/mockups/admin/YL-M-153/YL-M-153-S03_EMPTY.png,87350,7f3335dfe50472a9753a13c683888c74cfe2d2c8dfc015e237f2c372036ad970
ui/mockups/admin/YL-M-153/YL-M-153-S04_FILTER_ACTIVE.png,128552,a29ee10dabce846aa11ee07c1175be707c8eb44cb4466688edd525e370ca8fad
ui/mockups/admin/YL-M-153/YL-M-153-S05_BULK_SELECTED.png,129659,75b68c9a7b012838a6c868a4361559a999e4e7bc509a1a2900dc90b414b9a154
ui/mockups/admin/YL-M-153/YL-M-153-S06_PERMISSION_DENIED.png,83479,06473e151f93d10996b56f7cc3e60b051fbcbab0e2c08d3ea86fde6829679ba4
ui/mockups/admin/YL-M-153/YL-M-153-S07_NETWORK_ERROR.png,86459,2274e6d85d4e8840c4d6f21fe23db702f14e69fe06a87db6a283d9bf4f899b3d
ui/mockups/admin/YL-M-153/YL-M-153-S08_SERVER_ERROR.png,85388,8518eb6cc2124d2a682b16f0229d062a897b074e51cd255fe1373a4991af23e0
ui/mockups/admin/YL-M-154/YL-M-154-S01_LOADING.png,69165,ea3c19f03005465d5f9b3efa699b0ae7869622e24b08e4610f5ddf8ec6f2b6d1
ui/mockups/admin/YL-M-154/YL-M-154-S02_POPULATED.png,75640,5836fd72ede5bc2f668604ed7d85f1e1080aa4157305186722bdffad2f4b5c3a
ui/mockups/admin/YL-M-154/YL-M-154-S03_EDIT_MODE.png,78868,1381ea27eee047e773cb31fd5a4d1870c523db14b37a20d1eaa9ddfb348bd383
ui/mockups/admin/YL-M-154/YL-M-154-S04_VALIDATION_ERROR.png,88174,1101db916195c39a3eedb343419664990a2e153f3757e66c1c9f2ec8f5870f92
ui/mockups/admin/YL-M-154/YL-M-154-S05_DIRTY.png,78300,715ad6a1df582db6ab359bc334113ce9e4cc00faa7ecd8165979692f7d5a58af
ui/mockups/admin/YL-M-154/YL-M-154-S06_SUBMITTING.png,79618,e677f725c94c7afab31ac729c30540fb1f1e22d631b6ec3d68441db2cd515703
ui/mockups/admin/YL-M-154/YL-M-154-S07_SAVE_SUCCESS.png,87015,4d5dc241f268e1b671d43484d437f5767de9f1613f2852d5e0108b843714ddb2
ui/mockups/admin/YL-M-154/YL-M-154-S08_VERSION_CONFLICT.png,88445,19f21b204e7431dd3aafe2abfe58db82d3149b02ba62da5d04fd89011353bdaa
ui/mockups/admin/YL-M-154/YL-M-154-S09_ROLLBACK_CONFIRM.png,88545,bb963581f2f195ee06a7bd8de6c95763951421ab1d6b3cd33b98123b6c8392ed
ui/mockups/admin/YL-M-154/YL-M-154-S10_PERMISSION_DENIED.png,82661,3ef2d010c10dd54a83633343afb8f7d34c4a9843085b5b5aa06439c06bee321c
ui/mockups/admin/YL-M-154/YL-M-154-S11_SERVER_ERROR.png,83967,77b106941b4e8f1f91fa72fb615225dbc01819515726daf5cbe4ebbafa565735
ui/mockups/admin/YL-M-155/YL-M-155-S01_LOADING.png,69498,c16c05bbe44f8abb7eb88c83d3aca79c8cb1f3ecf9998689ebabe4a35cb0e7c7
ui/mockups/admin/YL-M-155/YL-M-155-S02_POPULATED.png,119712,78c83236ea23978f42f680020d8aa8896aac0722a48d4947a492f5abcaa66720
ui/mockups/admin/YL-M-155/YL-M-155-S03_EMPTY.png,87924,02d33a67e20edea602b355a54a8229b0e73a39d5eed08c6b80258eae4f0ce85f
ui/mockups/admin/YL-M-155/YL-M-155-S04_FILTER_ACTIVE.png,124212,e7eaad7eb24c95505161514848c945a1f125151161f757854106f2bb68522c98
ui/mockups/admin/YL-M-155/YL-M-155-S05_BULK_SELECTED.png,125330,d3e853a3889d641654f6167b25d12e8bb39a8a03d3dac9f88d9b3171fda51474
ui/mockups/admin/YL-M-155/YL-M-155-S06_PERMISSION_DENIED.png,82775,d144559df921f95f5e4b56d24a96c6853ac7a15a924603d801a80c0eb9a536d8
ui/mockups/admin/YL-M-155/YL-M-155-S07_NETWORK_ERROR.png,85185,f11ce0893c1b90594fe7f8260da024992d2727f41501047924e3188f997393c9
ui/mockups/admin/YL-M-155/YL-M-155-S08_SERVER_ERROR.png,84282,874f01ea823e962d3bc0f4144d34b58b747974f86df0304eea87b984fa08f19b
ui/mockups/admin/YL-M-156/YL-M-156-S01_LOADING.png,68967,020016a49969b976a35ed7baabf14136636ff1a966fe9da0544a16428d303e1e
ui/mockups/admin/YL-M-156/YL-M-156-S02_POPULATED.png,120549,6c00f508c873828b3ba57214687dc05431d95da814c9c2b34cd1d4633a00cd0d
ui/mockups/admin/YL-M-156/YL-M-156-S03_EMPTY.png,86029,a276a794a20b4d3d66c50b9acc8f7293264ccff6a0fdda5225016a6a50bef3f5
ui/mockups/admin/YL-M-156/YL-M-156-S04_FILTER_ACTIVE.png,125042,6e2197925d4627698a9631e485d5f6d75c8ee6da628bce14978c82fbc3c1995e
ui/mockups/admin/YL-M-156/YL-M-156-S05_BULK_SELECTED.png,126149,1fd5c56cffc8130122b32bbfc08a06233360dc1365844ee8b056037662f064ed
ui/mockups/admin/YL-M-156/YL-M-156-S06_PERMISSION_DENIED.png,82318,8cf95ee9583d9c8ee318a3a37710a3fa8899803fa648623c312d9061000a087c
ui/mockups/admin/YL-M-156/YL-M-156-S07_NETWORK_ERROR.png,84674,ed77052c57e003b8a8abd0bbc17ac5776f20ad4ab7830d166c2672030b8e9a64
ui/mockups/admin/YL-M-156/YL-M-156-S08_SERVER_ERROR.png,83718,999534bfa0edd35a0f655ab5b3b686619b39e2457b10de1c476fc35a54fa300b
ui/mockups/admin/YL-M-157/YL-M-157-S01_LOADING.png,73042,c5f09d34bc63b7e54d07d00af4d757cd7c1076f39ff7fd6c4424c0cd41a88aac
ui/mockups/admin/YL-M-157/YL-M-157-S02_POPULATED.png,82571,f09119317f203f6ab496345bd9ab088910541e24045762eea7a52db529249d1c
ui/mockups/admin/YL-M-157/YL-M-157-S03_EDIT_MODE.png,85758,9ce0a8a12d2c0afa2cc22a317069e198c7dc410475c7fb655ffe80f930240ea3
ui/mockups/admin/YL-M-157/YL-M-157-S04_VALIDATION_ERROR.png,95059,d7f9e977d062f98d48fb7817f46a35a52ff2dc935e9c850c175bd99a1dc7ae4a
ui/mockups/admin/YL-M-157/YL-M-157-S05_DIRTY.png,85214,4168078b2de8065be5c882901610137dd335762ea4e32db5fd71bf6495011b7d
ui/mockups/admin/YL-M-157/YL-M-157-S06_SUBMITTING.png,86523,968e2ca47ef1be9c8fbe2b1274607eea1c9961fe9014ab3f76dbe5108d777d0b
ui/mockups/admin/YL-M-157/YL-M-157-S07_SAVE_SUCCESS.png,93905,837154506d47177c6bac27db45211157fffbe49a0c43d0b5d39c7a5358f43dd0
ui/mockups/admin/YL-M-157/YL-M-157-S08_VERSION_CONFLICT.png,95326,984ee62811db82fb996cc2d65ba0979743ff2c57a08c5e760a97e769dbc825cb
ui/mockups/admin/YL-M-157/YL-M-157-S09_ROLLBACK_CONFIRM.png,95431,5a9964344da1e97889edc9a51f46b08b66b3ffbf3987e44d120ebff9417408e9
ui/mockups/admin/YL-M-157/YL-M-157-S10_PERMISSION_DENIED.png,85562,f248265d9703c4c2d605c8f36f3fb63dddfa654e035307c901c692ed7609c3ae
ui/mockups/admin/YL-M-157/YL-M-157-S11_SERVER_ERROR.png,87796,82648e311ce83cce702844450f308b522d69d0f6435e6f20400f94c168e3b3e5
ui/mockups/admin/YL-M-158/YL-M-158-S01_LOADING.png,70769,946c655d81a726c20ae749d3ee96a07d8d3b286a874b62ee8acfb6907f9a3e80
ui/mockups/admin/YL-M-158/YL-M-158-S02_POPULATED.png,112929,ce7215303d7f60510f9f2a5e85821872ab215ba2f703aa8a53f4624c925aa118
ui/mockups/admin/YL-M-158/YL-M-158-S03_EMPTY.png,87803,c8853dbfb05fc1cd7bb7eb7e1ce9f707e8e4925b8d6c58e8ad7859a0096ab03f
ui/mockups/admin/YL-M-158/YL-M-158-S04_FILTER_ACTIVE.png,117689,6eb5f3c95b8a11fcd819c684af27092fc744dfcf26136686bb4e3ba2d64ea2ef
ui/mockups/admin/YL-M-158/YL-M-158-S05_BULK_SELECTED.png,118802,1a626bd80b0fff160ee7b8f8932e4e809ae036c56d5084de7fd5b3e0f7d5428a
ui/mockups/admin/YL-M-158/YL-M-158-S06_PERMISSION_DENIED.png,83647,4c6157eddd3e0a3797dbf18dbed8e375ad667a256165190204846eb3c52be890
ui/mockups/admin/YL-M-158/YL-M-158-S07_NETWORK_ERROR.png,86510,95f6f8f6c1366a45f8eed4f648ad130ec61d3330ebbe2d796aa29d3f4ecd9df3
ui/mockups/admin/YL-M-158/YL-M-158-S08_SERVER_ERROR.png,85617,3eaf44261c26958a4a88f98b3fff07bbad51f4d795bd0e2ecfb9e691b310db53
ui/mockups/admin/YL-M-159/YL-M-159-S01_LOADING.png,72661,30c239a8b2bbf5f38aff209eaa914633086a39592383faafe44f1a40f3a737e1
ui/mockups/admin/YL-M-159/YL-M-159-S02_POPULATED.png,78368,8444ac42ab73baace39ecce8f003a123765fc9a9e097976b5c437e059ca795d7
ui/mockups/admin/YL-M-159/YL-M-159-S03_EDIT_MODE.png,81551,c530e184a53ac6460fd774a1d51fe95fdf9df5a78549d946d0efe668f90fef4e
ui/mockups/admin/YL-M-159/YL-M-159-S04_VALIDATION_ERROR.png,90927,4265a0bc636e1afef974002e349710ffdf8ce5e8b63f80eb5b9dceccac5366f9
ui/mockups/admin/YL-M-159/YL-M-159-S05_DIRTY.png,81013,bc3ee215b77d5f9abc132cdfeeed3363fa5f8b7710cc3999b293eb6fe484bafc
ui/mockups/admin/YL-M-159/YL-M-159-S06_SUBMITTING.png,82333,3b1172715bc8644e28ac5e62161d39c2c767374266c228c762b86d236faa3aa2
ui/mockups/admin/YL-M-159/YL-M-159-S07_SAVE_SUCCESS.png,89777,8f4eff5f0ce10076fa9817e37e6e83c86838fd4509fd6fc600bf74687fc333a3
ui/mockups/admin/YL-M-159/YL-M-159-S08_VERSION_CONFLICT.png,91186,64c22735effbfda7cb3fa2f8955e82efd7389be20556165f2dc1e7e0885441a7
ui/mockups/admin/YL-M-159/YL-M-159-S09_ROLLBACK_CONFIRM.png,91299,72cb61764a4897579ca04fba98dd0f12635448843d3b4f6be14c3837929a44fa
ui/mockups/admin/YL-M-159/YL-M-159-S10_PERMISSION_DENIED.png,85217,8446a91199a1104b71b15957794355c63dbd0b7b76f64a683cfd0118ba5ce193
ui/mockups/admin/YL-M-159/YL-M-159-S11_SERVER_ERROR.png,87410,ea6225dffad86bd3d9ebf0b2bb59cf10c8091f99a6d27865d693f236ead77bff
ui/mockups/admin/YL-M-160/YL-M-160-S01_LOADING.png,70360,d6907cf18bf5e0c707a6b1c3cd3ea69718129154a4753a9fed4b8efa10fe8658
ui/mockups/admin/YL-M-160/YL-M-160-S02_POPULATED.png,91996,e66d228fdb97ade2182054c27ed36f458702afd7a7af7557aa722272c1447781
ui/mockups/admin/YL-M-160/YL-M-160-S03_EDIT_MODE.png,95018,e226b393c6d262e8908199afd57b82435be093bed4c3f9c8788f34665b3171c8
ui/mockups/admin/YL-M-160/YL-M-160-S04_VALIDATION_ERROR.png,104240,1d7e65b71bbd736890470e0f96552047ce90e3009c180885c2d540b762d05f2a
ui/mockups/admin/YL-M-160/YL-M-160-S05_DIRTY.png,94524,c5331e665bd44edf5b7eda3b3f154a21095857767c7d245ba324ee52a9fdc70c
ui/mockups/admin/YL-M-160/YL-M-160-S06_SUBMITTING.png,95770,5a85fa4a43589479b48fed5b9ffc8105a3e0935dceb5cd727ef8728617fd4a42
ui/mockups/admin/YL-M-160/YL-M-160-S07_SAVE_SUCCESS.png,103080,0afa480bed58174b8cd08dbffbac1b08c03220b797427621be9ce0966a9556b3
ui/mockups/admin/YL-M-160/YL-M-160-S08_VERSION_CONFLICT.png,104533,bbdbe2c302a35352254682b25fef083e8cec41fcbf342fe17e162a6fd4798441
ui/mockups/admin/YL-M-160/YL-M-160-S09_ROLLBACK_CONFIRM.png,104633,1e588b30422800f709fd0a9f7bc482a58e1bb3a352e03d60380c335d58dcabf2
ui/mockups/admin/YL-M-160/YL-M-160-S10_PERMISSION_DENIED.png,83441,240ea3160fae4132f92da5097db7cd495bc5a48732094769c72a49ce867d97c4
ui/mockups/admin/YL-M-160/YL-M-160-S11_SERVER_ERROR.png,85191,5905a51622f9171f6a3a3340ceb1820a4dbb49048dac415c56bd4d3b7c6fcb28
ui/mockups/admin/YL-M-161/YL-M-161-S01_LOADING.png,69032,b699fccf7f3f33e855e3785bad5c7f2d68041de24e7cb1d690c258fa3fc2c311
ui/mockups/admin/YL-M-161/YL-M-161-S02_POPULATED.png,104383,e0ec1be73606c63cafba78ddda85e9ab5717398940264e87c209281f06ddf689
ui/mockups/admin/YL-M-161/YL-M-161-S03_EMPTY.png,107923,1444740a5a05ff41de28a6ef9600cff084a0a04e738fc1753324a4b4670adce9
ui/mockups/admin/YL-M-161/YL-M-161-S04_FILTER_ACTIVE.png,107444,35e424fef4977e28bfe0f43f2fbb3a7e1e775ba94b7c6d17524225a5cb26775a
ui/mockups/admin/YL-M-161/YL-M-161-S05_PARTIAL_DATA.png,118219,385fa3619001cf2b76ce53e159c5f887180d3cd80c435efa59329b26edf08a91
ui/mockups/admin/YL-M-161/YL-M-161-S06_PERMISSION_DENIED.png,82374,c820aebb4845e7a82b3e81c1d2082a844a8c8fa335e984e75788402c546534a0
ui/mockups/admin/YL-M-161/YL-M-161-S07_SERVER_ERROR.png,83861,6211266b248cf25492053793e6093554e2d73fd3a8a7b131c0842939db111e55
ui/mockups/admin/YL-M-162/YL-M-162-S01_LOADING.png,71302,817c0e54c5dc7252c4656bcaef51a3b5b2dbb1c2e662240c68bab28b608d02bb
ui/mockups/admin/YL-M-162/YL-M-162-S02_POPULATED.png,116664,8bceeb49cbf393cc8e7f0787593374e3d698c635f21f0c82990c4a4db1f66000
ui/mockups/admin/YL-M-162/YL-M-162-S03_EMPTY.png,88553,203c9f16ef8aa7a7b8254f152f82fdd51fe9724d2074c1d4aac4d772afd75d5d
ui/mockups/admin/YL-M-162/YL-M-162-S04_FILTER_ACTIVE.png,121324,145980966295d96fb90898d04304de245d3f1f5bf21d74d7ed002fabfa975235
ui/mockups/admin/YL-M-162/YL-M-162-S05_BULK_SELECTED.png,122434,d4b3ea146942cc16d18a5990e1786f6b028cad380c1c1c74b92ab8f1d9d748f6
ui/mockups/admin/YL-M-162/YL-M-162-S06_PERMISSION_DENIED.png,84146,1df741ee10d5cb5fae6027b1e0d84948356052aa20536eccdbe1dd2d801e68ea
ui/mockups/admin/YL-M-162/YL-M-162-S07_NETWORK_ERROR.png,87005,afe22da38736f2aceceb84dc2fb0f47c35c0028bd158eae811408d08e4819b18
ui/mockups/admin/YL-M-162/YL-M-162-S08_SERVER_ERROR.png,86140,8cb4b02192cb900a0ffc3f06c21a993db68eac6c380a8e09ede8e8dcf723cfae
ui/mockups/admin/YL-M-163/YL-M-163-S01_LOADING.png,70303,8fa76327249e4e6999785592254b8d748809996260176b34ade311ee3ee42f02
ui/mockups/admin/YL-M-163/YL-M-163-S02_POPULATED.png,124089,63c975d76aefb2ddedfc147c0120ddd19ffbda3d51c5d6c84e348085e704b215
ui/mockups/admin/YL-M-163/YL-M-163-S03_EMPTY.png,87388,82c73f2a23221e7f8f6eec12626e70c8da2b28da8029fe614ff6fa784c3d331f
ui/mockups/admin/YL-M-163/YL-M-163-S04_FILTER_ACTIVE.png,128649,5e6ed25845bb1fb15d7165b2c369f8a4947ca72e3ea5fc2dbc2f05d56cf24dd7
ui/mockups/admin/YL-M-163/YL-M-163-S05_BULK_SELECTED.png,129753,5c6972a4e58431b85b80c17775b196e365903f05d42d12777edc230d2d5ebed4
ui/mockups/admin/YL-M-163/YL-M-163-S06_PERMISSION_DENIED.png,83362,93ebb39d57e8f2a868a5455fb4563be3e1ab39d3026ede0f43f014e8b1373d5f
ui/mockups/admin/YL-M-163/YL-M-163-S07_NETWORK_ERROR.png,86015,3a56ffc2a75dda18fa3bb1f204f118741182369162bdd4260f5b53bb18864231
ui/mockups/admin/YL-M-163/YL-M-163-S08_SERVER_ERROR.png,85122,e487ebb83ca9b17a16439e62662cf52053cda8410580b4debfcf6465895b29dd
ui/mockups/admin/YL-M-164/YL-M-164-S01_LOADING.png,67678,df1a9700892ac613497b7a8dbf180beca10f937cfde28fb914fa4a5e1994e00e
ui/mockups/admin/YL-M-164/YL-M-164-S02_POPULATED.png,124507,d3a9e658756d9bcadbcc0c15bff10e9d3eb2a6e23a7466ebab8da481de7dad10
ui/mockups/admin/YL-M-164/YL-M-164-S03_EMPTY.png,84855,a979cf4625b3c6d32cdc4cad0d0ec27a6f8605abedce7dc659750cd3c753c5ac
ui/mockups/admin/YL-M-164/YL-M-164-S04_FILTER_ACTIVE.png,129089,60fa98a24122b5ae2a5519104d180c9cd8f1a266cc448cc84f54397d15727a2f
ui/mockups/admin/YL-M-164/YL-M-164-S05_BULK_SELECTED.png,130188,d1ab2b59577f1f8b09d19cd033f65bc3dfb8f0f60b7d18b144cb358be85b0346
ui/mockups/admin/YL-M-164/YL-M-164-S06_PERMISSION_DENIED.png,81303,01daa73ce4cfb523499c137eb37975ce261c9fe7dbb9d87b3856e41a26f7d335
ui/mockups/admin/YL-M-164/YL-M-164-S07_NETWORK_ERROR.png,83443,3ed8db955c382c58b1d64c3b3c13240d960e43a454db7050304bff7ccec6f56e
ui/mockups/admin/YL-M-164/YL-M-164-S08_SERVER_ERROR.png,82305,7772f8f7e0809d16d7d309e2ec67886a593ea9522ae3a4dbb9a13ecf4d2f86f2
ui/mockups/admin/YL-M-165/YL-M-165-S01_LOADING.png,71753,c717ec6e403893fb5a29c8f59d9df111a3867cb1ec9d839865c16139c0481229
ui/mockups/admin/YL-M-165/YL-M-165-S02_POPULATED.png,117511,0d365bb0823b696532800711f917203294ed61368f8dadf2127d0eb0b2bca2f0
ui/mockups/admin/YL-M-165/YL-M-165-S03_EMPTY.png,88626,edb1515fa5f914e9333106f38fe22a6c138ddb3b43163eec7ec0d5e70d43afdf
ui/mockups/admin/YL-M-165/YL-M-165-S04_FILTER_ACTIVE.png,122127,9e7b177c514cc4cb5f96eb51bc7786db54d9915d62a2eaff16a02fc4e536ec99
ui/mockups/admin/YL-M-165/YL-M-165-S05_BULK_SELECTED.png,123239,5e9d66d636daddd0c284ddaf07cd34ae46c2e5d91c13a0f1ade709627497249e
ui/mockups/admin/YL-M-165/YL-M-165-S06_PERMISSION_DENIED.png,84630,0ed851286a8c5b7137a5785512ca2d27cb22ed64b615da9eda979c12d60657e3
ui/mockups/admin/YL-M-165/YL-M-165-S07_NETWORK_ERROR.png,87445,fc3cf4be7c2a406a1bc61d1a5b3ec8da371b0e66924e2a3a878fc743cf2926da
ui/mockups/admin/YL-M-165/YL-M-165-S08_SERVER_ERROR.png,86611,6a11de5ad05a35491d9bcd33f7005cf9206929481ee06292f12fe4e0f6fca015
ui/mockups/admin/YL-M-166/YL-M-166-S01_LOADING.png,70176,b3592e78b454e20feb2a9f37b51055ed56b91ba31b7e613d61690e96ba0fda00
ui/mockups/admin/YL-M-166/YL-M-166-S02_POPULATED.png,123416,0a9ca6159828a11fbd7f712777d38ddcebb8fd0e5c564f1c16e2d3ba89632e48
ui/mockups/admin/YL-M-166/YL-M-166-S03_EMPTY.png,87283,d58f2658b0237f96582fe8c09ca24cddb29bdfdf08ced3cd40f80de70cd4a93d
ui/mockups/admin/YL-M-166/YL-M-166-S04_FILTER_ACTIVE.png,127928,3ef1644e8d85cdc157bf4faaaf7309036c39e1a2f03192eb2ca411c02679a94b
ui/mockups/admin/YL-M-166/YL-M-166-S05_BULK_SELECTED.png,129032,7207879f28954517f4a4764fc2afc6509cb49f87ea539575b024adff0aa4616c
ui/mockups/admin/YL-M-166/YL-M-166-S06_PERMISSION_DENIED.png,83319,681bddca017046a68bd487db98e41a959957c127a3ccaec3b3ce5042c4d57b79
ui/mockups/admin/YL-M-166/YL-M-166-S07_NETWORK_ERROR.png,85920,f03addce2fe46a891ab13e5e72c6d58f4b5c66f09f8c4232fc4482d06709e84d
ui/mockups/admin/YL-M-166/YL-M-166-S08_SERVER_ERROR.png,85032,49ea93ac4d7b6f41af4227566093472cfd1567353b98ab06a861a99401d72055
ui/mockups/admin/YL-M-167/YL-M-167-S01_LOADING.png,68330,76073415131cf3c8797c2a3748e2505d7184887cfd762b29183d6cea56761b74
ui/mockups/admin/YL-M-167/YL-M-167-S02_POPULATED.png,91454,55e749508087a44d8bac06ba690631fbd3ef398651c020686e3bcd4bd2891a55
ui/mockups/admin/YL-M-167/YL-M-167-S03_EMPTY.png,94631,07c4247c62a0619e291aa9859ffeb36548f4e1bd4d9bb43169d25db0e33c7ad7
ui/mockups/admin/YL-M-167/YL-M-167-S04_FILTER_ACTIVE.png,94316,b5240c1499e595889bd0dc469bee00c3c5eb88d7e9ba8e88e678f2c8fbffec7c
ui/mockups/admin/YL-M-167/YL-M-167-S05_PARTIAL_DATA.png,105370,d159bbb1f13be2fa0e745cb7640e72ac2af0748f4f50603f8bb9a233cf0abb18
ui/mockups/admin/YL-M-167/YL-M-167-S06_PERMISSION_DENIED.png,81816,2a048607ab8523c82e3a57f15cfc78e8286f377b106578a53f81fc2ba407250d
ui/mockups/admin/YL-M-167/YL-M-167-S07_SERVER_ERROR.png,83168,ae4376617286a05ab7ae19b1da36b9e6aca14aede80b205dba5fba42814b11b2
ui/mockups/admin/YL-M-168/YL-M-168-S01_LOADING.png,70553,c9ce400f06372b9ae66b31309f6c2407248176841b07244d237ac6dac91ff1b5
ui/mockups/admin/YL-M-168/YL-M-168-S02_POPULATED.png,122738,1b701aeb0950136249372ebcc5c101b2308a8d732bb34e476458fe52e814875a
ui/mockups/admin/YL-M-168/YL-M-168-S03_EMPTY.png,88883,fe9ba2fbf28476ecce9ced3a333749813903d71caf77ffa8eae805ea77a853b5
ui/mockups/admin/YL-M-168/YL-M-168-S04_FILTER_ACTIVE.png,127240,7573fd3c9655e48dd4d5ea8961bc1585bb63e33dfe7c8690d2fb74445537b076
ui/mockups/admin/YL-M-168/YL-M-168-S05_BULK_SELECTED.png,128340,ca7c8945ac1edf3328a6281c7bd298f983f0f584b860d668b43a5ac007a2348f
ui/mockups/admin/YL-M-168/YL-M-168-S06_PERMISSION_DENIED.png,83683,096c5fc25922ede5945622a0fca557499f36a206dbeae9fbea0239c68ad8ce75
ui/mockups/admin/YL-M-168/YL-M-168-S07_NETWORK_ERROR.png,86261,25d1b5235d547bab889d012b5d641ba7894e6a802982234b7a6c6eaf4a5103ab
ui/mockups/admin/YL-M-168/YL-M-168-S08_SERVER_ERROR.png,85420,d25d087b8d3aff07638a2a77d0b71b9d87237103f8e584045ef7d3abfcf24bdc
ui/mockups/admin/YL-M-169/YL-M-169-S01_LOADING.png,68062,a1c3c1c849f6d24dfc8037276bdc25bbd08ea364152be9bfa05be26e773bd6ff
ui/mockups/admin/YL-M-169/YL-M-169-S02_POPULATED.png,105938,ac1d494d63fddb84fa3a8be54f66e75d9ff5083e170ee7e773a9d26408949f4a
ui/mockups/admin/YL-M-169/YL-M-169-S03_EMPTY.png,109365,56517b5b7caacc9bc4b704eadb872de00a0683fe749ac36a2814733c6f08f180
ui/mockups/admin/YL-M-169/YL-M-169-S04_BULK_SELECTED.png,110412,929f1878019af99db6f62e6d47bbbb7fbdff304224bad4243983a083d3f50870
ui/mockups/admin/YL-M-169/YL-M-169-S05_SUBMITTING.png,110061,f4762b6d2618c6aca53fc98c78cc4e38fc1ef171d3362ba27260ca08c296f3e4
ui/mockups/admin/YL-M-169/YL-M-169-S06_SUCCESS.png,117412,beade86835c27b720b89ee5801ca54e8ce4e46f30563832f27735441db8b8a3c
ui/mockups/admin/YL-M-169/YL-M-169-S07_PERMISSION_DENIED.png,81577,29dfc9dc08df283f3b6d45939d2f089c9f41a49128f02b735f3b1f741db0cd7a
ui/mockups/admin/YL-M-169/YL-M-169-S08_SERVER_ERROR.png,82829,0efb1229122e676c626f38876205f1aa0445bc3b6d6219004bd3dbcc45ef1cb9
ui/mockups/admin/YL-M-170/YL-M-170-S01_LOADING.png,70756,4b09dd8291f27c58711f60f3180042eafac4869a2d497c71ca7ea9319323552b
ui/mockups/admin/YL-M-170/YL-M-170-S02_POPULATED.png,105056,da254a9185cdfcc298bf0cf46a137eb89db89dc2947f80e551f1514fb62ddea0
ui/mockups/admin/YL-M-170/YL-M-170-S03_EMPTY.png,109216,d766d66f87214be25dbd7976f7267d0a1ea69d077ae225d2e8e82d73f6f2afbe
ui/mockups/admin/YL-M-170/YL-M-170-S04_BULK_SELECTED.png,109546,88359da0a1d202b3f035461635910b4e42979f704058c05c1e804b1bf662f9f6
ui/mockups/admin/YL-M-170/YL-M-170-S05_SUBMITTING.png,109196,30a3af362f01e42b378e2310967a29001736e8951817c7a03fd5311dc5973685
ui/mockups/admin/YL-M-170/YL-M-170-S06_SUCCESS.png,116551,de8c9dcb7b308c419e767a6cdf3a8c852ba1db37367fe53e48b1597757fbeb33
ui/mockups/admin/YL-M-170/YL-M-170-S07_PERMISSION_DENIED.png,83499,c8551c541c8c0f1fff8eff35d8d7b5e440e86bdf057dad9c163d2adfe05991ba
ui/mockups/admin/YL-M-170/YL-M-170-S08_SERVER_ERROR.png,85519,247b37fc160efdbe2f218feaaa13095fd8732d1ee98d5ee13bd07a16a6de77df
ui/mockups/admin/YL-M-171/YL-M-171-S01_LOADING.png,70886,ddf3ff7032a35a6adb8d7534142ff5e6dd27366492ca4d243ed8cc6e1ba2cf19
ui/mockups/admin/YL-M-171/YL-M-171-S02_POPULATED.png,105083,cd6f0f08345aae80358bb5895fd453ac48d744a85ecd2fa3c266261b3b4c8ae8
ui/mockups/admin/YL-M-171/YL-M-171-S03_EMPTY.png,109373,dd998673887eda553b941331a147e8cfa6b5107af440b329f1ad9eaec3807791
ui/mockups/admin/YL-M-171/YL-M-171-S04_BULK_SELECTED.png,109568,4f39cc8951de89c4127dc43c3695793f9e5c4faf4d8ec98f6feb365d747791e5
ui/mockups/admin/YL-M-171/YL-M-171-S05_SUBMITTING.png,109220,c3b715dccf1d2b94d01eaa6395641c7645f11e610e1d3d4071b800d09299995f
ui/mockups/admin/YL-M-171/YL-M-171-S06_SUCCESS.png,116574,461201474ad2dca370aef5829dab99d1c59581e990ecf7c648376eed902c84cd
ui/mockups/admin/YL-M-171/YL-M-171-S07_PERMISSION_DENIED.png,83566,287ac52c6c43d885a1ad93be449e73ff617205600a8dd291c9421f1396af7181
ui/mockups/admin/YL-M-171/YL-M-171-S08_SERVER_ERROR.png,85587,385d4e065d603a3216643fee04b86fae6b28daa147346dbd9cd4c06d582fcd5b
ui/mockups/admin/YL-M-172/YL-M-172-S01_LOADING.png,69883,d621cfddf75e531a269dabfaa7fac115045b085239a100189910865fa496cc77
ui/mockups/admin/YL-M-172/YL-M-172-S02_POPULATED.png,102559,3135786606f786636d82a51b67794e8a42cefc472b017bf0bf8ed84995a69944
ui/mockups/admin/YL-M-172/YL-M-172-S03_EMPTY.png,106716,0665c3ce020cf34345c4e33d7788c3f23ed0eaae9e6e695f9db6e6a14675fc42
ui/mockups/admin/YL-M-172/YL-M-172-S04_BULK_SELECTED.png,107158,3b1acb00d777cad0d6d000d43d6ddca97c31537f9f1a5175c0eaee09b479715a
ui/mockups/admin/YL-M-172/YL-M-172-S05_SUBMITTING.png,106799,021a9e9a0c5d7947b4d610267385d8faf89000080f70a782506df5ef615c5743
ui/mockups/admin/YL-M-172/YL-M-172-S06_SUCCESS.png,114091,ae490732bf572d4e1c59dfe04c73956bfe16da34a924594bdfe6f8c54a4153a8
ui/mockups/admin/YL-M-172/YL-M-172-S07_PERMISSION_DENIED.png,82753,ec91c0eeedc87b2134ccbb564e0aeeb010e8069a95813a571fb186e1f4662257
ui/mockups/admin/YL-M-172/YL-M-172-S08_SERVER_ERROR.png,84602,4cf150649b4507b6a94f7dcf4144737cac841c45e8fd6b14c8b1ae77985899ea
ui/mockups/admin/YL-M-173/YL-M-173-S01_LOADING.png,71452,482f57312ecd709f1d58e26a9933ea5b6a752ddd17d1649f9c691fff2cc35c0c
ui/mockups/admin/YL-M-173/YL-M-173-S02_POPULATED.png,107819,bbb164085bae3f95936e73964b4ca8b3f186a186974eb5efd7c8ef04d2090907
ui/mockups/admin/YL-M-173/YL-M-173-S03_EMPTY.png,111948,c6eac24ba4224301f4dfbf72fe4ecd665f20e2de0b991e54cf20466dc1015be7
ui/mockups/admin/YL-M-173/YL-M-173-S04_BULK_SELECTED.png,112212,79c03a4ebd2b636a80d878c5ec90d2400a740a6e0869bfab99a57d057d0a012d
ui/mockups/admin/YL-M-173/YL-M-173-S05_SUBMITTING.png,111864,1658335116db1f0ce34b31f6fa1f047f8e1ef59e27cc947f8fd6c39165b18742
ui/mockups/admin/YL-M-173/YL-M-173-S06_SUCCESS.png,119152,69c8aa2bb63a52a9df262e9f9eb9d9c4604f0c764a1a2488dcded3b1069b9212
ui/mockups/admin/YL-M-173/YL-M-173-S07_PERMISSION_DENIED.png,84134,8c77127e76f2be42bca1fdaba52cbfab9e3fc0c8f17636f86f63117ee753e740
ui/mockups/admin/YL-M-173/YL-M-173-S08_SERVER_ERROR.png,86202,5d14566e37a0033086edc1f6995b3c572890719b165eb95f0ed84fe71f73ec3b
ui/mockups/admin/YL-M-174/YL-M-174-S01_LOADING.png,67570,bca80da78e75a081ac7d418503ab3f33656e7b8184ace2c05a922cf1f1785682
ui/mockups/admin/YL-M-174/YL-M-174-S02_POPULATED.png,103555,bf457e5bb887a2188154c7c9a31fab781e1d17b00ff2f6837caa2d369484ea7a
ui/mockups/admin/YL-M-174/YL-M-174-S03_EMPTY.png,107166,686a5b4e91d9fc226eb4d0c0da21843e295902b0447deca5262b03dab2516023
ui/mockups/admin/YL-M-174/YL-M-174-S04_BULK_SELECTED.png,108186,3ff24708c16ceb3e5da71114407497dc3e921e72c1c297b2315f8ec0f7bfad8c
ui/mockups/admin/YL-M-174/YL-M-174-S05_SUBMITTING.png,107828,e428ef8ca011e89ad95022b01ec1d67ac5ca1180869b3e9ea2913363c8a723e6
ui/mockups/admin/YL-M-174/YL-M-174-S06_SUCCESS.png,115181,f46cb3a0eadcf2176646143181b032e85ae8fc1f3c10f1f54be767168f780f4b
ui/mockups/admin/YL-M-174/YL-M-174-S07_PERMISSION_DENIED.png,81086,a922b4ee43208ace9b9c5583469abfbde2e2fc4854569e3979c10393e5c10baf
ui/mockups/admin/YL-M-174/YL-M-174-S08_SERVER_ERROR.png,82418,35f73ce557ce0160e0d89de6d6ab2bba4fe6431ca6bdaf95e1e29592089f3155
ui/mockups/admin/YL-M-175/YL-M-175-S01_LOADING.png,68118,91cf0247f60bb490eeab6a8ba8ac492622e2970b6cbab1061c2a7b5094b1c324
ui/mockups/admin/YL-M-175/YL-M-175-S02_POPULATED.png,92435,c96fed9edab85bfd820778b15a91c90606391f3fd8ff91635318a50f3683b40a
ui/mockups/admin/YL-M-175/YL-M-175-S03_EMPTY.png,95692,726cbe248a47f4a652c454743f09710ce7987075389ea469d7bf6ec852bfca25
ui/mockups/admin/YL-M-175/YL-M-175-S04_FILTER_ACTIVE.png,95298,e8eec817d86dca8831121c8138ec4e56eafc55ec5a44dd769e14f8a2791a3d3f
ui/mockups/admin/YL-M-175/YL-M-175-S05_PARTIAL_DATA.png,106383,fe80da7c3c0f0cbaca1778d57fc82c4577ee2b1d38dd814d5379d1ddaf39c6e0
ui/mockups/admin/YL-M-175/YL-M-175-S06_PERMISSION_DENIED.png,81543,0ee39366c9fda48ce5f912bb9247773dc61f8225630e6c7aea22efaec7ef62e8
ui/mockups/admin/YL-M-175/YL-M-175-S07_SERVER_ERROR.png,82960,5fb1f7f84d185d2f4eb2f3d34ed938f3b32b5901df2d3db3da23f6cc038400f0
ui/mockups/admin/YL-M-176/YL-M-176-S01_LOADING.png,66878,2e71b0e8f1479344383900ad09933311a271707c3e06ec628db2118bdc3b10e8
ui/mockups/admin/YL-M-176/YL-M-176-S02_POPULATED.png,89472,dfb843145e4d14339e4f775fbfa08a22594040e6e57155bd16737a0315427c51
ui/mockups/admin/YL-M-176/YL-M-176-S03_EMPTY.png,92468,ce619f62e59d0dece6ed3f1601734c37291ef4052fe2148b642ad1e54d9bd12d
ui/mockups/admin/YL-M-176/YL-M-176-S04_FILTER_ACTIVE.png,92349,47d3b34e0b4e239e8656e621cb66aea2bfe4e3a82a40b7213860a8d911eccfd3
ui/mockups/admin/YL-M-176/YL-M-176-S05_PARTIAL_DATA.png,103369,9abc5f1193161d63f79a86f38c11b0c2bc166013694807fcb989fe4071859724
ui/mockups/admin/YL-M-176/YL-M-176-S06_PERMISSION_DENIED.png,80582,467073b119ec98791b2d3750cce8878884ef750f170d49b5d6fd827e6e5b453a
ui/mockups/admin/YL-M-176/YL-M-176-S07_SERVER_ERROR.png,81745,73a2b9caed2e35282a0a414f21530b205a79bfcf3819f1ed17c07358421b6b17
ui/mockups/admin/YL-M-177/YL-M-177-S01_LOADING.png,68624,731b3cd9867d865cf62b8ba3dd2d9072138a182256a456a8089bd506b99943ee
ui/mockups/admin/YL-M-177/YL-M-177-S02_POPULATED.png,90620,1e58cdcbcbf3a1d4cf9b9ef91eb65f83b387cf9579a6c47606a81c3b2d3678cd
ui/mockups/admin/YL-M-177/YL-M-177-S03_EMPTY.png,94007,85d184ba692962cef056d06acdb35c7b7aec8eb943f0634256f02ff773cdc702
ui/mockups/admin/YL-M-177/YL-M-177-S04_FILTER_ACTIVE.png,93478,e9a652f1bae18b6844d92b607f92527b7aa97f345becb10c2da6b685be508322
ui/mockups/admin/YL-M-177/YL-M-177-S05_PARTIAL_DATA.png,104504,0c412d2775b67de002b50ac0acbf93d026f6b7a32a2f81781004a62273998236
ui/mockups/admin/YL-M-177/YL-M-177-S06_PERMISSION_DENIED.png,81911,47ddf507dcb7bbfa01956b65c8dbf7100c1b2a8520dc6e641827242f3de72e18
ui/mockups/admin/YL-M-177/YL-M-177-S07_SERVER_ERROR.png,83408,b56fc57fe41d3595eaf8ab697e841d35900ec401799c042d8d7d59b36b700b5f
ui/mockups/admin/YL-M-178/YL-M-178-S01_LOADING.png,67744,2b9c966d58f6ef90ac3ef1f50784ba19abbcdf1aa97d1c40440a4714331bfabe
ui/mockups/admin/YL-M-178/YL-M-178-S02_POPULATED.png,91463,6f6f4e9fe6e78c5952d6ca5a222e01ea5af4ef0fe97924d61a24a65fd428f4a4
ui/mockups/admin/YL-M-178/YL-M-178-S03_EMPTY.png,94642,ad7a5345d3db6e7ca88d7fdec1e1fcbaa82d22ba45269af3884496466d17d2e9
ui/mockups/admin/YL-M-178/YL-M-178-S04_FILTER_ACTIVE.png,94322,d00ad25f557f50893cef0ecd23fe8124ec284e386b85ad02575a7b0799815253
ui/mockups/admin/YL-M-178/YL-M-178-S05_PARTIAL_DATA.png,105391,66072d47a5b453a9316b9ca78fd95f37119e8efb8924fa45aa99f99d78eaafa2
ui/mockups/admin/YL-M-178/YL-M-178-S06_PERMISSION_DENIED.png,81209,5e23830edeab01c465260b478bdcd9ffeb56f766fd47cd441631b1feaf7d9e8a
ui/mockups/admin/YL-M-178/YL-M-178-S07_SERVER_ERROR.png,82576,79ee55dbcc7d5173ab29fd5951e1d645082963fb76ca804b6dbd8511d2d6394a
ui/mockups/admin/YL-M-179/YL-M-179-S01_LOADING.png,67929,0bdfb38e881a50a3115b6c9b9208531280e50e2327cb8396f58b6d88b60f915d
ui/mockups/admin/YL-M-179/YL-M-179-S02_POPULATED.png,91684,7703c8037cb6cbb2ff5bc09a28ad78854cf374d778c98974200c41ce48bb700a
ui/mockups/admin/YL-M-179/YL-M-179-S03_EMPTY.png,94909,62b268b3d3b4deef94e7138c9df365d58e7709f249847e89dab8bf9ba195bebd
ui/mockups/admin/YL-M-179/YL-M-179-S04_FILTER_ACTIVE.png,94544,77c02357e412704f7fcf1ffd42c3f823bded3a1f7c997faccc0025d53e18e89c
ui/mockups/admin/YL-M-179/YL-M-179-S05_PARTIAL_DATA.png,105622,139d41e74b58becf44f40f449b726416b4fcfe42a9b5db0832c5f2934e60ce52
ui/mockups/admin/YL-M-179/YL-M-179-S06_PERMISSION_DENIED.png,81368,619b43e6aa9bddff0701d43604b013f65fdf9afaf003d2e7176c2c7ae9a759cd
ui/mockups/admin/YL-M-179/YL-M-179-S07_SERVER_ERROR.png,82755,967317f511866b65510b01dc613f5d0d1ba4939d4f6658372744e2afaad58a4a
ui/mockups/admin/YL-M-180/YL-M-180-S01_LOADING.png,67504,5806cb62e743547e3612cae39f4eecc822388ec2325ecc0b31d499e8261239b6
ui/mockups/admin/YL-M-180/YL-M-180-S02_POPULATED.png,97669,0c9aec45e72a3bdd61e4a70a00e5ec8dd06e3a09759271142e9a6a1a38e9d799
ui/mockups/admin/YL-M-180/YL-M-180-S03_EMPTY.png,100769,7de8d2e5d31c9e308630f1511fa6cf530564d0816797901009a2da908b559e7d
ui/mockups/admin/YL-M-180/YL-M-180-S04_FILTER_ACTIVE.png,100521,ca2f8cc3e9a218157b9d2588bd769d29ff2ac4d751c9b951d0a97f41421ede97
ui/mockups/admin/YL-M-180/YL-M-180-S05_PARTIAL_DATA.png,111526,ada3f3dc7dfa3f6f389d2ee627690ec0c78c777426d3c6e283565d7bbdd8338e
ui/mockups/admin/YL-M-180/YL-M-180-S06_PERMISSION_DENIED.png,81083,a3875329efb1624b4cbd11136fb1747c521a794a6175b9cbc4344f1871bdff21
ui/mockups/admin/YL-M-180/YL-M-180-S07_SERVER_ERROR.png,82355,1cacdb45f9f8a3c7d09442f3c1972d065f0445ea72d333918532644b503629f1
ui/mockups/admin/YL-M-181/YL-M-181-S01_LOADING.png,70245,e72a38676d874792b169678044a4d0cb579c4baf88f242dac0cce62e79d7b594
ui/mockups/admin/YL-M-181/YL-M-181-S02_POPULATED.png,131632,ad62d475bac4ccb35fc28dd09574f8f32fd49e1e0f2d4af7ed069c7fd642f78a
ui/mockups/admin/YL-M-181/YL-M-181-S03_EMPTY.png,87382,f0bc3b1bde2806ee99d7f6da2bb6f5b001f0151d0f835fff325addac2f4d90dd
ui/mockups/admin/YL-M-181/YL-M-181-S04_FILTER_ACTIVE.png,136162,23a7894bbe12ae1168260b94c575128feadf77ec63492ef17edbd3122f359cf3
ui/mockups/admin/YL-M-181/YL-M-181-S05_BULK_SELECTED.png,137267,47fc6fbcd1c9071a2523e66a116ea764b71a3bc168ef94c40fdbc61f56fc0cdc
ui/mockups/admin/YL-M-181/YL-M-181-S06_PERMISSION_DENIED.png,83204,88397c3aa9f323c58050f86fb388980ed071ebfbe6eac115aed2b9f25faf95f7
ui/mockups/admin/YL-M-181/YL-M-181-S07_NETWORK_ERROR.png,85967,01c3f2f2a9418c6a46e330a9e186e0911128af861d758e51bd61521f5db0fd0c
ui/mockups/admin/YL-M-181/YL-M-181-S08_SERVER_ERROR.png,85062,3245f0794fd64a4197b7c51d04c260e3bc07ec4a577bb15b183bf8df4b61b468
ui/mockups/admin/YL-M-182/YL-M-182-S01_LOADING.png,72417,1d51c2ea231e899086b0e672adf7142d13210cf95016d215efcce987de7ea137
ui/mockups/admin/YL-M-182/YL-M-182-S02_POPULATED.png,125848,b8166ed7347f482d1c79a8b1e2e3a986471dcb8b8536c65ca5c5ff6f081dfffb
ui/mockups/admin/YL-M-182/YL-M-182-S03_EMPTY.png,89250,49afc61cf4b24d18410e5b0ed8b1765b8bfaa9a5c08dad854fb7908826a17674
ui/mockups/admin/YL-M-182/YL-M-182-S04_FILTER_ACTIVE.png,130445,6bdef22758e80b7bb11cfa6ec2e62217e053d6c235d15b92249ad360e93ae0bb
ui/mockups/admin/YL-M-182/YL-M-182-S05_BULK_SELECTED.png,131558,f135b439eb56008807ccc045d6ceb6e2df59dc686900422eb55d071775785bad
ui/mockups/admin/YL-M-182/YL-M-182-S06_PERMISSION_DENIED.png,84932,071735fac195b8b47867115a29fcbf54d39668a56d7adeec6586c8b8744329cb
ui/mockups/admin/YL-M-182/YL-M-182-S07_NETWORK_ERROR.png,87992,ed50ab3bcda3c9007eee43a484989eea4cefb08fec55ffa457b6d8b0508c40f4
ui/mockups/admin/YL-M-182/YL-M-182-S08_SERVER_ERROR.png,87215,94ee1cca720c137a0f61caac6528b53f30bb8f1a3260d42059258da115445c1c
ui/mockups/admin/YL-M-183/YL-M-183-S01_LOADING.png,70857,93649822c637a797ea8ccc516bb55b8754591c3c6596fa157b0bb30f77039d5e
ui/mockups/admin/YL-M-183/YL-M-183-S02_POPULATED.png,123674,4d95e631e34288c6a6aff83c59e8e5dc9014fb44e50a236ad013eb3a2200919b
ui/mockups/admin/YL-M-183/YL-M-183-S03_EMPTY.png,87836,8b8d1b8024711889112c4e85d01189d4f858beb86c6dc800f14fb97d562d9bf0
ui/mockups/admin/YL-M-183/YL-M-183-S04_FILTER_ACTIVE.png,128218,4d217351c04e52782e72fd1d91f9e6c9a19904cbb33e6e70536b8023ea7f941b
ui/mockups/admin/YL-M-183/YL-M-183-S05_BULK_SELECTED.png,129328,12f9c8ff69db059357fba460cdb31b7cec64081762a2cb48cfec0aec4563485c
ui/mockups/admin/YL-M-183/YL-M-183-S06_PERMISSION_DENIED.png,83769,7319d27795ffb71aa19055eec2484168aa4046ccf210b59cb7698bef55c977a4
ui/mockups/admin/YL-M-183/YL-M-183-S07_NETWORK_ERROR.png,86568,dd4330663be48662acd208223734891cf25b2d23a761278e8e2ffbba8b91536d
ui/mockups/admin/YL-M-183/YL-M-183-S08_SERVER_ERROR.png,85688,480ece6e3dcc887d74ef3edf9e78242792613b9a9151afbdb8fe3022b19b1626
ui/mockups/admin/YL-M-184/YL-M-184-S01_LOADING.png,68569,d77ec9251457421176116c8e63a5b45580d85cb30c3c470198979c81b6fc0b1a
ui/mockups/admin/YL-M-184/YL-M-184-S02_POPULATED.png,116824,9ddd4a9c5cca2e35c282eb99ddbf8c8f7f33e78c246453bf7e12062189b8c9c7
ui/mockups/admin/YL-M-184/YL-M-184-S03_EMPTY.png,85754,3d7711a0c1e5d24b72317b45d1a3c08b7b11a2cea29b9f3e40e537fa4e472564
ui/mockups/admin/YL-M-184/YL-M-184-S04_FILTER_ACTIVE.png,121489,8a8ea03c831cf19c4a165d5bb0c6a89bc7f567a64f7e26ceb315cfc4481c86a7
ui/mockups/admin/YL-M-184/YL-M-184-S05_BULK_SELECTED.png,122593,e30049c053a0df3135e359b8858ebb9935307fc946a859002d268c806d268ec4
ui/mockups/admin/YL-M-184/YL-M-184-S06_PERMISSION_DENIED.png,81942,5c36ef7c09a491f3ca4a8e74e1fd633140825db6bd76785c0a68f2a7ee4670cf
ui/mockups/admin/YL-M-184/YL-M-184-S07_NETWORK_ERROR.png,84259,0fe686a99e75f918a8e824355f22cdcb2e8ae4e4e5eb10b9ce346723b71b34ba
ui/mockups/admin/YL-M-184/YL-M-184-S08_SERVER_ERROR.png,83352,9b2fbc68278146c8b519fb560222c205a283d02a0d3ca9edc07396a5ab7ffbe7
ui/mockups/admin/YL-M-185/YL-M-185-S01_LOADING.png,72533,8816fc7bc41f41a91ff9ee0e68907a898df4c0121164a949bd2aa8504c3f6591
ui/mockups/admin/YL-M-185/YL-M-185-S02_POPULATED.png,106370,a11ae9134364a7d7a769fd172e1b264ed5f608ebf34dfc78b3a370d73abaa1a3
ui/mockups/admin/YL-M-185/YL-M-185-S03_EMPTY.png,110755,c2d21424c165e0e7761ee95873bd78bf793bec69c148ae36033931c42b1b9156
ui/mockups/admin/YL-M-185/YL-M-185-S04_BULK_SELECTED.png,110785,079f1e4672ad29a9d3b9a94451628d5b7302b788523359a16f2a3d04d28e4def
ui/mockups/admin/YL-M-185/YL-M-185-S05_SUBMITTING.png,110434,6d0546a9a2725d56a02ac732da152156423697fd2adc7646115e55deba1286f6
ui/mockups/admin/YL-M-185/YL-M-185-S06_SUCCESS.png,117746,d8c765e07cbb89c5478447fa000b714d6fe5e33b8d7e37a04f480230b64c3dda
ui/mockups/admin/YL-M-185/YL-M-185-S07_PERMISSION_DENIED.png,85065,28e53a9600a5690938156784dbd857cec1876c382c2a0246b5ee9236705f047d
ui/mockups/admin/YL-M-185/YL-M-185-S08_SERVER_ERROR.png,87269,d6a00da5d6e7a7a10c7020294456f0897e905fcce817c8e8c4480b206eaf4ae2
ui/mockups/admin/YL-M-186/YL-M-186-S01_LOADING.png,72843,847d11e7ea9090c98002cfc90f362cbebe671b143ac9a2e394a63011de0e261f
ui/mockups/admin/YL-M-186/YL-M-186-S02_POPULATED.png,132103,ca1e777985025718d6c9ae4d4b25cea1acd1a0a134d8d38347c10aba7ccb2015
ui/mockups/admin/YL-M-186/YL-M-186-S03_EMPTY.png,89651,9bab84eac6f7b2b8d0ad0438b0a4ba9999f5c823ce32ba240a7e3e566bff3e63
ui/mockups/admin/YL-M-186/YL-M-186-S04_FILTER_ACTIVE.png,136592,6e933474069d388af2e22d8be4e978317d07ad1575df879b0a90f58bbe158b9f
ui/mockups/admin/YL-M-186/YL-M-186-S05_BULK_SELECTED.png,137719,dad323aaa57187545d30435044fc3dec613ba0939134d7796a704bd75aa35a1b
ui/mockups/admin/YL-M-186/YL-M-186-S06_PERMISSION_DENIED.png,85370,4a3c7a965fe42bad427706c0da3491965eeeb6e149a14cf3d30c6193b2ee29ad
ui/mockups/admin/YL-M-186/YL-M-186-S07_NETWORK_ERROR.png,88456,e5b28c3ea96ba3bacc72fa41cb03fd3835f5657795c91aca1da89c4f1d8a1d6f
ui/mockups/admin/YL-M-186/YL-M-186-S08_SERVER_ERROR.png,87584,94d92e53dddfca02b89c33cd9c15465c67325104455bfa3589397bf8cea4e487
ui/mockups/admin/YL-M-187/YL-M-187-S01_LOADING.png,70353,85b0196b88392487d711e326dd766af70e8392b6cab1dd2ff2519b5544495cc7
ui/mockups/admin/YL-M-187/YL-M-187-S02_POPULATED.png,76409,e8936636f185bad1840c9c35315f234a53b9b51054d5fcccda400a1cb791b2dd
ui/mockups/admin/YL-M-187/YL-M-187-S03_EDIT_MODE.png,79598,fa9c865d7834eb2efd9bffb64301d789d07e343e0974ce4b8b5467e6db2d2e3c
ui/mockups/admin/YL-M-187/YL-M-187-S04_VALIDATION_ERROR.png,88913,27a23138f67f48acf5bf4bba671e9058dbeda793c7993004e980b3fbe57edf43
ui/mockups/admin/YL-M-187/YL-M-187-S05_DIRTY.png,79055,d44dc331562807d5994773e9957c835c1ee7ffdc06d47cc7b9d948fff1c2619f
ui/mockups/admin/YL-M-187/YL-M-187-S06_SUBMITTING.png,80376,5e36d43d4dfd4e11810932897e1093bc74a2f5956ece3aefcf1d11612f78bbb8
ui/mockups/admin/YL-M-187/YL-M-187-S07_SAVE_SUCCESS.png,87762,e61db95f7abc45021218cbc47e127592773fb140b8a6fc5ed56cb0efdb0fd20f
ui/mockups/admin/YL-M-187/YL-M-187-S08_VERSION_CONFLICT.png,89173,bd8588ddd0c34cc61f3bef0f122bd8640f378adbd5698796e1282cc612fcbdab
ui/mockups/admin/YL-M-187/YL-M-187-S09_ROLLBACK_CONFIRM.png,89283,8df79abc43074d45b98e9654dea639b77d896942479545fd746cad073c4f955f
ui/mockups/admin/YL-M-187/YL-M-187-S10_PERMISSION_DENIED.png,83284,b4de63913d57a6998b2f929452d38ec77655f538fdc9a028c68246632dede07c
ui/mockups/admin/YL-M-187/YL-M-187-S11_SERVER_ERROR.png,85185,19a224cdf4f54be86d3babfa1cdb24ad9788d9cd923da85db265545223be74c0
ui/mockups/admin/YL-M-188/YL-M-188-S01_LOADING.png,69130,97f3e87c027c6c196a6d57efbaf652fefbd02b88cd31d2fc6edadc9cf177ae23
ui/mockups/admin/YL-M-188/YL-M-188-S02_POPULATED.png,116888,5c7a566f6b1b9395c678bce07ce3e14a8728f898d599e5a9ad039a30a7f95b8a
ui/mockups/admin/YL-M-188/YL-M-188-S03_EMPTY.png,86827,a8365a257f5c93705f49f47daa483ee51db204dbd5b348382f703b015ddf46ee
ui/mockups/admin/YL-M-188/YL-M-188-S04_FILTER_ACTIVE.png,121572,d0179619f42c48edd385bf5cae41e29f249dc4d67d7a61f287e77b0073be6226
ui/mockups/admin/YL-M-188/YL-M-188-S05_BULK_SELECTED.png,122663,4b80624bcff16a301de44e75398cf50b54a2baa808ec095c62e325ef96e36799
ui/mockups/admin/YL-M-188/YL-M-188-S06_PERMISSION_DENIED.png,82559,028e83c80640d5a0131ded87e56b299b236861e296007bce90ecb54384e2ebbf
ui/mockups/admin/YL-M-188/YL-M-188-S07_NETWORK_ERROR.png,84839,8d8f742fd41c081ba12ea2860b943f3884271c74c7da252f047df5af435b4dff
ui/mockups/admin/YL-M-188/YL-M-188-S08_SERVER_ERROR.png,83943,42cc255aae389d7ef29b58581bcf251c210253a2467b3764388b7198a8956a16
ui/mockups/admin/YL-M-189/YL-M-189-S01_LOADING.png,72401,01d4c3cdda54d0cb25a0428368acfea27491c4cf9532557fb26d5875d99a8852
ui/mockups/admin/YL-M-189/YL-M-189-S02_POPULATED.png,124394,3d7a07b50f1c392bb2f59902651e0a3321b3333f9213e3025a661b94add914cb
ui/mockups/admin/YL-M-189/YL-M-189-S03_EMPTY.png,89822,59af3f6e5ca39ce55352a6ff246bd0ba11fddf112e8f0e4607abfff7602cd0bf
ui/mockups/admin/YL-M-189/YL-M-189-S04_FILTER_ACTIVE.png,129040,646b9233c923955ecaa5c57c50d9b8dfeb122a745164c4d1afd9df914fe75ebd
ui/mockups/admin/YL-M-189/YL-M-189-S05_BULK_SELECTED.png,130134,35066f48e7419f41a1ef5f108785023feee7935c0646701698619a56ea441e2f
ui/mockups/admin/YL-M-189/YL-M-189-S06_PERMISSION_DENIED.png,85078,b72aff84d9784948a0bb223bd21da4f8dda2e3704824af54f2850cce62ba7f9a
ui/mockups/admin/YL-M-189/YL-M-189-S07_NETWORK_ERROR.png,88008,c3e24cbb6f95f40ccb31e412d70ccb75fa38fc8da26a6513105b4fe36698a09d
ui/mockups/admin/YL-M-189/YL-M-189-S08_SERVER_ERROR.png,87192,5c2036d95ffdd18bc77c49ed1d27c9ee72214a1fc8f16b2cdb01e9308af4fde8
ui/mockups/admin/YL-M-190/YL-M-190-S01_LOADING.png,68360,482d3f62353a03e00f531d0d03c3ca68fbad1da2590da055ce9bc93558fe83f8
ui/mockups/admin/YL-M-190/YL-M-190-S02_POPULATED.png,102255,663e9f408dca9467ac95fe90f00c208c5995c7a8af50b045609ad24c88974395
ui/mockups/admin/YL-M-190/YL-M-190-S03_EMPTY.png,105704,183d5d9a977ca00484a19bb8dfadd411c782d4a16621ac2d2df18e266febd21c
ui/mockups/admin/YL-M-190/YL-M-190-S04_BULK_SELECTED.png,106775,fc9376fb8e1ccee689f8a0daa6f7c762b2722ed57450a3cb6155c67960ef93b4
ui/mockups/admin/YL-M-190/YL-M-190-S05_SUBMITTING.png,106433,bd78240f8f94e6c91b8f00ab64b49182e6483cedae63fb15eeca19cfd21f68a1
ui/mockups/admin/YL-M-190/YL-M-190-S06_SUCCESS.png,113620,3220eceda6731f971ba5cf2e1f47043160e5dd88abdff85ef8fccfcf417476f0
ui/mockups/admin/YL-M-190/YL-M-190-S07_PERMISSION_DENIED.png,81948,7b393d6800be457cb33841d0050cd35e0fa11eb0a77a48383e24ee61007449f5
ui/mockups/admin/YL-M-190/YL-M-190-S08_SERVER_ERROR.png,83195,c1fa71e4801803666b3d3b1ebb800289860eafd2161c232c6b37cda1ed973f26
ui/mockups/admin/YL-M-191/YL-M-191-S01_LOADING.png,73037,777de52936f5c021b6fa4d2ace1e446ab5b62c5d61b2442bf30638e656a02710
ui/mockups/admin/YL-M-191/YL-M-191-S02_POPULATED.png,130660,1699d12627f594a0a8d01994d81371e52253eea6c86af95948c2387261e50978
ui/mockups/admin/YL-M-191/YL-M-191-S03_EMPTY.png,90419,b59c7db74d4d052bc47636e490e9a02461350776247659aa7d046519ba853d24
ui/mockups/admin/YL-M-191/YL-M-191-S04_FILTER_ACTIVE.png,135203,6156d18eb8956071d3b05c6f07303d5b6dd0190bcbba4149f8fbe0cd8c930485
ui/mockups/admin/YL-M-191/YL-M-191-S05_BULK_SELECTED.png,136315,446a5b5e3edf478f35a68861107a87e29927ec56c050d7f338ea50007adba95d
ui/mockups/admin/YL-M-191/YL-M-191-S06_PERMISSION_DENIED.png,85602,387917780d27df86c29a1d7b8df0e0225a91e991315a57a22bf7c0e13040b409
ui/mockups/admin/YL-M-191/YL-M-191-S07_NETWORK_ERROR.png,88684,5f76cdcdb2d2adaa8b7cf2d18cfaa1fb245f2b1913e824453b82a4a5a4093f6d
ui/mockups/admin/YL-M-191/YL-M-191-S08_SERVER_ERROR.png,87804,410744729140477fa20f59f443304f97c55475d64d49906308cdd07350170deb
ui/mockups/admin/YL-M-192/YL-M-192-S01_LOADING.png,71215,40e919ec2a639f28e36bb20f43628574cc5a8ad0bbce8d437e59cf8053d3cfda
ui/mockups/admin/YL-M-192/YL-M-192-S02_POPULATED.png,94495,74ce050bd797f693999ae2168c663dcf51941221e9b38ad6b9e30bce10108266
ui/mockups/admin/YL-M-192/YL-M-192-S03_EMPTY.png,98110,f28acf7350412330009537a6a94f5c1aa5f929cf0efa34d92bba15da2ad5ebdd
ui/mockups/admin/YL-M-192/YL-M-192-S04_FILTER_ACTIVE.png,97352,2561f32d11393a7da224e5e33cd4151fe50176e00973d871d751267fdb9b1192
ui/mockups/admin/YL-M-192/YL-M-192-S05_PARTIAL_DATA.png,108407,a015d4f4f1d023c43068fb7ec6f3aafc993012e7c9aeb6f503b6249d012139f3
ui/mockups/admin/YL-M-192/YL-M-192-S06_PERMISSION_DENIED.png,83969,e0326dfa6b3ce0fba3b068e7377c09014d64cfa14af3a7f25b51fbb3623de7fc
ui/mockups/admin/YL-M-192/YL-M-192-S07_SERVER_ERROR.png,86024,208b50de906d74e48f7c96803c4b86e0b76de5ba640a84ff04bc443043d843ea
ui/mockups/admin/YL-M-193/YL-M-193-S01_LOADING.png,72088,f38984abc731e836db408b84d02d9b01e5cd70d01e9b26aa8d6173b0bf9f77dd
ui/mockups/admin/YL-M-193/YL-M-193-S02_POPULATED.png,128105,e51957ce88f3b54862d6e23cbf331d9fc322862620cd4f08956ce3bc53a90756
ui/mockups/admin/YL-M-193/YL-M-193-S03_EMPTY.png,89568,e63300ad8e437cab13970f0975218cb4a2c0015263589ca09449d1e8a0ebd3d7
ui/mockups/admin/YL-M-193/YL-M-193-S04_FILTER_ACTIVE.png,132755,15200087503ee67321df2db3ee30c257835461ca60501cd90a803adc52aa0e1b
ui/mockups/admin/YL-M-193/YL-M-193-S05_BULK_SELECTED.png,133855,0b99b09b11ae086a8fd77ece45da090b609b99d212f8189002855ac603262e2f
ui/mockups/admin/YL-M-193/YL-M-193-S06_PERMISSION_DENIED.png,84843,d2cab6d63cc87d0c8d163fc22fa92dc6e6981bde7d5941bb1761aa18f1772fcf
ui/mockups/admin/YL-M-193/YL-M-193-S07_NETWORK_ERROR.png,87723,a94fe57bf051dd327669cfe1a357b401c2108864dbebb119818dff418650268d
ui/mockups/admin/YL-M-193/YL-M-193-S08_SERVER_ERROR.png,86880,ddee9e98380359455e35beac421b80e3c989130281566ce0985727ea26f8a883
ui/mockups/admin/YL-M-194/YL-M-194-S01_LOADING.png,72569,64164a45ef29c06b6c4a4de979ef079ee682494a2dc2dcac6a40cde87aa85c21
ui/mockups/admin/YL-M-194/YL-M-194-S02_POPULATED.png,125480,517028f959d28f49889f54f44454fcf813cc37eb1a407cceab1f4baf8185a7d4
ui/mockups/admin/YL-M-194/YL-M-194-S03_EMPTY.png,89971,b2b06cdc483cf88b756f189851e5285d44b172f2518ded3ee602e7c42934f795
ui/mockups/admin/YL-M-194/YL-M-194-S04_FILTER_ACTIVE.png,130128,e530e58d211ea6080b6353338638cf555f4bd78cdd197d906c0a7d0be242afdf
ui/mockups/admin/YL-M-194/YL-M-194-S05_BULK_SELECTED.png,131239,b7973597d02f961ae7feff6aadb68cd2d3bf4c41f0683a080e54ef674527f508
ui/mockups/admin/YL-M-194/YL-M-194-S06_PERMISSION_DENIED.png,85207,aa343815c1f1011b5c4f83f37df4fa3714093b24dd9f3e67435081bf9c16a8b8
ui/mockups/admin/YL-M-194/YL-M-194-S07_NETWORK_ERROR.png,88173,672dd9e114a29628fa1142198b157a23acc61e55ac798d78a93cba27af35e28f
ui/mockups/admin/YL-M-194/YL-M-194-S08_SERVER_ERROR.png,87297,079c5c01424fdbe85315a382abcd08a219d32ec54d8be086eb662526a44b3545
ui/mockups/admin/YL-M-195/YL-M-195-S01_LOADING.png,73349,238613e3e618e2dfd7571cc2a885800b93f935da0b12204e979afd8d0f3153e5
ui/mockups/admin/YL-M-195/YL-M-195-S02_POPULATED.png,124820,318bf10c3cb0c744f766dc77c6b931163be8139f98175fe641e87f257ad5a5fc
ui/mockups/admin/YL-M-195/YL-M-195-S03_EMPTY.png,90677,04ec1de91d08ab48e62cadd4ad87ddcdd70a2b2083d0ecfe2d66887aaa3fd38d
ui/mockups/admin/YL-M-195/YL-M-195-S04_FILTER_ACTIVE.png,129465,c2a15e97f36f79d2d34837396640584229804edb69e4291ed915125eddec36ae
ui/mockups/admin/YL-M-195/YL-M-195-S05_BULK_SELECTED.png,130559,0a2b1a72dc9418458658dc3897943e7a9dd5b350af3c665797647f6fa5ad9425
ui/mockups/admin/YL-M-195/YL-M-195-S06_PERMISSION_DENIED.png,85843,fde94ae69bdc6c425169c459e348023962e4c1222c80887fd502221da837b0f7
ui/mockups/admin/YL-M-195/YL-M-195-S07_NETWORK_ERROR.png,88951,8cfc10db52772fbabe96e682e9193c3d573d9e8ce0b653e86f9422b4eaa669f6
ui/mockups/admin/YL-M-195/YL-M-195-S08_SERVER_ERROR.png,88071,832f530b694709c3b584d3ed0fb1414a40c0461b4dcccd0e0765011bc1dc35fc
ui/mockups/android/YL-A-001/YL-A-001-S01_DEFAULT.png,120853,5430dda6a4098664beff32acf8d0b286db292bb7633e60aa81f58b8a6ef36973
ui/mockups/android/YL-A-002/YL-A-002-S01_DEFAULT.png,150807,41c74962e43fc7a8eb4ec557549fb1a013cbc644196f2fa3b739b21575d43630
ui/mockups/android/YL-A-003/YL-A-003-S01_DEFAULT.png,122109,ab2a18ec0b0c38063b52923c02ce89141929e872160e4c708aa40ee4fcc2a5ae
ui/mockups/android/YL-A-004/YL-A-004-S01_LAUNCH.png,55834,b8110919f971612a7436485b2c69af17b983128734cdda77630d4c199c79e445
ui/mockups/android/YL-A-004/YL-A-004-S02_RESTORING.png,70480,2bd0116c117656b646c6fbc2500444a86cf7a29b98f53b081b0cc425671201ae
ui/mockups/android/YL-A-004/YL-A-004-S03_FIRST_RUN.png,63998,c4b79dbf4819a29ba54be2dfe733788b70920073eafb391c6bf006f447dcc736
ui/mockups/android/YL-A-004/YL-A-004-S04_UPDATE_REQUIRED.png,84924,c1c357a0487e6dcb28e5d64b6a62d5d26ab91ff2d4b195b90baaf2ba70eabb61
ui/mockups/android/YL-A-004/YL-A-004-S05_OFFLINE.png,84013,37bf923448be9cdb98a8c17630e204087bc812d71ad93ce83ec565ef5d77c42a
ui/mockups/android/YL-A-004/YL-A-004-S06_SERVER_ERROR.png,82698,d46bdcf2bf90a5a25ed6bec4b20e93d280469296fcc601eed2b4fd47e7238618
ui/mockups/android/YL-A-005/YL-A-005-S01_DEFAULT.png,105825,890839541dcc076f0d30e5034fba2ff972e461dc1f511d01531b4c64d4723d35
ui/mockups/android/YL-A-005/YL-A-005-S02_INPUT_FOCUSED.png,113213,8e9b23a7f227846aa137a58400144ce02f1fb953bf1b3016d8f468031125c810
ui/mockups/android/YL-A-005/YL-A-005-S03_VALIDATION_ERROR.png,120468,b67aff0a9dad84b3073915918c3b452d9fd1a3ed669cf386acae1d5ccdbf44d0
ui/mockups/android/YL-A-005/YL-A-005-S04_SUBMITTING.png,112007,edf91b965bcd82dab53212f2eb887f48d264b2bbb3449c8462a77a581920d39d
ui/mockups/android/YL-A-005/YL-A-005-S05_RATE_LIMITED.png,120935,945e9b06fee48621f454acfc292c29497236b0ed635f14e10f5999e40ed35413
ui/mockups/android/YL-A-005/YL-A-005-S06_OFFLINE.png,133204,7366fada1239c3e6c301825d9ec0a8ca75792013d594eea680531616a1c8539a
ui/mockups/android/YL-A-005/YL-A-005-S07_SERVER_ERROR.png,132239,5f5154aed7d69ae9986a589d28c3f8c23f96c1c2d1da074d83db09212faff19e
ui/mockups/android/YL-A-006/YL-A-006-S01_DEFAULT.png,136314,f67f74fa5270411af76739c48d4584ebeb54663862d900ddd96285e6f369c8b2
ui/mockups/android/YL-A-006/YL-A-006-S02_SECURITY_CHALLENGE.png,142507,fc66bb009d2ef3d0f0fb01cad67d3edd9a61788dc89790a1979543342a59761a
ui/mockups/android/YL-A-006/YL-A-006-S03_SUBMITTING.png,144458,347d5dfeef26ab2929697391dcd76427bf3a09a8145ad00f382360d31460a566
ui/mockups/android/YL-A-006/YL-A-006-S04_SUCCESS.png,141807,97e91aecd562201e883177b835769f22d9204c3fc639d8d522dc646353f96d72
ui/mockups/android/YL-A-006/YL-A-006-S05_SAVE_ERROR.png,161213,021b3c3ad7accb6a1834d08c7693f816623f0aadad6e772794e117d7790e2394
ui/mockups/android/YL-A-006/YL-A-006-S06_RATE_LIMITED.png,164482,6cac6e2c0fc056b4c8cb41d6cabfb9f2d370bbc3e89d7f9a83605c7ccdd9b74c
ui/mockups/android/YL-A-006/YL-A-006-S07_OFFLINE.png,165482,b3bb9da590246c18df6f6189476215945245b280c8585de2e0993692b9484dfa
ui/mockups/android/YL-A-006/YL-A-006-S08_SERVER_ERROR.png,164090,fac2ab79c6e8b86eb911f9bcf07d8d027299c092f726f88502126f8e49eea535
ui/mockups/android/YL-A-007/YL-A-007-S01_LOADING.png,119449,0e5684791f90b6a25e2cb3360370e19c5e706401af29636da883e0372483fa46
ui/mockups/android/YL-A-007/YL-A-007-S02_SECURITY_CHALLENGE.png,118889,6d1ebf21e6613649a6f4e560d89f2d93df8f3d96900ee4112879674f1bb8c505
ui/mockups/android/YL-A-007/YL-A-007-S03_SUCCESS.png,114420,bcfcbef067eb5717b04ef58115ec2be59d560e727e9500de3f0fba481e92f983
ui/mockups/android/YL-A-007/YL-A-007-S04_VALIDATION_ERROR.png,133502,2ca2291096d7abebc3af55cb7ae8b713e5765b22b2d204e168bd59317ea171d9
ui/mockups/android/YL-A-007/YL-A-007-S05_CODE_EXPIRED.png,115977,b37eacd8f921308d68bbda6a4ff42d7db622e4228b15662a10b79f4d2a89efd9
ui/mockups/android/YL-A-007/YL-A-007-S06_OFFLINE.png,137377,3f19e4b6f0fe09cb2ba303e4dae072717542c0203d6e82a2d67309d4a779b2c4
ui/mockups/android/YL-A-007/YL-A-007-S07_SERVER_ERROR.png,135863,d68edb670dec3f3aaae1e6ab3ca762b64ea8bee76e9641e2bc1d1cc0c2ec789e
ui/mockups/android/YL-A-008/YL-A-008-S01_DEFAULT.png,117534,14ede33d7912590c0489f7a87f82972600a8a0f4828f454eb9b371111749a611
ui/mockups/android/YL-A-008/YL-A-008-S02_INPUT_FOCUSED.png,132777,186a5bfb3ab827768c0942b399aff3cc67883653f44672809d9d60151ecbae12
ui/mockups/android/YL-A-008/YL-A-008-S03_CODE_SENT.png,125801,6c82ce155243b711896d3e50ed8bb2dd22482a4017f05b0bb358a91894c55c7b
ui/mockups/android/YL-A-008/YL-A-008-S04_SUBMITTING.png,128724,76a8d64879a89d213492b59725a191e85ff85431080bd0ed9274c94ed2717b07
ui/mockups/android/YL-A-008/YL-A-008-S05_SUCCESS.png,136046,080804c4ba454e4e3a106754fba15c6ad8ec727a8b40b15eb1bc185770e61912
ui/mockups/android/YL-A-008/YL-A-008-S06_INVALID_CODE.png,124748,ab3839c50fffb1286373bd82851d371d1c5cf771a2e2fcd621346afdb40c0f51
ui/mockups/android/YL-A-008/YL-A-008-S07_CODE_EXPIRED.png,124631,19c7c3487277a242ea0820cfcf850e6b2391b071412f1c8bfbd640fc0c9390ae
ui/mockups/android/YL-A-008/YL-A-008-S08_RATE_LIMITED.png,129241,8bf06e34705dbfd454e6650d2e7286354da4e6148c849bed5918c4363aa91d22
ui/mockups/android/YL-A-008/YL-A-008-S09_LOCKED.png,140933,8a01d0f80f5334aaaa7e132fce7b60f50354f7975fa3363d0d56869ea767eea6
ui/mockups/android/YL-A-008/YL-A-008-S10_OFFLINE.png,148028,63106652ce3741f05aa6dcfde642f22102ae1da7880556362f2e7b3c61778a1b
ui/mockups/android/YL-A-008/YL-A-008-S11_SERVER_ERROR.png,146741,3f0e904e859b8c73ff8496d3bc33e2f43322d9ec6440977c217eec576e12894a
ui/mockups/android/YL-A-009/YL-A-009-S01_SUCCESS.png,107498,504d2b4640906cbea3b2c9c2ba7c16158d9e6b3307db15568bcb3eb8f8d447ef
ui/mockups/android/YL-A-009/YL-A-009-S02_SAVE_ERROR.png,121871,2a19a49c847f92d9e3dd54de037769c26fc5ef741e7a11b811f805ef20f0aabe
ui/mockups/android/YL-A-009/YL-A-009-S03_OFFLINE.png,124832,4df51c0e9e16c8042b49380b3e7fffecc9dbab8e6d7be5d4fa9be116fdd859f4
ui/mockups/android/YL-A-010/YL-A-010-S01_DEFAULT.png,143748,845580afe047996a54501953d630cd7be95761db7011eded38b4717f162f6f7f
ui/mockups/android/YL-A-010/YL-A-010-S02_INPUT_FOCUSED.png,134782,11c3d826cf7a6f8dc72c72230d1e83a14c05be8c32384747a126c58a3fadff85
ui/mockups/android/YL-A-010/YL-A-010-S03_VALIDATION_ERROR.png,166328,c764e3f05dc19b39e73e996f1e7f464bcd7a7e830166841d746782cc411110ff
ui/mockups/android/YL-A-010/YL-A-010-S04_SUBMITTING.png,150667,8d16d418aed3a7c47f40614747b67dd4f6656728d334c5ce162e291d2850cac0
ui/mockups/android/YL-A-010/YL-A-010-S05_DISABLED.png,148361,47caa520c012ee0649fa7cb6256cb275fe7f9e458817cac8cf433638856ed4bf
ui/mockups/android/YL-A-010/YL-A-010-S06_OFFLINE.png,171615,8388512a79093d4ed9c71ed763447424c0b916552f9f59f73aaa6688117081c6
ui/mockups/android/YL-A-010/YL-A-010-S07_SERVER_ERROR.png,170097,87a37260e95b04944bcbbc077d23cfce8842a933687e908d4f2b446f3eedb3bc
ui/mockups/android/YL-A-011/YL-A-011-S01_DEFAULT.png,147667,523d931519280741c94bef7d9a3a5b5baafdd42f3581d17fc6fc74370cb95220
ui/mockups/android/YL-A-011/YL-A-011-S02_SECURITY_CHALLENGE.png,153607,bc6c7a63142ea233a0f4fb92d7d78901f023cc4bf8ac1bf19eb2498f7eeeb64d
ui/mockups/android/YL-A-011/YL-A-011-S03_SUBMITTING.png,155504,cc3d4237ecb8c73fe62482da5f14f9e2b1bf8928fa2c1e7de0ef56f0767e70e7
ui/mockups/android/YL-A-011/YL-A-011-S04_SUCCESS.png,152930,68c9caadd99acad0dd5a333ef4d623fc9213aa887183023c17c3bb509dace91a
ui/mockups/android/YL-A-011/YL-A-011-S05_SAVE_ERROR.png,171442,58e20e9508be17fa18d17b20e9413a92428d43afbc3d810e459909aa78b6ab39
ui/mockups/android/YL-A-011/YL-A-011-S06_RATE_LIMITED.png,174785,c62e962e9650d96a021b8b948fa18b65698c2c5871192ec30de429157d13a45b
ui/mockups/android/YL-A-011/YL-A-011-S07_OFFLINE.png,177316,a4c8ad8f302ef3788de48bd8d3c16150912476b5a0ab71a8ce8b1d439f78f25e
ui/mockups/android/YL-A-011/YL-A-011-S08_SERVER_ERROR.png,176002,6b2ede592e1b71d6d8c7e171b83ee36a35deeef80cad9fbc8b892c70614cb5f3
ui/mockups/android/YL-A-012/YL-A-012-S01_DEFAULT.png,122665,d951d848e8be0e68e2e4747220f619ad2ab3df243b74a947395f318c9646aceb
ui/mockups/android/YL-A-012/YL-A-012-S02_INPUT_FOCUSED.png,137911,6a42dda0f0228b588dfd15ac2bba468d3405a2de21ee442575a1b267c6c1bff4
ui/mockups/android/YL-A-012/YL-A-012-S03_CODE_SENT.png,130883,ce41e496012434e125a84aa152c6b97a2a3ff2bafbb9add2380614df1ddb5593
ui/mockups/android/YL-A-012/YL-A-012-S04_SUBMITTING.png,128980,e1e23c6c24e9f4c6149e6b845d1fcd10e434ef4f07d5bf00de4a8f0f4f41ec1a
ui/mockups/android/YL-A-012/YL-A-012-S05_SUCCESS.png,141265,04fa7df500a7968642be98957e20dbd3bb64126553b3c6d1018ae80a5c0a5aa6
ui/mockups/android/YL-A-012/YL-A-012-S06_INVALID_CODE.png,129769,7dcc71cbb6ecddb48a1631bd2a67c5a7c8cdf965a6ae7d6e71d17249e5144f51
ui/mockups/android/YL-A-012/YL-A-012-S07_CODE_EXPIRED.png,129725,6cc22f5f35b04b37d26946ab672212ef9780f180e7e544c38fa424e330aaf5b7
ui/mockups/android/YL-A-012/YL-A-012-S08_RATE_LIMITED.png,134306,fc585dff4c286b2051f67db897f116ac5bed91408dfbab7d6257942cfed60a31
ui/mockups/android/YL-A-012/YL-A-012-S09_LOCKED.png,146154,b47973b7c22d898db7887de9c379ef384f2a3b131d1731c5cdec951d7e2938a0
ui/mockups/android/YL-A-012/YL-A-012-S10_OFFLINE.png,151938,7a0014074faa172ce4892c7aa7c203d8edc882a5c1edafbae5091fc230d8227e
ui/mockups/android/YL-A-012/YL-A-012-S11_SERVER_ERROR.png,150630,b144169095f7be121a9d71c035a5aa73f2cdab058a53f91dafc4a08b4a348c79
ui/mockups/android/YL-A-013/YL-A-013-S01_SUCCESS.png,118738,e208f1a3c7a02368d95edfce1de4dcab6862e2f68d365445d1c1abea931fd608
ui/mockups/android/YL-A-013/YL-A-013-S02_SAVE_ERROR.png,131675,29d874664ead1e60292d52eaab4e2838fc2f49befb3ef5432f13c3f8521a8a5f
ui/mockups/android/YL-A-013/YL-A-013-S03_OFFLINE.png,134693,a757b2ba6d24b15becb865c2feddf30e6e9afa30dacb44940748ab86f801838e
ui/mockups/android/YL-A-014/YL-A-014-S01_RESTORING.png,168916,c183aeee45d24ea944745b31d9cf3a6eba5c008fe417941a698794ba6cad8a87
ui/mockups/android/YL-A-014/YL-A-014-S02_SUCCESS.png,174781,856adb4f0a8d5341c46931257ccb0c781c9ae95f09bc8c6ae70ebfd86848a7b4
ui/mockups/android/YL-A-014/YL-A-014-S03_UNAUTHORIZED.png,183208,5d45e906674912dd9ab9a9d9157bd751bb0a8714313cb47ea91216059c3ac584
ui/mockups/android/YL-A-014/YL-A-014-S04_OFFLINE.png,185078,15241406a7a77d77388ceeabda65cae37d513eaabd5978ea640c396a1c906849
ui/mockups/android/YL-A-014/YL-A-014-S05_SERVER_ERROR.png,183805,2990d6c6e147545c582e9593ac63469422f54bf48149c885fbfb3e4d8cc68a0b
ui/mockups/android/YL-A-015/YL-A-015-S01_DEFAULT.png,173037,3882757eb3b8fd396f2f7a1ad367252f4340eaf878b3f11fd3eb0133bc4aeebb
ui/mockups/android/YL-A-015/YL-A-015-S02_SUBMITTING.png,175431,6cabba2963a92c2f6217141eaf50b7cd5eefcd490fdaa602851658c9a49fc978
ui/mockups/android/YL-A-015/YL-A-015-S03_SUCCESS.png,177434,63313a26e0cda3b6a6ce1227ca3b6583b561d755369729b2ba2da6c25ef2c823
ui/mockups/android/YL-A-015/YL-A-015-S04_SAVE_ERROR.png,184164,bee4d6854169d774914d530f1a1b9681bf2d44ab6bd48925a663a4a38a433471
ui/mockups/android/YL-A-016/YL-A-016-S01_LOADING.png,74793,1e38ae8450c59e142220ff9374721e5778957dcb54694e44fdeeda9154b7c30f
ui/mockups/android/YL-A-016/YL-A-016-S02_POPULATED.png,126140,0de31531431336b43f97e676564968c1527b2224a3ec3bad1a01cbe30532259b
ui/mockups/android/YL-A-016/YL-A-016-S03_EMPTY.png,108831,76d3c4f048af951fdf60c4d6c2678f58692f389f8f204df613174451e9d3f0df
ui/mockups/android/YL-A-016/YL-A-016-S04_REFRESHING.png,146836,58bf12b449e0f2d01b5a5b45466a72de45812a6b6d2f45e45d900191cccfee01
ui/mockups/android/YL-A-016/YL-A-016-S05_UNAUTHORIZED.png,151183,bb33fda2947525056d11e560d93b441e5f3c5d33e040f7faa66871ac55a32510
ui/mockups/android/YL-A-016/YL-A-016-S06_OFFLINE.png,152021,75912a96c509dac7defcd2fb92ce48530d3054e29a5e28dc54f3770fc807cc66
ui/mockups/android/YL-A-016/YL-A-016-S07_SERVER_ERROR.png,150722,46cb49311d09bf136f2b71418889455722da0f06703be55c9e30a6b045db59f1
ui/mockups/android/YL-A-017/YL-A-017-S01_DEFAULT.png,158813,d9b5d721e3bed957e9fbdf75cb925d4366766ca9fd7721dc9b94bffc41702be3
ui/mockups/android/YL-A-017/YL-A-017-S02_OFFLINE.png,170388,a7f67fccd0561b263a7a50d9ea733915f8b5c4131c33ac109d7c9475a5eb88c1
ui/mockups/android/YL-A-017/YL-A-017-S03_NETWORK_ERROR.png,172878,2078da5d57a4192082821a3d8a3ce59be1339f58612b6d1d9295f9cb08939376
ui/mockups/android/YL-A-017/YL-A-017-S04_TIMEOUT.png,165969,9eaf89e0bb42d7cce048f50b26b3a9c1817b8c2c31601788c0543dcabaa47357
ui/mockups/android/YL-A-017/YL-A-017-S05_SERVICE_DEGRADED.png,176149,0f5064a917903fd1f125e06f837960b94565a744de27445003b3e7b6e2844d2e
ui/mockups/android/YL-A-018/YL-A-018-S01_LOADING.png,71701,9eb38e31b4323e1611b869f4ebab1bebc742aed239dfb6c0dbdda047dccd5648
ui/mockups/android/YL-A-018/YL-A-018-S02_POPULATED.png,166021,e19f553d5ffc0e8dca828066198f17c1e853bc8d58fc28e599f6973e577007dc
ui/mockups/android/YL-A-018/YL-A-018-S03_EMPTY.png,98495,7fe8ccead294e4de07fa4828e06f7ff7f6257e13610a743c78737141827c7158
ui/mockups/android/YL-A-018/YL-A-018-S04_REFRESHING.png,177351,f902ef45bef320528ea4fb28832713bf7180d308524f33361b8b95e01af4fb46
ui/mockups/android/YL-A-018/YL-A-018-S05_OFFLINE_CACHE.png,174863,35959dcc340c4cea9932eafb11a805fad02c2cb63fbb1429ff25da3b7358e55a
ui/mockups/android/YL-A-018/YL-A-018-S06_NETWORK_ERROR.png,102984,dd213855991e4d12790c19c6769990e04b0794a5854a7c78b02cf5c1eec0aa14
ui/mockups/android/YL-A-018/YL-A-018-S07_SERVICE_DEGRADED.png,105747,54be2c9cf475494c0bab7783b7a0b5a529b1bd3eae09e77d979dc9389c769de5
ui/mockups/android/YL-A-019/YL-A-019-S01_LOADING.png,73429,87d47e23180c3f4b7485ee60432956c137eebfa88cf0faa464f1f853aed9c0be
ui/mockups/android/YL-A-019/YL-A-019-S02_POPULATED.png,102258,a344ff9edf7eac33f7f609d35fd407b737e561290723e97731a1990fdfa0675e
ui/mockups/android/YL-A-019/YL-A-019-S03_NOT_FOUND.png,97764,f486d6bfcd8da84f047e952d50f426f0314c0e8edc4c6e8663fe87789028f387
ui/mockups/android/YL-A-019/YL-A-019-S04_EDIT_MODE.png,109752,35e343668eec09c6809fab899ca68fb3d79585e013a7e6f0a183e45d42b3f238
ui/mockups/android/YL-A-019/YL-A-019-S05_DIRTY.png,109615,f1791631357bd6ac33bec2f0379e9ba7608a913b4b8354b554015ee7f10bb997
ui/mockups/android/YL-A-019/YL-A-019-S06_SAVE_SUCCESS.png,118279,ce36a7a7f9c0887dd7d8815dc5a4588caaaa9d0fda9bc1160a417826e30ec94b
ui/mockups/android/YL-A-019/YL-A-019-S07_SAVE_ERROR.png,122206,59a94f883b15e262e46c34cd339acd89cb699ba2835af1953a610110610d4b1b
ui/mockups/android/YL-A-019/YL-A-019-S08_OFFLINE.png,107586,a555cf386749413d65b97f42c8c60c1e6092f70c369c68cecb72131a42601b71
ui/mockups/android/YL-A-019/YL-A-019-S09_PERMISSION_DENIED.png,97401,53f06ee1a2dab6bb25ef9fa0c0a681b0aa3a3b7d071d865fb05b96915132ed50
ui/mockups/android/YL-A-020/YL-A-020-S01_LOADING.png,70483,34ae0d9a8e9692ba45b8d37f06f5541c74ca8fd86883c09b47340934050401a5
ui/mockups/android/YL-A-020/YL-A-020-S02_POPULATED.png,103360,7b32a3f7392c5a306c588432583780438847a3ed12cbddb771e62a49b02c16ca
ui/mockups/android/YL-A-020/YL-A-020-S03_EMPTY.png,97084,5afaa9bc2423d4155350348465f95996d4d0a6534f980facd22415ae508eba58
ui/mockups/android/YL-A-020/YL-A-020-S04_REFRESHING.png,114731,a6b4deb41cea766421350c9e560547acf0050e946d7d5f2e199b429a96beaef6
ui/mockups/android/YL-A-020/YL-A-020-S05_FILTER_ACTIVE.png,113590,d79f30a0af9b2dbaa9e5b592afd862523e7c44e9b71fc473441026c36a1cd094
ui/mockups/android/YL-A-020/YL-A-020-S06_OFFLINE_CACHE.png,114016,5583c44596a25494dabc2c03810a0b4d31b6537b470f46efc7e0aabfb07f8417
ui/mockups/android/YL-A-020/YL-A-020-S07_NETWORK_ERROR.png,101416,d63137333a672a1d86773219e362bba6aaafae796a412002b943f0e7b389b720
ui/mockups/android/YL-A-020/YL-A-020-S08_SERVER_ERROR.png,95731,50c910bc60c8536b57a7dc1deafffad336d1161ce65d0006f018c6b9ea874021
ui/mockups/android/YL-A-020/YL-A-020-S09_PERMISSION_DENIED.png,94988,132a08066ede4b2dc14c4434500833fd54593a8b2d7eb5342d047d8c0519fb22
ui/mockups/android/YL-A-021/YL-A-021-S01_LOADING.png,73054,df22d0ae6bc188c263c589dd0633d511ed742335388410956a3b4747596823b3
ui/mockups/android/YL-A-021/YL-A-021-S02_POPULATED.png,122399,95fb7a2dfd8169a2db7231fcce4d72a759eb3d12e6ae227c54f5bc4df43e6b50
ui/mockups/android/YL-A-021/YL-A-021-S03_EMPTY.png,101455,48675907a9a3ff42b7c7371345b4c6691d65cbbff4d6afb47a676d8c93d50b93
ui/mockups/android/YL-A-021/YL-A-021-S04_REFRESHING.png,129108,285b341c886b46c4321b5f3938840dca6e9ac24b73b5812cb90356f5bcd6c561
ui/mockups/android/YL-A-021/YL-A-021-S05_FILTER_ACTIVE.png,132264,29fcd42b4966a6f52cd5f3a96c134fd433a77055aff03f93bec2181d35f87624
ui/mockups/android/YL-A-021/YL-A-021-S06_OFFLINE_CACHE.png,134291,a92dcef0c756250f33cb9d53c8c317df9e7df257635e22d6a21061b59cd4329e
ui/mockups/android/YL-A-021/YL-A-021-S07_NETWORK_ERROR.png,105817,5327cda55ec02a1a68b03ff74350fa48944237975d9fda82b62e47471c3a54c4
ui/mockups/android/YL-A-021/YL-A-021-S08_SERVER_ERROR.png,100162,435f56f2391f62cc9413adc22d2c5f596a420d9afb97ff7ee591132539789ec8
ui/mockups/android/YL-A-021/YL-A-021-S09_PERMISSION_DENIED.png,98877,d547fa9b0a04ba3fae188362a793fbd988e107fbacd73f347167915c114ece7e
ui/mockups/android/YL-A-022/YL-A-022-S01_DEFAULT.png,154335,c1d011b95bddf6b46dc730622165fc732f980c0babbbcebcd460df8541e61bf3
ui/mockups/android/YL-A-022/YL-A-022-S02_SUBMITTING.png,170811,7e6a13f0cf3d9625a289f18bd19a39e99423fbe0e3feecce43e79ba278767818
ui/mockups/android/YL-A-022/YL-A-022-S03_SUCCESS.png,168503,76959690f42cf883f16d4336021285fbc8cb7732a16565e956f94a0d46681a81
ui/mockups/android/YL-A-022/YL-A-022-S04_SAVE_ERROR.png,171718,d0426251ad36183c65b653bc789be196183a02eeee7e510620fd359f7ced53c9
ui/mockups/android/YL-A-022/YL-A-022-S05_DISABLED.png,168730,52e90d78ad4e32447fd04d75e9ea7d7690e2b2bc130a95c98db07e63af10680c
ui/mockups/android/YL-A-023/YL-A-023-S01_DEFAULT.png,178734,453a28b77532da226149b8860e7ef2e10f4373fbf65c9e1e1f7585e8529d036f
ui/mockups/android/YL-A-023/YL-A-023-S02_INPUT_FOCUSED.png,194323,a825d473fae3f513138f67e55e0a24b5e697d96d5b07f993dfea8fcaeb391d13
ui/mockups/android/YL-A-023/YL-A-023-S03_UPLOADING.png,185790,3affcdfee2888ad2c1dbcbde8821fa7833617c873b9bdbd8bf2d86c455b4496a
ui/mockups/android/YL-A-023/YL-A-023-S04_CONNECTING.png,190072,539fe9df1182d42a18b2fd1d9c50c9471ad4d68637eb70a18c2cc6b0b5925437
ui/mockups/android/YL-A-023/YL-A-023-S05_STREAMING.png,182368,19f0ce4c4051f63309664b4e5511590dcbc8c53c24050fcbb14ec00704296632
ui/mockups/android/YL-A-023/YL-A-023-S06_TOOL_RUNNING.png,193272,a0e496681e9a954b1c5f4750d2c8672067482a018489d2738d6f1698f1dd9b05
ui/mockups/android/YL-A-023/YL-A-023-S07_COMPLETED.png,188471,fa810325851180a918439b3a8f09fc0a5a551d58a3a59a23687cc57478d74ee8
ui/mockups/android/YL-A-023/YL-A-023-S08_STOPPED.png,193442,00b7b593f1f4c9fb84301eb66aeef0396c695099e52e103d552e99f6db2fdcf6
ui/mockups/android/YL-A-023/YL-A-023-S09_RECONNECTING.png,180919,0dc9e7f3a75496530bbd339785c285773d7291301ffb89163f3074692f530d61
ui/mockups/android/YL-A-023/YL-A-023-S10_OFFLINE.png,111909,fba74904af547eb33306b54ee0b7b93b7ed357280259ac34ce5f162dd5733172
ui/mockups/android/YL-A-023/YL-A-023-S11_RATE_LIMITED.png,214280,87568c78a6337c5f264daa241586d01f6ab874c9b50b49d0d9133211862fb053
ui/mockups/android/YL-A-023/YL-A-023-S12_PROVIDER_ERROR.png,211969,e9e545e037483f8f6e5d8b19eda98b7b45ea01c721ecefa704abf4c3c8762c7f
ui/mockups/android/YL-A-023/YL-A-023-S13_CONTENT_BLOCKED.png,215670,f1c579d795ce0373a38b62868e080795e4262c198cfe52d79941594d85258caa
ui/mockups/android/YL-A-024/YL-A-024-S01_DEFAULT.png,121371,f299564cc9b50284e027143d0ef8f193001b61c19cb529be1187f886ab903fba
ui/mockups/android/YL-A-024/YL-A-024-S02_INPUT_FOCUSED.png,109906,a6cf6fda3e0a78cdebcd94b9e2589c403c3b5e8455314c70a4429a1b353960ab
ui/mockups/android/YL-A-024/YL-A-024-S03_UPLOADING.png,113549,03dbd23223966315f402aa2b9b8ffdec2dbe3ea8caba7d3fee33901ddfb82e13
ui/mockups/android/YL-A-024/YL-A-024-S04_DISABLED.png,94674,945fcb79fc928b732bc09dc4f0a6140ef336407421843ec552ba78f077c2c2e8
ui/mockups/android/YL-A-024/YL-A-024-S05_OFFLINE.png,110472,abf4ce8aa572002c7267166c9410ecb6479f92886c98aa13836c57bbbf0ecb8f
ui/mockups/android/YL-A-025/YL-A-025-S01_OFFLINE_CACHE.png,149229,ae96a589a1ef5963d1b1712d8c051bbf77b5c760fb04f31f2a913cfbc95ac6c3
ui/mockups/android/YL-A-025/YL-A-025-S02_REFRESHING.png,153128,352e38a4abcfa511c4eca9c874a43c563e102c19b3184f611095a9e66be6f25e
ui/mockups/android/YL-A-025/YL-A-025-S03_NETWORK_ERROR.png,106903,a6184a991b4034a840423e1c759f939d5aacec9c8469fb826c9c5e9e771a7d86
ui/mockups/android/YL-A-026/YL-A-026-S01_CONNECTING.png,135040,6edf3591c2175d422ec5f3a09b9d25d920b23eecd5d8b2d7136ba34934c78e94
ui/mockups/android/YL-A-026/YL-A-026-S02_STREAMING.png,134628,b74ef656607de8f54b46829299029a4a6bba5a6cd4172c3dd411ab92d6fc59d5
ui/mockups/android/YL-A-026/YL-A-026-S03_TOOL_RUNNING.png,133214,faa183d016a0caf972d82a573b1ea8c82f289a4939f78b0a56b9841492f91496
ui/mockups/android/YL-A-026/YL-A-026-S04_COMPLETED.png,133050,2b1c9796f9601957391e5e6fa5d2b30dd1d1ce1530860c15afa0d496f09ccadf
ui/mockups/android/YL-A-026/YL-A-026-S05_STOPPED.png,134430,a677d353cc12b1e11cfd84554848cd0fdec25569f50b2e5b580531593cf8cdc8
ui/mockups/android/YL-A-026/YL-A-026-S06_PROVIDER_ERROR.png,155090,78ed8af78a69fdcdbe51b0be1c751657d9b2d40444011cc4260a4410a26cc354
ui/mockups/android/YL-A-026/YL-A-026-S07_CONTENT_BLOCKED.png,157854,30a0e186dcc8f6db3a09a9dec48102d93a8bd0a04e08dc96ec4f7b2e90bd5c22
ui/mockups/android/YL-A-027/YL-A-027-S01_DEFAULT.png,138920,c5f9f74a562b85df4bbcc33284163dff83d08b7bc3fd9039d953d1c61474dbd5
ui/mockups/android/YL-A-027/YL-A-027-S02_COMPLETED.png,137434,18196b86ee3737125b8b43508260c53f3dd46534ac0011d5ecb76b0a1a6f4073
ui/mockups/android/YL-A-027/YL-A-027-S03_CONTENT_BLOCKED.png,149405,c06c98cd79eacaf1ca0d421586c0c6b5a4e37d71c59b779ab1b38b4329421300
ui/mockups/android/YL-A-028/YL-A-028-S01_DEFAULT.png,139525,3dd689c955f3ac10b0a43967291e0ff38a481dd222b71bf09b29e67a9f317cba
ui/mockups/android/YL-A-028/YL-A-028-S02_COMPLETED.png,138829,a9e467428b16f8ef7499d87944c52a6e1fdf58a89223daf07b7c3422313cb203
ui/mockups/android/YL-A-028/YL-A-028-S03_OFFLINE.png,147660,3fb697646dc572ff42355137035425827589e330aa2048006c595c753ba4b9bf
ui/mockups/android/YL-A-029/YL-A-029-S01_DEFAULT.png,140233,69907b3ad9fb6c7ec410cad3dc27fdca0113512c272e8d68cc2984e39fa535cd
ui/mockups/android/YL-A-029/YL-A-029-S02_COMPLETED.png,140755,53bf8c719e1eb0bdd65043d635d1fac5e85275174da97f988cd47ae2176ffaf8
ui/mockups/android/YL-A-029/YL-A-029-S03_NOT_FOUND.png,143267,bcc9225fc7a71f82e97456410242c66a92fb537f56c9e6fd8409d018e8a8652b
ui/mockups/android/YL-A-029/YL-A-029-S04_OFFLINE.png,147253,57fcf4c05f37d714547b353a7cf8ed269f3c305361ef6787d0f0eaf52ac89397
ui/mockups/android/YL-A-030/YL-A-030-S01_DEFAULT.png,112598,e07b3aa474d6a3e9d016d458a11366a677f3ac488ce7059bcc941912d1649bce
ui/mockups/android/YL-A-030/YL-A-030-S02_DISABLED.png,86407,b90e52993b612b5abd5bae31182f4fc0bbbd50fbba9ef6fe4ebb5eb46b341124
ui/mockups/android/YL-A-030/YL-A-030-S03_SUCCESS.png,111933,b09d13c534d1355189324a382b681a9bc05222d7408d49ef751cebd643f3d472
ui/mockups/android/YL-A-031/YL-A-031-S01_DEFAULT.png,113599,7f6a66e40b20b5beb838f03e78c6d79392284b5e4614c73cb82fcca522edc93b
ui/mockups/android/YL-A-031/YL-A-031-S02_INPUT_FOCUSED.png,137974,375fe572b484dbd0bf560199f061011451c32bfe72ce7aff19f1f8a7eb59655c
ui/mockups/android/YL-A-031/YL-A-031-S03_VALIDATION_ERROR.png,126585,5d8d193ef1ba847e04230ba923fc8a77fe7cdde898a496715fb7872fed52b5ce
ui/mockups/android/YL-A-031/YL-A-031-S04_SUBMITTING.png,132980,0a5766413ac4d11d45ff81fc7807988761d8f82562673a62136cc459d1c8e2c0
ui/mockups/android/YL-A-031/YL-A-031-S05_SUCCESS.png,129174,3c610a4a0d35b35a4e567834cd693fc893b106d196e7267729980d596295f310
ui/mockups/android/YL-A-031/YL-A-031-S06_SAVE_ERROR.png,132755,93479b578be268b93ec32b83b0e35b89e8f752d755c029a43a0e879b89611957
ui/mockups/android/YL-A-031/YL-A-031-S07_OFFLINE.png,107710,3bbda1d5b86fda6579b7b6783c68ee77657c404f09e74edc87870c9c60ecda7e
ui/mockups/android/YL-A-031/YL-A-031-S08_DISABLED.png,119638,28ff4ce66e6d6c9f7916a0f5d6c69d325c52cc199c88f157f607abf7da95c20b
ui/mockups/android/YL-A-032/YL-A-032-S01_DEFAULT.png,118197,ff4a5947d5249277300628578d03427a60fd4d4d704b1ad1fbbc73627facf1e9
ui/mockups/android/YL-A-032/YL-A-032-S02_INPUT_FOCUSED.png,106568,85c92af6e658b83f66f4868eeaf303d45f5d74e93d66c2252c7d536a516c14ca
ui/mockups/android/YL-A-032/YL-A-032-S03_UPLOADING.png,110224,c857214d308d8276cfac0a12e774676d1841998b72ce0172e8aa3c0f978cf216
ui/mockups/android/YL-A-032/YL-A-032-S04_DISABLED.png,91242,767d55fc9a657398cc78cd4db7452ee81aa2850867f05f505da14c763b9ed4de
ui/mockups/android/YL-A-032/YL-A-032-S05_OFFLINE.png,105897,b3173061b3ee3ade09d04eb1c29b9d74f10b48922ef9066dc8209530fb4360a4
ui/mockups/android/YL-A-033/YL-A-033-S01_POPULATED.png,201309,7a02bb599961f0a4ea1b2da2535d0095bde8c2a318e3821c44e6e9f991888bd7
ui/mockups/android/YL-A-033/YL-A-033-S02_FILTER_ACTIVE.png,207405,efbc733bf45b9cb3637018140da84797b7878711b8184e87e792a5cc6a094572
ui/mockups/android/YL-A-033/YL-A-033-S03_EMPTY.png,209816,1f5281cb7adf6aced3ffe75a95eabea0c7f26b95d8ae2f2d3106f016bc6723ed
ui/mockups/android/YL-A-033/YL-A-033-S04_DISABLED.png,224435,cda8ba2648dc7f84f3293b3517023bf653f5fc305302f663e850bc4bc263b15e
ui/mockups/android/YL-A-033/YL-A-033-S05_SERVICE_DEGRADED.png,230374,514832519d56ecf5625607b8b9a41607ea97da811e813921ff63a6d73c1d0f8e
ui/mockups/android/YL-A-033/YL-A-033-S06_SERVER_ERROR.png,225592,0965bcc74fc510c2176a158999a3f5555c3cd1157634b535b944ab727487a408
ui/mockups/android/YL-A-034/YL-A-034-S01_POPULATED.png,182091,92b49c97ac1395f2e9f1aa7e74c5517698c347dcb51f278466f8b8ebe3ed2ce2
ui/mockups/android/YL-A-034/YL-A-034-S02_FILTER_ACTIVE.png,188551,c585743087858f80802f8a42937dfbc418ebb7354955dfbd0ad879c2f97677a4
ui/mockups/android/YL-A-034/YL-A-034-S03_EMPTY.png,190140,90eb6b37b80d390e460192ba71bdf8fe97ccaade50f6786a2c9e93adf4f09247
ui/mockups/android/YL-A-034/YL-A-034-S04_DISABLED.png,206080,cbb04a78c1f4f67721ea440fbb774b855ec63fd6914c62484bedf93a39ea177c
ui/mockups/android/YL-A-034/YL-A-034-S05_SERVICE_DEGRADED.png,210981,1b70e45783e2d2e4083417ad895a4a73fe152389d1642e65b8fcf06c477c163b
ui/mockups/android/YL-A-034/YL-A-034-S06_SERVER_ERROR.png,206449,d197efa8386e94f77e82f0739abcbfcf29bdac6f44e7debd1bb9461eeec4861a
ui/mockups/android/YL-A-035/YL-A-035-S01_LOADING.png,67640,1778a081903e6bf1663b71436fd2d3a575a995a1537ff63b693803d14fa1a678
ui/mockups/android/YL-A-035/YL-A-035-S02_POPULATED.png,84805,9c5c36b466124402e5e42f7f060fa35f8a9ab560e638b5467bbff75335275813
ui/mockups/android/YL-A-035/YL-A-035-S03_EDIT_MODE.png,101067,42865a7c4233e20661975aa6eded436e5bfa62883cf3755c6e6746f71462e700
ui/mockups/android/YL-A-035/YL-A-035-S04_DIRTY.png,100809,504db5de286d3fd9cfa76c8abc26ca493ed162db9eb4fd008bfd5bc7af9e5c46
ui/mockups/android/YL-A-035/YL-A-035-S05_SUBMITTING.png,105787,6e96dc1d98526740295939c763d8c6a1dea4186a36f36a083f24aa977eb56b67
ui/mockups/android/YL-A-035/YL-A-035-S06_SAVE_SUCCESS.png,118770,ef06f1379433aadafc0ccb74ed6ec024a1aa9ad3bc9362eb97c343ffca227fdb
ui/mockups/android/YL-A-035/YL-A-035-S07_SAVE_ERROR.png,122580,23124ed92aa2d7cb529976c1446cf675e62b1468260994a979d71a17e78d5a36
ui/mockups/android/YL-A-035/YL-A-035-S08_OFFLINE.png,103487,93ba7e0b843d060a8371cb2e552a4c744d5ffaf9db83b5576a976e641a49d1f5
ui/mockups/android/YL-A-036/YL-A-036-S01_LOADING.png,70431,f7fc7ca47c2474536a235f92335585ed69c11c1daa2f1dd97bbaf82021559b8b
ui/mockups/android/YL-A-036/YL-A-036-S02_POPULATED.png,83482,d8c968137564b6a944f5155e8808e2cfea34343e827dc90b39a825572cd81f6b
ui/mockups/android/YL-A-036/YL-A-036-S03_EDIT_MODE.png,99783,bed220e42467779a2af48dc1164e401dcaba6ca1811c7c81e93e05f44aef9504
ui/mockups/android/YL-A-036/YL-A-036-S04_DIRTY.png,99547,b5c14b6734ad01d388c0d73b3d61c73e54a60db100c3d3c89411dd41f0333144
ui/mockups/android/YL-A-036/YL-A-036-S05_SUBMITTING.png,103147,9455df07d7972231c4c4e62d7fde5577e767de23d93aaf3e97c3c355a2c65b4f
ui/mockups/android/YL-A-036/YL-A-036-S06_SAVE_SUCCESS.png,115823,f7f4db06ba2ef9f0af9dc3bfafe925de7cdac937f8bd9f961f19c5544a6b0832
ui/mockups/android/YL-A-036/YL-A-036-S07_SAVE_ERROR.png,119614,1b9a36887b987d27e76cc21bc64b376e8cac524ea412b4f7241acd7bc59fb42d
ui/mockups/android/YL-A-036/YL-A-036-S08_OFFLINE.png,104720,9cd9b6505d5186c7abb1e657161e2364544b2774755e4f6f74f8994680ff4500
ui/mockups/android/YL-A-037/YL-A-037-S01_DEFAULT.png,131452,df8970f6758c2df13d654dc952c2da2a29f3cafd634848588a36027842827178
ui/mockups/android/YL-A-037/YL-A-037-S02_SERVICE_DEGRADED.png,147058,656fc2d5afc7fd6109e272e4600b874f5de03dc3cee88cb61b6d674436dccd4e
ui/mockups/android/YL-A-037/YL-A-037-S03_DISABLED.png,134435,fff544594b6691655aeef951d713b7aaeca6731f94ea949947dbc32e2a459929
ui/mockups/android/YL-A-038/YL-A-038-S01_DEFAULT.png,150716,53024b24fb0a7896cab709ed1e07af13bb5cf7525d3dd17f1c7103f99c43bb0c
ui/mockups/android/YL-A-038/YL-A-038-S02_SERVICE_DEGRADED.png,164960,438920da58df8c9f48a863407687ba18e2ac15bc81251939a92c2f7ad3ca9df8
ui/mockups/android/YL-A-038/YL-A-038-S03_DISABLED.png,154222,8cdb8bf0604710081b3a0b2b4350b92d240f9ebd3510a0074a957bb603bb4fa0
ui/mockups/android/YL-A-039/YL-A-039-S01_LOADING.png,73902,87d94bac647b2d16cc25a31323e034af86d1c851acf374e06e146fabbe3ded8a
ui/mockups/android/YL-A-039/YL-A-039-S02_POPULATED.png,113282,c717a0e6c2875bec3e416ed5a0230db6e077b020ec476dccefcb36f8a73f6c8c
ui/mockups/android/YL-A-039/YL-A-039-S03_EMPTY.png,100938,0ed19e83bd5ef9eea3869c7094819e8cbc5280d691091eb962a389e7dc01169b
ui/mockups/android/YL-A-039/YL-A-039-S04_REFRESHING.png,122785,3379e4800ef798e676e9d5fd0c6195d51607e9aba0181861fac6e44b7cd8978b
ui/mockups/android/YL-A-039/YL-A-039-S05_FILTER_ACTIVE.png,123298,5cc42e21c8173046967bad35849705cc54a8b46af01b44f40a2237368061dfe8
ui/mockups/android/YL-A-039/YL-A-039-S06_OFFLINE_CACHE.png,124549,29f4e070f6689dfecbeb620ab3ab822eae337e45694a6e0fbbddc8b54fe8ad33
ui/mockups/android/YL-A-039/YL-A-039-S07_NETWORK_ERROR.png,105193,2f79ea5835edc477e7eb9256d8d48584001fac065ff4907166b993c52a6cbfe5
ui/mockups/android/YL-A-039/YL-A-039-S08_SERVER_ERROR.png,99628,f64fdcc5aea5e15b234528a7cc9a39a478c8bd3f7a99c1b4eb2236db0d27b356
ui/mockups/android/YL-A-039/YL-A-039-S09_PERMISSION_DENIED.png,98551,c51c5b9854fdf17100459b7c3eb37e9e5ce431079f85ad5dc5ff998525472447
ui/mockups/android/YL-A-040/YL-A-040-S01_DEFAULT.png,92352,f10d2486addb4336cd1d3fbf6d0502ae197202878cdc5d92a596aba6c50930cd
ui/mockups/android/YL-A-040/YL-A-040-S02_INPUT_FOCUSED.png,116527,ab8086965b4719b85cb6f2c86c7d5e81ded74df68657822579f29e6b2d432e82
ui/mockups/android/YL-A-040/YL-A-040-S03_VALIDATION_ERROR.png,100836,4a817c88b6a0993713bb80bd25200b5aaa12ebd4049f85fb8da60025cd13831a
ui/mockups/android/YL-A-040/YL-A-040-S04_PREPARING.png,116546,3f17fffd26d64f9336bea22057ef5c154e97ba83c5a3778c46f7ae42d41eed82
ui/mockups/android/YL-A-040/YL-A-040-S05_RUNNING.png,109148,0b24556748e0766789aef6299a515dd699788a4ccb7006766d49ff942303ff51
ui/mockups/android/YL-A-040/YL-A-040-S06_SUCCESS.png,111146,0bc4d079ae46a4a1d2d54cd237d3064097a30986fd22ae5d7341ff1b8b8e27d7
ui/mockups/android/YL-A-040/YL-A-040-S07_FAILED.png,132067,fd3a6c0de21744f2070a85fc48a73e1bb7fff373287f7b7622f4ac8a3209b4a2
ui/mockups/android/YL-A-040/YL-A-040-S08_OFFLINE.png,105764,7d9f88c304e64e34c5647295581632fbfce0725724eb6affab327fa0c9f885ed
ui/mockups/android/YL-A-041/YL-A-041-S01_LOADING.png,70349,9e7dd482b08338cdf977f6cd241e7b2b24c000b663f038e7e874eaaca7e36089
ui/mockups/android/YL-A-041/YL-A-041-S02_POPULATED.png,139664,d3a970163d5d6e5aada0c9d54d99a24c684d92ed3f41f36a19c1bf1f8235996e
ui/mockups/android/YL-A-041/YL-A-041-S03_NOT_FOUND.png,97165,4fe32df9b9123251c81e154ec51f640b00f7bdc727d8dc27c50baacfcd40c220
ui/mockups/android/YL-A-041/YL-A-041-S04_EDIT_MODE.png,149234,bad5a20a6dfeee0ee94beac43033515236c0dc54d045d877e000b506f1827040
ui/mockups/android/YL-A-041/YL-A-041-S05_DIRTY.png,148892,a3e782fb2c303de44a974aeefdedf7c7788e9400d6bfa2f9ef258df0061e3554
ui/mockups/android/YL-A-041/YL-A-041-S06_SAVE_SUCCESS.png,153329,bd7bfdb6fed02cdc30ef9715610fb55f0019236829f5c33758488ed3217b2a4d
ui/mockups/android/YL-A-041/YL-A-041-S07_SAVE_ERROR.png,157219,c89a4efca64036c175053635104f8c38efb8d1bbaea32d0f4fd20fcdf3e73fad
ui/mockups/android/YL-A-041/YL-A-041-S08_OFFLINE.png,106139,bdb6e0cc6b7c2fa9478f3f9d50f32826b7cba50add998919c53f46dfc2e7c754
ui/mockups/android/YL-A-041/YL-A-041-S09_PERMISSION_DENIED.png,96789,9b7ef38f74c6ac737848070c8716bb617004c89424f2448ad97284dfc438b16e
ui/mockups/android/YL-A-042/YL-A-042-S01_DEFAULT.png,145211,14c09cc43931a7316920a57872f211928cc5c9bd6cbb32506f2fb8ba499ad37f
ui/mockups/android/YL-A-042/YL-A-042-S02_SUBMITTING.png,148873,bf8b8f45c71da6bdd0880a00c79bcedbb040a5591e2a787e147a3cb223228cbd
ui/mockups/android/YL-A-042/YL-A-042-S03_SUCCESS.png,146433,b1f1a4be969a49854ccc878cbdbf644bdeca7a9932fff8ba43be2a8397ac2034
ui/mockups/android/YL-A-042/YL-A-042-S04_SAVE_ERROR.png,149907,e2033db9c99f6f90e341eb973f1f6f699fd730a986baec049a3f4b27e54fe503
ui/mockups/android/YL-A-042/YL-A-042-S05_DISABLED.png,146241,8b19ba8168cc4b492e9ae1da1bcebfaee0c83d5be6c6df08958d0ca0c455bb40
ui/mockups/android/YL-A-043/YL-A-043-S01_LOADING.png,72721,8a638a18138c71636b77cd2c77bfd19c74c3390945c30f7e2dba6469cb5d2041
ui/mockups/android/YL-A-043/YL-A-043-S02_POPULATED.png,111934,626cba86498b2822d1fbbaa33ad5ae90679048b8df0050e08e28af4ca6a5351b
ui/mockups/android/YL-A-043/YL-A-043-S03_EMPTY.png,101071,d02eae32b4882815aa1aaafbebec0f408e1fce89a18f71a911aab4d20f317651
ui/mockups/android/YL-A-043/YL-A-043-S04_REFRESHING.png,124457,b2fafb8b75739fca938f3e1870f0eaaeef1eea2a5312613bfcb31eac3295270c
ui/mockups/android/YL-A-043/YL-A-043-S05_FILTER_ACTIVE.png,122295,a13dfd70d181dba7f55bbf131842451c45fc824d112d247de0a0b011b5246525
ui/mockups/android/YL-A-043/YL-A-043-S06_OFFLINE_CACHE.png,124217,f13f59c6ace529dfc11fc9b47ee3f22f1af0abe43c1b75663a6300eb2d19d1c9
ui/mockups/android/YL-A-043/YL-A-043-S07_NETWORK_ERROR.png,105503,0b6735fba1899414857b71570c7eb9b5b6a4a5becb0c8a6f508078d9f55ccf98
ui/mockups/android/YL-A-043/YL-A-043-S08_SERVER_ERROR.png,98131,716e649d5e877ea51bb1ba0223b253bd32567d188bb65edd25882b3966c384db
ui/mockups/android/YL-A-043/YL-A-043-S09_PERMISSION_DENIED.png,97682,09016562f9a2180f914355bb66af73c11af1761ee9dedc4b84375417ec536fe8
ui/mockups/android/YL-A-044/YL-A-044-S01_POPULATED.png,164593,2b42fc374ce0faa07f9c3aa405d32f0867032e3d095a5d3bfa4c471ebecba4a5
ui/mockups/android/YL-A-044/YL-A-044-S02_FILTER_ACTIVE.png,170945,7a09864b7476495f667772fd0f281b3608fa4263ea2513fff9db8be683e43649
ui/mockups/android/YL-A-044/YL-A-044-S03_EMPTY.png,171761,b69f0ff81235fe5349c11bd725c53eefc62224bd305f4e431ce26d5743ec3075
ui/mockups/android/YL-A-044/YL-A-044-S04_DISABLED.png,187758,dfda4fbcc20f71eb718893d57938fc9cd90af4aff6d7ab3c14a2418b3d62841f
ui/mockups/android/YL-A-044/YL-A-044-S05_SERVICE_DEGRADED.png,193483,0831f1cd05d3667ba6bb73119d330d6f57ee5c8570f93b5ec5307e9aa2a0d17c
ui/mockups/android/YL-A-044/YL-A-044-S06_SERVER_ERROR.png,189376,93c45f2a478afeb9d4e5348cfdccfa6428f6456caf9acfd3fbc183dff91cb96f
ui/mockups/android/YL-A-045/YL-A-045-S01_QUEUED.png,118534,967a9900af7a88b324e6998dba4dcf84f423646fb9316ac7669cc16905ca2d8d
ui/mockups/android/YL-A-045/YL-A-045-S02_PREPARING.png,123066,58f4fac92a63017fa5c3c779499997d3106003932cb8d020a941f091c1bf14be
ui/mockups/android/YL-A-045/YL-A-045-S03_RUNNING.png,115956,887445f3f156c2d876b502ec69f9227f2de76608bb1335d7d75c74713064f4c5
ui/mockups/android/YL-A-045/YL-A-045-S04_CANCEL_CONFIRM.png,126653,4c75efff7d00a419450013133a84148bab4857dea854841fa512d580d68878f6
ui/mockups/android/YL-A-045/YL-A-045-S05_CANCELLED.png,106586,5dedb178d86ecc2ce080bd14da029c19d5dad70d06ed218df08acbd0dd4f5a7b
ui/mockups/android/YL-A-045/YL-A-045-S06_SUCCESS.png,119272,c7789bb920b8c95c2c0435dc17966e62630d6f2b3822b1303bf231f3a2aa81ad
ui/mockups/android/YL-A-045/YL-A-045-S07_FAILED.png,138791,ba7dbd0c126ce19e4a949d0f7238711d3499c1491bbe1ddf5e9cc7423f575150
ui/mockups/android/YL-A-045/YL-A-045-S08_RETRYING.png,117364,490df31d1021e515a912d8da8eb7d30ac05f93ad7c7c082776de99c343c2dbbd
ui/mockups/android/YL-A-045/YL-A-045-S09_OFFLINE.png,102252,75d2d818f626f74c79d4a895f98289d16932b8e20819e957b84535057df180db
ui/mockups/android/YL-A-046/YL-A-046-S01_DEFAULT.png,110022,c7e6c27729f606c3b8769ff1dbf6bff5450f26a2ef8363fc9e259bdbfb1eed46
ui/mockups/android/YL-A-046/YL-A-046-S02_UPLOADING.png,98801,2eb43e182fcd6c4eee4b037f89b536f1b507b1935e858a123d395f3e072b2bb8
ui/mockups/android/YL-A-046/YL-A-046-S03_UPLOAD_FAILED.png,105193,208158040993f7d09c4bc8e95d66fcd4a7ef82f2d9c5bf8e1e6aa19baec95c32
ui/mockups/android/YL-A-046/YL-A-046-S04_SUCCESS.png,100386,22115cfb63899ab7a84db3f90b90d86799e0fee9b2ea1a2f8293e0c05939c78d
ui/mockups/android/YL-A-047/YL-A-047-S01_DEFAULT.png,112749,0a043d99fa401e081062ab2b9d18f3c8f32d3fd53f34de14bb460566373ca20b
ui/mockups/android/YL-A-047/YL-A-047-S02_UPLOADING.png,101656,702104bce6d3de4eca169281f1e23b6ccffc1253fced24143304b02ae355c6a5
ui/mockups/android/YL-A-047/YL-A-047-S03_UPLOAD_FAILED.png,107893,ee3b256ac0eb5ff1b6072ea7ee11594a987bcbd269c722389d6a871a36cb776c
ui/mockups/android/YL-A-047/YL-A-047-S04_SUCCESS.png,103161,94e66cac618be5cf2bb4f061c5c728bdf5d0e9191be62840fdbbbdb90baf29c5
ui/mockups/android/YL-A-048/YL-A-048-S01_POPULATED.png,203669,2ba2dd98cdf9b29605612ef889d6e88162dd4b03f1f520b1baf3f060e1bd4e78
ui/mockups/android/YL-A-048/YL-A-048-S02_FILTER_ACTIVE.png,209887,1a4a95b11bd101a4f6e4ad5987df5466c459f5c4f28ed2d2c98aa04a3952ce39
ui/mockups/android/YL-A-048/YL-A-048-S03_EMPTY.png,213724,3400018b8e4efb7ef882904ed383a3cc7823e98f5912ad4c0580f3ee0d79ad3c
ui/mockups/android/YL-A-048/YL-A-048-S04_DISABLED.png,226819,1a1230cb0bedd98993116b15fe99b34ccbebbd895737001886714df4b0f758a6
ui/mockups/android/YL-A-048/YL-A-048-S05_SERVICE_DEGRADED.png,234463,561436a4a8d4b50e465d83c8f8bba0fe98cb669b4192c430504bad21b4aae0f5
ui/mockups/android/YL-A-048/YL-A-048-S06_SERVER_ERROR.png,229893,de5bd9e5befa7c3c3103044b4879cd879f580f378c800bb430f28198f405b7da
ui/mockups/android/YL-A-049/YL-A-049-S01_LOADING.png,75207,07aa35b84795870943ade3dcd5fa768ce5282242bab2afc575b4d15f0e47e362
ui/mockups/android/YL-A-049/YL-A-049-S02_POPULATED.png,111699,f3df8528ee5eada3251b5d4b4bb846d2c5c1ab7c659d3a46c894a56dfff5059f
ui/mockups/android/YL-A-049/YL-A-049-S03_EMPTY.png,101900,cd4d66e13d4f9ddbe4ad8c3cf4ca50bc19eb16a9d4f7410b29f48d9cccb8afd2
ui/mockups/android/YL-A-049/YL-A-049-S04_REFRESHING.png,119964,284c2cb5b0b4a1b6b0b931829bec3c4204eff5075af464c75a8136370b4fe4c1
ui/mockups/android/YL-A-049/YL-A-049-S05_FILTER_ACTIVE.png,121174,9021464c9aca3b266badf14c828cd982de937c05a42e92699d64c2e573c25d7f
ui/mockups/android/YL-A-049/YL-A-049-S06_OFFLINE_CACHE.png,123715,0455995c1542feac5395c7943e59d7096c1ac87bb8047c402e902a194509c1c7
ui/mockups/android/YL-A-049/YL-A-049-S07_NETWORK_ERROR.png,106382,821ba9ba21dfd4cd4550b163c83c2a2aeb5c2964b39a06955df4417a16717c7e
ui/mockups/android/YL-A-049/YL-A-049-S08_SERVER_ERROR.png,100672,12d2cf3a0146537bd134b331b65025cffe497123668b7c9a4c1c70234c387652
ui/mockups/android/YL-A-049/YL-A-049-S09_PERMISSION_DENIED.png,98810,8a274b40fcb101ff458888c7afe133ef82943f23f4ed620039526066c5637c92
ui/mockups/android/YL-A-050/YL-A-050-S01_LOADING.png,70899,06051abf700b72838d426c5426e00a694a367bc183ffccbc8666afbad9f1eec0
ui/mockups/android/YL-A-050/YL-A-050-S02_POPULATED.png,123924,358b3a4e05bc42982a8a774b5dd2fd7393a3ee742ce8979f9cb7d8301838c9bd
ui/mockups/android/YL-A-050/YL-A-050-S03_EMPTY.png,99367,233845f62b93ba0c1f2cddefd5d93dd5a07c7d361db9f538a5f16047408bac73
ui/mockups/android/YL-A-050/YL-A-050-S04_REFRESHING.png,132043,45778a69b8d9fd6e6e1be31cf886a85085b4f08d1de02c4d4b5c34068ebbe87c
ui/mockups/android/YL-A-050/YL-A-050-S05_FILTER_ACTIVE.png,133846,5a3bc38527ded5d086c242dc8f0130edd9e41c2191d7b38a7afb122dd70142ed
ui/mockups/android/YL-A-050/YL-A-050-S06_OFFLINE_CACHE.png,135663,bfcd5df87700f7cedda10b94cf1e246628efc6b3f02f214b7e9ad64e9fea54f2
ui/mockups/android/YL-A-050/YL-A-050-S07_NETWORK_ERROR.png,103737,d2a741b49aeaac2620625a3c949f0226efc05e2acd2e14a2ae6d9f4f18c0423c
ui/mockups/android/YL-A-050/YL-A-050-S08_SERVER_ERROR.png,97999,727b4e5afe7fc372fd4abee167703c7a6fa5d17e818a6eae9b06236c7a44e8f5
ui/mockups/android/YL-A-050/YL-A-050-S09_PERMISSION_DENIED.png,96979,4cb6bd979a925a07a9323134d39cc8cef94274c9062bacbebd384cc991091415
ui/mockups/android/YL-A-051/YL-A-051-S01_DEFAULT.png,110388,8d5388a35d17144f1b9ed1f9cda1f82f3213da785e4e0a09327f1244d114a395
ui/mockups/android/YL-A-051/YL-A-051-S02_SUBMITTING.png,128505,0586a999d0951ae3fe878c5c64c1c65db66fab366909944f95dfc97c3604ed79
ui/mockups/android/YL-A-051/YL-A-051-S03_SUCCESS.png,126388,cf68aa0c0dfee49981d31d3821e23b5bd90fed62d715bff16e1481ba6f98b4e4
ui/mockups/android/YL-A-051/YL-A-051-S04_SAVE_ERROR.png,129733,2db2bd20b954668c1bda7352ed4d54c0db597c6c4b47ba670d43e01313ccc8b5
ui/mockups/android/YL-A-051/YL-A-051-S05_DISABLED.png,126442,1d82a9d00bb957da81fe0eaec7079bb160fd0f9cbcf79d6488d55c90639c2b73
ui/mockups/android/YL-A-052/YL-A-052-S01_LOADING.png,69343,97f413023bff6ff48104a90ace45ab70a9301f93b071a7f792be2ab7af6c23a0
ui/mockups/android/YL-A-052/YL-A-052-S02_POPULATED.png,94434,1b29ed577600a4c7e52edfd906528d46945268103b4066488d2c95b31d7c147f
ui/mockups/android/YL-A-052/YL-A-052-S03_NOT_FOUND.png,94010,a768691afc8af8efa593ee954d73df3e29c639d2dd18f75bcdc5e3eea6f866c2
ui/mockups/android/YL-A-052/YL-A-052-S04_EDIT_MODE.png,105292,bd1c74bd3e0039a66139496d32ae7c7b3249d537ea27a4e574bdc8d0ae246121
ui/mockups/android/YL-A-052/YL-A-052-S05_DIRTY.png,105076,79df291e2d2ac187dafff9d89b401dcac54aab7ba70050533b44db34aaba501b
ui/mockups/android/YL-A-052/YL-A-052-S06_SAVE_SUCCESS.png,111995,ce081cd66bb55e1297a2c500d799d5c8c36ed925b7286cec42788d8f179b8da3
ui/mockups/android/YL-A-052/YL-A-052-S07_SAVE_ERROR.png,115899,b881391b759eb0ee9f735ae50be2722f222b4fb53fefb79487957c9907351e92
ui/mockups/android/YL-A-052/YL-A-052-S08_OFFLINE.png,102815,bee915be72a2bcee9091c5a4666b49f2848ce5442013b676e55ac2a8fde05a2a
ui/mockups/android/YL-A-052/YL-A-052-S09_PERMISSION_DENIED.png,93581,96ff43b6bb894ff2c3a612edfbc771ccd34d8e37dc3c8ada0b58dee453ae8399
ui/mockups/android/YL-A-053/YL-A-053-S01_LOADING.png,64580,725b7b4a7d2c54fe0152af8a8049920379eb7d6019bc9bc2582808a858833b9f
ui/mockups/android/YL-A-053/YL-A-053-S02_POPULATED.png,98301,a9739d4823657314d82580458474ecdf79525fd0d774d440961357c827121b8f
ui/mockups/android/YL-A-053/YL-A-053-S03_EMPTY.png,91738,967042ffb61eca2d8e41f36d273eea4cea466ae2c2177ec0ec780ba50e668a51
ui/mockups/android/YL-A-053/YL-A-053-S04_REFRESHING.png,106347,4d5e3b588c8779ae3b62a30a2784152b8516d995483110c4e6edb29d08a9e2f8
ui/mockups/android/YL-A-053/YL-A-053-S05_FILTER_ACTIVE.png,108201,da3353d32fb09861ebf4fbe9b0b4f1a32565c9be6ddf8fcbad43f9f03da52ef3
ui/mockups/android/YL-A-053/YL-A-053-S06_OFFLINE_CACHE.png,106963,be63eaf454e3122bb279d2b3b3eec7f72213ac8032fad2ef427961269ad77cdc
ui/mockups/android/YL-A-053/YL-A-053-S07_NETWORK_ERROR.png,96297,0f5967604b5f0065653202fcff1ce219a5cb9bd6997addafcb0ed74f0a26a88b
ui/mockups/android/YL-A-053/YL-A-053-S08_SERVER_ERROR.png,90328,04ed5a618e57942b321ddd60dff04b0c16828cb22bcec0d9c7e70a8bbc4a64e7
ui/mockups/android/YL-A-053/YL-A-053-S09_PERMISSION_DENIED.png,91733,07a6627d45ee869e330fb0ae3eb3cc1f3d922bb25bfc2d5783c47c6ffd62a43e
ui/mockups/android/YL-A-054/YL-A-054-S01_DEFAULT.png,97532,3008b24dc1de9f116d48acbf4b4d578b64c8ddb25951724caaaa9a170520ee4c
ui/mockups/android/YL-A-054/YL-A-054-S02_INPUT_FOCUSED.png,121933,7591ed21db7cfa48363b5bdfd62990be4adfa16c51a83c47b5fe9d5e63a20890
ui/mockups/android/YL-A-054/YL-A-054-S03_VALIDATION_ERROR.png,110137,a60318b1c978c28bbed61a469a6e8a146eb3c2fa96b16669737ec7f15d1474b9
ui/mockups/android/YL-A-054/YL-A-054-S04_SUBMITTING.png,118978,e322a3b9e3d350960ddbbeedbba1858eacd993651b471bbf7351c2be3d9acc18
ui/mockups/android/YL-A-054/YL-A-054-S05_SUCCESS.png,115078,4a9134600ea9fd866f4f5dedb80a741585c8c4bb16f3916fba7ec98cebc8f626
ui/mockups/android/YL-A-054/YL-A-054-S06_SAVE_ERROR.png,118502,0d88b7c49e6c738758b23e4320cb6804ca0b4bfb10c9429f4aba280f1d1833a7
ui/mockups/android/YL-A-054/YL-A-054-S07_OFFLINE.png,105546,69b3ee772009d99f26eb5917a59bceaf2e138cbfcda4c8cd2bef1be368121c26
ui/mockups/android/YL-A-054/YL-A-054-S08_DISABLED.png,103257,e40a4d59a22a9a25fd9b387cba8b77fd57d0d523477981e514e1db4b68442b1f
ui/mockups/android/YL-A-055/YL-A-055-S01_LOADING.png,70874,3ee4de69bdd2c797d17c1e1d8e6d5ba76f08de19f6e409b468c06811456c9cc2
ui/mockups/android/YL-A-055/YL-A-055-S02_POPULATED.png,94806,c212d5ef81cbeb5c3d46974bd2f6619ec852c6a02fa10d40eb22467ce65ecee4
ui/mockups/android/YL-A-055/YL-A-055-S03_NOT_FOUND.png,96714,4c15ec76213d2abd26d1141e191eb0b75b5316f28b90495f475b06c96fcf2fb1
ui/mockups/android/YL-A-055/YL-A-055-S04_EDIT_MODE.png,105757,d8ab39e0505b4331a8ea8cc72315c739ac8e6b5bb240fcbdddb0aa56de3ee139
ui/mockups/android/YL-A-055/YL-A-055-S05_DIRTY.png,105526,246f86722190d9b018c76de038610543ca14400be989cb20d3cdc022b0d5bae2
ui/mockups/android/YL-A-055/YL-A-055-S06_SAVE_SUCCESS.png,110382,8fc6bc8205310768d7e2418ac0c8ee719b566717f259224f18aad342f0b5bfaf
ui/mockups/android/YL-A-055/YL-A-055-S07_SAVE_ERROR.png,114342,ce841912bd48fe4e3ce16a9c7a06995290e376c6ff538a253f5770c23e7c5097
ui/mockups/android/YL-A-055/YL-A-055-S08_OFFLINE.png,106711,c29d0b91f0a1ea8c774e11e2aa6fca373a9f563d7b83047da7d10ee822f32f59
ui/mockups/android/YL-A-055/YL-A-055-S09_PERMISSION_DENIED.png,96343,80a9d05173cbbe4b62016b993c75d29c6c6b182be7bdf3a84f27939f9c608a55
ui/mockups/android/YL-A-056/YL-A-056-S01_LOADING.png,71597,7f08214466c6bccab6c2a93ffc745276c27e3a650634e317abfb91c72fac618f
ui/mockups/android/YL-A-056/YL-A-056-S02_POPULATED.png,80420,617b80c43559f5147b21484d3b84c6414bb199ab139bb404f405cd36590c71a9
ui/mockups/android/YL-A-056/YL-A-056-S03_EDIT_MODE.png,97167,e84f41a66da02fd5c764d4c80e7f7dd98d0f997da24e59bb1bfd72013ce8be17
ui/mockups/android/YL-A-056/YL-A-056-S04_DIRTY.png,96819,e153df12bf1ba19d8954639d839d58bab15a434cbe037467758bd88cbc003a16
ui/mockups/android/YL-A-056/YL-A-056-S05_SUBMITTING.png,102771,0ead0a8587d2d182c73bf99e2b189b07c7992f1c869f338925e5ade17c076c7b
ui/mockups/android/YL-A-056/YL-A-056-S06_SAVE_SUCCESS.png,115708,f81381e2216f16cafd260d41306149384452a3fffc8e7cbbbbb46fefdcca2e09
ui/mockups/android/YL-A-056/YL-A-056-S07_SAVE_ERROR.png,119482,e6db6049d76ac6fd82d9689baa6b13655e0c4c84e4275bbf09a449af42046586
ui/mockups/android/YL-A-056/YL-A-056-S08_OFFLINE.png,105921,d09b19dc5377cb22943955010eac754c78389005f22088371dd758a2764b936f
ui/mockups/android/YL-A-057/YL-A-057-S01_LOADING.png,67800,3a900c346576ad999a8d7c5f4ac621dc7c088739c1eeafefaa29b0bcbf2eb162
ui/mockups/android/YL-A-057/YL-A-057-S02_POPULATED.png,76646,c030adde321b670e18b4f222dd454edcbf1cffda1867445e89c6f1d8fbf17214
ui/mockups/android/YL-A-057/YL-A-057-S03_EDIT_MODE.png,93770,5cc5e94942dce53d365244d736c312102e5cb64286d7f676c8eba06fdcee6731
ui/mockups/android/YL-A-057/YL-A-057-S04_DIRTY.png,93471,f78799f79dd474e04197d13bc5a6b40b5601e4b5244d3f1351c6e40e2834579d
ui/mockups/android/YL-A-057/YL-A-057-S05_SUBMITTING.png,100808,f228c1931e09c65ef844439f83a469882f89a974907a2a1aae96b8ca31ccb71c
ui/mockups/android/YL-A-057/YL-A-057-S06_SAVE_SUCCESS.png,113483,ddd0cfc819a512e4cfe43eb5dde889965084a07bdc5ea097453bb832e393d378
ui/mockups/android/YL-A-057/YL-A-057-S07_SAVE_ERROR.png,117265,22c718e5b7329221c9b76d298b9e08ea32e98dc0bb74e02a4cb33878adc489e6
ui/mockups/android/YL-A-057/YL-A-057-S08_OFFLINE.png,103766,5c89bfc5c95b7ab9102afb00b72995ab73cb6d59662225ed5aaa2ebe90902aab
ui/mockups/android/YL-A-058/YL-A-058-S01_LOADING.png,69816,69c6ce9f07135e77054d8268bf233cd577f1a254ad4abe7ced92010bbec364bb
ui/mockups/android/YL-A-058/YL-A-058-S02_POPULATED.png,108657,064a4579953dae1af1ab404d9718d7ac4e9f8a340c47e5f755cbb28d7faaa952
ui/mockups/android/YL-A-058/YL-A-058-S03_EMPTY.png,96580,66f43fc920edf340ea42050588006da17b9878973ffc6e1003f8c2be8f98f417
ui/mockups/android/YL-A-058/YL-A-058-S04_REFRESHING.png,115177,9b1f30cfef528b592ab81138dd28f9911a89c7e8660853294a12bfc811165199
ui/mockups/android/YL-A-058/YL-A-058-S05_FILTER_ACTIVE.png,117694,4baf5346014803d8df7e922fd12103d85d578884504c94c309cd2a45f0aaba45
ui/mockups/android/YL-A-058/YL-A-058-S06_OFFLINE_CACHE.png,119457,8241ef16e2993d2ba029a98797a0a0fabd65ee1178a2927e3947343e810e2fe1
ui/mockups/android/YL-A-058/YL-A-058-S07_NETWORK_ERROR.png,101147,c2614c7b28f53083fbab6f6d125ec87fadadab943270fa4002fbe7e057076994
ui/mockups/android/YL-A-058/YL-A-058-S08_SERVER_ERROR.png,95273,445660939c681a02ce794c7a52ce49cac685db28dcb206996ba6d11fe623a90b
ui/mockups/android/YL-A-058/YL-A-058-S09_PERMISSION_DENIED.png,94484,4a0a914a724b7cf08c8e58a40594c49e5f563632eadf1de096c63f1c9e2ed08c
ui/mockups/android/YL-A-059/YL-A-059-S01_DEFAULT.png,121422,577d3b9d7e1ad7214cd1e139aaf1f3d2d7498081d44a6240a28cfabbdd545144
ui/mockups/android/YL-A-059/YL-A-059-S02_SUBMITTING.png,135522,6fe1a9527a3f3ef944f522b8831a2c357867d9031f76c8b932d59e0992aa5f53
ui/mockups/android/YL-A-059/YL-A-059-S03_SUCCESS.png,133293,502b36816946acb6d6f0d89d9e449728333e26e2bd947f73a9da64f2267e8c0e
ui/mockups/android/YL-A-059/YL-A-059-S04_SAVE_ERROR.png,136632,b6c1a9b78950bb1289cc72e73864357bed963325ce2f5ef3b66743681d48e9c3
ui/mockups/android/YL-A-059/YL-A-059-S05_DISABLED.png,133372,b0337cabb73af05d7d7df4bfcc21a60d48f72cf3a6e6c8b8263267fee6e705a4
ui/mockups/android/YL-A-060/YL-A-060-S01_DEFAULT.png,149225,7a8a0f69464a927ca30bb7c7937f6c7ab5d3aa2720b8bed88e6361d2b3b8ffb5
ui/mockups/android/YL-A-060/YL-A-060-S02_COMPLETED.png,150602,563344a8fc71aff14fddde530799fc0d99456c7f5276961260749c5e55ba9168
ui/mockups/android/YL-A-060/YL-A-060-S03_NOT_FOUND.png,152898,7980831f44e9daabf1cbc6bbda50e4c686aff40d93c2f39ba65a2598301873e6
ui/mockups/android/YL-A-060/YL-A-060-S04_OFFLINE.png,157556,17747f2c7b835687869f7479f8cc8824976404769ccb96f5de4e02b77070d9ba
ui/mockups/android/YL-A-061/YL-A-061-S01_LOADING.png,70031,084454cff5985b2f2e1f36f3363b864b1f6366584ab8129289f4ebde415e9447
ui/mockups/android/YL-A-061/YL-A-061-S02_POPULATED.png,110103,d9baa011280892c2b6e12ad427d5a4e254f07118cf48d4b817ffa2e048820ea1
ui/mockups/android/YL-A-061/YL-A-061-S03_EMPTY.png,98384,1abb5184b9db438675e4ad59b8aea1ac488012d0a9e53e21fec07be76f99478c
ui/mockups/android/YL-A-061/YL-A-061-S04_REFRESHING.png,118867,6464e3030a58fc3bfc6d1f8f44ba6932fb2bcad32e8462edd47627fe2053ed12
ui/mockups/android/YL-A-061/YL-A-061-S05_FILTER_ACTIVE.png,119766,fcd5f378b776eda187dc41f2c6522afa443ff796dd20f41abeb87bdac73b8dfe
ui/mockups/android/YL-A-061/YL-A-061-S06_OFFLINE_CACHE.png,121108,55edc115b7fa86da9e6894c17f02979cab2e7dd18fea59870131c4e7ce5c33d9
ui/mockups/android/YL-A-061/YL-A-061-S07_NETWORK_ERROR.png,102886,da76e130f6f86b5bda83448e97e28ee6653caf68f5ba532c8a2334dfab9cc87e
ui/mockups/android/YL-A-061/YL-A-061-S08_SERVER_ERROR.png,97050,26f1b65c9a6f9e79d4be963e0db61979ac63d60eed5fefd108e54cabba527f58
ui/mockups/android/YL-A-061/YL-A-061-S09_PERMISSION_DENIED.png,96039,13b56f86c01bb1771edbc3646b9b5e12594dc077036d847d49d50cefe13c20f7
ui/mockups/android/YL-A-062/YL-A-062-S01_LOADING.png,66740,59302da4efd786162f1634a5ffddb8a1117c8d33d844444431f5e3395c1e9336
ui/mockups/android/YL-A-062/YL-A-062-S02_POPULATED.png,108007,5bd519cd489a964d4f2699f6ba9b7de5d87352e3521a10566b154328eb460aec
ui/mockups/android/YL-A-062/YL-A-062-S03_NOT_FOUND.png,94134,ffdb1e70cc7e1e24784761eddc52270169c707aeb047b99775383a9f27dd7b31
ui/mockups/android/YL-A-062/YL-A-062-S04_EDIT_MODE.png,119004,80cb464d4b13bfaf95c7c61217464c33b378ec92de1727b051673f2b7ceb5410
ui/mockups/android/YL-A-062/YL-A-062-S05_DIRTY.png,118662,a383df6632a1f3b4e71eaf00df01bf3f0233ce10e8575164f888706833923c7c
ui/mockups/android/YL-A-062/YL-A-062-S06_SAVE_SUCCESS.png,124715,1c739af140d4b77a1612c8a96b626d8ec3a20828a8a9acbdeb491080ea92c6d8
ui/mockups/android/YL-A-062/YL-A-062-S07_SAVE_ERROR.png,128609,96b0e4769ef57e5b7e7889631282c14d6524ff091eef26da99f37ce9458d7eac
ui/mockups/android/YL-A-062/YL-A-062-S08_OFFLINE.png,102703,9fb0ccb9c3263fbcdd483f957a5d7fdcf02a2637fd0cb84e8c008a8c830ad0f2
ui/mockups/android/YL-A-062/YL-A-062-S09_PERMISSION_DENIED.png,93716,5cceb4770703e3454e1d5c28294d302e39befda85a1489771c412c45d0437f6b
ui/mockups/android/YL-A-063/YL-A-063-S01_DEFAULT.png,91287,5f4e09d02fa7c547d2cf96d6d03f1f470d0a42bd24fa3d4e9438657b83855c82
ui/mockups/android/YL-A-063/YL-A-063-S02_INPUT_FOCUSED.png,115244,e603aedbcb9a8f7945d5688b34dab9f34851ed66c86a496f3e1ea034e4aea029
ui/mockups/android/YL-A-063/YL-A-063-S03_VALIDATION_ERROR.png,99714,8fac2f07f317abfc3832b0dcefba40d125c35c5c2d17ae6be30c9a2a502d37bd
ui/mockups/android/YL-A-063/YL-A-063-S04_PREPARING.png,115195,8dbc202b642f140e0fd2bbf3fcbaff0692f3e0d8ecc189b14ecb2567d4439f7f
ui/mockups/android/YL-A-063/YL-A-063-S05_RUNNING.png,107580,f87175ecebb54269c0504f0182279d25223fd20acbc288cf3dcdf87cf77204f4
ui/mockups/android/YL-A-063/YL-A-063-S06_SUCCESS.png,109546,2e2a3a68108ae8ad9ca165b45ece018d6ac1cc3a1bec83b746ef97242d4bd1f1
ui/mockups/android/YL-A-063/YL-A-063-S07_FAILED.png,130457,3e829d1c73027b93a04e0f8ed55e2bf3094f45dc13eab5d914704da8a1d96aef
ui/mockups/android/YL-A-063/YL-A-063-S08_OFFLINE.png,104971,ea8de36cacf5d2e5cd15e5cfeaca1fb3e7a9f882f4f8798b67cdcfa7bb3a94f5
ui/mockups/android/YL-A-064/YL-A-064-S01_QUEUED.png,118251,be8387a764c7c222139ccbea3b31eb46e73016587ce7a86b7241d840626b7945
ui/mockups/android/YL-A-064/YL-A-064-S02_PREPARING.png,122758,392a20f24dd45269d510cfd8e1e9b4a95c5ea688bc3e4402a1b1e267e4b08889
ui/mockups/android/YL-A-064/YL-A-064-S03_RUNNING.png,115650,ca31deaa51854a5e8d5bfc1d8b6233051655b4bbc5fa4f86db1ba3abd76b55c9
ui/mockups/android/YL-A-064/YL-A-064-S04_CANCEL_CONFIRM.png,126376,734520a84fe0732e2ed9e7bd981ea594eb8e70a87ced323b8c11a186aff00f3e
ui/mockups/android/YL-A-064/YL-A-064-S05_CANCELLED.png,109293,f71f7e45c3faa84e182e00464b42a7045e4322f83bfe78f9f7ca9d46c937bf4d
ui/mockups/android/YL-A-064/YL-A-064-S06_SUCCESS.png,118857,7d9a67528570b01c4c85cf03832adbef4c0656beb73a15d7fcff9f4a6e1917a5
ui/mockups/android/YL-A-064/YL-A-064-S07_FAILED.png,138459,803891c884ef00a63cba2b086d37b3e6f9cd10611c99986991e3ca42728e2d4a
ui/mockups/android/YL-A-064/YL-A-064-S08_RETRYING.png,117078,b15d9f2f3414878983161439113359bebf804455b974c27ed6b1a92af401dee8
ui/mockups/android/YL-A-064/YL-A-064-S09_OFFLINE.png,106101,3d65aa73c17aa56e7dc6bac963d36aff07692a26cd190bb0a67e40aecff9ae3f
ui/mockups/android/YL-A-065/YL-A-065-S01_LOADING.png,70021,079625efe9159c9f45a346bbd9b33a70b3c7f19b2b19e93fb466ea993891798c
ui/mockups/android/YL-A-065/YL-A-065-S02_POPULATED.png,90774,d4c9dbb2dfd4d339bc014d2b63ff141fcd8e2e48e95413bc6e7f6d4fec7498d7
ui/mockups/android/YL-A-065/YL-A-065-S03_EDIT_MODE.png,98553,b92f25208cccc6a949a92c11050bec9d7b9edb3b9c6adbc8efc8151b990b5727
ui/mockups/android/YL-A-065/YL-A-065-S04_DOWNLOADING.png,101314,aa7f44273790cf7bae5d7a09e304f8d7ce07a66353173bd37dc2fee20447c53a
ui/mockups/android/YL-A-065/YL-A-065-S05_SUCCESS.png,106800,f6de28127517095c954a3278c1071c6418cf5c9f2492ac0865b250f2602d6517
ui/mockups/android/YL-A-065/YL-A-065-S06_SERVER_ERROR.png,95260,6834bf0d400b1a8a703bf23e2be3ec3b91d6325af432d14928623f20db41b97f
ui/mockups/android/YL-A-065/YL-A-065-S07_OFFLINE.png,104040,bc1311bd572d8759e819811b22cafceafd3da0de261199c8b9c3f0be253180e0
ui/mockups/android/YL-A-066/YL-A-066-S01_LOADING.png,66695,41c4db63e315dd2379b352dcbbec3f5a7e83c416f65b7908bdea539312d92a0c
ui/mockups/android/YL-A-066/YL-A-066-S02_POPULATED.png,102178,7c31019878e1ca70a9095e107ccdfb12c8bbbe7b58d60fa42fd82ee6abeee86c
ui/mockups/android/YL-A-066/YL-A-066-S03_EDIT_MODE.png,112103,c55e902dc06a836ae8e240dbf3b564f640c7f23bf5dd3bc7db279c1a2faf1e95
ui/mockups/android/YL-A-066/YL-A-066-S04_DOWNLOADING.png,117769,35b2825d9cf4775033abd096eedec95cec24820e5055dce29bb0146987b6c7dc
ui/mockups/android/YL-A-066/YL-A-066-S05_SUCCESS.png,123891,c2c4be6c07104a4b00b0acd4c8db7f08be4aa86dc4cdcfd24f3d08a8d0ef0c74
ui/mockups/android/YL-A-066/YL-A-066-S06_SERVER_ERROR.png,93959,e3451700acd35512ecf5f7e18127fce24d3fa201ce88823cc56f29d4427efd31
ui/mockups/android/YL-A-066/YL-A-066-S07_OFFLINE.png,102753,b2f612a9ee1d6d613e3c49b27b846192863f5130ff7b700de24867255590e157
ui/mockups/android/YL-A-067/YL-A-067-S01_DEFAULT.png,90943,c5c0fb1703c818e759d6f019f7b104e88e8554ac2cefc465959e5ced19b4a5a3
ui/mockups/android/YL-A-067/YL-A-067-S02_INPUT_FOCUSED.png,115169,fbbf9135b99b7407d57d9edd6c501a5db1b368c0584b5e8a264a5a0cc5cee585
ui/mockups/android/YL-A-067/YL-A-067-S03_VALIDATION_ERROR.png,99469,eb479f4ee0a1b4a334d2fda6a756d05fe87cfbcf91716958ef44936f5b2e3f6f
ui/mockups/android/YL-A-067/YL-A-067-S04_PREPARING.png,115275,23415d9a77fe33c647d45e4654553d55cbb5e6def7cd0e7a7f1a525368ba0a30
ui/mockups/android/YL-A-067/YL-A-067-S05_RUNNING.png,107686,b90137f060c57a4f3756ee6a727e0997be576f8fd9a98fc6405abea771486b0e
ui/mockups/android/YL-A-067/YL-A-067-S06_SUCCESS.png,109556,078692d5869b55c15d63ffd896cd15eecd73d4c53bdc1a3602b627ce96f96531
ui/mockups/android/YL-A-067/YL-A-067-S07_FAILED.png,130592,ca3f2bd650cdb11a88b17d76006c7509a4c0e8c14a2661aa26f333f2be211f7f
ui/mockups/android/YL-A-067/YL-A-067-S08_OFFLINE.png,103794,c10215e27f1cf61921e1eb12355f3567a5add3d44d6257ebcfa468023c6204f3
ui/mockups/android/YL-A-068/YL-A-068-S01_DEFAULT.png,85037,7b9ed5e098add4408d60a0d35c9f3b1fac96dacdf4275eee0234ccfa9ed70d04
ui/mockups/android/YL-A-068/YL-A-068-S02_INPUT_FOCUSED.png,109085,6fca5d5fdb0eb37e8660e9d7d6a3579bb703c3cd6b79b1c03ea98d8e631e3240
ui/mockups/android/YL-A-068/YL-A-068-S03_VALIDATION_ERROR.png,93526,2a8c7ccbdf4263b6e37d59d2610d2b3f80c102ec3784e95ec64a0ed718766ab8
ui/mockups/android/YL-A-068/YL-A-068-S04_PREPARING.png,108948,f8ca3f1881eecb4986f17a597638b41ebceb0200ac8f24c4bac74bfa6c76ce27
ui/mockups/android/YL-A-068/YL-A-068-S05_RUNNING.png,101939,06efcf687817273bf0f077aafd1003bb20ceed736b2f0c24bd8fe4236f8b5ab9
ui/mockups/android/YL-A-068/YL-A-068-S06_SUCCESS.png,103824,791b51c266ed1271b138e994a5ede74f65a1b29c5e02c025282a66eee0c53f22
ui/mockups/android/YL-A-068/YL-A-068-S07_FAILED.png,124563,6cd185af63fc41840eec76cf1531561a8b40054a12ab9eaaf1308f97c783f26d
ui/mockups/android/YL-A-068/YL-A-068-S08_OFFLINE.png,98504,ca10fe80d5f1d8cf48f54015ed0792a25d3a3794e82f648c7aee17a989cb47d6
ui/mockups/android/YL-A-069/YL-A-069-S01_DEFAULT.png,91968,71fba5c5419b1b6d3f63fadf2577c3d14e0ef7c4b3c2f6c97bb22ebff676c9f6
ui/mockups/android/YL-A-069/YL-A-069-S02_INPUT_FOCUSED.png,116148,b1f2343eb9fbc4dadc0436ee02fdeeaad07fab75b3e8b394c9a398cd7ed34f9a
ui/mockups/android/YL-A-069/YL-A-069-S03_VALIDATION_ERROR.png,100465,9c453eceb2aa10cc951456232e6159fce4f07a66c8f39790b1606e514427fb38
ui/mockups/android/YL-A-069/YL-A-069-S04_PREPARING.png,116254,1dd3f0ce1686aefa3ed6a918250fa0a87ba874f1b9579bf518cbb96edf79158e
ui/mockups/android/YL-A-069/YL-A-069-S05_RUNNING.png,108715,42b22fc6b8fe4b30e663fadc21d1af5e99f867c275c0875c189cba5fafea2cb1
ui/mockups/android/YL-A-069/YL-A-069-S06_SUCCESS.png,110736,5d26b1962712c4edbc6d6cedbc148256eafe59b136253fa62051d30911839f5d
ui/mockups/android/YL-A-069/YL-A-069-S07_FAILED.png,131669,d56a0b8ad681723589bba63bbd9a4f9bfb46d931a53a46d78ef1e7cb373dbc1e
ui/mockups/android/YL-A-069/YL-A-069-S08_OFFLINE.png,109324,424d090eec1b8518c784914123f9276cc2a7b872171dc3368f997646e0d8dd06
ui/mockups/android/YL-A-070/YL-A-070-S01_DEFAULT.png,87626,8e746155e814d61e0aa50e876e8030daf351b5261cf213f920d16ba8e30db3d6
ui/mockups/android/YL-A-070/YL-A-070-S02_INPUT_FOCUSED.png,111383,32333fa34075d87294d31fbdaf718263a214ae54ba9a445716977cd2082b45b9
ui/mockups/android/YL-A-070/YL-A-070-S03_VALIDATION_ERROR.png,96051,8162d0b79c27dc1d1bdb1aae578d89e0b762cdb0f3eeab66e1cd3c489d2b43a0
ui/mockups/android/YL-A-070/YL-A-070-S04_PREPARING.png,111588,d8d548d6c45e34a3001ee03b7c27047f66dd995b415831b3d8d4c7a570d03626
ui/mockups/android/YL-A-070/YL-A-070-S05_RUNNING.png,104379,70cb3851ad403452ccf3e2a58b77de411d074b4dd0ec714b5abc3ef33f610597
ui/mockups/android/YL-A-070/YL-A-070-S06_SUCCESS.png,106147,31d659f585925afbffebf297162ef7f11b76fa3bb77381dda5938665a7d4b9f7
ui/mockups/android/YL-A-070/YL-A-070-S07_FAILED.png,126743,6285b9b5a9dd529d1e18123f79184a3116c278e04f9092964c8e9835eac8af38
ui/mockups/android/YL-A-070/YL-A-070-S08_OFFLINE.png,102922,8f9d034bbe1d44444e3f01c7c69b5e54a44103acfc0e8be0617ae4d5f93675f2
ui/mockups/android/YL-A-071/YL-A-071-S01_DEFAULT.png,91533,71a7045c034927db775591700c707729826c7fa63a0015f9ca9ad12e2084713a
ui/mockups/android/YL-A-071/YL-A-071-S02_INPUT_FOCUSED.png,115290,825acc677692e8f3190eec20bb3d1bb2b6d662b7c5b7ccc0834357c5e7526e2d
ui/mockups/android/YL-A-071/YL-A-071-S03_VALIDATION_ERROR.png,99893,1eee0b4e5151701b1890711e94d7e3cf6285a554e9e598fc7782321843199e82
ui/mockups/android/YL-A-071/YL-A-071-S04_PREPARING.png,115632,02e52691172fbd8fbf978c912dd27e65eaacd49d16a367b39bf6aae30aa59bf5
ui/mockups/android/YL-A-071/YL-A-071-S05_RUNNING.png,108271,708824b11074e8e8c0285daeff67c60affdbc10ac49990ee90ebb77554bc087a
ui/mockups/android/YL-A-071/YL-A-071-S06_SUCCESS.png,110207,d34559ba992633970ceef5d993c15edc4d67af26850b1e3167a2c3630fd97cb3
ui/mockups/android/YL-A-071/YL-A-071-S07_FAILED.png,130712,9b4cd7668020a11b5064127357283f86b235aba5ed08fe2d845eb5f0dbbe6167
ui/mockups/android/YL-A-071/YL-A-071-S08_OFFLINE.png,102513,b85b766b88747032ea4ef4cad0a7b8cd04529c9136e7414d1bd5b0f744026eb7
ui/mockups/android/YL-A-072/YL-A-072-S01_DEFAULT.png,93815,5662c926df121cc096ce6a8e6c9b48c37f5deb4f99673e5d3445889f4e47f337
ui/mockups/android/YL-A-072/YL-A-072-S02_INPUT_FOCUSED.png,117984,4ba75adb501dcd17c0d2010d3c91de88c65554e6612a78b498633899c4e0c5cd
ui/mockups/android/YL-A-072/YL-A-072-S03_VALIDATION_ERROR.png,102302,40d3aa66b65e18efae67e0eeb15f42994c3078cd8a0e27b221d7d257be4d09f7
ui/mockups/android/YL-A-072/YL-A-072-S04_PREPARING.png,117498,c33192492f60dc200e74ae9c8434020be6b4613fcc96b57e3a109343aee6992d
ui/mockups/android/YL-A-072/YL-A-072-S05_RUNNING.png,110634,680646b585df5e059ba4088920d87e57501b17b7c8a7977629e9db6de482bca1
ui/mockups/android/YL-A-072/YL-A-072-S06_SUCCESS.png,112439,ed246e9dde59d77107d3fd4077681063301fdc793db7431dd318f654c6bfbdaf
ui/mockups/android/YL-A-072/YL-A-072-S07_FAILED.png,133325,201ed6c684144e67fa9922e53fcd7922048bd479a6cdf2a7d6a4cfeddf8b32de
ui/mockups/android/YL-A-072/YL-A-072-S08_OFFLINE.png,108932,582cfae5ce8582d94a03d48200f655f68a3fea464b5065bb299ca8533f5075af
ui/mockups/android/YL-A-073/YL-A-073-S01_QUEUED.png,120560,8419352b044c1d8e6d63d28402d4adb9cb22120473e64770c434b1a9c646d6fa
ui/mockups/android/YL-A-073/YL-A-073-S02_PREPARING.png,125116,a5aff0beefa276de377a60010cde1c0d15a75e03689ce7b409726306715ad359
ui/mockups/android/YL-A-073/YL-A-073-S03_RUNNING.png,117955,70d0193144586476f226fc13df34c7d5642654b944cae92ccc3ff33cada5374c
ui/mockups/android/YL-A-073/YL-A-073-S04_CANCEL_CONFIRM.png,128451,173b47cd68e44254c6afb3077a49bc9941f74d5edf8331715dbb84bfce339efe
ui/mockups/android/YL-A-073/YL-A-073-S05_CANCELLED.png,110535,2d4c1e1776dca9ea2089bdc25a13045ec9f5d1dfe9d0474c069b447248c608e7
ui/mockups/android/YL-A-073/YL-A-073-S06_SUCCESS.png,121198,cd8fcfc4d7682421f92ce40b5989b2974ddcec1298af3523e747e05fc4716063
ui/mockups/android/YL-A-073/YL-A-073-S07_FAILED.png,140653,54d46b962457f87f0933fbb91c06ff3e1ca575a6b9fd2fa27cc691ea38f03c70
ui/mockups/android/YL-A-073/YL-A-073-S08_RETRYING.png,119378,55efe31324326fdef0e8cc99da6229c299da312334ecc5c0d79cef237b832c2f
ui/mockups/android/YL-A-073/YL-A-073-S09_OFFLINE.png,104961,a17ef3e2b49108a81cbb1162d8d11ec6bd06e8a142ea254fcbb2c1627e380904
ui/mockups/android/YL-A-074/YL-A-074-S01_LOADING.png,63409,012a159b53d835ccf16efb08210e4ba25aec6eee2acbe54ff29e7b489a8b697f
ui/mockups/android/YL-A-074/YL-A-074-S02_POPULATED.png,89649,f4292e3f3e34e7ee20c4458a26be66421a8245d8705fda58fd9cc10cfbea6a06
ui/mockups/android/YL-A-074/YL-A-074-S03_EDIT_MODE.png,100451,9a4389fa7d24d256ad8d7d283b87d7b951ca41002e97431042ff0e93cd701bdf
ui/mockups/android/YL-A-074/YL-A-074-S04_DOWNLOADING.png,104648,7b8ed91d649b1d720e5f6e53d8c1709b34b98de7f383ab7b8f396b9b671b721e
ui/mockups/android/YL-A-074/YL-A-074-S05_SUCCESS.png,110334,e76cf4ea65bf98ff9b0469c16406e52e424f5430b517e960232bbb1c1c05c52d
ui/mockups/android/YL-A-074/YL-A-074-S06_SERVER_ERROR.png,90837,e566e9509d530dc74659d299bbd11cb5566c85f9945bdf2058f3dd93dc3692de
ui/mockups/android/YL-A-074/YL-A-074-S07_OFFLINE.png,99580,001c50cced402ca83de4037ed89d412484ca025070a76901eae54b43cface388
ui/mockups/android/YL-A-075/YL-A-075-S01_DEFAULT.png,104364,5837a94238376161179efb488c1a4c1e4d51a3885428c1f02e08fba190685aea
ui/mockups/android/YL-A-075/YL-A-075-S02_INPUT_FOCUSED.png,128647,3957cbde3705907d98896005fdc5cff2917298757629c9b052f698abe6b092ec
ui/mockups/android/YL-A-075/YL-A-075-S03_VALIDATION_ERROR.png,116928,1b18a02bbb3dc92a79cb740e01ab3ad44db78c6b8e9ce76d01643f30299fbe0c
ui/mockups/android/YL-A-075/YL-A-075-S04_SUBMITTING.png,126087,20209dabdadb83ab7b7ef8d764050e1148c4ee696ac54c490e548aff7151290f
ui/mockups/android/YL-A-075/YL-A-075-S05_SUCCESS.png,122096,587a1ea65cea22328620183b4485242e37e998f3435aef74ee88aa4c40039562
ui/mockups/android/YL-A-075/YL-A-075-S06_SAVE_ERROR.png,125515,21aa96012328262bd1b7d2f36c7a60ee4d0d9acb01e5f9ba40d70cd78e32a7da
ui/mockups/android/YL-A-075/YL-A-075-S07_OFFLINE.png,106616,cb6eda99b075d955354fad24135f6e264f393fea58f3fbdbdd280fbc471dd7b9
ui/mockups/android/YL-A-075/YL-A-075-S08_DISABLED.png,109894,dd37af715c69cf373d34bf164527c289afc2b6c5a906fb54c9ad7fd6c593e91d
ui/mockups/android/YL-A-076/YL-A-076-S01_LOADING.png,62687,6faef120d079aa567c33d172e59f683cdbedf26800c537b96177f1a60df82b32
ui/mockups/android/YL-A-076/YL-A-076-S02_POPULATED.png,108618,60d365d43182613bc82f1d5f290cc091b2bf88d5debc6c1060bd107aebea9534
ui/mockups/android/YL-A-076/YL-A-076-S03_EDIT_MODE.png,119804,26c0520b96425d2b6faa174d45358f4e7009118b88f79b20ca104ca910338468
ui/mockups/android/YL-A-076/YL-A-076-S04_DOWNLOADING.png,122616,173a3e8907b29390b6326b869de8d5761d13d8bc9b0e2545ea9631e63ee43389
ui/mockups/android/YL-A-076/YL-A-076-S05_SUCCESS.png,128124,7cb845124ec799cc29706d0d9820c6f4ed244f103fd7a2251e485db4f0e1173c
ui/mockups/android/YL-A-076/YL-A-076-S06_SERVER_ERROR.png,90107,6dfcd68e0d2670ea850864d349eee435a0d2dc02f93050ad7301bfbac94ef872
ui/mockups/android/YL-A-076/YL-A-076-S07_OFFLINE.png,98836,7c02416eb4a2dcf35b2e7ea37f86e1acc52dc9f83fbf5707795efce93063158f
ui/mockups/android/YL-A-077/YL-A-077-S01_LOADING.png,69610,209be9809bbfb11ea6964dcb08dd4f4bfc7488ff5c3daa34b96f393b3294d3bf
ui/mockups/android/YL-A-077/YL-A-077-S02_POPULATED.png,125440,4580c6219ac2851573ac23431bf8a4f59c963645463b78599af822c7c4230aad
ui/mockups/android/YL-A-077/YL-A-077-S03_EMPTY.png,96964,25a01f1b99a2c8be7fd6f055f07c1243c8d903fa8c7e394d36618989927247f1
ui/mockups/android/YL-A-077/YL-A-077-S04_REFRESHING.png,138175,49ccda45fafdce0345994d4f8773c0f43fbee7f884492de780b30771472c888d
ui/mockups/android/YL-A-077/YL-A-077-S05_OFFLINE_CACHE.png,133959,01c6cf64151e8e147d3606e404517efbc9603202e73c656873ff53f58726f6f5
ui/mockups/android/YL-A-077/YL-A-077-S06_NETWORK_ERROR.png,101375,aa7f5b1300c5136c46b8e22cc7ad1a4ca9d17c45017e9a8f3b28e7e23824d7d4
ui/mockups/android/YL-A-077/YL-A-077-S07_SERVICE_DEGRADED.png,104183,88e5bcc6a92665c49b841d33982e462676806e82b1ea9feeb437ba5cb714d011
ui/mockups/android/YL-A-078/YL-A-078-S01_LOADING.png,74528,35d5c23bed854bfd04c5981de1699bf67ad94c0d2eea325126b57a6680d32c60
ui/mockups/android/YL-A-078/YL-A-078-S02_POPULATED.png,163784,95faa19133b9473757e42300a52f50002bcdc2be6a7b03f36b7400a9bc6b28d1
ui/mockups/android/YL-A-078/YL-A-078-S03_EMPTY.png,102982,c72e7286da0609e09788cf7dc3bc851931f8a019a6d8613bdce4dc2b4cbe1b21
ui/mockups/android/YL-A-078/YL-A-078-S04_REFRESHING.png,169099,db161b4a06d762c46b893311c4ff80c00901fd92602a0a09fd8b64a58deffb34
ui/mockups/android/YL-A-078/YL-A-078-S05_OFFLINE_CACHE.png,172611,f24359ed843667ce811c49ac2e1d82f9084d6c7b8a34f64fda5765cedb0351c8
ui/mockups/android/YL-A-078/YL-A-078-S06_NETWORK_ERROR.png,107458,683dc0e1ae7b824d91d83cae7919502428d450ea10abbb58b8ff5f555483e665
ui/mockups/android/YL-A-078/YL-A-078-S07_SERVICE_DEGRADED.png,110181,4bb1de7521009c4429527eb7bbd6e0d46014143653a4d5db1c2dbde36bae24ca
ui/mockups/android/YL-A-079/YL-A-079-S01_LOADING.png,63873,15f7ac03524a87e009f8de84c292ae7676f58adce0c7b29864e0326c57c390cc
ui/mockups/android/YL-A-079/YL-A-079-S02_POPULATED.png,90934,a13c1998a8ee2d02723bbf5895208d25b8554cf7791dd42250b6c8d13df11954
ui/mockups/android/YL-A-079/YL-A-079-S03_EMPTY.png,90027,4bf7ecf6129a2f2cf180e7928aea74f130cd268dc6138092f6bc6ce0ef6dd4f1
ui/mockups/android/YL-A-079/YL-A-079-S04_REFRESHING.png,103384,980ca78eb679d877a65efef87a61b14186cacec25025d3bcf5ee83ea9ac6451f
ui/mockups/android/YL-A-079/YL-A-079-S05_FILTER_ACTIVE.png,100802,cf5112fd44f3acc1b7578c7a420e9caf6bfc5106ce4ae9f7341d594b62fe092d
ui/mockups/android/YL-A-079/YL-A-079-S06_OFFLINE_CACHE.png,99861,0fba2f20c105edd27a24724c59cdbb432f3c59321fb282775ced517097278aae
ui/mockups/android/YL-A-079/YL-A-079-S07_NETWORK_ERROR.png,94577,201dc464ac947455ce19fcca69cda6e4ec2451496c0fd96d955dd18b0de87c69
ui/mockups/android/YL-A-079/YL-A-079-S08_SERVER_ERROR.png,88827,1561fc01d2f27ce9875ba6db5374bf18cea9bc0b059b191f9af23c07dd497457
ui/mockups/android/YL-A-079/YL-A-079-S09_PERMISSION_DENIED.png,90018,af608ac8e4b015822811c658f33fa5cbf12129b2c7fafe8b6d40de381647a0d2
ui/mockups/android/YL-A-080/YL-A-080-S01_QUEUED.png,119662,8f8ef470f3d09beb94c4414c813a3e963f752dcedff58316300a5a6fe8349b94
ui/mockups/android/YL-A-080/YL-A-080-S02_PREPARING.png,124092,50881ea770b489031bf991ae7d059847230f2e29cf2d96d93035917541bd3861
ui/mockups/android/YL-A-080/YL-A-080-S03_RUNNING.png,117057,1f6c1d5b6ba2b884b3488c0cbfff6b5324455f22b904f159dbc8899aa6992ddf
ui/mockups/android/YL-A-080/YL-A-080-S04_CANCEL_CONFIRM.png,127335,31efcb2cbadd7b6a2f885ccabb3bd605c5b44ee619dd1be19f439aa875de1960
ui/mockups/android/YL-A-080/YL-A-080-S05_CANCELLED.png,108788,2d7f651957da362ea615d0b9e38ff136f5966f1a7d136ebec905e55eb3b17e69
ui/mockups/android/YL-A-080/YL-A-080-S06_SUCCESS.png,120298,edaa75dcad6f71ae97636d16509146075eef316553c483806abb96e8c2b801a1
ui/mockups/android/YL-A-080/YL-A-080-S07_FAILED.png,139837,c4a9ce432b5de7e383b59740047edb54e8de4b40d164304d8b07fd9334af765d
ui/mockups/android/YL-A-080/YL-A-080-S08_RETRYING.png,118443,ec27e4ab4acc174df11ad86df1e6211b0dc6276fb3cbf8a1654ee3187b32a6ad
ui/mockups/android/YL-A-080/YL-A-080-S09_OFFLINE.png,105978,13e74440c82e47b6c27706da259f6a690142187c954566959389c65e308536f5
ui/mockups/android/YL-A-081/YL-A-081-S01_LOADING.png,75149,c856c4deb6a952827e79868406de1de90c93ba1dc6c966e451eca2d87866faef
ui/mockups/android/YL-A-081/YL-A-081-S02_POPULATED.png,143922,3578c09d35bd142e5fbd71ecbb73a3a9917d26db8b6a29d050897846f995f9e7
ui/mockups/android/YL-A-081/YL-A-081-S03_EMPTY.png,103600,850b35956f33421fc4cf25fe0e4f731590657906ca36e03c0ea1f94e12b54e69
ui/mockups/android/YL-A-081/YL-A-081-S04_REFRESHING.png,158621,7c28b7c87742bb5ecc15510ac85b81993082f2fc5d63cf5de95d1ec09f6f4c08
ui/mockups/android/YL-A-081/YL-A-081-S05_OFFLINE_CACHE.png,153610,4be4840d0bb49d9cfdaa5f72ced6edf8caae776db3236a3dfce4dbf8c26d91ec
ui/mockups/android/YL-A-081/YL-A-081-S06_NETWORK_ERROR.png,108017,7e20ced7e002e43f80efe77a2ea7f543752246e54f2a6985a4abd0606728cdb0
ui/mockups/android/YL-A-081/YL-A-081-S07_SERVICE_DEGRADED.png,110842,2c23e556151ba3b12bd8199fdcf82ff05082f487327a64b36349f6fc31591bd1
ui/mockups/android/YL-A-082/YL-A-082-S01_LOADING.png,71257,3c6582a850bd68ba58fcf00b2efbd5c7e815b7f37a702066858dab5787e55421
ui/mockups/android/YL-A-082/YL-A-082-S02_POPULATED.png,109460,f9beab0a778a4cb59db050972f6989a9f9be1e2b30c95ffdcd549b88fefc52f3
ui/mockups/android/YL-A-082/YL-A-082-S03_EMPTY.png,98195,57b122e5652a5aed230e7948a8e683144a0809905373f29bfc02fb703933595c
ui/mockups/android/YL-A-082/YL-A-082-S04_REFRESHING.png,118709,8acb6245ed265d23c3ff5f355a854e007c3cc8e4c439f9f99307a7d756aafa4b
ui/mockups/android/YL-A-082/YL-A-082-S05_FILTER_ACTIVE.png,119290,62f644a9075bd29cb4adbe87a4c0c3721679e253dd495c0f17efbac0201332a0
ui/mockups/android/YL-A-082/YL-A-082-S06_OFFLINE_CACHE.png,120554,14429669df629677c79c6180d82b240bf479dbec8a291a87d88209124e05459b
ui/mockups/android/YL-A-082/YL-A-082-S07_NETWORK_ERROR.png,102604,69acafb876602a9e8d640d9e45834876fd2ad4e6d0669640972e0afa16f9a533
ui/mockups/android/YL-A-082/YL-A-082-S08_SERVER_ERROR.png,95158,67923531e02303362c54d9343b067f76c375fd9c15af32f0339b0474dd6ea288
ui/mockups/android/YL-A-082/YL-A-082-S09_PERMISSION_DENIED.png,95853,95420171f2b8774eee110eeef2066fa1581b4afe6cf22249368436e85201fc06
ui/mockups/android/YL-A-083/YL-A-083-S01_LOADING.png,74861,9c2c99c6363edf45d17365fb5b80c107b36ccba96511947f7a9f63e7ef7df799
ui/mockups/android/YL-A-083/YL-A-083-S02_POPULATED.png,114031,f6181c8668b3536124cd98ec92787463a0ffad13a0d95a5d7b63dedc1f41d9cb
ui/mockups/android/YL-A-083/YL-A-083-S03_EMPTY.png,101796,a7714a76ebf983e7252c3159025f485c1fbb9bd59e86a73778e94d2093ed05bb
ui/mockups/android/YL-A-083/YL-A-083-S04_REFRESHING.png,122953,6d514aa98a0e2c617c90f465bd6d9d9914befdf18434cac38efad01cadbfc97e
ui/mockups/android/YL-A-083/YL-A-083-S05_FILTER_ACTIVE.png,123056,2ce678790f5bba16cf46092fda46f96b155cf6db57fe8613714c4e0643fe853d
ui/mockups/android/YL-A-083/YL-A-083-S06_OFFLINE_CACHE.png,125789,09bd238f1e5f88af0a303eb9d3585e02198625c59489cde30b6cd5d3cc63dd27
ui/mockups/android/YL-A-083/YL-A-083-S07_NETWORK_ERROR.png,106103,d2f960592f269800a5c8c7e5238fda3edec7625ab771810f50068d6123d98c6c
ui/mockups/android/YL-A-083/YL-A-083-S08_SERVER_ERROR.png,100457,ab87bfa2fd7e8f6bf6ec1634bed5ab3c4a0b95c9d106521fcba2ce2f266957ce
ui/mockups/android/YL-A-083/YL-A-083-S09_PERMISSION_DENIED.png,99010,c7c0754d4f33f19c8bbbdf6cc313a7560276031cb08d176720b5d4e59a28d3a0
ui/mockups/android/YL-A-084/YL-A-084-S01_LOADING.png,74908,2a9d5b18ff66a37abaf919dfe4f6fff9cc5151ff2f0835eadfcb3158b17d6f9e
ui/mockups/android/YL-A-084/YL-A-084-S02_POPULATED.png,112861,76ae833731c111c8fd909ac323f23f9632083d13f81d05eb5bafd8ec08d9091c
ui/mockups/android/YL-A-084/YL-A-084-S03_EMPTY.png,101556,cae63f3329e8aeebe252920239bb4c244e87e76abb5fc6dc81595be907832ade
ui/mockups/android/YL-A-084/YL-A-084-S04_REFRESHING.png,123671,699aae3427f97e1b7558d2a31378b10ad672a450e1299b209e08cf51a8bef8de
ui/mockups/android/YL-A-084/YL-A-084-S05_FILTER_ACTIVE.png,122829,418f0569e809ad0be90c4e6618f67dce3d288d9b859b8aa354e4a4c70bb67dd5
ui/mockups/android/YL-A-084/YL-A-084-S06_OFFLINE_CACHE.png,124956,9dd964cae358870532998d4dc8c745d9536b14ee0ed33f03be7b923715194cd3
ui/mockups/android/YL-A-084/YL-A-084-S07_NETWORK_ERROR.png,106062,b264dd9722c4e796e8798b0ba61c851c05bb88f37dddaf3c64702bb7d6adf80b
ui/mockups/android/YL-A-084/YL-A-084-S08_SERVER_ERROR.png,100279,23e3944f23426bb3185572c8d91d8158188e3b5f44b3634308566ac3765e95d9
ui/mockups/android/YL-A-084/YL-A-084-S09_PERMISSION_DENIED.png,98480,3959400f2d7b3d79dbb66f458dcc3b5d63803d6f649e338974010802ac6e6c76
ui/mockups/android/YL-A-085/YL-A-085-S01_LOADING.png,70237,c8ccb9d6836fcb7ad8136ad8e5510a8b5186bb4fd34a71d436e0be32d8d6a730
ui/mockups/android/YL-A-085/YL-A-085-S02_POPULATED.png,101387,e1f33717c58c36e1c93b2226442fad76e6ef47a289a22f54fd32df7ab3d5d957
ui/mockups/android/YL-A-085/YL-A-085-S03_EMPTY.png,98688,0929ac92fd6931fde0dfcc2af0946dd8e8ecc58787251a31ec47cac24b387bf7
ui/mockups/android/YL-A-085/YL-A-085-S04_REFRESHING.png,111173,87b3c1b942cae8a90e1c8dad1889d1565c36024e40582452544df446bc4a34ea
ui/mockups/android/YL-A-085/YL-A-085-S05_FILTER_ACTIVE.png,111055,646ad2e5aa94450b15d3f211fa7af6c03b9b3647ed0416c245a65eed2c5c4dcb
ui/mockups/android/YL-A-085/YL-A-085-S06_OFFLINE_CACHE.png,112592,63b58b16baab7c482168d70d8acb16890e1923878dbe2928600aff9b7b1bb2e5
ui/mockups/android/YL-A-085/YL-A-085-S07_NETWORK_ERROR.png,103167,753cae86494a80d66a71f5c95324bc12c44c95109b9fd544a05d373a635364eb
ui/mockups/android/YL-A-085/YL-A-085-S08_SERVER_ERROR.png,97281,798d6593eed9e846020d190115845ab1a0542731554d3a5a077b203c81a34ce2
ui/mockups/android/YL-A-085/YL-A-085-S09_PERMISSION_DENIED.png,96201,ca68da91a2f3c9270295c251cb745335d6891644eb73e0be5706fc87b6c27813
ui/mockups/android/YL-A-086/YL-A-086-S01_LOADING.png,48321,b57c75468fa47506c3909e635932071c5c0538bbd2f4d1dc2cf968bc169a6530
ui/mockups/android/YL-A-086/YL-A-086-S02_POPULATED.png,158983,a6dec1fbb9e75369aaf40f50a79dc3fd10737d1580f467de8e1ad5ef42fac79e
ui/mockups/android/YL-A-086/YL-A-086-S03_EMPTY.png,156201,b4d87c31816a0980c4671f0722d9e69e4dae1a6964a130a737da78bcc81d5bd1
ui/mockups/android/YL-A-086/YL-A-086-S04_REFRESHING.png,164874,cf2b7a96842427b6cc6e4399e00f1fc97bc452f2b9de2a1166e9755a88df496c
ui/mockups/android/YL-A-086/YL-A-086-S05_OFFLINE_CACHE.png,170890,10619d25eddca8c90b02ffed3f2953315cfd891279d5627aa4c3f83c23d8db9d
ui/mockups/android/YL-A-086/YL-A-086-S06_NETWORK_ERROR.png,183959,26fbfca621234faca569a18d072d12c96eb3dbfc2e53cd13234ee390612a672e
ui/mockups/android/YL-A-086/YL-A-086-S07_SERVICE_DEGRADED.png,171643,8cf4eb8c7a83c7d3a69550fea4a91bf22aff30085217b04e2f53d18b3a49f528
ui/mockups/android/YL-A-087/YL-A-087-S01_LOADING.png,71467,0a97b125f61f833fb394203cfb2461b947629ee5847dd87c5fc54efed7f8c2cf
ui/mockups/android/YL-A-087/YL-A-087-S02_POPULATED.png,74805,819c3d4e9b8e4cd2bbebe70e962f921be2a03333b5a80549266057838e0b2a22
ui/mockups/android/YL-A-087/YL-A-087-S03_EDIT_MODE.png,91537,a82f0e1af9104495592f064d60fdc7a9e34587d0b3710f8a5f6e2d7a93da7175
ui/mockups/android/YL-A-087/YL-A-087-S04_DIRTY.png,91258,0629e10271b69969f2ed0cc614fbc8bf6a37e3c84a7ab0dced75d2fbf62fa3ef
ui/mockups/android/YL-A-087/YL-A-087-S05_SUBMITTING.png,97509,91f2bec9e407f6c370f695a5139a00f9630b398c093eba0d6905cee72ad618c5
ui/mockups/android/YL-A-087/YL-A-087-S06_SAVE_SUCCESS.png,110139,ea2eef765595308c8339e91ed5a85752a4ed1d82349aaf10d54171a82839ea41
ui/mockups/android/YL-A-087/YL-A-087-S07_SAVE_ERROR.png,114166,cae4efdd11da66dab5450373b127d5399740ba12913cee81f36fdd6ca84f343f
ui/mockups/android/YL-A-087/YL-A-087-S08_OFFLINE.png,107101,8ed9383bb2f19375bd2d0d9fb530beedc070ec320406e235e7eb0ad37c00dc04
ui/mockups/android/YL-A-088/YL-A-088-S01_LOADING.png,73358,03bab6a1ae84ed10d3ccbf51cccc2ff8ea290cac91268d5c6bf49db50e628a0e
ui/mockups/android/YL-A-088/YL-A-088-S02_POPULATED.png,90551,3d19548f3db02a0052d94acee6d648f716d59d110fa6bb954dd79bfc189520a1
ui/mockups/android/YL-A-088/YL-A-088-S03_EMPTY.png,100197,e5d63eebf4524164c652089dca9e5bef4181845c0baebfb5d7b11ae5d02e7b11
ui/mockups/android/YL-A-088/YL-A-088-S04_REFRESHING.png,106489,58cba65e240b687694e5cf3f8bb8709540448981eb04645c7c7ec908ee553e16
ui/mockups/android/YL-A-088/YL-A-088-S05_FILTER_ACTIVE.png,100477,af805707665cc9f8974056374a056b2f3a24f3282fe20687c094dc85d60b8580
ui/mockups/android/YL-A-088/YL-A-088-S06_OFFLINE_CACHE.png,101712,d8c420f32d4cb6162c1137ecf65c4ff9766b0fc1bb4558a3ea86162a2d56e113
ui/mockups/android/YL-A-088/YL-A-088-S07_NETWORK_ERROR.png,104578,d4f46073f4ef005b5637438a0ee94d8ccafa34c17e8b3aac657f32eb63383ee9
ui/mockups/android/YL-A-088/YL-A-088-S08_SERVER_ERROR.png,98855,182862ea54b2c3ae57bfa5b43a4f4147cae8573dcc72985fcded23418cbd0a3c
ui/mockups/android/YL-A-088/YL-A-088-S09_PERMISSION_DENIED.png,97186,16ab8f171d430c2626e8bdeb84a5256dd292e3100a287cc2ed49993ddaf81236
ui/mockups/android/YL-A-089/YL-A-089-S01_LOADING.png,72409,0e4c1213e672305d64d3761c7dd8251ad9dc45c34a1610cf39a1b18049aab786
ui/mockups/android/YL-A-089/YL-A-089-S02_POPULATED.png,89527,22e6154c342e6cc89e06eb1203d5ce322abc97460bd3e4e3bb7b33079df0c4ad
ui/mockups/android/YL-A-089/YL-A-089-S03_NOT_FOUND.png,97261,29f531d9972e7ba109e8b6b53426e4308f20d55cce2d87410a8159810f98061d
ui/mockups/android/YL-A-089/YL-A-089-S04_EDIT_MODE.png,101009,caea73f5dbd0cea1d5e836e0b712ac147aac38e769cf63e26e09293781528e33
ui/mockups/android/YL-A-089/YL-A-089-S05_DIRTY.png,100760,a5f6fe3182d0f45911abe1d58d6292dbb22300a0866cdaeafd5229410f9e1a69
ui/mockups/android/YL-A-089/YL-A-089-S06_SAVE_SUCCESS.png,106000,5b936c4ccd3f503265f1dd5bfb6931e9aa513990dcacde9a365b33fd32d5824b
ui/mockups/android/YL-A-089/YL-A-089-S07_SAVE_ERROR.png,110183,bfa23f260cf7cb91b3ded58439f4eada1eabd22c172d53b7a080fedc1b502eba
ui/mockups/android/YL-A-089/YL-A-089-S08_OFFLINE.png,106603,9b8bf70b4b9316faa0aa2870286f5b212b97814eab68023908160fd9dccd1f20
ui/mockups/android/YL-A-089/YL-A-089-S09_PERMISSION_DENIED.png,96902,9ca96058d23022cfcd904e65f811d8e35f10a520fc5016996bbff2d1077d1128
ui/mockups/android/YL-A-090/YL-A-090-S01_LOADING.png,71297,01b8cc0622626d6ff6d6dc075c3a53aff23c20800efa076a161cebbb4b209fbd
ui/mockups/android/YL-A-090/YL-A-090-S02_POPULATED.png,78733,9f31ba5cbb4722600a22be1768617029ffa876b1c6b8f01317d1285cffdad9e9
ui/mockups/android/YL-A-090/YL-A-090-S03_EDIT_MODE.png,95892,7a14c241d611e199dca185a47e6c38095ff4642557ac478804af964e7f369bf1
ui/mockups/android/YL-A-090/YL-A-090-S04_DIRTY.png,95626,ebfab818aa424ecf955e3b1e07d9f8c30c3b0ed8192d91f1cc142a6d75804db6
ui/mockups/android/YL-A-090/YL-A-090-S05_SUBMITTING.png,102881,c3a7046f6b2871cbce6cc68428f365a434e26c5891012a7822b1f30d61c5f2e7
ui/mockups/android/YL-A-090/YL-A-090-S06_SAVE_SUCCESS.png,115630,12fdbb068c34ff31e345c49b8b93e064641be258919f99a94164a2b9433e2328
ui/mockups/android/YL-A-090/YL-A-090-S07_SAVE_ERROR.png,119412,d1782bdb9348ee293b0ea2973acb69b0d693cef3dec96f121508d9d0c428dec1
ui/mockups/android/YL-A-090/YL-A-090-S08_OFFLINE.png,107181,20d7ae13b8b9a596fd7cfb8fa759eed961442ee80f1bbc3e4e37eeae84bb5a12
ui/mockups/android/YL-A-091/YL-A-091-S01_LOADING.png,71838,ca2a60a36c03ace6ed74918028c2a0554d3c1530e1f44afb10390739c33ad8a5
ui/mockups/android/YL-A-091/YL-A-091-S02_POPULATED.png,85344,3ac5b7973e801edc04626e783edd8a66e2de88dc3cdb23bc2cc56c9a352b244e
ui/mockups/android/YL-A-091/YL-A-091-S03_EDIT_MODE.png,101562,98901249d34c1bd61685cf184bbca8838ddcd0f57c6c9046b985c784bfe7de53
ui/mockups/android/YL-A-091/YL-A-091-S04_DIRTY.png,101331,36ee82508d4bb110a1bf29188bb9c84340d7b18a302a5f1139f6067d3fbd1fde
ui/mockups/android/YL-A-091/YL-A-091-S05_SUBMITTING.png,106257,35a4711c170b27ab1fb61c776feddecbcd017c2305f53e31c3df475785f4a9fd
ui/mockups/android/YL-A-091/YL-A-091-S06_SAVE_SUCCESS.png,119385,051b6f87d6861758e4dfe1487c95658cf45490ce3e1e28a2063b2a31cebad896
ui/mockups/android/YL-A-091/YL-A-091-S07_SAVE_ERROR.png,123203,89fce8944d15c9e2d8077b01c74c8384d99d463559c857daed9fdc477f7e547d
ui/mockups/android/YL-A-091/YL-A-091-S08_OFFLINE.png,107499,884d6730a9da51b67be01ae462793a26873ab073e63c0db91ab4f66961d1239e
ui/mockups/android/YL-A-092/YL-A-092-S01_LOADING.png,71395,7bd0b1b0b89414cba3cad82c306c8eda867219c6eea40909fa6afb96af7233da
ui/mockups/android/YL-A-092/YL-A-092-S02_POPULATED.png,88792,593e1b150a4c2bba6777a6f1a2fa65722eb5cd21f08d6c7459b49d7012560792
ui/mockups/android/YL-A-092/YL-A-092-S03_EDIT_MODE.png,104677,bca1921e3e3cbdc85cbbe49374472cd6bb2f9634eed1f1597eff08594f247269
ui/mockups/android/YL-A-092/YL-A-092-S04_DIRTY.png,104459,aa7f47fd20dd66c8429f8ad413d74c1920e3558a76105583e26b351b4c9bb311
ui/mockups/android/YL-A-092/YL-A-092-S05_SUBMITTING.png,109484,c3d32536963ff18f3c7025e146bf1dd3e954691700e888f6b28cf2755d937b17
ui/mockups/android/YL-A-092/YL-A-092-S06_SAVE_SUCCESS.png,122113,83474ebb3dcc039c473fcbca7deb705f4cc0dfa4a90030cc9cff81749e98a36c
ui/mockups/android/YL-A-092/YL-A-092-S07_SAVE_ERROR.png,125972,8f369958cbc03ba7d747383e072bf89f937216f48938e29f17e2c7ad4bc8b918
ui/mockups/android/YL-A-092/YL-A-092-S08_OFFLINE.png,105447,64a54ed1a845be146fb919dcd84c29fe0c69a6c3ac79d6f7d281cb0931d3dd0f
ui/mockups/android/YL-A-093/YL-A-093-S01_LOADING.png,76764,6de654ba198149a1c9d72425e40e31317f84e4f0c7440eae44739b657a01e121
ui/mockups/android/YL-A-093/YL-A-093-S02_POPULATED.png,86601,f1ad4bb7866b23fdbcf4a307826a67cceca8099d1eff9837a3548da47e6b7eb5
ui/mockups/android/YL-A-093/YL-A-093-S03_EDIT_MODE.png,103050,b432fa05d27b634a8e38c54f481ff2d46a75cbd41e217dc9b6b868ff1676b38c
ui/mockups/android/YL-A-093/YL-A-093-S04_DIRTY.png,102802,788d2996f17f077cd67e6fdae7a2e46dcb5fd9e31299d9df3e29c64b78afbaeb
ui/mockups/android/YL-A-093/YL-A-093-S05_SUBMITTING.png,108294,8b59ab1bad6bf8e3d337e04d94607462a8d6e8d01c0cdeb0119b77e9f102ddd0
ui/mockups/android/YL-A-093/YL-A-093-S06_SAVE_SUCCESS.png,120965,314c930923140dee165b1facfc899d26c54a0a49ca36a9848e3bb58418eb759a
ui/mockups/android/YL-A-093/YL-A-093-S07_SAVE_ERROR.png,124810,ea9704010a75add1f8872aab0b68666e409533ff163c53284670fd37083daf5a
ui/mockups/android/YL-A-093/YL-A-093-S08_OFFLINE.png,110723,1a465c99d872548c771202cb18bb233252f4bd469d5420f6c51378245431af81
ui/mockups/android/YL-A-094/YL-A-094-S01_LOADING.png,64677,a3d244c4afa2396076f7313e70bd6de32a5f3d0c1e17d76c9231cc34b0fa6bdf
ui/mockups/android/YL-A-094/YL-A-094-S02_POPULATED.png,90300,8b6376890abfa7b2f76e317d8d5cd363a66754773c2d384f2fd4a9302c9ce103
ui/mockups/android/YL-A-094/YL-A-094-S03_NOT_FOUND.png,91331,01b0c41faf2195025caee1fed6c63a44a2e52e4a4edbe10f5e383c575e876ca3
ui/mockups/android/YL-A-094/YL-A-094-S04_EDIT_MODE.png,101605,d39737445364748050d0c9959eb33928c9df9e6f9d15a83c93150e28bbdf065b
ui/mockups/android/YL-A-094/YL-A-094-S05_DIRTY.png,101418,213a2772b4851fc8ebc5c679a91f5d122377c87aea557d8807f9e9d6e146e479
ui/mockups/android/YL-A-094/YL-A-094-S06_SAVE_SUCCESS.png,107148,68cac310012aaa761b89bba58b1f715a9dea01fd4f6a5c483e410fe1d3271ee7
ui/mockups/android/YL-A-094/YL-A-094-S07_SAVE_ERROR.png,111321,0b2c0687ecb20f5b03675007aa42520e392b82d14e9c93d13a6d5907ebf1802f
ui/mockups/android/YL-A-094/YL-A-094-S08_OFFLINE.png,100851,3c71c114f4c1f78cdb161afc1731926e6fa109ec61a19a981a3dbc4ecef70e5e
ui/mockups/android/YL-A-094/YL-A-094-S09_PERMISSION_DENIED.png,90931,38e3b9a75a7ca6b59e72da7995c97df6b5ec99af0a56a8d1b5719f2dc3b61391
ui/mockups/android/YL-A-095/YL-A-095-S01_LOADING.png,73775,c8494649a704088d9d67acb07831bef1089c563b3877b6a5fbb7a08e4b3066ae
ui/mockups/android/YL-A-095/YL-A-095-S02_POPULATED.png,101007,5782ec4b810155d37a6cf2ab2b65486df1e795af06febeb40fea2920d17c998a
ui/mockups/android/YL-A-095/YL-A-095-S03_NOT_FOUND.png,98230,63a5198d1b7ef5b8cdbe707043f1d4a0081cbff7f8aa79f804e4733a37087275
ui/mockups/android/YL-A-095/YL-A-095-S04_EDIT_MODE.png,112071,0d25dd470eff2d4dba96b3bdcddf2aa09ca4ffc491d60da8cd6c6058ce625f07
ui/mockups/android/YL-A-095/YL-A-095-S05_DIRTY.png,111766,81fc2650f1dd954efcaeb49070ced3c9b32c908eb19a52855a6b57bdeed03df3
ui/mockups/android/YL-A-095/YL-A-095-S06_SAVE_SUCCESS.png,117404,2f5b67e4f11e4bb6e80dbed4498e45dc5569898e230ad3d81651e8715ec39ac1
ui/mockups/android/YL-A-095/YL-A-095-S07_SAVE_ERROR.png,121320,e57b54ba206aecbd0562c5f2af24e935240e5d40840f43f6fc441668bf36be79
ui/mockups/android/YL-A-095/YL-A-095-S08_OFFLINE.png,107932,c02e299b3283398f8dd8b6debc1a95be36fc1fd0bba5e856da6361fc1168a192
ui/mockups/android/YL-A-095/YL-A-095-S09_PERMISSION_DENIED.png,97870,231d51835bd855427c9606eeb92e7b31a1b565f575af9bc8b5071cb743c1805a
ui/mockups/android/YL-A-096/YL-A-096-S01_LOADING.png,73502,dc979f07d2d567dbd445b71fdc9ef504cc787005efdcb01b286e5784f0369694
ui/mockups/android/YL-A-096/YL-A-096-S02_POPULATED.png,94756,ae8ad9c52f198dcca8d64df709f15467572fe07d12360053afc7db0586833982
ui/mockups/android/YL-A-096/YL-A-096-S03_EMPTY.png,100356,1c017f970ab613bb701fd7c33bd249c5ad24eeba0fba744622805e48cf405bca
ui/mockups/android/YL-A-096/YL-A-096-S04_PAYMENT_PENDING.png,100820,38e20921311e2069edfbe5667a6351b584d1a9ec85a125040bcc15c6eb93ef78
ui/mockups/android/YL-A-096/YL-A-096-S05_CREDIT_PENDING.png,101904,d63dd2464df8ad5aec006749f99b7a917c13f0b7bcfce453d555a30325fc17bc
ui/mockups/android/YL-A-096/YL-A-096-S06_REFUND_PENDING.png,99873,b16fc171e88f3531b19db5723573135dda52e3373ac609311a8e5cc175eeae0c
ui/mockups/android/YL-A-096/YL-A-096-S07_BUDGET_EXHAUSTED.png,129113,58e669d36af6c4af0d5afd63205e997f15b0b2195091401d6bd82b77b78054d2
ui/mockups/android/YL-A-096/YL-A-096-S08_SUCCESS.png,112376,f7b45d080033c399ef7cd54448058031278dd40e8539a85895b6fb64ab627533
ui/mockups/android/YL-A-096/YL-A-096-S09_SERVER_ERROR.png,99187,ad38da48c25049e5901bd2efc6ac49728e65600473a8801dad6646abcd478e26
ui/mockups/android/YL-A-096/YL-A-096-S10_OFFLINE.png,107687,5a5499bf56793e29743cdf722be6c57da2ea88527896d0f9877234abf43bdc85
ui/mockups/android/YL-A-097/YL-A-097-S01_LOADING.png,66175,09c328538c8d705bfc2355d77a06d40b2d2d46c660ad1e8530f8b1cf3bdb949c
ui/mockups/android/YL-A-097/YL-A-097-S02_POPULATED.png,101970,b83b656a13541fb3e3ab3f0909c1f1bf8a1a06f9c982306ea442dba8af8abea4
ui/mockups/android/YL-A-097/YL-A-097-S03_EMPTY.png,94779,a06888086cdacf4f96cbecf50352ce72c1f1086e0f32f0f85cccb257d8d60f35
ui/mockups/android/YL-A-097/YL-A-097-S04_PAYMENT_PENDING.png,108187,2c0043b1e8ae7b6d5a40da0d321168516c9ac384be067f96f681c24ed6da2385
ui/mockups/android/YL-A-097/YL-A-097-S05_CREDIT_PENDING.png,108956,334dabe2eb7fd8364271fd7eed80ab6494c0d3cd12c9a1c3811270ec6ec45b91
ui/mockups/android/YL-A-097/YL-A-097-S06_REFUND_PENDING.png,106800,7b0bb3f805aee0b65f2b9acdb62a4f30b1bdc447fb1050197f5e87e9fd2e7764
ui/mockups/android/YL-A-097/YL-A-097-S07_BUDGET_EXHAUSTED.png,121995,1e88aa0e7613db925a335ad32edc4f333237618668ffeea7b0e5dcd4214986dd
ui/mockups/android/YL-A-097/YL-A-097-S08_SUCCESS.png,122315,96630e05f99c3efda8c37c14d2d51e410b76e9518e36bb8eeaba2e4668de93c4
ui/mockups/android/YL-A-097/YL-A-097-S09_SERVER_ERROR.png,93328,9e00f88be818eee8fe682b074730b82326ec01663fa4d84a65b7bd8d26b473ad
ui/mockups/android/YL-A-097/YL-A-097-S10_OFFLINE.png,102120,63ce89f600b9eeb93214bcc0e6496b60bb64de71169fe6c765c7a3c45dec641f
ui/mockups/android/YL-A-098/YL-A-098-S01_LOADING.png,70280,1be9c391d7a91163d9c8949e5abf4e509c73059cfadaf75266bf70e646c5041b
ui/mockups/android/YL-A-098/YL-A-098-S02_POPULATED.png,100721,78d51a27ec799fee5ff37607fe8361d6f8b5062d3ee2bc31d5ea75f1507e9ec8
ui/mockups/android/YL-A-098/YL-A-098-S03_EMPTY.png,96451,be67b717949b9feb7580166a2c95572fd459b15ab5d6b6c1f184e04d0b6dbe1a
ui/mockups/android/YL-A-098/YL-A-098-S04_PAYMENT_PENDING.png,106485,aaa786aa5e10af7adc96e680913f6baaae7656022fe3f3ed598732f173043f20
ui/mockups/android/YL-A-098/YL-A-098-S05_CREDIT_PENDING.png,107500,1e7192a606b19f8a7ca45ceb9e857bb793066562dd1e312179171707a27d9930
ui/mockups/android/YL-A-098/YL-A-098-S06_REFUND_PENDING.png,105594,af1bc96f1030cee6a9922deabfdf3b351a5be3f6bd32a8ba61352744f1868d92
ui/mockups/android/YL-A-098/YL-A-098-S07_BUDGET_EXHAUSTED.png,135250,fec4c57f6c05f66c329a01c09781f119e543edb3a52c6c898dd3f518450fb78b
ui/mockups/android/YL-A-098/YL-A-098-S08_SUCCESS.png,118544,32d3154589b85e8f20ae5874f302c1d8034d73cd0e973077ca7de6e4fd7c5e91
ui/mockups/android/YL-A-098/YL-A-098-S09_SERVER_ERROR.png,95065,2dd782cd744ba17fed9d4f01101efae92257632be75b75c063e553fc076e7533
ui/mockups/android/YL-A-098/YL-A-098-S10_OFFLINE.png,103831,494faa5a2fe9223753a27008360b4b13a8d08a1dd35282c23faaa0e1169d0bb6
ui/mockups/android/YL-A-099/YL-A-099-S01_LOADING.png,70641,ae6cf9618cfa7e861956f5ffa6609b59d35f9bd683fd5cd9506a856f443ae115
ui/mockups/android/YL-A-099/YL-A-099-S02_POPULATED.png,101015,668fd6057643c8afcaf94f961d85601a34462f654efcc653bf26649f5358cfcf
ui/mockups/android/YL-A-099/YL-A-099-S03_EMPTY.png,97647,42711c792a1703a3d890bade686be63158e4ee18e80f7af09d8e370a98a0e4d7
ui/mockups/android/YL-A-099/YL-A-099-S04_PAYMENT_PENDING.png,106778,74021db4b2ede934aff760dc210d34873140d0f9ae4ea29cbfac2381c3a0795d
ui/mockups/android/YL-A-099/YL-A-099-S05_CREDIT_PENDING.png,107876,11db83248079512d717cfb78ef6efdf50d4aa2d9460b2dd10c6be87e5a5474df
ui/mockups/android/YL-A-099/YL-A-099-S06_REFUND_PENDING.png,105831,fee670569b01aed64e6770e53a15bb11eef3865718386e61ff41e19e50b56c49
ui/mockups/android/YL-A-099/YL-A-099-S07_BUDGET_EXHAUSTED.png,114110,1108deeed8c702fcabeb2a4cca9533013f8271ba18be8c7cfbb9e937b73e25aa
ui/mockups/android/YL-A-099/YL-A-099-S08_SUCCESS.png,114495,5627f57c09f74abe593cb3d9fa2c0e3d19207c8fed8fb38e9c38a0199c3efacf
ui/mockups/android/YL-A-099/YL-A-099-S09_SERVER_ERROR.png,96184,65914d0c58a031e2c5d4ca7d0764738ab93ca32a8fe7c1a460b43d279c181f2d
ui/mockups/android/YL-A-099/YL-A-099-S10_OFFLINE.png,104975,a0a4fa86955e99956b57bfb662b1a6b82b834f41905a154c0434e92e0d25d6d1
ui/mockups/android/YL-A-100/YL-A-100-S01_LOADING.png,66441,06d4b1423f37c7f5946908a30981d7826b7eec77240dbde18604ed1fe993f3d4
ui/mockups/android/YL-A-100/YL-A-100-S02_POPULATED.png,105042,8d9ec2d8bfe399186f1b26512a6dabf56d9c06cce307e1907b0e265a6fe0558a
ui/mockups/android/YL-A-100/YL-A-100-S03_EMPTY.png,95054,f11f15c6a5e399b88739c9ec61e293eef9513b1a379a678e24963f818b89666d
ui/mockups/android/YL-A-100/YL-A-100-S04_PAYMENT_PENDING.png,111043,7f85a9c5e2621750b6de2d3940d5fc2b2b09883a5693dd17638dd0a056f6b85d
ui/mockups/android/YL-A-100/YL-A-100-S05_CREDIT_PENDING.png,112104,f7158bb55f58331f7ed01772ffd089b65f7cfc4c66b4946c8c61c8b165ceef86
ui/mockups/android/YL-A-100/YL-A-100-S06_REFUND_PENDING.png,110065,3c25893fd6307a4ef6ddb4b4dfa6688a37513ec47cf7685363e8b6d9b3b00789
ui/mockups/android/YL-A-100/YL-A-100-S07_BUDGET_EXHAUSTED.png,115563,7de427b4955b156674eaa685fd408adeb6fe5b65bfc5a93da67b7f2adf86fb42
ui/mockups/android/YL-A-100/YL-A-100-S08_SUCCESS.png,115924,215e7fff955e07ac4144f9f5b0621a138b91a625ae024f3a75c3c3b68e128910
ui/mockups/android/YL-A-100/YL-A-100-S09_SERVER_ERROR.png,93160,e8076e1c4c1a043d37462fc11e15f89bd3a214f3fcade22152c6761d9a899ffa
ui/mockups/android/YL-A-100/YL-A-100-S10_OFFLINE.png,102414,0f64a6401413eb485decdbf867af11e36032dcb54f6d8407392c0f88f238f97a
ui/mockups/design-system/YL-DS-001/YL-DS-001-S01_DEFAULT.png,62809,172010172dda0f4115bf3f401a0d56cc8f7bb6f86a20029b9938c599a5a86cae
ui/mockups/design-system/YL-DS-002/YL-DS-002-S01_DEFAULT.png,122285,1411d2dc7331ab4e494b159512e16914c436536b0c9780aea12ccbda244eeb4f
ui/mockups/design-system/YL-DS-003/YL-DS-003-S01_DEFAULT.png,63701,1b44d46ea6f44f54f8ad1eb7edf86e1b505cdd7800d236c73620d61ec74ed7fc
ui/mockups/design-system/YL-DS-004/YL-DS-004-S01_DEFAULT.png,57173,3a19c2cb0d0bb4a7f5c2575cbb5f0e8a878f13f9b0a4c189141c71240b6fd9fd
ui/mockups/design-system/YL-DS-005/YL-DS-005-S01_DEFAULT.png,60150,41bfeb731f46ec7f571abf9b37f715051ab1eac2a449f82dc2849f4e68484fa3
ui/mockups/design-system/YL-DS-006/YL-DS-006-S01_DEFAULT.png,54166,bc0f15d53626cf0c0dbd9a88154034d676a6de2972a02bacc6a683f3be479d9c
ui/mockups/design-system/YL-DS-007/YL-DS-007-S01_DEFAULT.png,60218,01c6383122c910fdf23de2aa1017766bc5bf23ef420263de873b57a70b7b8efb
ui/mockups/design-system/YL-DS-008/YL-DS-008-S01_DEFAULT.png,65034,8776b320c30a60b6535034e1dbeca12591beb6fa3283a53f8fdd794fa9334439
ui/mockups/design-system/YL-DS-009/YL-DS-009-S01_DEFAULT.png,64568,155acf43c4e35ff3da8403e84992c0f3ff33187053907990fc5059191e098a3d
ui/mockups/design-system/YL-DS-010/YL-DS-010-S01_DEFAULT.png,68842,0807bfd6518e4c0932c5634574d687b3dc882b69b8c3f0681060628e4efe66cf
ui/mockups/design-system/YL-DS-011/YL-DS-011-S01_DEFAULT.png,62780,66ecc53c70874fb051b662a726581a541486f5fd28f12f59468df85eecef1f98
ui/mockups/design-system/YL-DS-012/YL-DS-012-S01_DEFAULT.png,59468,392182a69b4a7290a85d7a78ebd730ff818c6469c5b7e89f42cfe193ad345d90
ui/mockups/design-system/YL-DS-013/YL-DS-013-S01_DEFAULT.png,60607,0a3f2bb858803dcc3baa7ae869557cc8b7dd9b42ce29a748bec79b3f567f6f13
ui/mockups/developer/YL-D-001/YL-D-001-S01_LOADING.png,63506,e4591514709abfc2c797c61a8a048c681df9f659750164738903473dd25c6f9f
ui/mockups/developer/YL-D-001/YL-D-001-S02_POPULATED.png,110194,dd1f959980ae3711804694ccf9d7d2a49b2f74cf2e529c4c7cfbc53676393f31
ui/mockups/developer/YL-D-001/YL-D-001-S03_EMPTY.png,80833,8005a52fa9e5b2dece621db8d1ec85f2e95e6bd22a45ce181fc80b541ba9e922
ui/mockups/developer/YL-D-001/YL-D-001-S04_FILTER_ACTIVE.png,115047,651c6eae9ba5cb28626ff00c6bad3ee6b0cd5f06c6bbebea7af1753953a0f3bb
ui/mockups/developer/YL-D-001/YL-D-001-S05_BULK_SELECTED.png,116212,8f395bb154739c98c0e7433f6ed8fad057bb8412c369fb47633956720ad53730
ui/mockups/developer/YL-D-001/YL-D-001-S06_PERMISSION_DENIED.png,76279,298af2adae4e2efe0f703e0c7c4a272399d4c4bb9b7c78d04b6c1eb935cdd2eb
ui/mockups/developer/YL-D-001/YL-D-001-S07_SERVER_ERROR.png,78513,d27f620664aec9f19e740f2468e71843ff4823e3c4b49b84bacd2b1649257be4
ui/mockups/developer/YL-D-002/YL-D-002-S01_LOADING.png,65090,65fab68a57453df374f5f5fccc05f705da98429039ec4943aa50559624223f77
ui/mockups/developer/YL-D-002/YL-D-002-S02_POPULATED.png,71676,fd0319d81318c7eb3b93f0e7d4cd87847eb3bdd98b12775f600c3b7928cc96fe
ui/mockups/developer/YL-D-002/YL-D-002-S03_EDIT_MODE.png,74911,213d8e80a67262bc5429c7e9b12bac9d066434f73d0a5aa3ec682655c719f1fb
ui/mockups/developer/YL-D-002/YL-D-002-S04_DIRTY.png,74400,dead6f2e5def5104c2a07c2fa96ba5b5a7569eb3ccedf111a091492aa8f4973d
ui/mockups/developer/YL-D-002/YL-D-002-S05_VALIDATION_ERROR.png,84510,95fe2fc54fb3d0e5c2fba635bb67c3bebf5938443a05d4d32fb4315be116c646
ui/mockups/developer/YL-D-002/YL-D-002-S06_SUBMITTING.png,75697,725318dac1673ddddf0405c796c9922e5be0712ed0fd76385dde855349822d5a
ui/mockups/developer/YL-D-002/YL-D-002-S07_SAVE_SUCCESS.png,83344,014176976a172ea37d9ce896018d0d3041103b52c2052096ee839533f5bdfe46
ui/mockups/developer/YL-D-002/YL-D-002-S08_VERSION_CONFLICT.png,84750,949f307d7355fc16e8081ae19b5cd61786e334698ee3f1d72063ee0324255f59
ui/mockups/developer/YL-D-002/YL-D-002-S09_PERMISSION_DENIED.png,77656,4364a29e1eb4b46b7d121017465a756061fc898e5e5fb41331aa84cf47214841
ui/mockups/developer/YL-D-002/YL-D-002-S10_SERVER_ERROR.png,80229,820631a7418fc45e99c863041202b237e67b9d1450f57c0064c3abc0a0935722
ui/mockups/developer/YL-D-003/YL-D-003-S01_LOADING.png,64964,b63d9fe9f4ac4566f3d991200f4823408d794de6d70d191a21d33ad5aec5e701
ui/mockups/developer/YL-D-003/YL-D-003-S02_POPULATED.png,85971,4c680bf56be38d2dd26d37305b74a28376c57d33517b68e4f4ec1e4fed1d74ed
ui/mockups/developer/YL-D-003/YL-D-003-S03_EMPTY.png,90452,78e7309af5d3ea33e66c592767de52def5083bc8e1b0738ef974ef618f31852f
ui/mockups/developer/YL-D-003/YL-D-003-S04_PARTIAL_DATA.png,100174,a6f8eb62d14d0192e9122c7f2d7356cb101385e3c8972acbbbd15936ec373cf1
ui/mockups/developer/YL-D-003/YL-D-003-S05_BUDGET_EXHAUSTED.png,76668,bd2a4efd0416a4797ab72d87b6ebaa5e1a0ad7dbf5694c029caa449f31cd5425
ui/mockups/developer/YL-D-003/YL-D-003-S06_SERVICE_DEGRADED.png,81922,1749e4731f42e0a12a34fe377f66b09b9a81b095aa8ca3a59548df62f3440eb0
ui/mockups/developer/YL-D-003/YL-D-003-S07_SERVER_ERROR.png,80116,bb766569d5acf9c06a1ec1895f675ff39933a6ebec851b5b6847887207675bfb
ui/mockups/developer/YL-D-004/YL-D-004-S01_LOADING.png,63235,57332963204f77e136cd8f6d2f9a03db82fd9187db5944d856518f07b72bfb48
ui/mockups/developer/YL-D-004/YL-D-004-S02_POPULATED.png,70071,ce54298c0d5a65cb32edcfb94c1415aecb3363eacf1a99c6087ad337c9b76d2f
ui/mockups/developer/YL-D-004/YL-D-004-S03_EDIT_MODE.png,73298,af64e06c6313aee322d33564c0da1fad04a656bb92ea509e61b33dd73f4171e9
ui/mockups/developer/YL-D-004/YL-D-004-S04_DIRTY.png,72800,17afe89836d0b098d3fe74b3c665e6a5daf78e1b939b7bfcb394b91e3f46c606
ui/mockups/developer/YL-D-004/YL-D-004-S05_VALIDATION_ERROR.png,82940,ba23a4059bad88501b33a9002031c2d73340680142cd1ca5d597d74493cd4670
ui/mockups/developer/YL-D-004/YL-D-004-S06_SUBMITTING.png,74091,0ca4bd1aa7c4e2b3a05725091aef841da3331d1cc221d1aaa379cd58eb68af52
ui/mockups/developer/YL-D-004/YL-D-004-S07_SAVE_SUCCESS.png,81771,3ddf07b01c727f9e097149e7c788482448a86275036645a1bd672309b339b6a3
ui/mockups/developer/YL-D-004/YL-D-004-S08_VERSION_CONFLICT.png,83183,729d6f0b34c3481dd9290011c9749ff5f93be67b0f50be7fc67a6fff9f6e9df8
ui/mockups/developer/YL-D-004/YL-D-004-S09_PERMISSION_DENIED.png,76108,501cbe3ea9b41eaab687659fcf1b3775558b6b1a0938506504767abcc853958c
ui/mockups/developer/YL-D-004/YL-D-004-S10_SERVER_ERROR.png,78315,75feaf7e23a3c0ba4e1f452b2e72520d6077c6536abec578ee3f793856db11ca
ui/mockups/developer/YL-D-005/YL-D-005-S01_LOADING.png,65109,4755bbb71b6ad1af250dd326ab068b49ca78815d93a2f019ecdea2cd6f1898f5
ui/mockups/developer/YL-D-005/YL-D-005-S02_POPULATED.png,70587,96403f52d42339bf06df71b4b8a685e47d79ec1f95945a2a764a1eb1442561ea
ui/mockups/developer/YL-D-005/YL-D-005-S03_EDIT_MODE.png,73830,9fc71f80fc5fa233337abe7287c8e60401fc418e97c522ea4376ddc1d4b20d17
ui/mockups/developer/YL-D-005/YL-D-005-S04_DIRTY.png,73316,0eef8bf859d9f9c385c9b1d00bf65ef47cf8cdc0bf5de0daf10125841c6d8e42
ui/mockups/developer/YL-D-005/YL-D-005-S05_VALIDATION_ERROR.png,83432,a73b7aeffee804f1423bdcac0ad09a2b969955c261b18aff8e3af8d7a9c8417a
ui/mockups/developer/YL-D-005/YL-D-005-S06_SUBMITTING.png,74607,f863b5551d7fa52b6fcd060cad6ca05e298cb7dc945519458bc5b7034b8c7552
ui/mockups/developer/YL-D-005/YL-D-005-S07_SAVE_SUCCESS.png,82267,e016c5d0a5757c2a82849f1ae7a4071063ca1cff332738b67400833c2bd85723
ui/mockups/developer/YL-D-005/YL-D-005-S08_VERSION_CONFLICT.png,83678,1f9e1f67ca996dd023bb8cdc888792d78165ef02b39b97134e0e865cd2364f8c
ui/mockups/developer/YL-D-005/YL-D-005-S09_PERMISSION_DENIED.png,77761,90479b08c347c7d349e138650ac93d5181523366906cf3117e696b2c924037cf
ui/mockups/developer/YL-D-005/YL-D-005-S10_SERVER_ERROR.png,80261,72ce4f49c5a665e2ea4a9263f54aba2f0a091b59f6fb7c8b28e8159a742e3c6d
ui/mockups/developer/YL-D-006/YL-D-006-S01_LOADING.png,61151,bdce06cff0f63924ffb205f134e68a1c3e32c4e9c163d6792c6a0ec4af649235
ui/mockups/developer/YL-D-006/YL-D-006-S02_POPULATED.png,72753,5f523e716e68a5f1fbc47fcb3c1b4152336d5b0e06bed08080def33cec3e3f0b
ui/mockups/developer/YL-D-006/YL-D-006-S03_CREATED_ONCE.png,76940,067ad1e841bffb37a5d9365f1fdc9018b1698896163df36dd9fd7e2a7a97bd05
ui/mockups/developer/YL-D-006/YL-D-006-S04_DIRTY.png,75478,fd2b48eecf364cb73b97f23a7976d883c5ade05ace7c0244c29faa4c1d1392d2
ui/mockups/developer/YL-D-006/YL-D-006-S05_VALIDATION_ERROR.png,85654,953fa7200fb1f592e2abdf7a7d128b5fe38f54b1d25fe785f1e2912a19ce05c6
ui/mockups/developer/YL-D-006/YL-D-006-S06_SUBMITTING.png,76775,452c6a31e0f8a1c279711233f6e8f8546a806ac30cc99b04040a179b5b4ff9c1
ui/mockups/developer/YL-D-006/YL-D-006-S07_SAVE_SUCCESS.png,84469,b0ffef7077945a49e2a5196d5905026b2f1806e4164b3a49cc0aa0a0e1bad237
ui/mockups/developer/YL-D-006/YL-D-006-S08_BUDGET_EXHAUSTED.png,73761,137c5d2680964318e0376477143f5bfed54a632f72ea7f9f8599439f05d33ff2
ui/mockups/developer/YL-D-006/YL-D-006-S09_PERMISSION_DENIED.png,74620,a4c7b393a907848bd79b54a9d6f4fc10a109770998192460d3132e2f34df56e1
ui/mockups/developer/YL-D-006/YL-D-006-S10_SERVER_ERROR.png,76210,419db8c82c2503d490834bd4c884f625f657ce397a1e15967cd8a601e740c2e4
ui/mockups/developer/YL-D-007/YL-D-007-S01_LOADING.png,67559,d0b17d2f845a81fdac4facff6008c7a451f0422681db6cb174d50381e81e4c56
ui/mockups/developer/YL-D-007/YL-D-007-S02_POPULATED.png,72669,4f2c179a24c9d12a8379140f46542e1e887264ad50d05750f0728b7b6f3fc5ce
ui/mockups/developer/YL-D-007/YL-D-007-S03_CREATED_ONCE.png,76856,7a47be996588dff4f6a7af560f96fc872e385d6a3ef969bd017980a6419f5468
ui/mockups/developer/YL-D-007/YL-D-007-S04_DIRTY.png,75392,91f660395c8a20afe8776c16359e674dcc5554cbdcc9025bf811cd0d45ed7393
ui/mockups/developer/YL-D-007/YL-D-007-S05_VALIDATION_ERROR.png,85571,85ea715b482e20e11c3e777c080f13931a1fd53433fe6d638146d95a39772dc1
ui/mockups/developer/YL-D-007/YL-D-007-S06_SUBMITTING.png,76691,0ee7b503a2cbb050216fa4ed5a1ee9b79e119750c884f061717f82e19ffd78df
ui/mockups/developer/YL-D-007/YL-D-007-S07_SAVE_SUCCESS.png,84385,5d3e0163bbd6ce9791567215e8eeb0de28952547f43f1bc398f779a8d8bb147f
ui/mockups/developer/YL-D-007/YL-D-007-S08_BUDGET_EXHAUSTED.png,78744,9f317b419e0a894ac6cdd112056b9694a9ba584e6e6f11bd0e8c2c590423a667
ui/mockups/developer/YL-D-007/YL-D-007-S09_PERMISSION_DENIED.png,79587,385733b6c0caf43503fb5b43a8dcbbaf88f1f68b2d22572cb072b8331ad51847
ui/mockups/developer/YL-D-007/YL-D-007-S10_SERVER_ERROR.png,82612,975625b6b956d2ab8c1504b297f388aeae33810fc550ec9bb5d7f689c51f11e8
ui/mockups/developer/YL-D-008/YL-D-008-S01_LOADING.png,64177,e1c7db40a203bb54412259fa6dc70867dc2a35ada9f1b43cc927f332a35abf65
ui/mockups/developer/YL-D-008/YL-D-008-S02_POPULATED.png,69814,17a26021fef38e879960c8d4a482c25cc1936ac5fcb16f0a954d97d45aa38714
ui/mockups/developer/YL-D-008/YL-D-008-S03_CREATED_ONCE.png,74002,cddb04f4e8a3677ac5e1f8415ef1cbbf8c60d6827fd49cf1d1da3abbf89d5f84
ui/mockups/developer/YL-D-008/YL-D-008-S04_DIRTY.png,72541,deb96f3e34e72f539dbd5a556b43b0b34151beb684b76f1d8ae92e8bed13543a
ui/mockups/developer/YL-D-008/YL-D-008-S05_VALIDATION_ERROR.png,82693,69aa4ea91f31f41223ba461c20b7bbd2e24cf6ada37ff1e98f943b74a3434830
ui/mockups/developer/YL-D-008/YL-D-008-S06_SUBMITTING.png,73834,f4d102c3916f03c9412fdee09d8931549a85c264f6a2faff039c97d554f6ef0a
ui/mockups/developer/YL-D-008/YL-D-008-S07_SAVE_SUCCESS.png,81532,b2d4cf1401f520a5c6093b352d6796f0984b30f2a724ed7756a93c0d3201e956
ui/mockups/developer/YL-D-008/YL-D-008-S08_BUDGET_EXHAUSTED.png,76041,66aa9da7308d51cef805f7dfc9290359ae422671f89517ce6ae047973f98e352
ui/mockups/developer/YL-D-008/YL-D-008-S09_PERMISSION_DENIED.png,76901,e44cc6bd9dc977076d16f663f9dfe933633c5ce0a64e9aa46141f027935ee85a
ui/mockups/developer/YL-D-008/YL-D-008-S10_SERVER_ERROR.png,79190,a1fb7d4475341bac3a995cfddb17e17c96d713e7a2aea98a41cc81b02bf53186
ui/mockups/developer/YL-D-009/YL-D-009-S01_LOADING.png,64721,32f79fa6e12e3debc60acfd549d2eab732887fd2203fb863283a7c0d057eaa51
ui/mockups/developer/YL-D-009/YL-D-009-S02_POPULATED.png,70584,2ae80c0940646bc431e852c38bfc04c85a417edbd21f1fdef312c8f7988df88a
ui/mockups/developer/YL-D-009/YL-D-009-S03_EMPTY.png,74899,a63da12efd145d84649469ff154b9d391d4e66a7edc36e398d1502e27b4c73d9
ui/mockups/developer/YL-D-009/YL-D-009-S04_PAYMENT_PENDING.png,73563,3135d3263c5c39c2b03e3eba3de950778a4dc6f7d7f8ea28ef04fa74160e5450
ui/mockups/developer/YL-D-009/YL-D-009-S05_CREDIT_PENDING.png,73875,a1437391bfb6fa47a0175f4be85670faff825e5a5e32004d50d23c52fb649459
ui/mockups/developer/YL-D-009/YL-D-009-S06_REFUND_PENDING.png,73000,6c654eda24283ce04a2ff2824086d1c00a74a70bde5bf1a6cf611e1b704dcf6e
ui/mockups/developer/YL-D-009/YL-D-009-S07_BUDGET_EXHAUSTED.png,76499,effd2e360f08d42e955ba893e336391bfa6b22de9e75490f76f2ca90d74983ae
ui/mockups/developer/YL-D-009/YL-D-009-S08_SUCCESS.png,82211,49fa9368cec26ff98df91ce67b1bca6269a8055f7825f1ba5f77647de89d3f0d
ui/mockups/developer/YL-D-009/YL-D-009-S09_SERVER_ERROR.png,79689,af51f67867aac7f3210164b0eee0df638b7f486e15373bf487521956f5da988f
ui/mockups/developer/YL-D-009/YL-D-009-S10_OFFLINE.png,74421,d08b0473a6c3580c387bd0ee5861a0e9d8ebdaebfd5e678a498529d3245b9898
ui/mockups/developer/YL-D-010/YL-D-010-S01_LOADING.png,64264,93024bea382a51907e3ef6fcccee465e797edec1c092d50e25acc0ccb4d5f633
ui/mockups/developer/YL-D-010/YL-D-010-S02_POPULATED.png,111373,928588629c6e492e9f509233d87551d415a2cca4f00b33584776582e364927dc
ui/mockups/developer/YL-D-010/YL-D-010-S03_EMPTY.png,81279,a99e41cd8b621bb755b3ab5f314d12fdece7db58ee829a8eeee9c4efb70b061e
ui/mockups/developer/YL-D-010/YL-D-010-S04_PAYMENT_PENDING.png,114310,8643d7e8b1511feb3156d9f58293eec5ce3052e05e6aada3c43935bd937b3ae0
ui/mockups/developer/YL-D-010/YL-D-010-S05_CREDIT_PENDING.png,114620,0a6c871ce15145395cc0d1397ee02fa678ce3e6ed069e16aee901cc82c2bb3d5
ui/mockups/developer/YL-D-010/YL-D-010-S06_REFUND_PENDING.png,113751,b2122d79757004c8d8d96aef406f01f06aa4a822e8ab153d270c8844304694b7
ui/mockups/developer/YL-D-010/YL-D-010-S07_BUDGET_EXHAUSTED.png,75998,63477b9a5f530d7f754d084d8e402b0f10a0391f862763ffdb5a18466360e546
ui/mockups/developer/YL-D-010/YL-D-010-S08_SUCCESS.png,122688,338832c701f6f71bb6d4315d0100a6e2f084d5453aca209452aa422a9c9264e3
ui/mockups/developer/YL-D-010/YL-D-010-S09_SERVER_ERROR.png,79201,33e15baa06379d2e4d60050c30195007b0c1324c7547096e8d95d6e248a0edb0
ui/mockups/developer/YL-D-010/YL-D-010-S10_OFFLINE.png,115178,b8b6474433e41d2b7c60d5f9551dcd2bdb5096939bfe89d8ebc4e46fa5821842
ui/mockups/developer/YL-D-011/YL-D-011-S01_LOADING.png,64062,3a43a80c71fefb0c06a4f93dd991193e62c853ab2668bc44991611a027b0f1a9
ui/mockups/developer/YL-D-011/YL-D-011-S02_POPULATED.png,68876,c83c3e4fc565f0c63596bd438e63d33a5bb50bb64a95ad782d536c722d6c5f48
ui/mockups/developer/YL-D-011/YL-D-011-S03_CREATED_ONCE.png,73043,8c12a5331ea9358bd144ca2f1234ce1c52d3ccda16922258e578f7dfc94a343e
ui/mockups/developer/YL-D-011/YL-D-011-S04_DIRTY.png,71584,e264ff9cc84354937a95e2c130c445f1b0b282a0b860fae4b98748318152f62f
ui/mockups/developer/YL-D-011/YL-D-011-S05_VALIDATION_ERROR.png,81760,a9127e4688efbb69ba6287610e42ee8607b232a126477786444bfbcfb26ec35a
ui/mockups/developer/YL-D-011/YL-D-011-S06_SUBMITTING.png,72876,b277cbe8e1136e5c9e399c5f88ac0db7ee1ae90841ac000af283603da180e42e
ui/mockups/developer/YL-D-011/YL-D-011-S07_SAVE_SUCCESS.png,80605,abba14fa145c0f3811cee582eb023aee2873cd71c9b22954c21e0f56fc3193da
ui/mockups/developer/YL-D-011/YL-D-011-S08_BUDGET_EXHAUSTED.png,76054,f43085980f025f705eefa034a2e267472229d51431bc791bbf49dda26cf3a024
ui/mockups/developer/YL-D-011/YL-D-011-S09_PERMISSION_DENIED.png,76928,69a5460b6ec42d3d1264cb36ee75ddef2f56ed60e030dff64e828786ffbf90a5
ui/mockups/developer/YL-D-011/YL-D-011-S10_SERVER_ERROR.png,79193,9f8e4669e165af27f43e0d546eda8b54204aba86eed0bb5087fff904b0f81ca3
ui/mockups/developer/YL-D-012/YL-D-012-S01_LOADING.png,62710,a9bcb091ca596ab80823ef99e5231d64b538e91ea5b854c8180b5f3c585ef678
ui/mockups/developer/YL-D-012/YL-D-012-S02_POPULATED.png,118040,4d920249e98c649aea3b99c8f552f8ec4d2aacc49514e8b96dd932105322b816
ui/mockups/developer/YL-D-012/YL-D-012-S03_EMPTY.png,80148,aaa1b9711a0017d14bf26abbd57bdda765f35fc9ef2ceb19dc6575b17fb8669c
ui/mockups/developer/YL-D-012/YL-D-012-S04_PAYMENT_PENDING.png,120955,37b78608e1bb4680ba44bf66f000ac35aaa0dbf4d0a0c5cc4060be050eda0cdd
ui/mockups/developer/YL-D-012/YL-D-012-S05_CREDIT_PENDING.png,121252,02e801c0f17bce756d54da6278745c30f424e05a0d733e12d5c0c811c935be1e
ui/mockups/developer/YL-D-012/YL-D-012-S06_REFUND_PENDING.png,120403,93c4b43442a2950a32b940ee42051d598d405f82a6656c38633ce45eefbddec9
ui/mockups/developer/YL-D-012/YL-D-012-S07_BUDGET_EXHAUSTED.png,74858,f1c0c656177a3b2827a1b8204193be2ae61a5c3a94ad5b7b8e4a37f6f6003fb8
ui/mockups/developer/YL-D-012/YL-D-012-S08_SUCCESS.png,129124,16f28b372766b3aae6b5d0cb3a28f0b7d6b7411e8dbedbae53e65a5c54925c5e
ui/mockups/developer/YL-D-012/YL-D-012-S09_SERVER_ERROR.png,77543,94aee0d447d99f9fd00f92065644dc75147b9d7e31a28c2496df3a63e855b16c
ui/mockups/developer/YL-D-012/YL-D-012-S10_OFFLINE.png,121398,7f1309866d2cba94d7a4bc317d5f78a13dbd615ea92c59700783735f476caf36
ui/mockups/developer/YL-D-013/YL-D-013-S01_LOADING.png,61997,6055e330094093a733c36851b2e4e89eaf792a8e029096728ef16cf9bc3e2161
ui/mockups/developer/YL-D-013/YL-D-013-S02_POPULATED.png,110163,71d205a9a4f1760f5e75cfba18fc27b229bf2b88852b3338a7936b0b2a54a5b9
ui/mockups/developer/YL-D-013/YL-D-013-S03_EMPTY.png,80906,eb6c306a534dd905fee503f5293c6debcff692ab2c1ee7415f30f297c1c59a23
ui/mockups/developer/YL-D-013/YL-D-013-S04_FILTER_ACTIVE.png,115005,a89e91d6de1e938bb8c6250a1c3d204d5f9ea1c87bc06057b9a5dc704b8317db
ui/mockups/developer/YL-D-013/YL-D-013-S05_BULK_SELECTED.png,116175,9cf1e58c78c312c6c250b66a39a44b2f6bd622a3e17d661cd520b67375192beb
ui/mockups/developer/YL-D-013/YL-D-013-S06_PERMISSION_DENIED.png,75213,9313ef1f9e701b8e2006c72a4c7ebbedb6f2278d67bcc4631e8c917f395a06f7
ui/mockups/developer/YL-D-013/YL-D-013-S07_SERVER_ERROR.png,76851,aef0a4d0dd4eb9f713ef7ca9985fd3826552ca5fab6e6a40adaf82aa58409599
ui/mockups/developer/YL-D-014/YL-D-014-S01_LOADING.png,64437,d9d8cb4e70e906e7415f69e838ef948a74911cd16aae3415ec3c987ac512d547
ui/mockups/developer/YL-D-014/YL-D-014-S02_POPULATED.png,70739,ab084d75481977c4df35ff68637921267747c353a33502f7feb119a522c5a8d9
ui/mockups/developer/YL-D-014/YL-D-014-S03_EDIT_MODE.png,73982,94a6a1bde3a0ff6b1ae1f80067156a53bf87ad1ec9dffa2c55574fae74286534
ui/mockups/developer/YL-D-014/YL-D-014-S04_DIRTY.png,73467,0878235de24f2002d7716a3c5a6941abaf181c13d722a34fe2e1cf914f841b1f
ui/mockups/developer/YL-D-014/YL-D-014-S05_VALIDATION_ERROR.png,83589,d9e879b66e00d219714f9c352644a9bab27b1d56dd7d1df602cbd901fdf27156
ui/mockups/developer/YL-D-014/YL-D-014-S06_SUBMITTING.png,74757,a603347450d5335028cc8c27bba4731da44e95f87cbf7fb1a2afbeec634b580b
ui/mockups/developer/YL-D-014/YL-D-014-S07_SAVE_SUCCESS.png,82421,7067ac300f0e10d66c74a3066ce51a4613c104c9d12107df7f92a14a22645b3e
ui/mockups/developer/YL-D-014/YL-D-014-S08_VERSION_CONFLICT.png,83832,88d52fac493f7ab60e53eccae0919f9e2c679568bcf098cfa4c2e60fd29138a3
ui/mockups/developer/YL-D-014/YL-D-014-S09_PERMISSION_DENIED.png,77197,a57710c2f925bb8d79fc72addb8841627e5f78c1708358a97d20fbade383ec56
ui/mockups/developer/YL-D-014/YL-D-014-S10_SERVER_ERROR.png,79556,060ef7ba171e6dd7129a0d1a9d5c455e165fb93f227dcaed8c97fc4bc98f5af4
ui/mockups/developer/YL-D-015/YL-D-015-S01_LOADING.png,64701,c0a860260757973f5e764687631d9679587f01e815fd9ad7abfb27ce46be8317
ui/mockups/developer/YL-D-015/YL-D-015-S02_POPULATED.png,115925,6f29f81107ad3b191e1950506e922543a02fb237239416d67b9d1847228541d0
ui/mockups/developer/YL-D-015/YL-D-015-S03_EMPTY.png,82545,dac73bf545565097d37011e75bfa7c506b06ee981da4f722c229e17ac008629a
ui/mockups/developer/YL-D-015/YL-D-015-S04_PAYMENT_PENDING.png,118840,2c6b66ab00d37c0a55c792fb7181699026baa7f0ebe72560880a52fedc46d45c
ui/mockups/developer/YL-D-015/YL-D-015-S05_CREDIT_PENDING.png,119135,a618d54110e67f9d1a08ce7ad8e5fcae11578f280b992a6b9b48b39f67209565
ui/mockups/developer/YL-D-015/YL-D-015-S06_REFUND_PENDING.png,118294,89efba5f371fde33ea429fa1e2284c2e5ce9a480ba83892b9f734f3c580abfbd
ui/mockups/developer/YL-D-015/YL-D-015-S07_BUDGET_EXHAUSTED.png,76543,fcd0e06a7e0802c52bff0bb624f2159748c3c56b34c5d84bbcc96ce096e9a3bc
ui/mockups/developer/YL-D-015/YL-D-015-S08_SUCCESS.png,127011,a90ab59e2bfb4c57ae70fdd102ef30983b4f9d10b7f96c0795ec1f851d3cc523
ui/mockups/developer/YL-D-015/YL-D-015-S09_SERVER_ERROR.png,79806,fee99564477845d3ac369f7ae0e303f3e2153c96dab4debd9fa079d10a731b61
ui/mockups/developer/YL-D-015/YL-D-015-S10_OFFLINE.png,119621,ad6ddd6effbb157cfe2b87c96ea8959d778735a61341877cd7fcabb160174460
ui/mockups/developer/YL-D-016/YL-D-016-S01_LOADING.png,61954,0b3b82ee513840036650ea44bfcdd34fccfe4aa7b487cf5c9d3c0dc847f74e66
ui/mockups/developer/YL-D-016/YL-D-016-S02_POPULATED.png,61046,39f9345d53fd34dcb8be9f48dbd952ad39f2a6bed87e7819e101920a893145e0
ui/mockups/developer/YL-D-016/YL-D-016-S03_FILTER_ACTIVE.png,64181,92541f7c735a04d8516cbbc3420ed3128139f6fab6dee9e381f72d7909aa9ef0
ui/mockups/developer/YL-D-016/YL-D-016-S04_NOT_FOUND.png,74942,b1c7d109f0ff6185a192f352c7c5701d0e41c48370a975e74ca142bef4946d9f
ui/mockups/developer/YL-D-016/YL-D-016-S05_SERVICE_DEGRADED.png,79001,20ac800b7fe8df671a49b257e8749e2e5aaddfa202304ca7ce8e255351f739d8
ui/mockups/developer/YL-D-016/YL-D-016-S06_SERVER_ERROR.png,77013,45aaf07dd705f200c01b92be4a8f27d537fdeba29d665cbb516710519d187fb1
ui/mockups/developer/YL-D-017/YL-D-017-S01_LOADING.png,61985,a96a8cc9684230e9211f5d7b59dd461c93a2c165ea9c40e116df81441c7a9ad3
ui/mockups/developer/YL-D-017/YL-D-017-S02_POPULATED.png,114192,330dcdbbb224f82c75825fe014e3e8a866c552065af6ca60ef7952e2ec52d5bc
ui/mockups/developer/YL-D-017/YL-D-017-S03_EMPTY.png,80957,9a10c605736ea58b35bc8bfa55522ebfbc906b3c65a28a0803b9ac1a872f7831
ui/mockups/developer/YL-D-017/YL-D-017-S04_FILTER_ACTIVE.png,119003,034da25b97f2a0bac970a539fb2c8fb314990700a7ebd508b6646057d85a3d92
ui/mockups/developer/YL-D-017/YL-D-017-S05_BULK_SELECTED.png,120097,7116c047f0e013bc4b188175c902c3ac6a7c64a27aef78807e22b9ab687d192e
ui/mockups/developer/YL-D-017/YL-D-017-S06_PERMISSION_DENIED.png,75237,d4a075f44faa3685fdcc53d6a95be14fd73f5fabe8c1383fd01fdec5d5b3c89c
ui/mockups/developer/YL-D-017/YL-D-017-S07_SERVER_ERROR.png,77057,21a9ad20cd7940b775fb1f2fcb8dc1a0ab01a5bec44c24e60d1165ad2620d786
ui/mockups/web/YL-W-001/YL-W-001-S01_LOADING.png,42002,00976e5903e33624bd3c121fbe280b77da1192b64e79b9020e23cd8c5f4ab6f3
ui/mockups/web/YL-W-001/YL-W-001-S02_POPULATED.png,59903,c1b85097b1556503bb5e0bfb1b62aa368a300259dd7015351af8d758141630e6
ui/mockups/web/YL-W-001/YL-W-001-S03_SUCCESS.png,72394,2194b897b769cdb96cd31064d6d8dd69b5e414f4cacc34125fdfffd59ac44735
ui/mockups/web/YL-W-001/YL-W-001-S04_VALIDATION_ERROR.png,64010,caf4a92b32ba6da427ef28580107101b99e8eb25264722148dc5cc8678fcb34d
ui/mockups/web/YL-W-001/YL-W-001-S05_MAINTENANCE.png,72317,210ad503df280811bbb833ecdb72df6ea285ac5c5fab4549c9b44a807170ccf7
ui/mockups/web/YL-W-001/YL-W-001-S06_NETWORK_ERROR.png,76184,883c5bfeeb93338a913e114bb7c09a3d9240c4facd6a9fe0300f643f1e48a3e4
ui/mockups/web/YL-W-001/YL-W-001-S07_SERVER_ERROR.png,75517,052b6dea2ac38020d00e7057a1cd69f1537c1759156f200d444c17e43d8d6f79
ui/mockups/web/YL-W-002/YL-W-002-S01_LOADING.png,42427,30cd8e42bdc8af566b6d9b2acde920965f28719d20240cbc8f146800544f1c8e
ui/mockups/web/YL-W-002/YL-W-002-S02_POPULATED.png,65377,482b0d3423d383de02b147c6374463c2fb161fcba3ffd1c81994127aeea367cb
ui/mockups/web/YL-W-002/YL-W-002-S03_SUCCESS.png,77366,316e38a3912096fa8d6b3ac2e54f118a44f2fb1d4f7f40aec4fc7c86845f14e1
ui/mockups/web/YL-W-002/YL-W-002-S04_VALIDATION_ERROR.png,69293,34a005f3ee6e4b5ad692194e738a077ad8e31cd0a76f87f42b9614004bfefc7e
ui/mockups/web/YL-W-002/YL-W-002-S05_MAINTENANCE.png,77600,d46757125ab36596e42a7a46924abd969747617c4ebe33e56b0e4727dd56b16b
ui/mockups/web/YL-W-002/YL-W-002-S06_NETWORK_ERROR.png,81534,d4c711d98688624d46f4dc175263a30bed8be6c208e26e487b699576ba18ec6a
ui/mockups/web/YL-W-002/YL-W-002-S07_SERVER_ERROR.png,80814,bede4c4f30cce4945efb8da218ad179f3c8dfc0d43bed49f8c3717c274825f10
ui/mockups/web/YL-W-003/YL-W-003-S01_LOADING.png,43013,efcc784f34764a65a599e5b500a7f01d4e9926971d290459c839d8f5f6d23bc2
ui/mockups/web/YL-W-003/YL-W-003-S02_POPULATED.png,76262,083ca574fb34ce6071f8920ff30b06e60e8646a8baa7abcf31442a6e6bc4a65c
ui/mockups/web/YL-W-003/YL-W-003-S03_SUCCESS.png,87893,39266473194827ef47c9112afa8446989e562ef9b6d885180ad65bf1ab39ad76
ui/mockups/web/YL-W-003/YL-W-003-S04_VALIDATION_ERROR.png,80063,386c78bb7e4f05981ef6a03d852b1adc6eeca74d1d601b5b85b9f3b2378e7954
ui/mockups/web/YL-W-003/YL-W-003-S05_MAINTENANCE.png,88144,99bc3c1ff249f5660774ce28ece59f4301500f324eb8d751595aabb05559eb9f
ui/mockups/web/YL-W-003/YL-W-003-S06_NETWORK_ERROR.png,92392,7d9b9283c81aaef2bd25f792c8e71f71254520ee3adec7cf5b885f64bbb62f05
ui/mockups/web/YL-W-003/YL-W-003-S07_SERVER_ERROR.png,91713,0a0d09215b07eed45bc49d9554f880cf5b1ed17c5fe77c8ae6e48730d585bfae
ui/mockups/web/YL-W-004/YL-W-004-S01_LOADING.png,41861,d0c7fb346dfc6d724ee6f20be1d94c58668c14f014106b3f54768965320cde0f
ui/mockups/web/YL-W-004/YL-W-004-S02_POPULATED.png,66129,a42f3f0e4bffd3d30f84d88d573a3b95ee2d41c9e39376edcdf5773b50099025
ui/mockups/web/YL-W-004/YL-W-004-S03_SUCCESS.png,78456,c735ba7c90dd4cb164f3bbc95504ed45821e43c118e2e126b0da5acb2e485bb8
ui/mockups/web/YL-W-004/YL-W-004-S04_VALIDATION_ERROR.png,70122,a9bdcb0bda8e2337eac195460db1e40ecab648578e7809e5fadf0d36a68c9d9b
ui/mockups/web/YL-W-004/YL-W-004-S05_MAINTENANCE.png,78762,b572af7f83f5d289a1a864fca0ec0f13daeecc4ef3d58240fbf13de9624800a3
ui/mockups/web/YL-W-004/YL-W-004-S06_NETWORK_ERROR.png,82349,35968bcfc490c598e1126d9833a5c10f8c2c7e68766b0eb616249888e1eade24
ui/mockups/web/YL-W-004/YL-W-004-S07_SERVER_ERROR.png,81631,22f9fc8816324a9774ebb414c052d88764bbbcfc3cd833615191979ed32ffcf1
ui/mockups/web/YL-W-005/YL-W-005-S01_LOADING.png,42375,7d4451248fbff4289286545748874edfba3d0826e83affbf4d73785986f8b4f4
ui/mockups/web/YL-W-005/YL-W-005-S02_POPULATED.png,67002,f439be62265c1198010f9e644564d322fe4e6ef85b34b1c75e092fcb6345be65
ui/mockups/web/YL-W-005/YL-W-005-S03_SUCCESS.png,79236,e0000da983e20d22c3332ef9ad3d4333b2f4d7799dc9fe0e71a69e1d7ae560d1
ui/mockups/web/YL-W-005/YL-W-005-S04_VALIDATION_ERROR.png,70814,4b69cd8bc95d557d0e4b733edac3447e7f6ebaf8667165f4fff508225e3d7d06
ui/mockups/web/YL-W-005/YL-W-005-S05_MAINTENANCE.png,79457,e5bb66b286dcb91576b06735d5193aff6caf6945bfa08fd015029a0bf28473cf
ui/mockups/web/YL-W-005/YL-W-005-S06_NETWORK_ERROR.png,83163,63a39634e7aecc419395f13b034a556625bd17f629193650a30e298f32143c89
ui/mockups/web/YL-W-005/YL-W-005-S07_SERVER_ERROR.png,81731,344cd3346b23b9da9480f484146066c24bcef2d45f39af5ed48bebaa75ddfd85
ui/mockups/web/YL-W-006/YL-W-006-S01_LOADING.png,43066,6f2300c96a4a280d306ea39fef3e98768bf2821ebedc65520311612fc2e723c8
ui/mockups/web/YL-W-006/YL-W-006-S02_POPULATED.png,80034,ee68abcd148291c5379cf5089961dd54763e897671a687542255e2658d805009
ui/mockups/web/YL-W-006/YL-W-006-S03_SUCCESS.png,91867,6f7f01befb2fbe55e07871e5b3324df6a961db94b1599d71844278c97fc0ae8c
ui/mockups/web/YL-W-006/YL-W-006-S04_VALIDATION_ERROR.png,83895,f599e8dfbb23c92fe1378074bbcf722ebe77e13c267c7e70d9dfca8b4df04cb4
ui/mockups/web/YL-W-006/YL-W-006-S05_MAINTENANCE.png,92195,4bccccfdbb0a1504dd97db4a7aa56960cc8ce8ea7578a6458048b5b3af471035
ui/mockups/web/YL-W-006/YL-W-006-S06_NETWORK_ERROR.png,96501,e87188665e25ae5498de5274cd1723e531f7e1b3db2dd5c2266c9a5a46b85cc2
ui/mockups/web/YL-W-006/YL-W-006-S07_SERVER_ERROR.png,95743,577c741503272511b2bed7bad3554081f837fe5bc9290efc397c712924290518
ui/mockups/web/YL-W-007/YL-W-007-S01_LOADING.png,43641,e40c12ef17a3445dcfb1dbd185f805d5d0cf4d0795059391aa68c732a7f31507
ui/mockups/web/YL-W-007/YL-W-007-S02_POPULATED.png,54682,ec485c68908a733bad495397dd046432b5b5a06ef70d427489bd751de470d980
ui/mockups/web/YL-W-007/YL-W-007-S03_SUCCESS.png,67135,8c58f53abaf8e72ed4f3fada7666dbe775eb3202b1bb993812da2b6311cabe7d
ui/mockups/web/YL-W-007/YL-W-007-S04_VALIDATION_ERROR.png,58853,49c292bec234fd83ad06334a736f4e1a9eadd87cc2780c35d99c7aae01eb4ce7
ui/mockups/web/YL-W-007/YL-W-007-S05_MAINTENANCE.png,67379,0210793fe9b7f43e148ad9a5a2ddb9d1daef6d459f39cb42ee99447f68490819
ui/mockups/web/YL-W-007/YL-W-007-S06_NETWORK_ERROR.png,72229,3781ae933bd7397362fedf1b9c53262abd50d3c1cc4403839986903acab10835
ui/mockups/web/YL-W-007/YL-W-007-S07_SERVER_ERROR.png,71339,f42cdad48f270da296f426169405709e9407b0b7f86416322e052e486b567f54
ui/pages/admin/YL-M-001.yaml,5850,935d85505ff81590a58e4317b8d8c901f8ba1f96a854930f79ef294983097b20
ui/pages/admin/YL-M-002.yaml,7046,ecc88caa71a88b78f4de269004a89cf6bc83a98f45c822fc750950037364c4b4
ui/pages/admin/YL-M-003.yaml,5843,132e8aa5808b4f19eda8b834214bc3463113dbd4c84c4482ca48e3fcf38b492d
ui/pages/admin/YL-M-004.yaml,7062,442244097d10180fe9b6127ad0a5ccdbb187fdc12b8824a582e3e281875e55cb
ui/pages/admin/YL-M-005.yaml,7058,41cb1a225c9615e28fd621e0c29ebc7b85e7fd991fcd837d7ccdb03160912091
ui/pages/admin/YL-M-006.yaml,5504,51024c4b2d4db77f20d9b82c4caf6c3ffdead1e5c39c2362277f9a89734ea7c4
ui/pages/admin/YL-M-007.yaml,5976,63413924d2512afa6b4f688784600cd0d9a85f30ef465ff192d265af14b2cc03
ui/pages/admin/YL-M-008.yaml,5837,cd95b50ca11099d67f4a36ae6319212e4be8519b5125760140aed205c3a39856
ui/pages/admin/YL-M-009.yaml,5908,c74a271f79d5f1bcd9239ab53255b0af6fb2a0cc9f495f4038758f3a6a16e602
ui/pages/admin/YL-M-010.yaml,5825,0fe331f5e07690ae16d2d81e82d5c9716d65564bee3eb246db64caa9ed8f0352
ui/pages/admin/YL-M-011.yaml,5833,6d9bed8b4c45197d424df1cc6d9330c2abfbcbf11bf40baec47a2c1a5abf2e48
ui/pages/admin/YL-M-012.yaml,7064,f0d317301f667f4dcaa2f78d574f9f89b4f9727c80a786b7528294c92b5f5f34
ui/pages/admin/YL-M-013.yaml,7052,c5695fdbb239ef7d783443dd21e7726bab5cb944c0c35107cc5253981b2eb7f2
ui/pages/admin/YL-M-014.yaml,5848,043a01a98d08758bcbcc27efd0db85d9649935e86d85da3a50ece40d1161dc50
ui/pages/admin/YL-M-015.yaml,5427,675020c1dc7c25c0c49708c337539a1b2fcd7c48158a0b3e1eff32d88aabe851
ui/pages/admin/YL-M-016.yaml,5836,7793055b355e02f0d6899d28c227b52069c496cab6d0e40c71ecc663f2dfff83
ui/pages/admin/YL-M-017.yaml,5850,90f6591535886fd13f2c948f16ff4579124d26f16fd0fbe2654e958a6333c6ce
ui/pages/admin/YL-M-018.yaml,7283,4bb7b7e0edc6174964d828db2e6a8efd9dc3c5ae6d250a98daa7a14e0bd39cca
ui/pages/admin/YL-M-019.yaml,5853,402f4f13d2c0d0e1238716181dacda80a09cb842949d30dde999fe97f6ae8ec7
ui/pages/admin/YL-M-020.yaml,5858,7aab482fc10f098ed18fe248555d50617bebefeef22c3b142df416fe5a3d7152
ui/pages/admin/YL-M-021.yaml,7058,d1a7ceb598dcfa6fbe25a86190ada58ea9be572204306395171619b1427f5aea
ui/pages/admin/YL-M-022.yaml,7064,00b1dfe0d13732e631aebd809a785f79e1169a8e65befcdebf5fc9de8e1f0f04
ui/pages/admin/YL-M-023.yaml,6103,7d5a27421910c82cdbce4310c3f0d83292a4e9bdb218a7df45cd40ce4fc6373c
ui/pages/admin/YL-M-024.yaml,7140,4eda5ca15fa324de0612e3524da7b317b387c9eea3a829f233db3b7fcccc4ab8
ui/pages/admin/YL-M-025.yaml,7055,2261de4426079f77d0a18906d39d6792ac5b578888cb2aef5afcffe5ed2823dd
ui/pages/admin/YL-M-026.yaml,7384,836b7ace875ea2e509cee0a69e8f2f109f99006b148b587e9a46c5cc7906ac57
ui/pages/admin/YL-M-027.yaml,6027,4c2bd7110221cb373a3718e7deecc736acc79a6a11a93b4a752d58704e440935
ui/pages/admin/YL-M-028.yaml,5856,a3fad73d5328703dce699b791d339a0063b83f01b788a8936e5eedceafced409
ui/pages/admin/YL-M-029.yaml,5491,7d2087050a98c0371be4f881ae1f5abc619383f2091bf6a568e0257cde082cc8
ui/pages/admin/YL-M-030.yaml,6125,f4b3a989baa1ec8c3afbc0defeaf38eb278ce2a7408c97883487ca7a4b0a6523
ui/pages/admin/YL-M-031.yaml,6022,2a2d697e78c02883627d45752d9b5e78bf1ca2491d836c6b8570a02b142038f3
ui/pages/admin/YL-M-032.yaml,5847,4f34ee9107611bacc812bf058b9e532a1af8a07e7738f8846cc9963a53209141
ui/pages/admin/YL-M-033.yaml,5847,5a8ec98ef5e8be12b15145a6c3d7c286642bf98ebd31739fa84c88ecc602b45c
ui/pages/admin/YL-M-034.yaml,7055,8e6cfdbe60ecb3524a2b5d396867b38abf22b8e20570d8e7b1f8c0d8de729d84
ui/pages/admin/YL-M-035.yaml,7054,c5b5aec1010d7697bdeed9a4f5e2955b50fa7dfb92ee25f59e011f35e384fecb
ui/pages/admin/YL-M-036.yaml,7226,e6502566737fc164c3af10d5652c06d4b1a93a9468d314ba53b69d203e0ea821
ui/pages/admin/YL-M-037.yaml,5856,b20d12a60a75e3b3be957991eda0e33a4ff793e688957580271abd4213a8c6b5
ui/pages/admin/YL-M-038.yaml,5859,de3be1ab036ccc03d868d8b04224fd58468e38ef1a1d9f2ff7c608ea41068de1
ui/pages/admin/YL-M-039.yaml,5853,e600e825d27529fe6a0b3d66552b5275b78710d82081373ea01f5412228e265e
ui/pages/admin/YL-M-040.yaml,7055,fa6b9a237fb24df3997f29ac63048d6c105dab2982fb6503cc902e641f8d574a
ui/pages/admin/YL-M-041.yaml,7058,d55de177118dce821378ffb1c85fd95cf518d45748cee5a0772fef0415747701
ui/pages/admin/YL-M-042.yaml,7055,f894baca0f5c852982b81146d8d8284256ab03cabb9ca7974dd70ea616df5400
ui/pages/admin/YL-M-043.yaml,7061,fc99c1c1a923d44d6b5e67590ba75886a112437edb96aed9bf7bcaee808585ab
ui/pages/admin/YL-M-044.yaml,5865,c9b98e88eec72fbb3c691fa8d473d174e4c162956ba8498904dfdf9db12103db
ui/pages/admin/YL-M-045.yaml,7050,3758e923b4e3955a9bcc6f1404ae14bfede3b2bdd11e06e4bfd2c81926951181
ui/pages/admin/YL-M-046.yaml,5977,1f3da5f7ebe6fe7ff81c37eaa86991c8258fcfb4c0e695443eb3127f144cd38a
ui/pages/admin/YL-M-047.yaml,7061,273c3ef8d4ea7b99e7892cd98a07746cd7d1e36d7626a697edac1ad4586c3052
ui/pages/admin/YL-M-048.yaml,7065,14f81abf0b263e97a02cd9cedb7e2834153193d55b4b893d5184ba49ac1bcb68
ui/pages/admin/YL-M-049.yaml,7061,bff2aed6e6ec285170e999799a13c5bc4d6eb1819dbbb79cc58d27433ee493b0
ui/pages/admin/YL-M-050.yaml,5847,7079219b94b2c6bf230000485e2f960ad8c1b55dd75435b3fbec4e70d85139c4
ui/pages/admin/YL-M-051.yaml,7310,029966a0a87d414585d650befc1da0c8265f8733660a2bf6e253e8b7677e382c
ui/pages/admin/YL-M-052.yaml,5877,281f9c481124a43d5c5d9245b4a50d1f80b65775b3431589dc9c2fa614e3eacc
ui/pages/admin/YL-M-053.yaml,6149,a2e234f00ed5c6150bfbd6be12c045632b14e14b96665377dd1fc878ccfd064d
ui/pages/admin/YL-M-054.yaml,5857,1ff5c6aa1c92168a8e078509cd0b7ca8d316817eae82d53ab6ebf2e25a0f318c
ui/pages/admin/YL-M-055.yaml,5850,e7c5a1b0cef389013b9545522436a0f75aae5e73e3af3858076ed8e97bced82a
ui/pages/admin/YL-M-056.yaml,5905,65bd8f8bc6b2a83f9d6a71138e04909f0bef38ffe67d6a3e99170a6b1bfc244f
ui/pages/admin/YL-M-057.yaml,5850,d1b1e0dca919098c6e7c69832f81bb261c7bc8efb0e6b876e79772c4f3c169d1
ui/pages/admin/YL-M-058.yaml,7064,af2170d1e7e116170a3716ed729d9be73bb48d5acc0cd331c5fc28afbace6645
ui/pages/admin/YL-M-059.yaml,7030,f57bf98e542ab9a2df5c7da62fb2b0b46b268be63c75591ac03772253e9751ab
ui/pages/admin/YL-M-060.yaml,5850,0c8914916c348eabe2d8160199167661cb4f2d41477ee0236dd149a9e84f3096
ui/pages/admin/YL-M-061.yaml,5848,d3586e146131b69acbc6cb3ef69709853b2b504aaefe0061a6a7f30d700e59aa
ui/pages/admin/YL-M-062.yaml,5853,68604801f64446074e15d41a95dea6387d858f01b14a889857eb2b3f14b76f1e
ui/pages/admin/YL-M-063.yaml,7173,f46c332c2ae516bd0c057da23ed0490cac432e68289a4ded9793b9fa78332cc3
ui/pages/admin/YL-M-064.yaml,7146,9cafeff1ba42c51e24999ad94ac03c0e9e25860586efc42ebd788f5b3526fda1
ui/pages/admin/YL-M-065.yaml,5956,b6f47b67198433c0647d36699c4d0cf3207e99ff3bc4c554eec914634d558224
ui/pages/admin/YL-M-066.yaml,6001,cea61107d4d1b349b7be2c405c1697a50a26b08716d3fcf69dd0a1bbcf9bc0c0
ui/pages/admin/YL-M-067.yaml,5466,a7d39eaba4ae3590dcd0ec2a928be045b60ce0cb14c6ec4871f322a7156391f1
ui/pages/admin/YL-M-068.yaml,7218,dc33f2b5a36f9257a99b7038dba25645b5a9e19368c006448e258ed38d4a803f
ui/pages/admin/YL-M-069.yaml,7248,671616252a4cc4b801edc2ee6f7786306ef40da45ef747a6eecc375d890ec427
ui/pages/admin/YL-M-070.yaml,7131,31d0480d13309f37ddd5905ea6574cf5d11b772b0ee0f9de6081a950ed8525d1
ui/pages/admin/YL-M-071.yaml,5436,89d3dfa8e5665db13b27fe85cbd733299334f57cfae6a0748fa56a3317a3fb73
ui/pages/admin/YL-M-072.yaml,7082,eaac814e705cca3660a0dce7ec23d8c723c275dd6a31969f0175dd10bb44e810
ui/pages/admin/YL-M-073.yaml,5847,3c58866e8e322b0e5b14d1c3f8f8a6f601ef581847ab78675ff7572717cd7fcd
ui/pages/admin/YL-M-074.yaml,6048,60b509587f016f19a97c5a561a5d62381dd7ce5031abf99c835b335e1eeb29f3
ui/pages/admin/YL-M-075.yaml,5418,8f95640a15a7024746c673de05354a3db6e91106f1acd6007e01a8f95361f0e0
ui/pages/admin/YL-M-076.yaml,6148,40213e0c72c2ef2936bd15128559ab31152497f032d4e30aedd6ad52e5e10658
ui/pages/admin/YL-M-077.yaml,5850,a3996165f0c345b5feec1b7ce6ae08952114e12af88bf5c584fa34da2b6b418f
ui/pages/admin/YL-M-078.yaml,7069,df80f2295c903e1e959cd92601992ad2696cc06c5583d2d56fd810859b2c3b4b
ui/pages/admin/YL-M-079.yaml,5850,51647f206241a83b08e2961007d76ca4fff0a8b00e685829b6810746afb235c1
ui/pages/admin/YL-M-080.yaml,5862,4fd3424f05051c2d5ed41cf818c55606cd73fdd4bb12c9f089590833f592af6c
ui/pages/admin/YL-M-081.yaml,6113,95ce478dd2797a1b92a3f8efe047d3c1fd9a4e3bdf22af93f11b6bb9d26b251b
ui/pages/admin/YL-M-082.yaml,7080,a76e76d554b59d8c91ad233511a5711d53a369f30ec5def87b022cdc8e21b5a2
ui/pages/admin/YL-M-083.yaml,5844,e10a48bf60ead7e450cd7470ffa032a8eae4f98e70fe43be311f076732413728
ui/pages/admin/YL-M-084.yaml,5856,031ba827b5b57c8958fc6fd41f56dfec4750aef216545a5b7335020b673742d0
ui/pages/admin/YL-M-085.yaml,7061,bfbbf838d2e8be871ed388d8dfd160f86e89ca4cd31a80dab20a995511b3e4b4
ui/pages/admin/YL-M-086.yaml,7131,34c05addaf1399e8a796042f5ab59ddbc611ff1d2ba7463c5e4f3fbe73feb408
ui/pages/admin/YL-M-087.yaml,5919,6688522411b8f12755c8f9cde4c37487b09587d1a7c0cb071b3fb86db3f46a66
ui/pages/admin/YL-M-088.yaml,5868,6e7b60835a034be511062c83498b166b906fe7b5069c25149a653c87079af228
ui/pages/admin/YL-M-089.yaml,5940,6dcc05f99e2246f6f7d4dc9ed2383d6312e22e23488ef9a28ab5c9238fad5958
ui/pages/admin/YL-M-090.yaml,7179,c185192270e2b453e04de63e38c3a7e4a067626776aeb91f037f1ff7b89dcc71
ui/pages/admin/YL-M-091.yaml,5859,ce199d950bf5d52bc929f8d15fc8fdb1865cd66245916ac4746d90eb0ad7f5a8
ui/pages/admin/YL-M-092.yaml,5847,43298e0f0d8257531fd6d811ded70581276ba06f92b3610175627acc23bcb27b
ui/pages/admin/YL-M-093.yaml,6038,447a036fa2823dd8ada975b6d20d43901a45789f6f48db72bcfa67492b775acf
ui/pages/admin/YL-M-094.yaml,7031,77eff81f53bc53208b1d3cd2730529c23a3457a4d1a89400b6c052116e33e955
ui/pages/admin/YL-M-095.yaml,7079,f0f2b1aea133ff92215e3829ee0775304ce1b32a6c780cc276421affb7a66cec
ui/pages/admin/YL-M-096.yaml,5853,03a778c06a6cc973105c64333a805e07a352c7c4e16686e4a959a22234b69a79
ui/pages/admin/YL-M-097.yaml,5856,15f0f806cd3fa55c0e9db896247c13ed90a279951d42b22f51a4e096629ecebb
ui/pages/admin/YL-M-098.yaml,7022,d547517d8fbc7c12344df56207a425bb3aaa5d896e47114ec5152fd5ad58a063
ui/pages/admin/YL-M-099.yaml,7034,21c3dbbb59871118ad81ef47a4df580c742338017f306318ed0a522ecb8075e4
ui/pages/admin/YL-M-100.yaml,7210,f1a6c251865d7d2bd8f322339fe3b9becec4f7ebc75ffeb31446e734eedb4594
ui/pages/admin/YL-M-101.yaml,5827,089a793513c1ac4cc2ac9baa33cea83b36249d5e80a3ef5d1ffcd87ebb9c876b
ui/pages/admin/YL-M-102.yaml,6114,79c55062cf62e5f319f651fc45506afa8cc57d7ed4235daa443581405043b206
ui/pages/admin/YL-M-103.yaml,5920,d4cd377b9e4f36703d612da03cb7696047d53b78829bdf37328ff905dec50507
ui/pages/admin/YL-M-104.yaml,7043,5b392cf1fc74a93ce48df5e1646f5735970d65136107dc5c4b44d75d79077f9a
ui/pages/admin/YL-M-105.yaml,5853,31acbe0a319bedf95dee92658bc11687cc0eda90f0bf558e43a1815facdfb0c1
ui/pages/admin/YL-M-106.yaml,7089,3fe2cf27755e64a18d131adfefcd1b17ec3856fd890c0786627ec6017e8906af
ui/pages/admin/YL-M-107.yaml,5894,7754eb8ec1c2870180918904214bcbd4e90e0ef53fb90582268ec37c07e668e7
ui/pages/admin/YL-M-108.yaml,7128,c93fca7bca6574448590467969abd2cc39df9be72b361e74eed13d3fe80f02f1
ui/pages/admin/YL-M-109.yaml,5856,73e3954334fb52a15febe23d518e559905dd312dda608ad5e8a994a9306a8cc5
ui/pages/admin/YL-M-110.yaml,6038,d9f025ac73e15eb7b9fd58a6ed006923acf68b9790f344f7d4b454d22e9a98e0
ui/pages/admin/YL-M-111.yaml,6171,6b11ef4b70e1805b28ee663be1bb23b27f7ea1e594dfa01500dbbf530765a29f
ui/pages/admin/YL-M-112.yaml,7146,c21c6a42d841b3dee44d0825784c0e4f9737a25b0ff8b81b6c3d40e095074cd3
ui/pages/admin/YL-M-113.yaml,6099,c3928c23f74fe22e32ca3747a10335e3a90e0d3b8a2a15d69c8d6fb5f2c8c449
ui/pages/admin/YL-M-114.yaml,7086,de0c33087514a1f7abc031b8c72f063a3eb577f1db7be2d38096f6092bf70f41
ui/pages/admin/YL-M-115.yaml,5829,fdf1d72b3099afec313d91b890a83659f7eefd0d5f2c1a78baafff6e1d33500f
ui/pages/admin/YL-M-116.yaml,7076,e51f2627128bceb4be42d3060dbbb8fdf3a80723ea5de4226e1d1cc2bd3ecda8
ui/pages/admin/YL-M-117.yaml,7051,17d7cfdf06fcd50049f8727a1bd5ae4a93f3b658bc474db41c38b95bf931ad79
ui/pages/admin/YL-M-118.yaml,5850,b7d536387ddcad8a512f4c4d2caac85f57827ef2ee65bf35cbced09089b4f13f
ui/pages/admin/YL-M-119.yaml,5965,a533a6a0de9381dcb4e733f6c6bb71499320681067344c4408620107dd097ad6
ui/pages/admin/YL-M-120.yaml,7066,4a74731cdd36f2c7408ffb137d27313b0b49224bd357f7c3082b3f0a5490178b
ui/pages/admin/YL-M-121.yaml,5865,69bdc71fc2a9fb4427040b742f343def3d4d9f6e95221fcc2e524d1d4f9b71fa
ui/pages/admin/YL-M-122.yaml,5847,a99f071a21a63c514fe83990b6924fbbb63785584a722b469f7629976ba7af4c
ui/pages/admin/YL-M-123.yaml,5838,a58324719050921654a72b702dacf9e05d53ba84340fd00d8f75d47e1db64563
ui/pages/admin/YL-M-124.yaml,7055,a55f1e77620e02330b712f6f6ddc5a115e5f55f4f5d9d8aabf4c82079965c68c
ui/pages/admin/YL-M-125.yaml,5859,acf28637255449b28a7c6f8b110f13b0dbc961a988bebdb2365e3c3156b2021c
ui/pages/admin/YL-M-126.yaml,5850,92072ff12eefd7d5837bcd36989280f850fbce41d6a323a5df340dd809cd10e1
ui/pages/admin/YL-M-127.yaml,7052,0813abefef905761f5474855e1d79e2e374d0d2e471260f11cb7d9101d412be2
ui/pages/admin/YL-M-128.yaml,5844,39806e8411f344efe1fae2b24e3829852238bb1f5250b115013b038d275d7e29
ui/pages/admin/YL-M-129.yaml,5847,2eabd70a89fa908d2ce0db99fdd6f72b2d64dadfb90c16de3b21f97b8a9ea761
ui/pages/admin/YL-M-130.yaml,7130,ab7e9be7f946b20ec65077a636625700eb05c54634b66a44987a63c33618d5ea
ui/pages/admin/YL-M-131.yaml,5859,e7f9fe9f422ebfa83137f11dbec92429a6aa38a767526bb80eb0c45f15312d9f
ui/pages/admin/YL-M-132.yaml,5433,633fd12eac296b2572113c48ac4e52fe927b7f0ebb4e9ecff05e6632b668641d
ui/pages/admin/YL-M-133.yaml,5910,4a4ff4a3bc9bfb4955dca7e3c72edb3583e86f2ed5efb9ff70158ca3b040d1c6
ui/pages/admin/YL-M-134.yaml,5817,64325a727e77f04858ea930de8f26aaed6472d943aa2e4b3ad1f2615067015aa
ui/pages/admin/YL-M-135.yaml,5844,c95d2be55dd1675f78bb97550a041b9cc4da8589747dc63882aa6c4bde6689d2
ui/pages/admin/YL-M-136.yaml,6022,803c40f12789fc520da571b2c6b6fac06d700306cbac4a4e55f0f98f475c5971
ui/pages/admin/YL-M-137.yaml,5844,d206ec77d0f964d33c9dfad1a317387a87b0cdc07e3f5478e2c599221d424b22
ui/pages/admin/YL-M-138.yaml,5852,3ca08878e964ac41ee04d3038b85f1d7731565a35043aa86e8cd3b99d4061c1f
ui/pages/admin/YL-M-139.yaml,5905,84ea8ec8083aa8e15cb03a08c8192e29bc5c550c67ba615b86804fbe95c782b7
ui/pages/admin/YL-M-140.yaml,7131,35a9ee006f8d1259313707449a368fdadccfb98ad2276d6253a638974d006dc2
ui/pages/admin/YL-M-141.yaml,7072,c94ea41bba21cf84e7788e593f83da85d18ad4bb365b6a354223aaf607c268b8
ui/pages/admin/YL-M-142.yaml,7075,a4948f748fc442f8b05b724d0a4beacd53316e9dccb15ed5d31a6d2f158266c7
ui/pages/admin/YL-M-143.yaml,7077,065fa53695477fce79470d0d431ed4f0a50631365281519306f507d8c463a5bc
ui/pages/admin/YL-M-144.yaml,7069,ba1c304b1e9cb0740193108bf032a2907b817e67267114026d06faf9ebe47436
ui/pages/admin/YL-M-145.yaml,5848,5bdfe91f48c31f1fadf11ba77f45b5aba47a33485cfbb42efe5514fc46d691fa
ui/pages/admin/YL-M-146.yaml,7063,1383ca1722158e713e7e1bf0d7692972992db813f8e41050a78a00b9e8c60959
ui/pages/admin/YL-M-147.yaml,5856,ab81cb31d0e23902c65c922cc54598ce388758b8ae214a62970c2de8aa40d886
ui/pages/admin/YL-M-148.yaml,5859,b991b99df87ab0d4c185631ad1a295af9f93da1c18efc4124e120f25cc33390a
ui/pages/admin/YL-M-149.yaml,5838,5b75e4de77550c67c5cd6248dd1219fbe375748c01b5f3316fac364bb65e26ca
ui/pages/admin/YL-M-150.yaml,5841,0f63dabddf09df9a217f59030ee3436dc4f58b67a9e7c65bc5da6035646b36ab
ui/pages/admin/YL-M-151.yaml,7069,3608bbea7b41a4d21c70fef3d5180d6ef60961caf8110ea069d064efc93e2e07
ui/pages/admin/YL-M-152.yaml,5838,1443b7afc7ce6ac9c8ab2605fed1d71a9b27307abf3c3a1139dfdee0d0bf58b4
ui/pages/admin/YL-M-153.yaml,5940,e1413c39f18f58a2c1ef2a79a6d17f77a827778d8be52eedd240eb432f394368
ui/pages/admin/YL-M-154.yaml,7052,96f1273a445c65ddd9c9087121d4dac14f7bf8c7b986cdc8734607402011d2b1
ui/pages/admin/YL-M-155.yaml,6001,e992dfba6a66c0e9652caf90740048a74e1b962710df0e3e27fe8c30ea12ac31
ui/pages/admin/YL-M-156.yaml,5887,4f532d45e9dde9c73b2e87adf1608c292e7f247fc403c5637ae1eac3574422dd
ui/pages/admin/YL-M-157.yaml,7136,d132a827fa023674dd263d9d230220b7551ab567d1926e4b00b3a88a3a96078d
ui/pages/admin/YL-M-158.yaml,5868,3e7f2fa3f4695c72362526d3689d9bca852c6526abe851960084f8cc68255596
ui/pages/admin/YL-M-159.yaml,7067,adfe57916aea7a7bf108d2326b6e584ef69034819b1831ccbbaf5fa8cda4fa74
ui/pages/admin/YL-M-160.yaml,7230,b89069d0229c286313bcace1984071f63ceb9a7e4b07e5bed454c42d50407152
ui/pages/admin/YL-M-161.yaml,5634,a5e7dd2a799ab48e1ee831efdcec56b0d04c99846399cbbfab6ec4f1dcfda24f
ui/pages/admin/YL-M-162.yaml,5854,8b45f0cb9e8f76b807ce0dfb0c5655cd2ea3eab0f97b463e4882dd0696f1eab1
ui/pages/admin/YL-M-163.yaml,5856,11bbb01caeaa7dce118887700f61c706d7f363a96c84430f6b555698df540405
ui/pages/admin/YL-M-164.yaml,5859,27f142f77fd871ce2c89f49fbc7261a7b0de0bb125960b85f9eda2abf86d26e1
ui/pages/admin/YL-M-165.yaml,5855,6c5654d32dcc799be0e9fb99a40051b6ea527407efa9fccd9a4e96213156bf34
ui/pages/admin/YL-M-166.yaml,5858,a86b7a1e60a8f1cdb08a5e709a44d09b52d15f38b1a8e7222276c29799a20a16
ui/pages/admin/YL-M-167.yaml,5427,a147ea996880721ff05fabcbbc63c12cc2f47fffcf59ae3e11fd2783b679246e
ui/pages/admin/YL-M-168.yaml,5894,360e3f010c8fa3940bb274a8c582199b13c5fab883e6d791f92fd78302fab50a
ui/pages/admin/YL-M-169.yaml,5839,5089563dc0b4de4c3bef815e2383b111416aa95fc2decc76dddbc7554f0eaed0
ui/pages/admin/YL-M-170.yaml,5901,242f07a7e6620075d4a76b1963d4d941aaa8a1b67d9a4f69f1ca60f8c06b1d5c
ui/pages/admin/YL-M-171.yaml,5853,26135165110b02a2934f22b30654151470de6b8a040ed367e432d5fab287d35f
ui/pages/admin/YL-M-172.yaml,5850,b6068c37a8506386142a621a97a16ca4656d174cbdbd7591f5f444fbbd133553
ui/pages/admin/YL-M-173.yaml,5859,e052e046c7dfee311db7408e0e66a553cd6063fe1051c2a6b7473750302b1c06
ui/pages/admin/YL-M-174.yaml,5841,615c82cd937011910e0aad0c0a59b4f9082db3f9dc5afc19876c6f112a043fd3
ui/pages/admin/YL-M-175.yaml,5427,61a649fca9d6f1f9fcf8bc5d4fb2e3dc0023a7ef8fe98c6a8280f17e9cbc2a8f
ui/pages/admin/YL-M-176.yaml,5415,6a0fe83cb03ec49ffe065695141b048490076fe56fde2972f2fd787f279e37b1
ui/pages/admin/YL-M-177.yaml,5418,10a35da8c66e67a758afa57d3ef506768bd5ce840c74212008ddef1f8bb76836
ui/pages/admin/YL-M-178.yaml,5422,1e84d49f15884ad4816d9120cb3cd64d4b7f516b86dbfed80b662a68b0b509a4
ui/pages/admin/YL-M-179.yaml,5424,478c0bd5fc2ff62d87f47c4a2b959ea0fb7acb76c594d7df32044f5d9e8efb42
ui/pages/admin/YL-M-180.yaml,5520,51f080e407c91f215ab0344d6edaa225c657e1ac6eb4ccd75b0d24d8f176eebe
ui/pages/admin/YL-M-181.yaml,5856,f510655c17db2b3dc6e95f0b25af12c76f1f89911908eae837a3d4df3a2acb9d
ui/pages/admin/YL-M-182.yaml,6033,93a7cbaf4c29446f1a05f6e3aa1297613b63a6e890373b9726a9a16f6d68689b
ui/pages/admin/YL-M-183.yaml,5860,76207350c5b8b49547399138b3b730c1deeaba69f7abcf5d7758e3ebf09b19ad
ui/pages/admin/YL-M-184.yaml,5844,f1d00632cead8d46807178fa9b21940d93bc977da3507f22279f8d93e51a5998
ui/pages/admin/YL-M-185.yaml,5853,5789a566811d477340bfc768df2c8bab37460c9327d60ee029eb4cfacc68924c
ui/pages/admin/YL-M-186.yaml,5865,53298d79a160b33ab3329aeba772596ec77f139ff2b58fd950b37f57d595b7e6
ui/pages/admin/YL-M-187.yaml,7058,e2dc4fdb72b04b583b1b3b67a6481fcadb4720541c2a7c84f61ec71eac090413
ui/pages/admin/YL-M-188.yaml,5847,3ffb993a25ecfee94dd6178dd756a9d7251031b1f195befcd8fb668e4610c136
ui/pages/admin/YL-M-189.yaml,5856,604650080b59c7f3f6716ed0fa9d5e61b8eb2c018400af43d4b2e0ae410eb1a0
ui/pages/admin/YL-M-190.yaml,5850,2da942e0666ebae3394016d349efbcb4098fc7c1356952abc9ddb247d489efe0
ui/pages/admin/YL-M-191.yaml,5874,8ac41a3d0940b2b454e14f57ce6185ed62a46bf9dad614248b3b49bca2b3ce73
ui/pages/admin/YL-M-192.yaml,5442,1b1ff273000b2f9465141dc0913db5fc2d99837bd7e2d79a0612b087b3fcb0e3
ui/pages/admin/YL-M-193.yaml,5865,a53cd3268dca3dd62251f92549948aaf9f5b1a0c3e6e28e69b42e0f90487b298
ui/pages/admin/YL-M-194.yaml,5858,007d9e573d0dca32c1a825566ccaf00f60f0aa6045a1997a7da725c3b1546ea3
ui/pages/admin/YL-M-195.yaml,5870,711e3e05c1c4260e8e3d91883a2d8ed7224686f3b2a08689bc5f63812b795097
ui/pages/android/YL-A-001.yaml,3182,1cb3bf6e2bbb413a825112ddc502f92d93650cbd2f08a392076ac0f44e1e7ddf
ui/pages/android/YL-A-002.yaml,3180,ecd8cdfeaddec91d55af0e633693c5adab5c74ace3b7d4c39e5cf274d001426f
ui/pages/android/YL-A-003.yaml,3144,e3777f150374c536833d0ca3b3c59047e70d44448ef0d6820de62034dc4c82d9
ui/pages/android/YL-A-004.yaml,4963,d9a67f7ffb71d8175d7716f7195ec6432ec22051201badab142853dd323909ef
ui/pages/android/YL-A-005.yaml,5535,c4bb849a15e19950a9e086eb6da6e350e0eb559de2b94d638eff113014797f00
ui/pages/android/YL-A-006.yaml,5943,0a151ce37c498da592b3d6a05131a0334689f7d85e3ce1670a1f648035e63640
ui/pages/android/YL-A-007.yaml,5592,5f0b43f2b147ca6adfc8091650ea903ed5c1bfd38e10ddddce076a9205ea66d3
ui/pages/android/YL-A-008.yaml,7096,287b3aef155c2d2935727ae605e7b1fa1fa0dd008ee79295aa9c876184727157
ui/pages/android/YL-A-009.yaml,3925,e29156114c5a31863a5a6cc0418f9b1c881e8103dbf1692ef5ca8d4f561545c1
ui/pages/android/YL-A-010.yaml,5604,6b8355bee7c1d892a905898ba94eaad86a599621bf21d6f209807a4257ebae7c
ui/pages/android/YL-A-011.yaml,5952,365d891d570987c58bff9cce13b04089e980903750f11fbe1651e8fec64bb89a
ui/pages/android/YL-A-012.yaml,7100,247c37f30e5ca9d1198cff19d2aab5024307809ab19597a6bec55831324ad8af
ui/pages/android/YL-A-013.yaml,3974,46b45854e29ae53a30c0769589773deb1580f84cac03a6d68ba3f807f14c5dde
ui/pages/android/YL-A-014.yaml,4728,2c86d55da8d707ccbf48234993bbef958a115b64e238da5fece0b768f8a16f24
ui/pages/android/YL-A-015.yaml,4297,bdb7756b73c77854e34e6398cf0858a63721c974d97605d3c8aab267c26b873e
ui/pages/android/YL-A-016.yaml,5511,f2a1e89e91425a64826239a3b3d8ec8e1beee5b5b051b348e0f6a1f58cecc037
ui/pages/android/YL-A-017.yaml,4796,e27fb98df3810336883a5dd4f73eb732ceaaac61dec8a6ebf7dc71206419ad95
ui/pages/android/YL-A-018.yaml,5495,25f6a623a5d2405ad8323cfe6aa63d7e9f8944c7f0723f9de9b39b72469b70fc
ui/pages/android/YL-A-019.yaml,6181,87b6e60b3985425e5364190de9eb1daab23e2096076c9898f165244176c0355c
ui/pages/android/YL-A-020.yaml,6286,cf50bf21499daabdb6e86f4bc724487889c0db732f6545b31c5655a84d876859
ui/pages/android/YL-A-021.yaml,6287,c3753fa6c9c5ffcfcc26b6a184a772e38f700b9305bbfc9ce1f157d487cadb5b
ui/pages/android/YL-A-022.yaml,4743,f6fd15a16572c1617697404d377735b2cbbd55449544da4cf5a3401a4563d156
ui/pages/android/YL-A-023.yaml,7921,6e35ec5ee9a8cb7345bd7203e7748441f64a793da747b3a15c75e5d6883c0cb4
ui/pages/android/YL-A-024.yaml,4708,4d636a8edb3a30d075c307a8d84fb2d809287907a33b293c342172ed9151727c
ui/pages/android/YL-A-025.yaml,3946,5328edf0014269a1ee75b1d6410f5c0f1764ea5fd55c97cd9418a1081de35a11
ui/pages/android/YL-A-026.yaml,5575,a764b8d21e77dfa859cfa6313ba942d84da6d823c60d6a7d32f020e97531339c
ui/pages/android/YL-A-027.yaml,3946,5ca7a994670b866e22b2dbf9416cf6e154f31db4ddde56e38763cd4f1b2d937f
ui/pages/android/YL-A-028.yaml,3890,7d211972dfdf75166a5d0323121137e6843c830a7f4580fa4a663ee945ab7e1a
ui/pages/android/YL-A-029.yaml,4282,3f8a79470848416e85126c6f707c6e989d48b132568b146992d19f955b21ea07
ui/pages/android/YL-A-030.yaml,4007,d0be95947e9ca22dbfcdb8126e51b89fff464e101a5cdcb087406de9714a5c30
ui/pages/android/YL-A-031.yaml,5904,bb0b87aa55d45f7101d05b75a5d3f19b2ed9674be3a8094c624adeba3e3835db
ui/pages/android/YL-A-032.yaml,4702,f740a5473c9c69b394d5a29dc8d5e10b1e7870ec930ad5825190dbdd9ab6639f
ui/pages/android/YL-A-033.yaml,5114,033274d687960e590ace095a5411b048c6869a17b999d0dd1b49bbb514163879
ui/pages/android/YL-A-034.yaml,5083,c04badc6aad2b360f8975064f9ebd5212cf074a11676b1a277efcda5ff4f0e5f
ui/pages/android/YL-A-035.yaml,5830,c25d0e57880e2ce13d0ffd57ee229fe4efe23c01511052597e473a8c80972274
ui/pages/android/YL-A-036.yaml,5808,abcd07c37cb58059b851127a5b5fdaf8f6a09c56988e7603703abf9c569b46da
ui/pages/android/YL-A-037.yaml,3961,39b507096d5100e2a8dbaa6de9176a0131a289d5c082e8224ff3101aeb29d98b
ui/pages/android/YL-A-038.yaml,3975,6142aedeb8bb92cfe04e7575908818a2d3b7222e1b3bb85f569d47ab3ba338f9
ui/pages/android/YL-A-039.yaml,6309,f0dcbb31c8af0a92be97a22f173dff6a6b3184fa734e656349ad2005dbedd986
ui/pages/android/YL-A-040.yaml,5824,dd650621d2eb6d10da2ea5677afd5272bb4b7c2c3b4090e92ee80915ad142fc2
ui/pages/android/YL-A-041.yaml,6204,18bb5677dcc2c46bf43ab2f24dbe3fe95eead2a12c94b3a65bf311d824fa120d
ui/pages/android/YL-A-042.yaml,4691,d8c21fcc265cf094fe48f9e0fda3bda9bdd44f37f3bfda2cdd76e73fb5355f87
ui/pages/android/YL-A-043.yaml,6335,6a3fd5dd3f9445d7936b44ea4796ed1d6c1c9b3d8e3f39384a97fb3ce98ba358
ui/pages/android/YL-A-044.yaml,5087,b8b3b6217ad12e969002ca13cd0a3dd855c8279df68327f419641a0e30b69d89
ui/pages/android/YL-A-045.yaml,6140,b11483279d61f51f499fa8f26da379154d288153d15e54ca7c0d2fe1a0842cb7
ui/pages/android/YL-A-046.yaml,4282,2d021754922f226d7cf67dfd45c35cab813f1136f10b1c896ab155897b6bf25c
ui/pages/android/YL-A-047.yaml,4289,451c3a359ff9831c980fe45bd7515d4ced2314734f48ef26659da7f5ff81142e
ui/pages/android/YL-A-048.yaml,5093,acb92f8fb03b496eb0fe76a0149fdb2f5e034e7ac162c800c282082d58eef13d
ui/pages/android/YL-A-049.yaml,6291,ad08e93cfd8b0c32c9ee7977a9bc30e57040d3359f45c6a8e4a85c25b8ee0806
ui/pages/android/YL-A-050.yaml,6287,93f48246e2e323173e19457a5c6730e34c5af8fa69e99510a12d69bacc603dcc
ui/pages/android/YL-A-051.yaml,4665,cc0d4973b65199dc1fb9cf018bcdb3c18d41ca6ce9bc71cdadef19822692aae1
ui/pages/android/YL-A-052.yaml,6180,4095360df72b59077bbdc3322df379090cc03e02374da1db91fa6374932af250
ui/pages/android/YL-A-053.yaml,6283,196f90b1e29164adb5e349ae81a1b67f370a6be6607d9fe8d9f60fcac17cf7b6
ui/pages/android/YL-A-054.yaml,5891,9bcba704c9cbef8d1dab92518415f1972227069eaacd031b18bc8321494d843b
ui/pages/android/YL-A-055.yaml,6178,dadaddd54c2ce92dc2e625a6a457f1deba2cf7685408dd5c225428f7eca6de65
ui/pages/android/YL-A-056.yaml,5819,4af9c756d1241e5a682d8b9c41e5367432f1004b7088f0097973a91b8fb93bb3
ui/pages/android/YL-A-057.yaml,5811,ee092e0a22f74e01752081d609fa59f140a13f71ac3c8926c1e0506bd831cd06
ui/pages/android/YL-A-058.yaml,6321,8a26c669aaecc09a4f636567dddec68b55659f7c063524ace6a81b7a6174160c
ui/pages/android/YL-A-059.yaml,4691,08c96f5940112cdc4cbbc0682808aee986de391b64bedd172140740a6324dc9b
ui/pages/android/YL-A-060.yaml,4298,fe36cbb605058713c6159cb1cc126014e3d93f9763b778fc656e5672dcaad6d3
ui/pages/android/YL-A-061.yaml,6278,2548b398cf9984b0ae27f397cdc91351aebaeb734d4c2fa178750c55fe6d065c
ui/pages/android/YL-A-062.yaml,6188,d3ef39cd2c1cb29645878407459996b3ea08c473e431e94be09e9906dae67ad0
ui/pages/android/YL-A-063.yaml,5919,906b37554044d628a1423f7e440fd94dec5b734ce78ef0dfb569ab419384ae7d
ui/pages/android/YL-A-064.yaml,6159,83f0ccb38f03730ed09c9eb511b1fa9d807891591e80349cc46605ff0f632b0e
ui/pages/android/YL-A-065.yaml,5443,889ea2f82425849e5c27948a5e001e3e9c3053368ab0dfdbad477ed815283f52
ui/pages/android/YL-A-066.yaml,5446,cd83118b4f4ae1925686f577c39d06bbec7996068584ef26835ac5ee5a025e9c
ui/pages/android/YL-A-067.yaml,5838,52764208afc3a6355aa85750d8ec4b8816a2f2639226334265914874c6e68332
ui/pages/android/YL-A-068.yaml,5828,098f93e7ff81a06962db2e5f2248fe935d761ed6dd9bc480f6ca88dcaef8e740
ui/pages/android/YL-A-069.yaml,5824,845a6c4fe5e899f879a1b3c42ff3829e2af97ea269ba47754cacb53b63f1cda3
ui/pages/android/YL-A-070.yaml,5811,74049b114ac76a2fb9d992e5a1a73d6a6ce23e48659ad9adf5ba4e4bb84107a0
ui/pages/android/YL-A-071.yaml,5828,048cc049a7ae6a1b91347c2e747c58ebe2618d9e23253d666026195556edfb02
ui/pages/android/YL-A-072.yaml,5851,d2e9b47f68a8a2e46e751190ab7e9b028c7514cccd159b240da85729a1bea86b
ui/pages/android/YL-A-073.yaml,6141,057c594004835a3cd99d2394fe4f0f9a38a098296f4439eb67bb48cd6696a1b4
ui/pages/android/YL-A-074.yaml,5450,dd7c370deb012b95daa1e626b18250da8fe85f2f4064dbd085288dfe7d37a617
ui/pages/android/YL-A-075.yaml,5916,f198a858d42db26cc1c412aa21edd8d660f0e80e64582f5156568cc32b3e98bd
ui/pages/android/YL-A-076.yaml,5424,30ac09efc3eab96e3bf739f60963378d5c2d568cc6e7fcc0173b6b255198473d
ui/pages/android/YL-A-077.yaml,5485,b6609487a988ba8717a7ea5a09835ba25dec716b04caff872b4bf6aee63e3ba3
ui/pages/android/YL-A-078.yaml,5529,3654418c15939415ee9d2e24ce9eb5d26928c9745c89c1ed76743ec5616dbe6a
ui/pages/android/YL-A-079.yaml,6266,306817b58b5aa8d4a0dfa0405eab866dedd66be4bf5f88afeef6cccf08b4b9cc
ui/pages/android/YL-A-080.yaml,6144,ce69b9dbb7245e4dc31ad120027b69f85e894848e77cecb5e054ef5d5e6d46f5
ui/pages/android/YL-A-081.yaml,5498,85edd84f9fcad9ae2d2f3c74c88769d758b1330febb06c3f00e87dfc56a848bd
ui/pages/android/YL-A-082.yaml,6286,a3ef1d7614c2743f76506dd7fc5e7f764c971043612a86e17b242286d2f963b4
ui/pages/android/YL-A-083.yaml,6304,bfdb119792f18f31b8cc151f4a7b5ad508d170f55482b3388696bff855d2e3a8
ui/pages/android/YL-A-084.yaml,6291,6992fc9ae4354c5c1539670c948e0233ef8f2dc711f4644e1116255511d3b619
ui/pages/android/YL-A-085.yaml,6279,7a452104cd41b37e8dd3b12f0328b8eb162bc5c6967ac3cc294467d76db48305
ui/pages/android/YL-A-086.yaml,5881,3dee99e6d9995fadb2e7a4569b6d477a889150e4b0a289dba1a3aabca40a3825
ui/pages/android/YL-A-087.yaml,5774,e0ddd3ecbea34089e2c5686552d5956f7a2d36b5352f9fc4283aaa8cddcc3bfa
ui/pages/android/YL-A-088.yaml,6248,b32280e013630c7b8ae4545dbcd9a7b4639e88fd0cbd339fd213859444c2e343
ui/pages/android/YL-A-089.yaml,6177,b6f1afe433d76f0f533a5f255da1722db50de6e6800df16f11ddd60456271b50
ui/pages/android/YL-A-090.yaml,5800,03c192ef2fb99b8ad7f580acc049fc6085dab8f4a886af68aa5ce184301576d7
ui/pages/android/YL-A-091.yaml,5807,2afbd2c705e3cb936590a62c605ccb4aa24b82e9165617bf6cd5785a865f1caa
ui/pages/android/YL-A-092.yaml,5827,c89121028832b4ec8af4265a1cee28b465f0c1266be906ba35b58d66ef332306
ui/pages/android/YL-A-093.yaml,5823,8c9fcbfc729874bcf06c232b91ddaa0555ea1c4561c3444fe0bc74117d751ddf
ui/pages/android/YL-A-094.yaml,6163,2261a9fa9bd19721ba84a40b777d1985ff7358a0302ce45b03f1ece7a44d6ccd
ui/pages/android/YL-A-095.yaml,6181,e7e871685f43967c5946fdfbe5457b018283064d288b514fd64722475843b92a
ui/pages/android/YL-A-096.yaml,6742,810caa25bafd4ab4ab304eb56d1ac36cd8d3ece7c8d6acc2702b6d78f40d99dd
ui/pages/android/YL-A-097.yaml,6736,fe3c79cd227d6d6df08a8da0fb734315d4f9b2eea862033b9e6494d0947a7819
ui/pages/android/YL-A-098.yaml,6747,3568fd27f32d868de6b8ac1d062a58d4ac911e8aadb6f604397271a5c39e8ffe
ui/pages/android/YL-A-099.yaml,6717,dbc8de62a8e60e5c6ffbf05d4bc50f1cf0572e8ab1476ad7e360bfcec71edae3
ui/pages/android/YL-A-100.yaml,6735,6701b141d2de0dd8e25d19153e7202b191d5bb369cd1734c0fe8b492d1d157c2
ui/pages/design-system/YL-DS-001.yaml,3091,5c98642b26a182498c4cf9090c9e168f23d5e70a3b2f905d5ddfa43340c375b5
ui/pages/design-system/YL-DS-002.yaml,3103,cc95a3a7d49982cb24c3faf5e91818170d7567846d3d1da178a6433d3b09bc50
ui/pages/design-system/YL-DS-003.yaml,3121,d9033425835ba6f09796fa1db582b85e158a9c9c579df052285fb00cb179bee7
ui/pages/design-system/YL-DS-004.yaml,3113,355e01b5d6de7c346650ce8ac99b45c83eb1f693d7235dc6ed5904cdf0fe61e8
ui/pages/design-system/YL-DS-005.yaml,3115,4d7ebac9610144559d509845a99f2c60606525d35b9993b8a466f6b6602502fb
ui/pages/design-system/YL-DS-006.yaml,3127,6f75d915f314b6f2df51ab052690c60a5b1cdad9f97823c4a8d9844ec1bf39a7
ui/pages/design-system/YL-DS-007.yaml,3121,c23f8fc52a223f918d9fcf02e2bedfcc75897bee889f0a009d1140f51b89f795
ui/pages/design-system/YL-DS-008.yaml,3121,2ba0e62e1abc187dcf6bde4c3eab5c11a261a97541c08a93efe775c835ff6412
ui/pages/design-system/YL-DS-009.yaml,3131,f9fe06db14a758810f272a7d5011985477bac821f7031c659d65d65689d1c4fa
ui/pages/design-system/YL-DS-010.yaml,3145,bf9f4f910321933171fe9d3bad1a2b6849ff3966926d425748bcc982661e6096
ui/pages/design-system/YL-DS-011.yaml,3127,db296aa83fcc0dc130046ca9faada1fe02097aad6dd059d4c7951d469c23a71c
ui/pages/design-system/YL-DS-012.yaml,3121,afd839e8ff3c06399e3b26c01fc33bd033632131eeef51f6ae97c050b62778fc
ui/pages/design-system/YL-DS-013.yaml,3149,3e3e563bdc8d3855c1ca46d79e6c952831b92520740c6fb1a43c8c5b67303a0b
ui/pages/developer/YL-D-001.yaml,5461,5485ac99036f04453fed2a874eea8b31b8df152f1161116da6acac16266e0f6c
ui/pages/developer/YL-D-002.yaml,6699,275fcd04ddb4f8ad2f45cd1e6b2c5fd17d00ad446e0ee1fc256aff1e5ba50e6b
ui/pages/developer/YL-D-003.yaml,5499,9aef1f36feee58e639322f547455b8c6374b126191f9278d310384eb9619a5c2
ui/pages/developer/YL-D-004.yaml,6693,642e96e82ba5b9e1d6164d25aac1517d3e4c6edf994126d797a96595c79473e7
ui/pages/developer/YL-D-005.yaml,6686,bacf2f5552d6a83e9ba8e12b2e50ce5cc9414984d2aee054c4d3b940fb930e19
ui/pages/developer/YL-D-006.yaml,6739,db27171604f786709a1037ad824f0c7f67184b19b3934fedb7c71463cf603aaa
ui/pages/developer/YL-D-007.yaml,6715,7331244332504dcce2d22b6e2f8ec4c1d6cb8a9ab8ae9b7ac93c3f5666052538
ui/pages/developer/YL-D-008.yaml,6696,22f3611b3f38285e070c83093d474ceb679f6f26fda2063eeef73d986837f099
ui/pages/developer/YL-D-009.yaml,6717,d9526306064c8551290df9fb721ac7dc3d13b5b66a2fc744d5a9c29ad853ae21
ui/pages/developer/YL-D-010.yaml,6763,4031bab0cc9e9796c5ba2da723e20a2b81dbf6182dd62fbfe4a595623462ef41
ui/pages/developer/YL-D-011.yaml,6701,3ce39d72c298fdaa9f007f3e94fb4b4461fadc90c40f284a9a16fe31aab4fbbd
ui/pages/developer/YL-D-012.yaml,6721,70735ac92c40172ea94e3753676696015db08a04830b7124e99059ab6cf5450f
ui/pages/developer/YL-D-013.yaml,5451,fa2faeb04d9c62df6137405dc9756507b1afef49549a5a84f17a178a72e1b90d
ui/pages/developer/YL-D-014.yaml,6686,1a5b69e2e0faa6e3161cbab4a8637f33d5e806be2aeed644a55cb1fac455646e
ui/pages/developer/YL-D-015.yaml,6718,46648ee761e04f78369d8b376a33192befdbd0f5d3b856f3bfeaaa6af99c0643
ui/pages/developer/YL-D-016.yaml,5034,1f282ebc7a7b61ef245e8df317f66a41181f3a4a2db17ba20e6c6e9d900bab5c
ui/pages/developer/YL-D-017.yaml,5445,a6da9afc25d04fad12f460102e410fc2004223fc5c765594c2d4ec875e01e31c
ui/pages/web/YL-W-001.yaml,5552,2862933b6f1f61e95c83276641b27deb410d006d34433534b0b0b0dc40397212
ui/pages/web/YL-W-002.yaml,5555,9de4c15ea747ae37b645c02b143203c93b4c6baf4fe6cc04abb5f055038f716b
ui/pages/web/YL-W-003.yaml,5495,70924f71dfa610636f04b42b5b87ea64efbadb485183989a64a2edb1f2b1f480
ui/pages/web/YL-W-004.yaml,5474,8a6b7691402543b64e670fc8c12f7fb4c43c9b6d0102941d62a3024246f43c3b
ui/pages/web/YL-W-005.yaml,5517,102e7796e901600b74def35981794acd9b95e3d963315f15259ad0c63cdc5ed0
ui/pages/web/YL-W-006.yaml,5451,902561008e402ee14a8ed40deecf14622f94b7e7b4e4e61de97ab8bdb37bac9c
ui/pages/web/YL-W-007.yaml,5496,c89df7857b9b3ba3699656d39207e7119aaf7be087acebe494c12b018bf73811
ui/reference-boards/MB-001.png,159736,71d1ed12dd33cbf0dbd420d466195e9db71a02bfdd37cda383556a47e3f934d8
ui/reference-boards/MB-002.png,163496,cad3d163a07ef21c75ce046862323242cdc93dbd53ef82af4f15445a5cf8721c
ui/reference-boards/MB-003.png,165126,d97ebb2ce4c27cb49b8a9eed49bf528d0ca4a8bec739972bcee69e7ea11aee7d
ui/reference-boards/MB-004.png,178889,c6741fe9006d4094669f4e96c0330ddfd991916c16ea68419797fab0575afa69
ui/reference-boards/MB-005.png,163345,8c7e5a390ecf3ae091496ce02f201d6a2ce1b3a6dfc5d4d132e735002ecec66b
ui/reference-boards/MB-006.png,154734,c5f738f773b633884bb54366595f763268972b30a82c07f6235de10ff6a719bf
ui/reference-boards/MB-007.png,166877,aecfcfe7fc486482ef4ccd77b6a06419a2688ebb00702e204c366a22cea160c5
ui/reference-boards/MB-008.png,161175,228b33fb5daf8f1fdd010e6b59b528fc13cb3056e21d87752acd3b82ed97172b
ui/reference-boards/MB-009.png,157929,8e8a2a129decaf0de05b0b9fadb010838daef2ac8d62c67b5390753645932c2d
ui/reference-boards/MB-010.png,164779,58a3c44c69035b3a7182b4bc4df7d35a42df7ec23a074949d9fc876f43b80306
ui/reference-boards/MB-011.png,150867,f02f92974e4126935fb54bb78432d0cbfbbbc98f8730639635d07c3d2b311be4
ui/reference-boards/MB-012.png,163917,6ef046418c76d7e8dfaebb2a078b5c080e692d463fe192129fc23284f6b3a71a
ui/reference-boards/MB-013.png,163913,1d32c2f8b96a1c15edbd119f54fbd3b2b103ded7a3667cc0e7c240ae8fa3267c
ui/reference-boards/MB-014.png,160235,e5581112f790396a77f36e52d3bbc78762637f819267859a332ee109cb5a2d74
ui/reference-boards/MB-015.png,156786,5a6e6d35e28d5a768aee0289ef0567aabbccf0a1db8509d1e9acb09aa2002f2f
ui/reference-boards/MB-016.png,151322,f11228ed7301683d0513825eb718a6725a421f436168de50ab6b96b02a12efb7
ui/reference-boards/MB-017.png,156720,92e85ba144e4d180800dd16bab3eb083806783ee5fe823b454184a60affdfafc
ui/reference-boards/MB-018.png,145657,8b0ecac67b069af73e26194f53874f3469d15646d3fdac09645ac74512114cbe
ui/reference-boards/MB-019.png,158395,63a8dff835ed8ecd5ab7907fc9bb7f192edc395f0c78af7752c5b490e9c24b57
ui/reference-boards/MB-020.png,157564,9392b0af333086639ad72bd501e6eceea825011700308be30e8ebbd6773ec43e
ui/reference-boards/MB-021.png,161350,a3a2a9a52cf94f2dc605fe63f56a3b2042279fc22729117d9e868920ebd6f99b
ui/reference-boards/MB-022.png,155839,294c00f6aa836dd67b87ddbc73dc6145172f2fad1f9bfab22420a827a24735a5
ui/reference-boards/MB-023.png,163946,16b543457c6d52bd543696af032bf8ec3e0984d75edebdc0375b4ad12f2ee139
ui/reference-boards/MB-024.png,162355,25bc3f63bc5ae49dccd02af39f0d7ed98e907aea877804f29f678e0177eed71e
ui/reference-boards/MB-025.png,155413,411afec8bdb895a55709a58bcd0af6c5291910841de3f97c4e8b380abaa70108
ui/reference-boards/MB-026.png,165638,471e0aaddcc98ff92779861484d23cc5fa9a1919ee2ba2dc4ef95c0b47b355ef
ui/reference-boards/MB-027.png,157655,9f41c1fc98ceaa818c3f9b8f483da5193ffdf4f2f0b7fdfcd75a66ec070fe889
ui/reference-boards/MB-028.png,161126,601f3f16ecac979541be66864a2c908aaf44d5bee06c0104064348fa8b164e10
ui/reference-boards/MB-029.png,158093,b49b516c4d8c78ec96d24e96b9820674cead0f4f704f64728aaea551148f0885
ui/reference-boards/MB-030.png,217300,314fbc7073ed126abfdccf92d7e157449104eda64a3c4fb3b1e1ae26d57c3176
ui/reference-boards/MB-031.png,148728,fe63dcfd6b81fc9ebaba54fa6d7a0f291afa737308ab0d5c0591f44e668cc77e
ui/reference-boards/MB-032.png,147619,d183c4d83c70b03cc48db54731359493bb1fd8585f50f7ded284af4ba174339c
ui/reference-boards/MB-033.png,152595,8d62d1958d5f1799d6bb6889731d589eee859e685fac4b4701676e014d85bc49
ui/reference-boards/MB-034.png,151663,521fb6b2764376c6ad467bd9be0f82c259990ca3688427d10598e82435ec70e6
ui/reference-boards/MB-035.png,150990,3d4ef022ee3d96f11032fdf00a55fae7aed7939bdff51d4d12f8f81f64cf1cb6
ui/reference-boards/MB-036.png,147622,77470e8489ab4e174d819fbc62d1ad534b774a7a1f5ef7714c57bc9a8f41c307
ui/reference-boards/MB-037.png,185566,2d57fdbcda36c366931eab2d8f3928c516ba5a14e7777316dedf99252f532224
ui/reference-boards/MB-038.png,187203,9b2666062988d159d6b87c6d7125e832442b0c9c5b645df8c456312607872e64
ui/reference-boards/MB-039.png,188439,725603e520a796c086b7932239218f3b6891324c260caeda159b17e1b352f17b
ui/reference-boards/MB-040.png,202489,6f0de9f4f729ea324c7a90a874162145af49f977f283866970e2c56b08d7bc6f
ui/reference-boards/MB-041.png,192175,32357992153e06c9a05cf196e954193941fb48a0c43ede4be39b345773013009
ui/reference-boards/MB-042.png,186503,67d1efe350e5d4ac1e8a6899d3514b7d0d72f59d1b0d6ac6dee0cd4dbc8d38d3
ui/reference-boards/MB-043.png,205184,2ca3ffe25b1300f6b8b769e79e4f073dad79dca721a13b1fc7df479e196d1929
ui/reference-boards/MB-044.png,201658,c2045afd370bae3c68e7cd3b264156d3d89094f0c9737cd587181388e390feef
ui/reference-boards/MB-045.png,198926,8d518c838f0d33143b5e1c965c050c92bcbca82100e6014015ef0f17b086eac8
ui/reference-boards/MB-046.png,186980,2022c43ec0d7ffbed105f85466fcf6c4ed6cd38d6c40de83e55582dbe13ebc07
ui/reference-boards/MB-047.png,187661,b4812e41d39aff27383ae94acfabf1d78032dc7afce0d6c63b2e33391c18e01d
ui/reference-boards/MB-048.png,193026,89a238b46aa16c75cfd3ceb2f5967a0e770cb04c500400f9ddc48332a093c81e
ui/reference-boards/MB-049.png,194940,18cf418dbd4aeb65becc494e2d538479ac7b4fa5003904510b6ff604fb8d0429
ui/reference-boards/MB-050.png,199705,9b24eb2e45e2759c5a87c286d73274ea1b48404a6f94eb8bc050a77b7a74f727
ui/reference-boards/MB-051.png,185028,bad303436810fea7fef424957321b53c87ec18c673f65e3cd4e5fd5962699e48
ui/reference-boards/MB-052.png,184657,d7dffd91e09e7409502076379122a1aca2dd84ef2930a7012b13219b16b4e620
ui/reference-boards/MB-053.png,197141,af12f1cc8e9e5dca9f5ce31f9bff7953aed26677524124ab0a820245540cf41a
ui/reference-boards/MB-054.png,187838,6b42c91629764b00d14d546d9c9a1cf4009875d219bf3fbcfeb7d2f54e7ce695
ui/reference-boards/MB-055.png,178167,77ebb7c9bc1ec4e71444447ad989ff7ea4c4fc02ceada9ed89faf4dd70c76f90
ui/reference-boards/MB-056.png,180552,fb04c80a6afa700b2c14f45c3935d31a44778db2defddf54a49ef4fb08c2b290
ui/reference-boards/MB-057.png,193650,8505be250b33c088d3c78b9a27ca7ce572c28e26f9c865d78a9520a23f3b3bc5
ui/reference-boards/MB-058.png,186025,c8ec3d68da5d3c0d27397463791c02782416b929b8d730e71257968bf8639eb1
ui/reference-boards/MB-059.png,187297,b988e8899bf3c3067dfc95145edcbcd4730c26e3fceb0c1c85e272aac08bb672
ui/reference-boards/MB-060.png,196624,20c34cc9cae831bf8a880988d75c1baf16b564bee8d54d26010baf9f82dd552a
ui/reference-boards/MB-061.png,203856,b37dd2a31bc570332c0f3c9b6dd238f03bdac8670bfb1d094c3b06ef16bb9f77
ui/reference-boards/MB-062.png,204385,d90672fd4f98a664d78d57ff474e466992167c3515db7a67471423712aa16510
ui/reference-boards/MB-063.png,179859,7332ca6cb30e1a5a4b3bdc8e29a9cc486e730e9baaed233a1042627687417b49
ui/reference-boards/MB-064.png,194955,6c5a335ca1249510410a8365606a379b706a750ed74ff20a70fad1296eb4074f
ui/reference-boards/MB-065.png,188276,f1e959ab1c4b03db83903fb42537781d6071d3c0e506c00b89ec5b70840483a6
ui/reference-boards/MB-066.png,190888,a6d24a101c043bbf1943c5e68573990870dc6268e5102d67e8ee28c13cda1010
ui/reference-boards/MB-067.png,196418,c34492c3d18ab828f1d379daf66d69d96628c04acd2adb53c99165f0ccfa0aa8
ui/reference-boards/MB-068.png,185790,fccf05d3aad57f75bbcb5585f9ff78f716f956252f86636fa26dc8d88524be20
ui/reference-boards/MB-069.png,188349,bd9fe8155fd1e74398c94e40dc4bc2312ad0be5d2fde85676ae10893f1f2b52f
ui/reference-boards/MB-070.png,200306,1e553ea73fe314e229cbc877f47ac61733f5ae4b2d45c279f882f1d7167ecc94
ui/reference-boards/MB-071.png,193469,e1892380d9b66ca54ddd75998ccfd9b05519985e5818bfb08a36b741ee6f1e66
ui/reference-boards/MB-072.png,186603,ba3a873c091c693311363618f5ca5e483c52b164c05489a434a0039acc7dcf17
ui/reference-boards/MB-073.png,199562,0453d0f7df8a7e3f64beacd8900e30e838ec832a0a44deae5edd9f3d5730ce20
ui/reference-boards/MB-074.png,197689,79474c9e3ed342a357f52f4237b5d0a13ec5b1c8d63778b07ca8d07d777af38a
ui/reference-boards/MB-075.png,188931,02b71d47a2f95e45a85c31d967b6ef7ad87c19d25e29fb966e16685cdeb6a084
ui/reference-boards/MB-076.png,197278,2dfa53a2be61353e56451f88284db05e8a25b88310c4b48db6cbe8b874518ba9
ui/reference-boards/MB-077.png,200378,5063192c752bfea0a3eb875dff099c421d52e411f95d3b9238277dd6bdb6c2b8
ui/reference-boards/MB-078.png,201225,b65403ca59c0e37848a17fe07ccc9ad36207fd361603e9f5d9f82ac6e03b3934
ui/reference-boards/MB-079.png,192555,4b328d00dc7a87a7ef6e630fb970804af0147c79596f31422293af12fe95d409
ui/reference-boards/MB-080.png,200178,e847213f77f1f416a325c635ca7a89edf7a66c07f6725c8cb48e3a2c25a64de6
ui/reference-boards/MB-081.png,190759,d9c45289b3612736acc5c97fbb9bf09c5bdb73094a1a2f660d271be6b03a595d
ui/reference-boards/MB-082.png,191929,ae600b1cdae866f7393dae7fedc3364d05aaf81a520ee0bf8ac727d92b186624
ui/reference-boards/MB-083.png,201120,9fce6e3f4ca11d69e8ed5cd4d55036b30d1ea2d1a622c2a0ec80485d1f85ad45
ui/reference-boards/MB-084.png,190666,c3ef51ce6f2c1c396b162d6382fb0cf483c996f703250bef6607b54b8195503f
ui/reference-boards/MB-085.png,195417,e6e3c4ae70976c939a7185b48da7c8c9092afef62a5ce73f42f2fb8ef699773c
ui/reference-boards/MB-086.png,189722,b28dedd348b5a504544e5860e2f361e02df16d174f4a04a2985a53ce51751b2d
ui/reference-boards/MB-087.png,195578,7e3a6893a6497e9bbd1652a99b8a8e28fcecedfc0077271d05902da7a9e58ffb
ui/reference-boards/MB-088.png,185071,7b9a131a2a47ba4faf7a04cd5e213763688ff6f47ea4213b344833d8b9ab7db4
ui/reference-boards/MB-089.png,188813,a610370b182281c4410da0fc2729ebdfb68d4b5110654352ad190a5d230526ec
ui/reference-boards/MB-090.png,185254,26eefd8e3d7979bde8e1b5efeb24ea89231df7be0f1ae2cd743042821e308e04
ui/reference-boards/MB-091.png,192533,1762dad57bc8dbd6a7253e30495ea6541827d0c38ea40ac5595d9b692a61607d
ui/reference-boards/MB-092.png,205501,8131081ce9694982adba6a60ecb52b9d42bba83dfca99acd091c2dbe1c401bd2
ui/reference-boards/MB-093.png,191724,009b2b2e0769646f20957729124b98e1e2c68499af27924a3d59fd35484e1d67
ui/reference-boards/MB-094.png,194601,f44bcd1c1d77a4ab6d433ab50f72064c74b404d8c2ed40bb62baa0e241911cca
ui/reference-boards/MB-095.png,196157,b86c05971fb044a62c06dc1c55caf68010f91d62eb520a962333b99bf7de2c5f
ui/reference-boards/MB-096.png,188106,0ae05ecf5926ef2919054e6458947fa09401cf70e69589dc1fe73128dd919cb7
ui/reference-boards/MB-097.png,195920,690952bd0b2f63462e2a857175777d77dd78b2772a5e1389c4439e81ca9c1d1d
ui/reference-boards/MB-098.png,202314,ce7e93f2c95865b30e7353e5b74f26c408d7c55694c3929c72129bb503eefff2
ui/reference-boards/MB-099.png,199215,b9b3cd57b28ac9c435e08a91356e95fad87e34ddcab9c740e47d918473107ee2
ui/reference-boards/MB-100.png,180243,6fec934848286c2c9ceb5ea6b090439cd6f96cffe43506ba9bb61b3d2cd3f554
ui/reference-boards/MB-101.png,179919,e29430b0888e5ea4355594ed8cc8e05b396e3292b592e15dcc47c69fafe0f013
ui/reference-boards/MB-102.png,187699,a5538876b5eb87eec950999ee156b6e088ea4cf4e1c53e144746b9bdfe11e3da
ui/reference-boards/MB-103.png,191206,c7c3a581781bb2d3c48b79cc3ebd0e16ebb8763db3519e8c8b88852aa9fffa04
ui/reference-boards/MB-104.png,208049,b1cff6d043a1dccad7040f74bbb48e1353feb480d0ca0d24be6339bed06f54d9
ui/reference-boards/MB-105.png,186087,d7e61b179716faa62e5e7a99df86c1bcd89371eec54a8187549678211fa8bc18
ui/reference-boards/MB-106.png,197390,a79b31f06a02a18e4c6449e9c406a49cd7395ded23e7ba1444884138b364989d
ui/reference-boards/MB-107.png,195960,545e816905c83df2dbb0de69f5d9e3f775c05ecbf5dc5070edece83bf9cb3606
ui/reference-boards/MB-108.png,193599,018549e8915ed26200084b774eb0bc4d7d02291ba07d43766a8cdbd4b870bbf1
ui/reference-boards/MB-109.png,182675,1115ea40ac533a5325ae88eae7f7252fe5d6437c4c26d5801e366e5f17d032a7
ui/reference-boards/MB-110.png,197890,fe4f63bd63e7cf400f6d0b1857aeffce3231018f3c69a9ca2f81d7232009537b
ui/reference-boards/MB-111.png,200830,55a679062e644ee42728aea16b16ad4a29b95c3a1e585d27965f5d2c77a11090
ui/reference-boards/MB-112.png,198886,722fed65b8640687bfbd2c42867db4897da0e8706ab284593424271dae9e3958
ui/reference-boards/MB-113.png,190873,70d94926ad0a28528c603179a9294a2c99f65cb2b09d80ef1fd197849fb66512
ui/reference-boards/MB-114.png,185373,7537f58061b81497f51fcf32b5d14b4c59db13577fa4e9fea0b52016583d0629
ui/reference-boards/MB-115.png,187031,d81abcb9a33341acb6a76e68be87fc5596d1b3736fabb6aeefd1073ca8414816
ui/reference-boards/MB-116.png,185579,47938808e9aeb97ebcd8dde92dadbbc77cb91f5dfa0639e1c5fe89e590215ff0
ui/reference-boards/MB-117.png,187799,ba8eca8bbfa3334f8734f26a25508f7c233ac48ceba72c0eb27459b49604b417
ui/reference-boards/MB-118.png,203017,69e0b41ba677b5aac346dc9d92a32e5c81ea59ab85755745e91b5c4ecd28c426
ui/reference-boards/MB-119.png,199806,51be7f87dffcb90debd0bc973c27fdf1bd00cb272c37de67d5140d57375d2ed2
ui/reference-boards/MB-120.png,195861,7ceba0a58b14c52ff136cbb7d032650bb19a04c19f95ad323240bfecb0c716ac
ui/reference-boards/MB-121.png,200537,11490dd371e79ab07213edb352a0ce6278ddd3f565ce9c87da2e200d7c70f0b8
ui/reference-boards/MB-122.png,201894,6c4bc5bcebbee94d7d99337754e453a7f0cd4508f9e557cb4eb5250b7930b56a
ui/reference-boards/MB-123.png,181656,0778cf71b001246740f83be100c76e387cfdcb3bcc637d0dd980430d9b80fcc4
ui/reference-boards/MB-124.png,177812,e7f9b856ab0ec8983cea4662403dddc53fc3047e650fea6f06775e881a36d274
ui/reference-boards/MB-125.png,174302,16ce724171863a39974d968c4fb47ddd43ebd733b8f3bc917759f6d5ea441897
ui/reference-boards/MB-126.png,172822,f4b0b631af9cfe481cce7eb95c905e0260236e7bedc1cc30fbf653b14888ac07
ui/reference-boards/MB-127.png,168053,635fc037802cf1f85fc777a933f8ec578aa89efa53526517dffd5fad08a039f2
ui/reference-boards/MB-128.png,183048,2efdd9703f6636971c04b887c22892acb5dbffd4319838f7abb121800edfbd1a
ui/reference-boards/MB-129.png,192845,5f8f6f7deae92083a37aa76753238068bced56adcc70a98ba364d690b08aae26
ui/reference-boards/MB-130.png,189777,ef55d4fab7e1967845426d87225de6eafb9021f0d191dd36fec9bd432c925eac
ui/reference-boards/MB-131.png,158313,6edcf9bd93ead721339f0a4c11f92c3385297b19e9dd8900e19159067f3fc7f5
ui/reference-boards/MB-132.png,166566,72d6ff3b12825eaa2b58dc80d70c452fa9a81e80705243260355b19426eac146
ui/reference-boards/MB-133.png,179329,c148b4378bbd4ce981f850e431b2a777eb7b0a79ce60006d882423b8078a49ce
ui/reference-boards/MB-134.png,110324,5100e2ee8c015d374b3733081c6c6e9c0222c1b20122af577272bc15514556bb
ui/reference-boards/MB-135.png,162291,26d44f8cb2ac1f28fac2e405f70851ae62ff8d25be1b32594a9817152654fed5
ui/visual-review/generation-summary.json,151,0fbfced5270f7e2a4b59c88d55236cdf279ae2f4279e184db743dc1f73ac54f6
ui/visual-review/index.html,4130,c171590026c2c0864e25a218634a7f4bcd036f9b901cc5b4024ffd07316035bf
ui/visual-review/mockups.json,1382712,51f974482ac212e173b6cdd2cefbd06c6548b1062e741acc1bcaf010c11b7305
work-packets/P00-W01.md,14678,3181fafebf3980e212ed55e4fad0e04e665ff160c1181661651a13376611359c
work-packets/P00-W02.md,10178,5d5f2aff0995510de56e54f5b8ab7ec166286822c8cb37fea778d23388d21c29
work-packets/P00-W03.md,11184,549cfe4de4b120357c266c258b62c1f35e38808cad6eb5b6b68b459f5dff4b9b
work-packets/P00-W04.md,11087,62d1cba47562ebd1dd2147ae4a2c142a83ee569bff03dc7652f19cba1526fcce
work-packets/P00-W05.md,11168,d69f02e6dd93225148a3859fbf2f2d5cb53b8ed98e01c7c2d2caa73fa1be9fdc
work-packets/P01-W01.md,12543,81123ac91e5ec7397e92207ce36046526db7021f648ab57981ad393ce1506a60
work-packets/P01-W02.md,11135,cc60ef1b7b8bca8f8ed553290edad813c0366d01dcede9d3c499e76cbbf05f10
work-packets/P01-W03.md,10625,a0384fb63af717ddeaa2dd05d75e5c597396d17b41ba24b3371d516d19b0176c
work-packets/P01-W04.md,11409,48b2b5c8d0b7dc3421b302c4a3bdc46a3e4cfda410dafae56a4f9c2f69f743c3
work-packets/P01-W05.md,11124,0584565e0140b8804f56a4c0b9475198345c939a3ba67be93681867b407acd51
work-packets/P02-W01.md,13128,6fd18c4a6d14f17168b5c0a6ba468eba72feeb9fb0afb36189097540b0be7632
work-packets/P02-W02.md,12671,82aa746d3f275fa132d4dc11a4b74451190841275947ca0a8f5a9edd901971a1
work-packets/P02-W03.md,12649,a3d44ca98192581fb3129db3e3247bdc0627c2e66ea052033ad46c95c5011fb0
work-packets/P02-W04.md,10825,2bcda05afc7554b334a0a6f14e5c2aa8568f81aa7303331f1c5cb986f0a65ab6
work-packets/P02-W05.md,11412,a10d9dfc4c9f70af708723d5af9240a6085effa7da763a57d8a8109a3bc49e1c
work-packets/P03-W01.md,13345,17d9b84a4cbebc63c53f024671f94237be295c9459c812dc7b8df7392d7c656f
work-packets/P03-W02.md,12020,fc8ebe52865208bed9df97b2a26cdd51278472cf0d4d2b23c6cf6b8c89f49b98
work-packets/P03-W03.md,11931,f4c0b31309be9a3c3d401ff113b32ac051c1e772b3299e25715b2303ad7bea60
work-packets/P03-W04.md,12716,7a5eaae1c9187d31bbdaf11e6f910f8b5e807dd402e22255d5d7849c646e517f
work-packets/P03-W05.md,12066,857e0e272647044c6ad49955d19afc22ffa5d09a2f3ab2d39bf481f798decb36
work-packets/P04-W01.md,11696,ba84397a4f5dc4990bb49481eaf50864682e46871050d6427229d744cdd8c899
work-packets/P04-W02.md,12939,f32a583246533947411eced03e5318d684ad49779b7fc0bc27c52f90c21bc92c
work-packets/P04-W03.md,11829,17ac7a524681427672bd12648ef930aefbe77b265f9f95d7de456708f6332289
work-packets/P04-W04.md,11585,1f94df1e99aa1580884b40ddc5308f2aba45de7c54fc476ea63efd34f8001223
work-packets/P04-W05.md,12387,a9a24615336664754f81d3ec7cfd831fc2d69d607f06b6803b1586e033b7ac2e
work-packets/P05-W01.md,12757,11e6913229d2dea8b2537c6cdd0dcf447fa830ef53b9e84c16a4a82877e82bf5
work-packets/P05-W02.md,10327,4def790941ca7cacdc9a09b2c72d55a63accf896b981188df542e9615f09716c
work-packets/P05-W03.md,13160,12c1e64e735538ca0aa6a3b6df4c3d7f2bd700f3f82e7e07a346f644f81c8af2
work-packets/P05-W04.md,11215,70260d38848e305736e651de5c8e9bff7a069399c262fe4abc0cb0014ce36757
work-packets/P06-W01.md,11571,f60efaa6e71c03afd098ee296a44c6c1eaf5fc4b3a49af84353cc2ea8c3f0ad8
work-packets/P06-W02.md,12136,647b255bfe6a40f3086a64f80cb273bd2a763981a8c874093f1e2bf4e95f9f48
work-packets/P06-W03.md,11584,e1af061496e31a1b4427e1ff762e3dda9b03be50aa5ca5fc9a0905458d8ea448
work-packets/P06-W04.md,12181,09fd364dd4cfbcef521cf22bc4e1ef5ff6133f37309d36e58ffd410a9fd253fa
work-packets/P07-W01.md,11177,b51932026767aa3b745fd5b95debed16e459a8f72fb7878cbc769c54cfddd106
work-packets/P07-W02.md,10704,fcb88b7f9abc40f94cb668d4a0c112101ab21cf17821ed2e5c175f9d466a4110
work-packets/P07-W03.md,12022,298cf566499f3e2bb61cb0fb5d0046f5350986e0ae8332c85aac19c56fbccfcb
work-packets/P07-W04.md,10763,99ec6c63af428993c9e776d3e6bc4396bf7a147d02640f55660a453071fcef48
work-packets/P08-W01.md,12770,80cf666bec3d727b3caa44ed9f2cbdef316abfda85808065b35a8ac5aeee1a8a
work-packets/P08-W02.md,10772,afe9ddeaddb636be45e9df6b0a91f24a75be2945f17a89a01691470d6cb3f13c
work-packets/P08-W03.md,11578,8fd09452ca7d7d382beb7d80e475fa28bd6aedee0a5511010d172fbb34c6a00f
work-packets/P08-W04.md,12333,470f09268349f262fc6c40bc1c9add07baab4ac90ba766dee640f25b9386dd1b
work-packets/P09-W01.md,13152,d9c75bf01691fa665ec80a995d038964edbc448595eb2123492819eb8d48cf12
work-packets/P09-W02.md,12808,2208cf14411e332756cf040aa830a2aeeb2ad7a698a78d2eb83bedac782da6ba
work-packets/P09-W03.md,11508,caa52ecc8e381622a2c4b6b48f83efa7b9f769e63e6728e4caf2faa462e635bc
work-packets/P09-W04.md,13291,d437a8216ed829e31d1f05e306eeecebcdfdfacef718923d153ab894d52c5f5a
work-packets/P09-W05.md,13429,4944e52c2d08d18674b7ae7d29c4c68bbd229f04c36c7de48b14145a286cb1c8
work-packets/P10-W01.md,11591,ddbafe2ece700f680daa9905836de14606fffe2d278ed384b9dfbdead74873bd
work-packets/P10-W02.md,11606,c165f56c4d9c751005496482cf20faa0bfdb157d9dc3558f4775c9aa29c102cd
work-packets/P10-W03.md,11731,fd419ce4026b73de6b2fb214b9774231721b7b7f72fe26fc0adb42760aeaa63a
work-packets/P10-W04.md,12353,8b0f7a159f1ed7219a18ce9522726f496c059a735845845dae1365a838d1fee5
work-packets/P10-W05.md,11589,64d34147712faac71972ed11aa26503c60989361b51505cd23cbe20e351edb08
work-packets/P11-W01.md,13757,3b2c070892e340ff2c2cfe3c4592411bd633b5ad474a298e577798ea7916cae7
work-packets/P11-W02.md,13101,347e76f119527143722e8bbdc6dda350e715d9e32d685ea456e03e026da70655
work-packets/P11-W03.md,10363,defc894f90996ddfaa74510c747604f3745401739762db4d6b2c98a45188127b
work-packets/P11-W04.md,13431,b0604452316e19b68bac0e3dd2d3339dd67655096182a6e54bb4292470284294
work-packets/P11-W05.md,12056,09b75a595506e3b97bf0f2a37941bd08fdbbc3ebfe585936a00f02e9f827968a
work-packets/P12-W01.md,10626,c5e875c4cf00a69ff5ba9169259336bd505b9d0b23674abb66dd0e9c9794ff3d
work-packets/P12-W02.md,10903,bb48afd18eb5eaf9186bb4aadd0918c2f8d60184a57dfa753cfeb439b8e5f4bf
work-packets/P12-W03.md,10842,7539310a577c824e63ae8d91ab12052d931825eb9a717b1daed57a37ae6340c6
work-packets/P12-W04.md,10668,be065012edba5dfa6ecee9759e60ad722a9c7d2b6d32cf35201767546727af27
work-packets/P12-W05.md,11141,a9b0180a9aaf234c5a0d99bb32b6d594a64754b52f6946d58693758627839b22
work-packets/P13-W01.md,11023,ca6f7597d5f5f04204c1e66ac0fc5d75ae74aea0f37f25929f0ba2e83725b034
work-packets/P13-W02.md,10542,86398948b3eb01c2be4bdb865f268771dd3f5adeb6460e2c25ca5e23bdbc6588
work-packets/P13-W03.md,11847,9ac054b1ea3688949008b7a204ffde50449b2c493c67e11c45dc6e99c7374f62
ylven.ps1,2925,d3af4068a0d3414cc5e9e9b003fb2fd8851146a7bee38940c81b1beb01c7b8fe
