phase,feature_id,name,surface,screen_or_menu,user_action,ui_states,http_method,endpoint_or_event,backend_service,data_entities,admin_control,permission,billing_rule,async_job,acceptance_criteria,test_ids,implementation_notes,status
P00,P00-001,建立仓库目录与模块边界,Engineering,Repository,建立仓库目录与模块边界,idle|loading|success|empty|error,N/A,repo://layout,Build System,repository_modules,系统设置/工程信息,authenticated_user,none,none,用户可在“Repository”完成“建立仓库目录与模块边界”，成功结果与服务端持久化状态一致；无权限、参数错误、重复提交、网络超时和服务异常均返回稳定错误码并呈现可恢复状态；管理后台“系统设置/工程信息”能够查询或控制该能力，变更写入审计日志。,P00-001-UNIT|P00-001-API|P00-001-E2E,,PLANNED
P00,P00-002,建立环境配置分层,Engineering,Configuration,建立环境配置分层,idle|loading|success|empty|error,N/A,config://environments,Configuration Service,system_configs,系统设置/环境配置,authenticated_user,none,none,用户可在“Configuration”完成“建立环境配置分层”，成功结果与服务端持久化状态一致；无权限、参数错误、重复提交、网络超时和服务异常均返回稳定错误码并呈现可恢复状态；管理后台“系统设置/环境配置”能够查询或控制该能力，变更写入审计日志。,P00-002-UNIT|P00-002-API|P00-002-E2E,,PLANNED
P00,P00-003,建立 Android Compose 应用壳,Android,App Shell,建立 Android Compose 应用壳,idle|loading|success|empty|error,N/A,android://app-shell,Android App,app_builds,App发布/构建记录,authenticated_user,none,none,用户可在“App Shell”完成“建立 Android Compose 应用壳”，成功结果与服务端持久化状态一致；无权限、参数错误、重复提交、网络超时和服务异常均返回稳定错误码并呈现可恢复状态；管理后台“App发布/构建记录”能够查询或控制该能力，变更写入审计日志。,P00-003-UNIT|P00-003-API|P00-003-E2E,,PLANNED
P00,P00-004,建立 YLVEN 浅色与深色主题 Token,Android,Design System,建立 YLVEN 浅色与深色主题 Token,idle|loading|success|empty|error,N/A,android://design-tokens,Android Design System,design_tokens,内容运营/设计配置,authenticated_user,none,none,用户可在“Design System”完成“建立 YLVEN 浅色与深色主题 Token”，成功结果与服务端持久化状态一致；无权限、参数错误、重复提交、网络超时和服务异常均返回稳定错误码并呈现可恢复状态；管理后台“内容运营/设计配置”能够查询或控制该能力，变更写入审计日志。,P00-004-UNIT|P00-004-API|P00-004-E2E,,PLANNED
P00,P00-005,建立四栏导航与占位态,Android,首页/工作/发现/我的,建立四栏导航与占位态,idle|loading|success|empty|error,N/A,android://navigation,Android App,feature_flags,发现与首页/导航配置,authenticated_user,none,none,用户可在“首页/工作/发现/我的”完成“建立四栏导航与占位态”，成功结果与服务端持久化状态一致；无权限、参数错误、重复提交、网络超时和服务异常均返回稳定错误码并呈现可恢复状态；管理后台“发现与首页/导航配置”能够查询或控制该能力，变更写入审计日志。,P00-005-UNIT|P00-005-API|P00-005-E2E,,PLANNED
P00,P00-006,建立 Core API 服务壳,Backend,Core API,建立 Core API 服务壳,idle|loading|success|empty|error,GET,/api/health,Core API,service_instances,运维/服务健康,authenticated_user,none,none,用户可在“Core API”完成“建立 Core API 服务壳”，成功结果与服务端持久化状态一致；无权限、参数错误、重复提交、网络超时和服务异常均返回稳定错误码并呈现可恢复状态；管理后台“运维/服务健康”能够查询或控制该能力，变更写入审计日志。,P00-006-UNIT|P00-006-API|P00-006-E2E,,PLANNED
P00,P00-007,建立 AI Runtime 服务壳,Backend,AI Runtime,建立 AI Runtime 服务壳,idle|loading|success|empty|error,GET,/runtime/health,AI Runtime,service_instances,运维/服务健康,authenticated_user,none,none,用户可在“AI Runtime”完成“建立 AI Runtime 服务壳”，成功结果与服务端持久化状态一致；无权限、参数错误、重复提交、网络超时和服务异常均返回稳定错误码并呈现可恢复状态；管理后台“运维/服务健康”能够查询或控制该能力，变更写入审计日志。,P00-007-UNIT|P00-007-API|P00-007-E2E,,PLANNED
P00,P00-008,建立 Developer Gateway 服务壳,Backend,Developer Gateway,建立 Developer Gateway 服务壳,idle|loading|success|empty|error,GET,/developer/health,Developer Gateway,service_instances,运维/服务健康,authenticated_user,none,none,用户可在“Developer Gateway”完成“建立 Developer Gateway 服务壳”，成功结果与服务端持久化状态一致；无权限、参数错误、重复提交、网络超时和服务异常均返回稳定错误码并呈现可恢复状态；管理后台“运维/服务健康”能够查询或控制该能力，变更写入审计日志。,P00-008-UNIT|P00-008-API|P00-008-E2E,,PLANNED
P00,P00-009,建立 Worker 与队列消费框架,Backend,Worker,建立 Worker 与队列消费框架,idle|loading|success|empty|error,GET,/worker/health,Worker,jobs|job_events,运维/任务队列,authenticated_user,none,none,用户可在“Worker”完成“建立 Worker 与队列消费框架”，成功结果与服务端持久化状态一致；无权限、参数错误、重复提交、网络超时和服务异常均返回稳定错误码并呈现可恢复状态；管理后台“运维/任务队列”能够查询或控制该能力，变更写入审计日志。,P00-009-UNIT|P00-009-API|P00-009-E2E,,PLANNED
P00,P00-010,建立 Scheduler 与分布式锁,Backend,Scheduler,建立 Scheduler 与分布式锁,idle|loading|success|empty|error,GET,/scheduler/health,Scheduler,scheduled_jobs|distributed_locks,运维/定时任务,authenticated_user,none,none,用户可在“Scheduler”完成“建立 Scheduler 与分布式锁”，成功结果与服务端持久化状态一致；无权限、参数错误、重复提交、网络超时和服务异常均返回稳定错误码并呈现可恢复状态；管理后台“运维/定时任务”能够查询或控制该能力，变更写入审计日志。,P00-010-UNIT|P00-010-API|P00-010-E2E,,PLANNED
P00,P00-011,建立 PostgreSQL 迁移体系,Data,Database,建立 PostgreSQL 迁移体系,idle|loading|success|empty|error,N/A,db://migrations,Data Platform,schema_migrations,运维/数据库迁移,authenticated_user,none,none,用户可在“Database”完成“建立 PostgreSQL 迁移体系”，成功结果与服务端持久化状态一致；无权限、参数错误、重复提交、网络超时和服务异常均返回稳定错误码并呈现可恢复状态；管理后台“运维/数据库迁移”能够查询或控制该能力，变更写入审计日志。,P00-011-UNIT|P00-011-API|P00-011-E2E,,PLANNED
P00,P00-012,建立 Redis 缓存与限流连接,Data,Redis,建立 Redis 缓存与限流连接,idle|loading|success|empty|error,N/A,redis://health,Data Platform,cache_namespaces,运维/Redis,authenticated_user,none,none,用户可在“Redis”完成“建立 Redis 缓存与限流连接”，成功结果与服务端持久化状态一致；无权限、参数错误、重复提交、网络超时和服务异常均返回稳定错误码并呈现可恢复状态；管理后台“运维/Redis”能够查询或控制该能力，变更写入审计日志。,P00-012-UNIT|P00-012-API|P00-012-E2E,,PLANNED
P00,P00-013,建立 NATS JetStream 事件总线,Data,NATS,建立 NATS JetStream 事件总线,idle|loading|success|empty|error,N/A,nats://health,Event Platform,event_streams,运维/事件流,authenticated_user,none,none,用户可在“NATS”完成“建立 NATS JetStream 事件总线”，成功结果与服务端持久化状态一致；无权限、参数错误、重复提交、网络超时和服务异常均返回稳定错误码并呈现可恢复状态；管理后台“运维/事件流”能够查询或控制该能力，变更写入审计日志。,P00-013-UNIT|P00-013-API|P00-013-E2E,,PLANNED
P00,P00-014,建立 Cloudflare R2 存储适配器,Data,Object Storage,建立 Cloudflare R2 存储适配器,idle|loading|success|empty|error,N/A,r2://health,File Service,storage_buckets,文件与存储/存储配置,authenticated_user,none,none,用户可在“Object Storage”完成“建立 Cloudflare R2 存储适配器”，成功结果与服务端持久化状态一致；无权限、参数错误、重复提交、网络超时和服务异常均返回稳定错误码并呈现可恢复状态；管理后台“文件与存储/存储配置”能够查询或控制该能力，变更写入审计日志。,P00-014-UNIT|P00-014-API|P00-014-E2E,,PLANNED
P00,P00-015,建立 OpenAPI 合同与代码生成,Engineering,API Contract,建立 OpenAPI 合同与代码生成,idle|loading|success|empty|error,N/A,contract://openapi,Contract Tooling,api_contracts,系统设置/API版本,authenticated_user,none,none,用户可在“API Contract”完成“建立 OpenAPI 合同与代码生成”，成功结果与服务端持久化状态一致；无权限、参数错误、重复提交、网络超时和服务异常均返回稳定错误码并呈现可恢复状态；管理后台“系统设置/API版本”能够查询或控制该能力，变更写入审计日志。,P00-015-UNIT|P00-015-API|P00-015-E2E,,PLANNED
P00,P00-016,建立 Feature Map 机器校验,Engineering,Feature Contract,建立 Feature Map 机器校验,idle|loading|success|empty|error,N/A,contract://features,Contract Tooling,feature_contracts,系统设置/功能追踪,authenticated_user,none,none,用户可在“Feature Contract”完成“建立 Feature Map 机器校验”，成功结果与服务端持久化状态一致；无权限、参数错误、重复提交、网络超时和服务异常均返回稳定错误码并呈现可恢复状态；管理后台“系统设置/功能追踪”能够查询或控制该能力，变更写入审计日志。,P00-016-UNIT|P00-016-API|P00-016-E2E,,PLANNED
P00,P00-017,建立结构化日志、指标与追踪,Operations,Observability,建立结构化日志、指标与追踪,idle|loading|success|empty|error,GET,/internal/metrics,Observability,audit_logs|service_metrics|traces,可观测性/总览,authenticated_user,none,none,用户可在“Observability”完成“建立结构化日志、指标与追踪”，成功结果与服务端持久化状态一致；无权限、参数错误、重复提交、网络超时和服务异常均返回稳定错误码并呈现可恢复状态；管理后台“可观测性/总览”能够查询或控制该能力，变更写入审计日志。,P00-017-UNIT|P00-017-API|P00-017-E2E,,PLANNED
P00,P00-018,建立 GitHub Actions 基础 CI,Engineering,CI,建立 GitHub Actions 基础 CI,idle|loading|success|empty|error,N/A,ci://quality,CI Pipeline,ci_runs,运维/构建记录,authenticated_user,none,none,用户可在“CI”完成“建立 GitHub Actions 基础 CI”，成功结果与服务端持久化状态一致；无权限、参数错误、重复提交、网络超时和服务异常均返回稳定错误码并呈现可恢复状态；管理后台“运维/构建记录”能够查询或控制该能力，变更写入审计日志。,P00-018-UNIT|P00-018-API|P00-018-E2E,,PLANNED
P00,P00-019,建立阶段发布与桌面交付脚本,Engineering,Release,建立阶段发布与桌面交付脚本,idle|loading|success|empty|error,N/A,script://release-phase,Release Tooling,release_manifests,App发布/阶段交付,authenticated_user,none,none,用户可在“Release”完成“建立阶段发布与桌面交付脚本”，成功结果与服务端持久化状态一致；无权限、参数错误、重复提交、网络超时和服务异常均返回稳定错误码并呈现可恢复状态；管理后台“App发布/阶段交付”能够查询或控制该能力，变更写入审计日志。,P00-019-UNIT|P00-019-API|P00-019-E2E,,PLANNED
P00,P00-020,探测 Sub2API 文本与流式能力,Operations,Capability Probe,探测 Sub2API 文本与流式能力,idle|loading|success|empty|error,POST,/admin/v1/probes/sub2api/chat,Capability Probe,provider_channels|capability_probe_runs,模型与供应商/能力探测,authenticated_user,none,none,用户可在“Capability Probe”完成“探测 Sub2API 文本与流式能力”，成功结果与服务端持久化状态一致；无权限、参数错误、重复提交、网络超时和服务异常均返回稳定错误码并呈现可恢复状态；管理后台“模型与供应商/能力探测”能够查询或控制该能力，变更写入审计日志。,P00-020-UNIT|P00-020-API|P00-020-E2E,,PLANNED
P00,P00-021,探测 Sub2API 视觉、文件与图片能力,Operations,Capability Probe,探测 Sub2API 视觉、文件与图片能力,idle|loading|success|empty|error,POST,/admin/v1/probes/sub2api/multimodal,Capability Probe,model_capabilities|capability_probe_results,模型与供应商/能力探测,authenticated_user,none,none,用户可在“Capability Probe”完成“探测 Sub2API 视觉、文件与图片能力”，成功结果与服务端持久化状态一致；无权限、参数错误、重复提交、网络超时和服务异常均返回稳定错误码并呈现可恢复状态；管理后台“模型与供应商/能力探测”能够查询或控制该能力，变更写入审计日志。,P00-021-UNIT|P00-021-API|P00-021-E2E,,PLANNED
P00,P00-022,建立秘密管理与示例环境文件,Security,Secrets,建立秘密管理与示例环境文件,idle|loading|success|empty|error,N/A,secret://inventory,Security Service,secret_references,安全与审计/秘密状态,authenticated_user,none,none,用户可在“Secrets”完成“建立秘密管理与示例环境文件”，成功结果与服务端持久化状态一致；无权限、参数错误、重复提交、网络超时和服务异常均返回稳定错误码并呈现可恢复状态；管理后台“安全与审计/秘密状态”能够查询或控制该能力，变更写入审计日志。,P00-022-UNIT|P00-022-API|P00-022-E2E,,PLANNED
P00,P00-023,建立后台 Vue 应用壳和 RBAC 路由,Admin,管理后台,建立后台 Vue 应用壳和 RBAC 路由,idle|loading|success|empty|error,N/A,admin://shell,Admin Web,admin_routes,管理员与权限/菜单,authenticated_user,none,none,用户可在“管理后台”完成“建立后台 Vue 应用壳和 RBAC 路由”，成功结果与服务端持久化状态一致；无权限、参数错误、重复提交、网络超时和服务异常均返回稳定错误码并呈现可恢复状态；管理后台“管理员与权限/菜单”能够查询或控制该能力，变更写入审计日志。,P00-023-UNIT|P00-023-API|P00-023-E2E,,PLANNED
P00,P00-024,建立开发者门户应用壳,Developer Web,开发者中心,建立开发者门户应用壳,idle|loading|success|empty|error,N/A,developer-web://shell,Developer Web,developer_routes,开发者平台/门户配置,authenticated_user,none,none,用户可在“开发者中心”完成“建立开发者门户应用壳”，成功结果与服务端持久化状态一致；无权限、参数错误、重复提交、网络超时和服务异常均返回稳定错误码并呈现可恢复状态；管理后台“开发者平台/门户配置”能够查询或控制该能力，变更写入审计日志。,P00-024-UNIT|P00-024-API|P00-024-E2E,,PLANNED
P01,P01-001,标准化邮箱地址并校验格式,Backend,认证服务,标准化邮箱地址并校验格式,idle|loading|success|empty|error,POST,/api/v1/auth/email/normalize,Identity Service,auth_challenges,认证与用户/认证策略,authenticated_user,none,none,用户可在“认证服务”完成“标准化邮箱地址并校验格式”，成功结果与服务端持久化状态一致；无权限、参数错误、重复提交、网络超时和服务异常均返回稳定错误码并呈现可恢复状态；管理后台“认证与用户/认证策略”能够查询或控制该能力，变更写入审计日志。,P01-001-UNIT|P01-001-API|P01-001-E2E,,PLANNED
P01,P01-002,创建注册安全验证挑战,Backend,注册挑战,创建注册安全验证挑战,idle|loading|success|empty|error,POST,/api/v1/auth/register/challenge,Identity Service,auth_challenges,认证与用户/安全验证,authenticated_user,none,none,用户可在“注册挑战”完成“创建注册安全验证挑战”，成功结果与服务端持久化状态一致；无权限、参数错误、重复提交、网络超时和服务异常均返回稳定错误码并呈现可恢复状态；管理后台“认证与用户/安全验证”能够查询或控制该能力，变更写入审计日志。,P01-002-UNIT|P01-002-API|P01-002-E2E,,PLANNED
P01,P01-003,服务端校验 Turnstile 一次性令牌,Backend,注册/登录挑战,服务端校验 Turnstile 一次性令牌,idle|loading|success|empty|error,POST,/internal/v1/security/turnstile/verify,Security Service,security_challenge_results,认证与用户/Turnstile配置,authenticated_user,none,none,用户可在“注册/登录挑战”完成“服务端校验 Turnstile 一次性令牌”，成功结果与服务端持久化状态一致；无权限、参数错误、重复提交、网络超时和服务异常均返回稳定错误码并呈现可恢复状态；管理后台“认证与用户/Turnstile配置”能够查询或控制该能力，变更写入审计日志。,P01-003-UNIT|P01-003-API|P01-003-E2E,,PLANNED
P01,P01-004,发送注册邮箱验证码,Backend,注册验证码,发送注册邮箱验证码,idle|loading|success|empty|error,POST,/api/v1/auth/register/otp/send,Identity Service,email_otps|notification_jobs,认证与用户/邮件配置,authenticated_user,none,none,用户可在“注册验证码”完成“发送注册邮箱验证码”，成功结果与服务端持久化状态一致；无权限、参数错误、重复提交、网络超时和服务异常均返回稳定错误码并呈现可恢复状态；管理后台“认证与用户/邮件配置”能够查询或控制该能力，变更写入审计日志。,P01-004-UNIT|P01-004-API|P01-004-E2E,,PLANNED
P01,P01-005,验证注册邮箱验证码,Backend,注册验证码,验证注册邮箱验证码,idle|loading|success|empty|error,POST,/api/v1/auth/register/otp/verify,Identity Service,email_otps|auth_challenges,认证与用户/验证码策略,authenticated_user,none,none,用户可在“注册验证码”完成“验证注册邮箱验证码”，成功结果与服务端持久化状态一致；无权限、参数错误、重复提交、网络超时和服务异常均返回稳定错误码并呈现可恢复状态；管理后台“认证与用户/验证码策略”能够查询或控制该能力，变更写入审计日志。,P01-005-UNIT|P01-005-API|P01-005-E2E,,PLANNED
P01,P01-006,创建用户并安全哈希密码,Backend,注册完成,创建用户并安全哈希密码,idle|loading|success|empty|error,POST,/api/v1/auth/register/complete,Identity Service,users|user_profiles|auth_identities|password_credentials,认证与用户/用户列表,authenticated_user,none,none,用户可在“注册完成”完成“创建用户并安全哈希密码”，成功结果与服务端持久化状态一致；无权限、参数错误、重复提交、网络超时和服务异常均返回稳定错误码并呈现可恢复状态；管理后台“认证与用户/用户列表”能够查询或控制该能力，变更写入审计日志。,P01-006-UNIT|P01-006-API|P01-006-E2E,,PLANNED
P01,P01-007,防止邮箱重复注册和竞态,Backend,注册完成,防止邮箱重复注册和竞态,idle|loading|success|empty|error,N/A,domain://identity/email-uniqueness,Identity Service,users|auth_identities,认证与用户/异常注册,authenticated_user,none,none,用户可在“注册完成”完成“防止邮箱重复注册和竞态”，成功结果与服务端持久化状态一致；无权限、参数错误、重复提交、网络超时和服务异常均返回稳定错误码并呈现可恢复状态；管理后台“认证与用户/异常注册”能够查询或控制该能力，变更写入审计日志。,P01-007-UNIT|P01-007-API|P01-007-E2E,,PLANNED
P01,P01-008,创建登录安全验证挑战,Backend,登录挑战,创建登录安全验证挑战,idle|loading|success|empty|error,POST,/api/v1/auth/login/challenge,Identity Service,auth_challenges,认证与用户/安全验证,authenticated_user,none,none,用户可在“登录挑战”完成“创建登录安全验证挑战”，成功结果与服务端持久化状态一致；无权限、参数错误、重复提交、网络超时和服务异常均返回稳定错误码并呈现可恢复状态；管理后台“认证与用户/安全验证”能够查询或控制该能力，变更写入审计日志。,P01-008-UNIT|P01-008-API|P01-008-E2E,,PLANNED
P01,P01-009,发送登录邮箱验证码并防账号枚举,Backend,登录验证码,发送登录邮箱验证码并防账号枚举,idle|loading|success|empty|error,POST,/api/v1/auth/login/otp/send,Identity Service,email_otps|notification_jobs,认证与用户/验证码策略,authenticated_user,none,none,用户可在“登录验证码”完成“发送登录邮箱验证码并防账号枚举”，成功结果与服务端持久化状态一致；无权限、参数错误、重复提交、网络超时和服务异常均返回稳定错误码并呈现可恢复状态；管理后台“认证与用户/验证码策略”能够查询或控制该能力，变更写入审计日志。,P01-009-UNIT|P01-009-API|P01-009-E2E,,PLANNED
P01,P01-010,验证登录邮箱验证码,Backend,登录验证码,验证登录邮箱验证码,idle|loading|success|empty|error,POST,/api/v1/auth/login/otp/verify,Identity Service,email_otps|auth_attempts,认证与用户/登录日志,authenticated_user,none,none,用户可在“登录验证码”完成“验证登录邮箱验证码”，成功结果与服务端持久化状态一致；无权限、参数错误、重复提交、网络超时和服务异常均返回稳定错误码并呈现可恢复状态；管理后台“认证与用户/登录日志”能够查询或控制该能力，变更写入审计日志。,P01-010-UNIT|P01-010-API|P01-010-E2E,,PLANNED
P01,P01-011,签发访问令牌和轮换刷新令牌,Backend,会话签发,签发访问令牌和轮换刷新令牌,idle|loading|success|empty|error,POST,/api/v1/auth/sessions,Session Service,sessions|refresh_tokens,认证与用户/会话管理,authenticated_user,none,none,用户可在“会话签发”完成“签发访问令牌和轮换刷新令牌”，成功结果与服务端持久化状态一致；无权限、参数错误、重复提交、网络超时和服务异常均返回稳定错误码并呈现可恢复状态；管理后台“认证与用户/会话管理”能够查询或控制该能力，变更写入审计日志。,P01-011-UNIT|P01-011-API|P01-011-E2E,,PLANNED
P01,P01-012,刷新登录会话,Backend,会话刷新,刷新登录会话,idle|loading|success|empty|error,POST,/api/v1/auth/token/refresh,Session Service,sessions|refresh_tokens,认证与用户/会话管理,authenticated_user,none,none,用户可在“会话刷新”完成“刷新登录会话”，成功结果与服务端持久化状态一致；无权限、参数错误、重复提交、网络超时和服务异常均返回稳定错误码并呈现可恢复状态；管理后台“认证与用户/会话管理”能够查询或控制该能力，变更写入审计日志。,P01-012-UNIT|P01-012-API|P01-012-E2E,,PLANNED
P01,P01-013,退出当前设备,Backend,退出登录,退出当前设备,idle|loading|success|empty|error,POST,/api/v1/auth/logout,Session Service,sessions|refresh_tokens,认证与用户/会话管理,authenticated_user,none,none,用户可在“退出登录”完成“退出当前设备”，成功结果与服务端持久化状态一致；无权限、参数错误、重复提交、网络超时和服务异常均返回稳定错误码并呈现可恢复状态；管理后台“认证与用户/会话管理”能够查询或控制该能力，变更写入审计日志。,P01-013-UNIT|P01-013-API|P01-013-E2E,,PLANNED
P01,P01-014,退出全部设备,Backend,全部退出,退出全部设备,idle|loading|success|empty|error,POST,/api/v1/auth/logout-all,Session Service,sessions|user_devices,认证与用户/设备管理,authenticated_user,none,none,用户可在“全部退出”完成“退出全部设备”，成功结果与服务端持久化状态一致；无权限、参数错误、重复提交、网络超时和服务异常均返回稳定错误码并呈现可恢复状态；管理后台“认证与用户/设备管理”能够查询或控制该能力，变更写入审计日志。,P01-014-UNIT|P01-014-API|P01-014-E2E,,PLANNED
P01,P01-015,查询用户设备和会话,Backend,设备会话,查询用户设备和会话,idle|loading|success|empty|error,GET,/api/v1/account/devices,Device Service,user_devices|sessions,认证与用户/设备管理,authenticated_user,none,none,用户可在“设备会话”完成“查询用户设备和会话”，成功结果与服务端持久化状态一致；无权限、参数错误、重复提交、网络超时和服务异常均返回稳定错误码并呈现可恢复状态；管理后台“认证与用户/设备管理”能够查询或控制该能力，变更写入审计日志。,P01-015-UNIT|P01-015-API|P01-015-E2E,,PLANNED
P01,P01-016,撤销指定设备会话,Backend,设备会话,撤销指定设备会话,idle|loading|success|empty|error,DELETE,/api/v1/account/devices/{deviceId}/sessions,Device Service,user_devices|sessions,认证与用户/设备管理,authenticated_user,none,none,用户可在“设备会话”完成“撤销指定设备会话”，成功结果与服务端持久化状态一致；无权限、参数错误、重复提交、网络超时和服务异常均返回稳定错误码并呈现可恢复状态；管理后台“认证与用户/设备管理”能够查询或控制该能力，变更写入审计日志。,P01-016-UNIT|P01-016-API|P01-016-E2E,,PLANNED
P01,P01-017,执行认证频率限制与冷却,Security,认证限流,执行认证频率限制与冷却,idle|loading|success|empty|error,N/A,policy://auth-rate-limit,Security Service,rate_limit_counters|security_events,安全与审计/风控规则,authenticated_user,none,none,用户可在“认证限流”完成“执行认证频率限制与冷却”，成功结果与服务端持久化状态一致；无权限、参数错误、重复提交、网络超时和服务异常均返回稳定错误码并呈现可恢复状态；管理后台“安全与审计/风控规则”能够查询或控制该能力，变更写入审计日志。,P01-017-UNIT|P01-017-API|P01-017-E2E,,PLANNED
P01,P01-018,记录认证审计和风险事件,Security,认证审计,记录认证审计和风险事件,idle|loading|success|empty|error,N/A,event://identity.audit,Audit Service,audit_logs|security_events,安全与审计/认证事件,authenticated_user,none,none,用户可在“认证审计”完成“记录认证审计和风险事件”，成功结果与服务端持久化状态一致；无权限、参数错误、重复提交、网络超时和服务异常均返回稳定错误码并呈现可恢复状态；管理后台“安全与审计/认证事件”能够查询或控制该能力，变更写入审计日志。,P01-018-UNIT|P01-018-API|P01-018-E2E,,PLANNED
P01,P01-019,管理邮件服务商和发件人,Admin,认证与用户/邮件服务,管理邮件服务商和发件人,idle|loading|success|empty|error,GET|PUT,/admin/v1/settings/email,Notification Service,email_provider_configs,系统设置/邮件服务,authenticated_user,none,none,用户可在“认证与用户/邮件服务”完成“管理邮件服务商和发件人”，成功结果与服务端持久化状态一致；无权限、参数错误、重复提交、网络超时和服务异常均返回稳定错误码并呈现可恢复状态；管理后台“系统设置/邮件服务”能够查询或控制该能力，变更写入审计日志。,P01-019-UNIT|P01-019-API|P01-019-E2E,,PLANNED
P01,P01-020,管理 Turnstile 站点与密钥引用,Admin,认证与用户/Turnstile,管理 Turnstile 站点与密钥引用,idle|loading|success|empty|error,GET|PUT,/admin/v1/settings/turnstile,Security Service,turnstile_configs|secret_references,系统设置/Turnstile,authenticated_user,none,none,用户可在“认证与用户/Turnstile”完成“管理 Turnstile 站点与密钥引用”，成功结果与服务端持久化状态一致；无权限、参数错误、重复提交、网络超时和服务异常均返回稳定错误码并呈现可恢复状态；管理后台“系统设置/Turnstile”能够查询或控制该能力，变更写入审计日志。,P01-020-UNIT|P01-020-API|P01-020-E2E,,PLANNED
P01,P01-021,管理验证码时效和发送频率,Admin,认证与用户/验证码策略,管理验证码时效和发送频率,idle|loading|success|empty|error,GET|PUT,/admin/v1/settings/otp-policy,Identity Service,otp_policies,认证与用户/验证码策略,authenticated_user,none,none,用户可在“认证与用户/验证码策略”完成“管理验证码时效和发送频率”，成功结果与服务端持久化状态一致；无权限、参数错误、重复提交、网络超时和服务异常均返回稳定错误码并呈现可恢复状态；管理后台“认证与用户/验证码策略”能够查询或控制该能力，变更写入审计日志。,P01-021-UNIT|P01-021-API|P01-021-E2E,,PLANNED
P01,P01-022,查询用户列表和状态,Admin,认证与用户/用户列表,查询用户列表和状态,idle|loading|success|empty|error,GET,/admin/v1/users,User Service,users|user_profiles,认证与用户/用户列表,authenticated_user,none,none,用户可在“认证与用户/用户列表”完成“查询用户列表和状态”，成功结果与服务端持久化状态一致；无权限、参数错误、重复提交、网络超时和服务异常均返回稳定错误码并呈现可恢复状态；管理后台“认证与用户/用户列表”能够查询或控制该能力，变更写入审计日志。,P01-022-UNIT|P01-022-API|P01-022-E2E,,PLANNED
P01,P01-023,查询用户详情、身份与设备,Admin,认证与用户/用户详情,查询用户详情、身份与设备,idle|loading|success|empty|error,GET,/admin/v1/users/{userId},User Service,users|auth_identities|user_devices|sessions,认证与用户/用户详情,authenticated_user,none,none,用户可在“认证与用户/用户详情”完成“查询用户详情、身份与设备”，成功结果与服务端持久化状态一致；无权限、参数错误、重复提交、网络超时和服务异常均返回稳定错误码并呈现可恢复状态；管理后台“认证与用户/用户详情”能够查询或控制该能力，变更写入审计日志。,P01-023-UNIT|P01-023-API|P01-023-E2E,,PLANNED
P01,P01-024,禁用或恢复用户账号,Admin,认证与用户/用户详情,禁用或恢复用户账号,idle|loading|success|empty|error,POST,/admin/v1/users/{userId}/status,User Service,users|audit_logs,认证与用户/用户列表,authenticated_user,none,none,用户可在“认证与用户/用户详情”完成“禁用或恢复用户账号”，成功结果与服务端持久化状态一致；无权限、参数错误、重复提交、网络超时和服务异常均返回稳定错误码并呈现可恢复状态；管理后台“认证与用户/用户列表”能够查询或控制该能力，变更写入审计日志。,P01-024-UNIT|P01-024-API|P01-024-E2E,,PLANNED
P01,P01-025,建立管理员角色和细粒度权限,Admin,管理员与权限,建立管理员角色和细粒度权限,idle|loading|success|empty|error,GET|POST,/admin/v1/rbac/roles,RBAC Service,roles|permissions|role_bindings,管理员与权限/角色,authenticated_user,none,none,用户可在“管理员与权限”完成“建立管理员角色和细粒度权限”，成功结果与服务端持久化状态一致；无权限、参数错误、重复提交、网络超时和服务异常均返回稳定错误码并呈现可恢复状态；管理后台“管理员与权限/角色”能够查询或控制该能力，变更写入审计日志。,P01-025-UNIT|P01-025-API|P01-025-E2E,,PLANNED
P01,P01-026,建立后台登录和管理员会话,Admin,后台登录,建立后台登录和管理员会话,idle|loading|success|empty|error,POST,/admin/v1/auth/login,Admin Identity Service,admin_users|admin_sessions,管理员与权限/管理员,authenticated_user,none,none,用户可在“后台登录”完成“建立后台登录和管理员会话”，成功结果与服务端持久化状态一致；无权限、参数错误、重复提交、网络超时和服务异常均返回稳定错误码并呈现可恢复状态；管理后台“管理员与权限/管理员”能够查询或控制该能力，变更写入审计日志。,P01-026-UNIT|P01-026-API|P01-026-E2E,,PLANNED
P01,P01-027,建立高风险配置二次确认,Admin,安全确认,建立高风险配置二次确认,idle|loading|success|empty|error,POST,/admin/v1/security/step-up,Admin Identity Service,admin_step_up_challenges,安全与审计/高风险操作,authenticated_user,none,none,用户可在“安全确认”完成“建立高风险配置二次确认”，成功结果与服务端持久化状态一致；无权限、参数错误、重复提交、网络超时和服务异常均返回稳定错误码并呈现可恢复状态；管理后台“安全与审计/高风险操作”能够查询或控制该能力，变更写入审计日志。,P01-027-UNIT|P01-027-API|P01-027-E2E,,PLANNED
P01,P01-028,建立邮箱模板和发送记录,Admin,通知/邮件模板,建立邮箱模板和发送记录,idle|loading|success|empty|error,GET|PUT,/admin/v1/notifications/email-templates,Notification Service,notification_templates|notification_deliveries,通知中心/邮件模板,authenticated_user,none,none,用户可在“通知/邮件模板”完成“建立邮箱模板和发送记录”，成功结果与服务端持久化状态一致；无权限、参数错误、重复提交、网络超时和服务异常均返回稳定错误码并呈现可恢复状态；管理后台“通知中心/邮件模板”能够查询或控制该能力，变更写入审计日志。,P01-028-UNIT|P01-028-API|P01-028-E2E,,PLANNED
P02,P02-001,启动页恢复本地登录状态,Android,启动页,启动页恢复本地登录状态,idle|loading|success|empty|error,GET,/api/v1/account/session,Session Service,sessions|user_devices,认证与用户/会话管理,authenticated_user,none,none,用户可在“启动页”完成“启动页恢复本地登录状态”，成功结果与服务端持久化状态一致；无权限、参数错误、重复提交、网络超时和服务异常均返回稳定错误码并呈现可恢复状态；管理后台“认证与用户/会话管理”能够查询或控制该能力，变更写入审计日志。,P02-001-UNIT|P02-001-API|P02-001-E2E,,PLANNED
P02,P02-002,展示邮箱验证码登录页,Android,登录页,展示邮箱验证码登录页,idle|loading|success|empty|error,N/A,android://login-screen,Android Auth,ui_state,认证与用户/登录配置,authenticated_user,none,none,用户可在“登录页”完成“展示邮箱验证码登录页”，成功结果与服务端持久化状态一致；无权限、参数错误、重复提交、网络超时和服务异常均返回稳定错误码并呈现可恢复状态；管理后台“认证与用户/登录配置”能够查询或控制该能力，变更写入审计日志。,P02-002-UNIT|P02-002-API|P02-002-E2E,,PLANNED
P02,P02-003,校验登录邮箱输入,Android,登录页,校验登录邮箱输入,idle|loading|success|empty|error,N/A,android://validate-email,Android Auth,local_form_state,—,authenticated_user,none,none,用户可在“登录页”完成“校验登录邮箱输入”，成功结果与服务端持久化状态一致；无权限、参数错误、重复提交、网络超时和服务异常均返回稳定错误码并呈现可恢复状态。,P02-003-UNIT|P02-003-API|P02-003-E2E,,PLANNED
P02,P02-004,弹出登录安全验证对话框,Android,登录页/安全验证,弹出登录安全验证对话框,idle|loading|success|empty|error,POST,/api/v1/auth/login/challenge,Identity Service,auth_challenges,认证与用户/安全验证,authenticated_user,none,none,用户可在“登录页/安全验证”完成“弹出登录安全验证对话框”，成功结果与服务端持久化状态一致；无权限、参数错误、重复提交、网络超时和服务异常均返回稳定错误码并呈现可恢复状态；管理后台“认证与用户/安全验证”能够查询或控制该能力，变更写入审计日志。,P02-004-UNIT|P02-004-API|P02-004-E2E,,PLANNED
P02,P02-005,在受控 WebView 完成 Turnstile,Android,安全验证 WebView,在受控 WebView 完成 Turnstile,idle|loading|success|empty|error,N/A,https://auth.orbexa.cc/security/turnstile,Security Web,security_challenge_results,认证与用户/Turnstile配置,authenticated_user,none,none,用户可在“安全验证 WebView”完成“在受控 WebView 完成 Turnstile”，成功结果与服务端持久化状态一致；无权限、参数错误、重复提交、网络超时和服务异常均返回稳定错误码并呈现可恢复状态；管理后台“认证与用户/Turnstile配置”能够查询或控制该能力，变更写入审计日志。,P02-005-UNIT|P02-005-API|P02-005-E2E,,PLANNED
P02,P02-006,安全验证后请求登录验证码,Android,登录页,安全验证后请求登录验证码,idle|loading|success|empty|error,POST,/api/v1/auth/login/otp/send,Identity Service,email_otps,认证与用户/验证码策略,authenticated_user,none,none,用户可在“登录页”完成“安全验证后请求登录验证码”，成功结果与服务端持久化状态一致；无权限、参数错误、重复提交、网络超时和服务异常均返回稳定错误码并呈现可恢复状态；管理后台“认证与用户/验证码策略”能够查询或控制该能力，变更写入审计日志。,P02-006-UNIT|P02-006-API|P02-006-E2E,,PLANNED
P02,P02-007,输入六位登录验证码,Android,验证码页,输入六位登录验证码,idle|loading|success|empty|error,POST,/api/v1/auth/login/otp/verify,Identity Service,email_otps|auth_attempts,认证与用户/登录日志,authenticated_user,none,none,用户可在“验证码页”完成“输入六位登录验证码”，成功结果与服务端持久化状态一致；无权限、参数错误、重复提交、网络超时和服务异常均返回稳定错误码并呈现可恢复状态；管理后台“认证与用户/登录日志”能够查询或控制该能力，变更写入审计日志。,P02-007-UNIT|P02-007-API|P02-007-E2E,,PLANNED
P02,P02-008,显示验证码倒计时和重新发送,Android,验证码页,显示验证码倒计时和重新发送,idle|loading|success|empty|error,POST,/api/v1/auth/login/otp/send,Identity Service,email_otps,认证与用户/验证码策略,authenticated_user,none,none,用户可在“验证码页”完成“显示验证码倒计时和重新发送”，成功结果与服务端持久化状态一致；无权限、参数错误、重复提交、网络超时和服务异常均返回稳定错误码并呈现可恢复状态；管理后台“认证与用户/验证码策略”能够查询或控制该能力，变更写入审计日志。,P02-008-UNIT|P02-008-API|P02-008-E2E,,PLANNED
P02,P02-009,登录成功安全保存令牌,Android,登录完成,登录成功安全保存令牌,idle|loading|success|empty|error,POST,/api/v1/auth/sessions,Session Service,sessions|refresh_tokens,认证与用户/会话管理,authenticated_user,none,none,用户可在“登录完成”完成“登录成功安全保存令牌”，成功结果与服务端持久化状态一致；无权限、参数错误、重复提交、网络超时和服务异常均返回稳定错误码并呈现可恢复状态；管理后台“认证与用户/会话管理”能够查询或控制该能力，变更写入审计日志。,P02-009-UNIT|P02-009-API|P02-009-E2E,,PLANNED
P02,P02-010,展示邮箱密码注册页,Android,注册页,展示邮箱密码注册页,idle|loading|success|empty|error,N/A,android://register-screen,Android Auth,local_form_state,认证与用户/注册配置,authenticated_user,none,none,用户可在“注册页”完成“展示邮箱密码注册页”，成功结果与服务端持久化状态一致；无权限、参数错误、重复提交、网络超时和服务异常均返回稳定错误码并呈现可恢复状态；管理后台“认证与用户/注册配置”能够查询或控制该能力，变更写入审计日志。,P02-010-UNIT|P02-010-API|P02-010-E2E,,PLANNED
P02,P02-011,实时展示密码强度和规则,Android,注册页,实时展示密码强度和规则,idle|loading|success|empty|error,GET,/api/v1/auth/password-policy,Identity Service,password_policies,认证与用户/密码策略,authenticated_user,none,none,用户可在“注册页”完成“实时展示密码强度和规则”，成功结果与服务端持久化状态一致；无权限、参数错误、重复提交、网络超时和服务异常均返回稳定错误码并呈现可恢复状态；管理后台“认证与用户/密码策略”能够查询或控制该能力，变更写入审计日志。,P02-011-UNIT|P02-011-API|P02-011-E2E,,PLANNED
P02,P02-012,校验确认密码一致,Android,注册页,校验确认密码一致,idle|loading|success|empty|error,N/A,android://confirm-password,Android Auth,local_form_state,—,authenticated_user,none,none,用户可在“注册页”完成“校验确认密码一致”，成功结果与服务端持久化状态一致；无权限、参数错误、重复提交、网络超时和服务异常均返回稳定错误码并呈现可恢复状态。,P02-012-UNIT|P02-012-API|P02-012-E2E,,PLANNED
P02,P02-013,弹出注册安全验证对话框,Android,注册页/安全验证,弹出注册安全验证对话框,idle|loading|success|empty|error,POST,/api/v1/auth/register/challenge,Identity Service,auth_challenges,认证与用户/安全验证,authenticated_user,none,none,用户可在“注册页/安全验证”完成“弹出注册安全验证对话框”，成功结果与服务端持久化状态一致；无权限、参数错误、重复提交、网络超时和服务异常均返回稳定错误码并呈现可恢复状态；管理后台“认证与用户/安全验证”能够查询或控制该能力，变更写入审计日志。,P02-013-UNIT|P02-013-API|P02-013-E2E,,PLANNED
P02,P02-014,安全验证后请求注册验证码,Android,注册页,安全验证后请求注册验证码,idle|loading|success|empty|error,POST,/api/v1/auth/register/otp/send,Identity Service,email_otps,认证与用户/验证码策略,authenticated_user,none,none,用户可在“注册页”完成“安全验证后请求注册验证码”，成功结果与服务端持久化状态一致；无权限、参数错误、重复提交、网络超时和服务异常均返回稳定错误码并呈现可恢复状态；管理后台“认证与用户/验证码策略”能够查询或控制该能力，变更写入审计日志。,P02-014-UNIT|P02-014-API|P02-014-E2E,,PLANNED
P02,P02-015,验证注册验证码并创建账号,Android,注册验证码页,验证注册验证码并创建账号,idle|loading|success|empty|error,POST,/api/v1/auth/register/complete,Identity Service,users|user_profiles|auth_identities,认证与用户/用户列表,authenticated_user,none,none,用户可在“注册验证码页”完成“验证注册验证码并创建账号”，成功结果与服务端持久化状态一致；无权限、参数错误、重复提交、网络超时和服务异常均返回稳定错误码并呈现可恢复状态；管理后台“认证与用户/用户列表”能够查询或控制该能力，变更写入审计日志。,P02-015-UNIT|P02-015-API|P02-015-E2E,,PLANNED
P02,P02-016,注册成功自动登录并初始化个人工作区,Android,注册完成,注册成功自动登录并初始化个人工作区,idle|loading|success|empty|error,POST,/api/v1/onboarding/personal-workspace,Workspace Service,workspaces|workspace_members,认证与用户/用户详情,authenticated_user,none,none,用户可在“注册完成”完成“注册成功自动登录并初始化个人工作区”，成功结果与服务端持久化状态一致；无权限、参数错误、重复提交、网络超时和服务异常均返回稳定错误码并呈现可恢复状态；管理后台“认证与用户/用户详情”能够查询或控制该能力，变更写入审计日志。,P02-016-UNIT|P02-016-API|P02-016-E2E,,PLANNED
P02,P02-017,令牌过期时自动刷新一次,Android,全局会话,令牌过期时自动刷新一次,idle|loading|success|empty|error,POST,/api/v1/auth/token/refresh,Session Service,refresh_tokens,认证与用户/会话管理,authenticated_user,none,none,用户可在“全局会话”完成“令牌过期时自动刷新一次”，成功结果与服务端持久化状态一致；无权限、参数错误、重复提交、网络超时和服务异常均返回稳定错误码并呈现可恢复状态；管理后台“认证与用户/会话管理”能够查询或控制该能力，变更写入审计日志。,P02-017-UNIT|P02-017-API|P02-017-E2E,,PLANNED
P02,P02-018,刷新失败返回登录并保留安全导航,Android,全局会话,刷新失败返回登录并保留安全导航,idle|loading|success|empty|error,N/A,android://session-expired,Android App,local_session_state,—,authenticated_user,none,none,用户可在“全局会话”完成“刷新失败返回登录并保留安全导航”，成功结果与服务端持久化状态一致；无权限、参数错误、重复提交、网络超时和服务异常均返回稳定错误码并呈现可恢复状态。,P02-018-UNIT|P02-018-API|P02-018-E2E,,PLANNED
P02,P02-019,执行退出登录并清理敏感缓存,Android,我的/退出登录,执行退出登录并清理敏感缓存,idle|loading|success|empty|error,POST,/api/v1/auth/logout,Session Service,sessions,认证与用户/会话管理,authenticated_user,none,none,用户可在“我的/退出登录”完成“执行退出登录并清理敏感缓存”，成功结果与服务端持久化状态一致；无权限、参数错误、重复提交、网络超时和服务异常均返回稳定错误码并呈现可恢复状态；管理后台“认证与用户/会话管理”能够查询或控制该能力，变更写入审计日志。,P02-019-UNIT|P02-019-API|P02-019-E2E,,PLANNED
P02,P02-020,展示当前账号登录设备,Android,我的/登录设备,展示当前账号登录设备,idle|loading|success|empty|error,GET,/api/v1/account/devices,Device Service,user_devices|sessions,认证与用户/设备管理,authenticated_user,none,none,用户可在“我的/登录设备”完成“展示当前账号登录设备”，成功结果与服务端持久化状态一致；无权限、参数错误、重复提交、网络超时和服务异常均返回稳定错误码并呈现可恢复状态；管理后台“认证与用户/设备管理”能够查询或控制该能力，变更写入审计日志。,P02-020-UNIT|P02-020-API|P02-020-E2E,,PLANNED
P02,P02-021,远程撤销指定设备,Android,我的/登录设备,远程撤销指定设备,idle|loading|success|empty|error,DELETE,/api/v1/account/devices/{deviceId}/sessions,Device Service,sessions,认证与用户/设备管理,authenticated_user,none,none,用户可在“我的/登录设备”完成“远程撤销指定设备”，成功结果与服务端持久化状态一致；无权限、参数错误、重复提交、网络超时和服务异常均返回稳定错误码并呈现可恢复状态；管理后台“认证与用户/设备管理”能够查询或控制该能力，变更写入审计日志。,P02-021-UNIT|P02-021-API|P02-021-E2E,,PLANNED
P02,P02-022,处理安全验证取消、过期和重复令牌,Android,安全验证 WebView,处理安全验证取消、过期和重复令牌,idle|loading|success|empty|error,POST,/internal/v1/security/turnstile/verify,Security Service,security_challenge_results,认证与用户/安全验证,authenticated_user,none,none,用户可在“安全验证 WebView”完成“处理安全验证取消、过期和重复令牌”，成功结果与服务端持久化状态一致；无权限、参数错误、重复提交、网络超时和服务异常均返回稳定错误码并呈现可恢复状态；管理后台“认证与用户/安全验证”能够查询或控制该能力，变更写入审计日志。,P02-022-UNIT|P02-022-API|P02-022-E2E,,PLANNED
P02,P02-023,处理弱网、离线和请求重试,Android,登录与注册,处理弱网、离线和请求重试,idle|loading|success|empty|error,N/A,android://auth-network-recovery,Android Network,local_retry_state,—,authenticated_user,none,none,用户可在“登录与注册”完成“处理弱网、离线和请求重试”，成功结果与服务端持久化状态一致；无权限、参数错误、重复提交、网络超时和服务异常均返回稳定错误码并呈现可恢复状态。,P02-023-UNIT|P02-023-API|P02-023-E2E,,PLANNED
P02,P02-024,适配验证码键盘、粘贴和自动填充,Android,验证码页,适配验证码键盘、粘贴和自动填充,idle|loading|success|empty|error,N/A,android://otp-input,Android Auth,local_form_state,—,authenticated_user,none,none,用户可在“验证码页”完成“适配验证码键盘、粘贴和自动填充”，成功结果与服务端持久化状态一致；无权限、参数错误、重复提交、网络超时和服务异常均返回稳定错误码并呈现可恢复状态。,P02-024-UNIT|P02-024-API|P02-024-E2E,,PLANNED
P02,P02-025,完成认证页面无障碍和小屏适配,Android,登录与注册,完成认证页面无障碍和小屏适配,idle|loading|success|empty|error,N/A,android://auth-accessibility,Android UI,ui_accessibility_checks,—,authenticated_user,none,none,用户可在“登录与注册”完成“完成认证页面无障碍和小屏适配”，成功结果与服务端持久化状态一致；无权限、参数错误、重复提交、网络超时和服务异常均返回稳定错误码并呈现可恢复状态。,P02-025-UNIT|P02-025-API|P02-025-E2E,,PLANNED
P02,P02-026,限制 WebView 导航和 JavaScript 桥接面,Security,安全验证 WebView,限制 WebView 导航和 JavaScript 桥接面,idle|loading|success|empty|error,N/A,policy://turnstile-webview,Android Security,security_policies,安全与审计/移动端安全,authenticated_user,none,none,用户可在“安全验证 WebView”完成“限制 WebView 导航和 JavaScript 桥接面”，成功结果与服务端持久化状态一致；无权限、参数错误、重复提交、网络超时和服务异常均返回稳定错误码并呈现可恢复状态；管理后台“安全与审计/移动端安全”能够查询或控制该能力，变更写入审计日志。,P02-026-UNIT|P02-026-API|P02-026-E2E,,PLANNED
P03,P03-001,加载 AI 首页聚合数据,Android,首页,加载 AI 首页聚合数据,idle|loading|success|empty|error,GET,/api/mobile/v1/home,Mobile BFF,conversations|projects|model_catalog,内容运营/首页配置,authenticated_user,none,none,用户可在“首页”完成“加载 AI 首页聚合数据”，成功结果与服务端持久化状态一致；无权限、参数错误、重复提交、网络超时和服务异常均返回稳定错误码并呈现可恢复状态；管理后台“内容运营/首页配置”能够查询或控制该能力，变更写入审计日志。,P03-001-UNIT|P03-001-API|P03-001-E2E,,PLANNED
P03,P03-002,新建独立会话 ID,Android,首页/新对话,新建独立会话 ID,idle|loading|success|empty|error,POST,/api/mobile/v1/conversations,Conversation Service,conversations,对话与内容/会话列表,authenticated_user,none,none,用户可在“首页/新对话”完成“新建独立会话 ID”，成功结果与服务端持久化状态一致；无权限、参数错误、重复提交、网络超时和服务异常均返回稳定错误码并呈现可恢复状态；管理后台“对话与内容/会话列表”能够查询或控制该能力，变更写入审计日志。,P03-002-UNIT|P03-002-API|P03-002-E2E,,PLANNED
P03,P03-003,分页加载会话历史,Android,会话抽屉,分页加载会话历史,idle|loading|success|empty|error,GET,/api/mobile/v1/conversations,Conversation Service,conversations,对话与内容/会话列表,authenticated_user,none,none,用户可在“会话抽屉”完成“分页加载会话历史”，成功结果与服务端持久化状态一致；无权限、参数错误、重复提交、网络超时和服务异常均返回稳定错误码并呈现可恢复状态；管理后台“对话与内容/会话列表”能够查询或控制该能力，变更写入审计日志。,P03-003-UNIT|P03-003-API|P03-003-E2E,,PLANNED
P03,P03-004,搜索会话标题和消息正文,Android,会话搜索,搜索会话标题和消息正文,idle|loading|success|empty|error,GET,/api/mobile/v1/conversations/search,Search Service,conversations|messages,对话与内容/搜索配置,authenticated_user,none,none,用户可在“会话搜索”完成“搜索会话标题和消息正文”，成功结果与服务端持久化状态一致；无权限、参数错误、重复提交、网络超时和服务异常均返回稳定错误码并呈现可恢复状态；管理后台“对话与内容/搜索配置”能够查询或控制该能力，变更写入审计日志。,P03-004-UNIT|P03-004-API|P03-004-E2E,,PLANNED
P03,P03-005,重命名会话,Android,会话菜单,重命名会话,idle|loading|success|empty|error,PATCH,/api/mobile/v1/conversations/{conversationId},Conversation Service,conversations,对话与内容/会话详情,authenticated_user,none,none,用户可在“会话菜单”完成“重命名会话”，成功结果与服务端持久化状态一致；无权限、参数错误、重复提交、网络超时和服务异常均返回稳定错误码并呈现可恢复状态；管理后台“对话与内容/会话详情”能够查询或控制该能力，变更写入审计日志。,P03-005-UNIT|P03-005-API|P03-005-E2E,,PLANNED
P03,P03-006,归档会话,Android,会话菜单,归档会话,idle|loading|success|empty|error,POST,/api/mobile/v1/conversations/{conversationId}/archive,Conversation Service,conversations,对话与内容/会话列表,authenticated_user,none,none,用户可在“会话菜单”完成“归档会话”，成功结果与服务端持久化状态一致；无权限、参数错误、重复提交、网络超时和服务异常均返回稳定错误码并呈现可恢复状态；管理后台“对话与内容/会话列表”能够查询或控制该能力，变更写入审计日志。,P03-006-UNIT|P03-006-API|P03-006-E2E,,PLANNED
P03,P03-007,删除会话并进入回收策略,Android,会话菜单,删除会话并进入回收策略,idle|loading|success|empty|error,DELETE,/api/mobile/v1/conversations/{conversationId},Conversation Service,conversations|messages,对话与内容/删除策略,authenticated_user,none,none,用户可在“会话菜单”完成“删除会话并进入回收策略”，成功结果与服务端持久化状态一致；无权限、参数错误、重复提交、网络超时和服务异常均返回稳定错误码并呈现可恢复状态；管理后台“对话与内容/删除策略”能够查询或控制该能力，变更写入审计日志。,P03-007-UNIT|P03-007-API|P03-007-E2E,,PLANNED
P03,P03-008,自动生成会话标题,Backend,标题任务,自动生成会话标题,idle|loading|success|empty|error,POST,/internal/v1/conversations/{conversationId}/title,AI Runtime,conversations|jobs,对话与内容/标题模型,authenticated_user,none,none,用户可在“标题任务”完成“自动生成会话标题”，成功结果与服务端持久化状态一致；无权限、参数错误、重复提交、网络超时和服务异常均返回稳定错误码并呈现可恢复状态；管理后台“对话与内容/标题模型”能够查询或控制该能力，变更写入审计日志。,P03-008-UNIT|P03-008-API|P03-008-E2E,,PLANNED
P03,P03-009,发送用户文本消息,Android,会话页,发送用户文本消息,idle|loading|success|empty|error,POST,/api/mobile/v1/conversations/{conversationId}/runs,AI Runtime,messages|message_parts|message_runs,模型与供应商/模型目录,authenticated_user,none,none,用户可在“会话页”完成“发送用户文本消息”，成功结果与服务端持久化状态一致；无权限、参数错误、重复提交、网络超时和服务异常均返回稳定错误码并呈现可恢复状态；管理后台“模型与供应商/模型目录”能够查询或控制该能力，变更写入审计日志。,P03-009-UNIT|P03-009-API|P03-009-E2E,,PLANNED
P03,P03-010,通过 SSE 流式接收回答,Android,会话页,通过 SSE 流式接收回答,idle|loading|success|empty|error,GET,/api/mobile/v1/runs/{runId}/events,AI Runtime,run_events|message_runs,运维/流式连接,authenticated_user,none,none,用户可在“会话页”完成“通过 SSE 流式接收回答”，成功结果与服务端持久化状态一致；无权限、参数错误、重复提交、网络超时和服务异常均返回稳定错误码并呈现可恢复状态；管理后台“运维/流式连接”能够查询或控制该能力，变更写入审计日志。,P03-010-UNIT|P03-010-API|P03-010-E2E,,PLANNED
P03,P03-011,停止正在生成的回答,Android,会话输入区,停止正在生成的回答,idle|loading|success|empty|error,POST,/api/mobile/v1/runs/{runId}/cancel,AI Runtime,message_runs|run_events,对话与内容/运行记录,authenticated_user,none,none,用户可在“会话输入区”完成“停止正在生成的回答”，成功结果与服务端持久化状态一致；无权限、参数错误、重复提交、网络超时和服务异常均返回稳定错误码并呈现可恢复状态；管理后台“对话与内容/运行记录”能够查询或控制该能力，变更写入审计日志。,P03-011-UNIT|P03-011-API|P03-011-E2E,,PLANNED
P03,P03-012,SSE 断线后按游标恢复,Android,会话页,SSE 断线后按游标恢复,idle|loading|success|empty|error,GET,/api/mobile/v1/runs/{runId}/events?after={eventId},AI Runtime,run_events,运维/流式连接,authenticated_user,none,none,用户可在“会话页”完成“SSE 断线后按游标恢复”，成功结果与服务端持久化状态一致；无权限、参数错误、重复提交、网络超时和服务异常均返回稳定错误码并呈现可恢复状态；管理后台“运维/流式连接”能够查询或控制该能力，变更写入审计日志。,P03-012-UNIT|P03-012-API|P03-012-E2E,,PLANNED
P03,P03-013,恢复 App 后台期间的生成状态,Android,会话页,恢复 App 后台期间的生成状态,idle|loading|success|empty|error,GET,/api/mobile/v1/runs/{runId},AI Runtime,message_runs|messages,对话与内容/运行记录,authenticated_user,none,none,用户可在“会话页”完成“恢复 App 后台期间的生成状态”，成功结果与服务端持久化状态一致；无权限、参数错误、重复提交、网络超时和服务异常均返回稳定错误码并呈现可恢复状态；管理后台“对话与内容/运行记录”能够查询或控制该能力，变更写入审计日志。,P03-013-UNIT|P03-013-API|P03-013-E2E,,PLANNED
P03,P03-014,持久化用户和 AI 消息部件,Backend,消息存储,持久化用户和 AI 消息部件,idle|loading|success|empty|error,N/A,domain://messages/persist,Conversation Service,messages|message_parts,对话与内容/消息查询,authenticated_user,none,none,用户可在“消息存储”完成“持久化用户和 AI 消息部件”，成功结果与服务端持久化状态一致；无权限、参数错误、重复提交、网络超时和服务异常均返回稳定错误码并呈现可恢复状态；管理后台“对话与内容/消息查询”能够查询或控制该能力，变更写入审计日志。,P03-014-UNIT|P03-014-API|P03-014-E2E,,PLANNED
P03,P03-015,保存每次模型运行元数据,Backend,运行记录,保存每次模型运行元数据,idle|loading|success|empty|error,N/A,domain://runs/persist,AI Runtime,message_runs|usage_events,对话与内容/运行记录,authenticated_user,none,none,用户可在“运行记录”完成“保存每次模型运行元数据”，成功结果与服务端持久化状态一致；无权限、参数错误、重复提交、网络超时和服务异常均返回稳定错误码并呈现可恢复状态；管理后台“对话与内容/运行记录”能够查询或控制该能力，变更写入审计日志。,P03-015-UNIT|P03-015-API|P03-015-E2E,,PLANNED
P03,P03-016,本地 Room 缓存会话和消息,Android,离线缓存,本地 Room 缓存会话和消息,idle|loading|success|empty|error,N/A,android://room/chat-cache,Android Data,local_conversations|local_messages,—,authenticated_user,none,none,用户可在“离线缓存”完成“本地 Room 缓存会话和消息”，成功结果与服务端持久化状态一致；无权限、参数错误、重复提交、网络超时和服务异常均返回稳定错误码并呈现可恢复状态。,P03-016-UNIT|P03-016-API|P03-016-E2E,,PLANNED
P03,P03-017,协调本地乐观消息与服务端状态,Android,会话页,协调本地乐观消息与服务端状态,idle|loading|success|empty|error,N/A,android://message-reconciliation,Android Data,local_outbox,—,authenticated_user,none,none,用户可在“会话页”完成“协调本地乐观消息与服务端状态”，成功结果与服务端持久化状态一致；无权限、参数错误、重复提交、网络超时和服务异常均返回稳定错误码并呈现可恢复状态。,P03-017-UNIT|P03-017-API|P03-017-E2E,,PLANNED
P03,P03-018,渲染 Markdown 富文本,Android,AI 回复,渲染 Markdown 富文本,idle|loading|success|empty|error,N/A,android://markdown-renderer,Android UI,message_parts,—,authenticated_user,none,none,用户可在“AI 回复”完成“渲染 Markdown 富文本”，成功结果与服务端持久化状态一致；无权限、参数错误、重复提交、网络超时和服务异常均返回稳定错误码并呈现可恢复状态。,P03-018-UNIT|P03-018-API|P03-018-E2E,,PLANNED
P03,P03-019,渲染代码块并复制代码,Android,AI 回复/代码块,渲染代码块并复制代码,idle|loading|success|empty|error,N/A,android://code-block,Android UI,message_parts,—,authenticated_user,none,none,用户可在“AI 回复/代码块”完成“渲染代码块并复制代码”，成功结果与服务端持久化状态一致；无权限、参数错误、重复提交、网络超时和服务异常均返回稳定错误码并呈现可恢复状态。,P03-019-UNIT|P03-019-API|P03-019-E2E,,PLANNED
P03,P03-020,渲染表格并横向滚动,Android,AI 回复/表格,渲染表格并横向滚动,idle|loading|success|empty|error,N/A,android://table-renderer,Android UI,message_parts,—,authenticated_user,none,none,用户可在“AI 回复/表格”完成“渲染表格并横向滚动”，成功结果与服务端持久化状态一致；无权限、参数错误、重复提交、网络超时和服务异常均返回稳定错误码并呈现可恢复状态。,P03-020-UNIT|P03-020-API|P03-020-E2E,,PLANNED
P03,P03-021,渲染引用和来源卡片,Android,AI 回复/引用,渲染引用和来源卡片,idle|loading|success|empty|error,GET,/api/mobile/v1/messages/{messageId}/citations,Conversation Service,citations,对话与内容/引用记录,authenticated_user,none,none,用户可在“AI 回复/引用”完成“渲染引用和来源卡片”，成功结果与服务端持久化状态一致；无权限、参数错误、重复提交、网络超时和服务异常均返回稳定错误码并呈现可恢复状态；管理后台“对话与内容/引用记录”能够查询或控制该能力，变更写入审计日志。,P03-021-UNIT|P03-021-API|P03-021-E2E,,PLANNED
P03,P03-022,复制整条回答,Android,消息操作栏,复制整条回答,idle|loading|success|empty|error,N/A,android://copy-message,Android UI,message_parts,—,authenticated_user,none,none,用户可在“消息操作栏”完成“复制整条回答”，成功结果与服务端持久化状态一致；无权限、参数错误、重复提交、网络超时和服务异常均返回稳定错误码并呈现可恢复状态。,P03-022-UNIT|P03-022-API|P03-022-E2E,,PLANNED
P03,P03-023,分享或导出单条回答,Android,消息操作栏,分享或导出单条回答,idle|loading|success|empty|error,POST,/api/mobile/v1/messages/{messageId}/exports,Export Service,export_jobs,对话与内容/导出记录,authenticated_user,none,none,用户可在“消息操作栏”完成“分享或导出单条回答”，成功结果与服务端持久化状态一致；无权限、参数错误、重复提交、网络超时和服务异常均返回稳定错误码并呈现可恢复状态；管理后台“对话与内容/导出记录”能够查询或控制该能力，变更写入审计日志。,P03-023-UNIT|P03-023-API|P03-023-E2E,,PLANNED
P03,P03-024,重新生成当前回答,Android,消息操作栏,重新生成当前回答,idle|loading|success|empty|error,POST,/api/mobile/v1/messages/{messageId}/regenerate,AI Runtime,message_runs|messages,对话与内容/运行记录,authenticated_user,none,none,用户可在“消息操作栏”完成“重新生成当前回答”，成功结果与服务端持久化状态一致；无权限、参数错误、重复提交、网络超时和服务异常均返回稳定错误码并呈现可恢复状态；管理后台“对话与内容/运行记录”能够查询或控制该能力，变更写入审计日志。,P03-024-UNIT|P03-024-API|P03-024-E2E,,PLANNED
P03,P03-025,提交回答点赞或点踩,Android,消息操作栏,提交回答点赞或点踩,idle|loading|success|empty|error,POST,/api/mobile/v1/messages/{messageId}/feedback,Feedback Service,message_feedback,对话与内容/用户反馈,authenticated_user,none,none,用户可在“消息操作栏”完成“提交回答点赞或点踩”，成功结果与服务端持久化状态一致；无权限、参数错误、重复提交、网络超时和服务异常均返回稳定错误码并呈现可恢复状态；管理后台“对话与内容/用户反馈”能够查询或控制该能力，变更写入审计日志。,P03-025-UNIT|P03-025-API|P03-025-E2E,,PLANNED
P03,P03-026,显示生成中、完成、取消和失败状态,Android,AI 回复,显示生成中、完成、取消和失败状态,idle|loading|success|empty|error,GET,/api/mobile/v1/runs/{runId},AI Runtime,message_runs,对话与内容/运行记录,authenticated_user,none,none,用户可在“AI 回复”完成“显示生成中、完成、取消和失败状态”，成功结果与服务端持久化状态一致；无权限、参数错误、重复提交、网络超时和服务异常均返回稳定错误码并呈现可恢复状态；管理后台“对话与内容/运行记录”能够查询或控制该能力，变更写入审计日志。,P03-026-UNIT|P03-026-API|P03-026-E2E,,PLANNED
P03,P03-027,显示稳定错误信息和重试入口,Android,会话页,显示稳定错误信息和重试入口,idle|loading|success|empty|error,N/A,android://chat-error-recovery,Android UI,local_retry_state,—,authenticated_user,none,none,用户可在“会话页”完成“显示稳定错误信息和重试入口”，成功结果与服务端持久化状态一致；无权限、参数错误、重复提交、网络超时和服务异常均返回稳定错误码并呈现可恢复状态。,P03-027-UNIT|P03-027-API|P03-027-E2E,,PLANNED
P03,P03-028,创建临时不长期保留的会话,Android,新建对话,创建临时不长期保留的会话,idle|loading|success|empty|error,POST,/api/mobile/v1/conversations?temporary=true,Conversation Service,conversations|retention_policies,对话与内容/保留策略,authenticated_user,none,none,用户可在“新建对话”完成“创建临时不长期保留的会话”，成功结果与服务端持久化状态一致；无权限、参数错误、重复提交、网络超时和服务异常均返回稳定错误码并呈现可恢复状态；管理后台“对话与内容/保留策略”能够查询或控制该能力，变更写入审计日志。,P03-028-UNIT|P03-028-API|P03-028-E2E,,PLANNED
P03,P03-029,导出完整会话为 Markdown,Android,会话菜单,导出完整会话为 Markdown,idle|loading|success|empty|error,POST,/api/mobile/v1/conversations/{conversationId}/exports,Export Service,export_jobs|artifacts,对话与内容/导出记录,authenticated_user,none,none,用户可在“会话菜单”完成“导出完整会话为 Markdown”，成功结果与服务端持久化状态一致；无权限、参数错误、重复提交、网络超时和服务异常均返回稳定错误码并呈现可恢复状态；管理后台“对话与内容/导出记录”能够查询或控制该能力，变更写入审计日志。,P03-029-UNIT|P03-029-API|P03-029-E2E,,PLANNED
P03,P03-030,朗读 AI 回答,Android,消息操作栏,朗读 AI 回答,idle|loading|success|empty|error,POST,/api/mobile/v1/messages/{messageId}/speech,Voice Service,jobs|artifacts,AI工具/语音配置,authenticated_user,none,none,用户可在“消息操作栏”完成“朗读 AI 回答”，成功结果与服务端持久化状态一致；无权限、参数错误、重复提交、网络超时和服务异常均返回稳定错误码并呈现可恢复状态；管理后台“AI工具/语音配置”能够查询或控制该能力，变更写入审计日志。,P03-030-UNIT|P03-030-API|P03-030-E2E,,PLANNED
P03,P03-031,使用系统语音输入并编辑转写文本,Android,输入框,使用系统语音输入并编辑转写文本,idle|loading|success|empty|error,N/A,android://speech-to-text,Android Voice,local_drafts,—,authenticated_user,none,none,用户可在“输入框”完成“使用系统语音输入并编辑转写文本”，成功结果与服务端持久化状态一致；无权限、参数错误、重复提交、网络超时和服务异常均返回稳定错误码并呈现可恢复状态。,P03-031-UNIT|P03-031-API|P03-031-E2E,,PLANNED
P03,P03-032,保存和恢复未发送草稿,Android,输入框,保存和恢复未发送草稿,idle|loading|success|empty|error,N/A,android://drafts,Android Data,local_drafts,—,authenticated_user,none,none,用户可在“输入框”完成“保存和恢复未发送草稿”，成功结果与服务端持久化状态一致；无权限、参数错误、重复提交、网络超时和服务异常均返回稳定错误码并呈现可恢复状态。,P03-032-UNIT|P03-032-API|P03-032-E2E,,PLANNED
P03,P03-033,按用户权限校验会话所有权,Security,会话访问,按用户权限校验会话所有权,idle|loading|success|empty|error,N/A,policy://conversation-ownership,Authorization Service,conversations|workspace_members,安全与审计/访问拒绝,authenticated_user,none,none,用户可在“会话访问”完成“按用户权限校验会话所有权”，成功结果与服务端持久化状态一致；无权限、参数错误、重复提交、网络超时和服务异常均返回稳定错误码并呈现可恢复状态；管理后台“安全与审计/访问拒绝”能够查询或控制该能力，变更写入审计日志。,P03-033-UNIT|P03-033-API|P03-033-E2E,,PLANNED
P03,P03-034,记录聊天链路延迟和错误指标,Operations,聊天指标,记录聊天链路延迟和错误指标,idle|loading|success|empty|error,GET,/internal/metrics/chat,Observability,service_metrics|traces,可观测性/AI运行,authenticated_user,none,none,用户可在“聊天指标”完成“记录聊天链路延迟和错误指标”，成功结果与服务端持久化状态一致；无权限、参数错误、重复提交、网络超时和服务异常均返回稳定错误码并呈现可恢复状态；管理后台“可观测性/AI运行”能够查询或控制该能力，变更写入审计日志。,P03-034-UNIT|P03-034-API|P03-034-E2E,,PLANNED
P03,P03-035,后台查询会话、消息和运行记录,Admin,对话与内容/会话详情,后台查询会话、消息和运行记录,idle|loading|success|empty|error,GET,/admin/v1/conversations/{conversationId},Conversation Service,conversations|messages|message_runs,对话与内容/会话列表,authenticated_user,none,none,用户可在“对话与内容/会话详情”完成“后台查询会话、消息和运行记录”，成功结果与服务端持久化状态一致；无权限、参数错误、重复提交、网络超时和服务异常均返回稳定错误码并呈现可恢复状态；管理后台“对话与内容/会话列表”能够查询或控制该能力，变更写入审计日志。,P03-035-UNIT|P03-035-API|P03-035-E2E,,PLANNED
P04,P04-001,从后台动态加载可用模型目录,Android,模型选择器,从后台动态加载可用模型目录,idle|loading|success|empty|error,GET,/api/mobile/v1/models,Model Catalog Service,models|model_capabilities,模型与供应商/模型目录,authenticated_user,none,none,用户可在“模型选择器”完成“从后台动态加载可用模型目录”，成功结果与服务端持久化状态一致；无权限、参数错误、重复提交、网络超时和服务异常均返回稳定错误码并呈现可恢复状态；管理后台“模型与供应商/模型目录”能够查询或控制该能力，变更写入审计日志。,P04-001-UNIT|P04-001-API|P04-001-E2E,,PLANNED
P04,P04-002,按供应商分组展示模型,Android,模型选择器,按供应商分组展示模型,idle|loading|success|empty|error,GET,/api/mobile/v1/models?group=provider,Model Catalog Service,providers|models,模型与供应商/供应商,authenticated_user,none,none,用户可在“模型选择器”完成“按供应商分组展示模型”，成功结果与服务端持久化状态一致；无权限、参数错误、重复提交、网络超时和服务异常均返回稳定错误码并呈现可恢复状态；管理后台“模型与供应商/供应商”能够查询或控制该能力，变更写入审计日志。,P04-002-UNIT|P04-002-API|P04-002-E2E,,PLANNED
P04,P04-003,展示模型用途、速度和能力标签,Android,模型选择器,展示模型用途、速度和能力标签,idle|loading|success|empty|error,GET,/api/mobile/v1/models/{modelId},Model Catalog Service,models|model_capabilities,模型与供应商/模型目录,authenticated_user,none,none,用户可在“模型选择器”完成“展示模型用途、速度和能力标签”，成功结果与服务端持久化状态一致；无权限、参数错误、重复提交、网络超时和服务异常均返回稳定错误码并呈现可恢复状态；管理后台“模型与供应商/模型目录”能够查询或控制该能力，变更写入审计日志。,P04-003-UNIT|P04-003-API|P04-003-E2E,,PLANNED
P04,P04-004,只展示实际探测通过的能力,Backend,模型目录,只展示实际探测通过的能力,idle|loading|success|empty|error,N/A,policy://verified-capabilities,Capability Registry,model_capabilities|capability_probe_results,模型与供应商/能力探测,authenticated_user,none,none,用户可在“模型目录”完成“只展示实际探测通过的能力”，成功结果与服务端持久化状态一致；无权限、参数错误、重复提交、网络超时和服务异常均返回稳定错误码并呈现可恢复状态；管理后台“模型与供应商/能力探测”能够查询或控制该能力，变更写入审计日志。,P04-004-UNIT|P04-004-API|P04-004-E2E,,PLANNED
P04,P04-005,加载模型支持的推理档位,Android,推理选择器,加载模型支持的推理档位,idle|loading|success|empty|error,GET,/api/mobile/v1/models/{modelId}/reasoning-profiles,Model Catalog Service,reasoning_profiles,模型与供应商/推理映射,authenticated_user,none,none,用户可在“推理选择器”完成“加载模型支持的推理档位”，成功结果与服务端持久化状态一致；无权限、参数错误、重复提交、网络超时和服务异常均返回稳定错误码并呈现可恢复状态；管理后台“模型与供应商/推理映射”能够查询或控制该能力，变更写入审计日志。,P04-005-UNIT|P04-005-API|P04-005-E2E,,PLANNED
P04,P04-006,将用户推理档位映射为上游参数,Backend,推理适配,将用户推理档位映射为上游参数,idle|loading|success|empty|error,N/A,adapter://reasoning-profile,AI Runtime,reasoning_profiles|message_runs,模型与供应商/推理映射,authenticated_user,none,none,用户可在“推理适配”完成“将用户推理档位映射为上游参数”，成功结果与服务端持久化状态一致；无权限、参数错误、重复提交、网络超时和服务异常均返回稳定错误码并呈现可恢复状态；管理后台“模型与供应商/推理映射”能够查询或控制该能力，变更写入审计日志。,P04-006-UNIT|P04-006-API|P04-006-E2E,,PLANNED
P04,P04-007,设置全局默认模型和推理档位,Android,我的/AI设置,设置全局默认模型和推理档位,idle|loading|success|empty|error,PUT,/api/mobile/v1/preferences/ai,Preference Service,user_preferences,模型与供应商/默认配置,authenticated_user,none,none,用户可在“我的/AI设置”完成“设置全局默认模型和推理档位”，成功结果与服务端持久化状态一致；无权限、参数错误、重复提交、网络超时和服务异常均返回稳定错误码并呈现可恢复状态；管理后台“模型与供应商/默认配置”能够查询或控制该能力，变更写入审计日志。,P04-007-UNIT|P04-007-API|P04-007-E2E,,PLANNED
P04,P04-008,设置当前会话默认模型,Android,会话设置,设置当前会话默认模型,idle|loading|success|empty|error,PATCH,/api/mobile/v1/conversations/{conversationId}/settings,Conversation Service,conversations,对话与内容/会话详情,authenticated_user,none,none,用户可在“会话设置”完成“设置当前会话默认模型”，成功结果与服务端持久化状态一致；无权限、参数错误、重复提交、网络超时和服务异常均返回稳定错误码并呈现可恢复状态；管理后台“对话与内容/会话详情”能够查询或控制该能力，变更写入审计日志。,P04-008-UNIT|P04-008-API|P04-008-E2E,,PLANNED
P04,P04-009,仅为本次消息临时切换模型,Android,输入区模型条,仅为本次消息临时切换模型,idle|loading|success|empty|error,POST,/api/mobile/v1/conversations/{conversationId}/runs,AI Runtime,message_runs,模型与供应商/模型目录,authenticated_user,none,none,用户可在“输入区模型条”完成“仅为本次消息临时切换模型”，成功结果与服务端持久化状态一致；无权限、参数错误、重复提交、网络超时和服务异常均返回稳定错误码并呈现可恢复状态；管理后台“模型与供应商/模型目录”能够查询或控制该能力，变更写入审计日志。,P04-009-UNIT|P04-009-API|P04-009-E2E,,PLANNED
P04,P04-010,每条回答显示真实模型和推理档位,Android,AI 回复标签,每条回答显示真实模型和推理档位,idle|loading|success|empty|error,GET,/api/mobile/v1/messages/{messageId}/run-metadata,Conversation Service,message_runs,对话与内容/运行记录,authenticated_user,none,none,用户可在“AI 回复标签”完成“每条回答显示真实模型和推理档位”，成功结果与服务端持久化状态一致；无权限、参数错误、重复提交、网络超时和服务异常均返回稳定错误码并呈现可恢复状态；管理后台“对话与内容/运行记录”能够查询或控制该能力，变更写入审计日志。,P04-010-UNIT|P04-010-API|P04-010-E2E,,PLANNED
P04,P04-011,使用其他模型重新回答且保留旧答案,Android,消息操作栏,使用其他模型重新回答且保留旧答案,idle|loading|success|empty|error,POST,/api/mobile/v1/messages/{messageId}/rerun,AI Runtime,conversation_branches|message_runs,对话与内容/分支,authenticated_user,none,none,用户可在“消息操作栏”完成“使用其他模型重新回答且保留旧答案”，成功结果与服务端持久化状态一致；无权限、参数错误、重复提交、网络超时和服务异常均返回稳定错误码并呈现可恢复状态；管理后台“对话与内容/分支”能够查询或控制该能力，变更写入审计日志。,P04-011-UNIT|P04-011-API|P04-011-E2E,,PLANNED
P04,P04-012,创建会话回答分支,Backend,会话分支,创建会话回答分支,idle|loading|success|empty|error,POST,/api/mobile/v1/conversations/{conversationId}/branches,Conversation Service,conversation_branches|messages,对话与内容/分支,authenticated_user,none,none,用户可在“会话分支”完成“创建会话回答分支”，成功结果与服务端持久化状态一致；无权限、参数错误、重复提交、网络超时和服务异常均返回稳定错误码并呈现可恢复状态；管理后台“对话与内容/分支”能够查询或控制该能力，变更写入审计日志。,P04-012-UNIT|P04-012-API|P04-012-E2E,,PLANNED
P04,P04-013,选择并切换当前会话分支,Android,会话分支切换,选择并切换当前会话分支,idle|loading|success|empty|error,GET,/api/mobile/v1/conversations/{conversationId}/branches,Conversation Service,conversation_branches,对话与内容/分支,authenticated_user,none,none,用户可在“会话分支切换”完成“选择并切换当前会话分支”，成功结果与服务端持久化状态一致；无权限、参数错误、重复提交、网络超时和服务异常均返回稳定错误码并呈现可恢复状态；管理后台“对话与内容/分支”能够查询或控制该能力，变更写入审计日志。,P04-013-UNIT|P04-013-API|P04-013-E2E,,PLANNED
P04,P04-014,同时请求多个模型进行回答对比,Android,多模型对比,同时请求多个模型进行回答对比,idle|loading|success|empty|error,POST,/api/mobile/v1/comparisons,Comparison Orchestrator,comparison_groups|message_runs,AI工具/多模型对比,authenticated_user,usage_metered,comparison_run,用户可在“多模型对比”完成“同时请求多个模型进行回答对比”，成功结果与服务端持久化状态一致；无权限、参数错误、重复提交、网络超时和服务异常均返回稳定错误码并呈现可恢复状态；管理后台“AI工具/多模型对比”能够查询或控制该能力，变更写入审计日志；计量、额度预检、冻结、结算或回滚不得重复扣费，账本可对账；异步任务 comparison_run 支持进度、取消、重试、幂等和失败诊断。,P04-014-UNIT|P04-014-API|P04-014-E2E,,PLANNED
P04,P04-015,标签页切换不同模型对比结果,Android,对比结果,标签页切换不同模型对比结果,idle|loading|success|empty|error,GET,/api/mobile/v1/comparisons/{comparisonId},Comparison Orchestrator,comparison_groups|messages,AI工具/多模型对比,authenticated_user,none,none,用户可在“对比结果”完成“标签页切换不同模型对比结果”，成功结果与服务端持久化状态一致；无权限、参数错误、重复提交、网络超时和服务异常均返回稳定错误码并呈现可恢复状态；管理后台“AI工具/多模型对比”能够查询或控制该能力，变更写入审计日志。,P04-015-UNIT|P04-015-API|P04-015-E2E,,PLANNED
P04,P04-016,采用一个候选回答继续会话,Android,对比结果,采用一个候选回答继续会话,idle|loading|success|empty|error,POST,/api/mobile/v1/comparisons/{comparisonId}/adopt,Conversation Service,conversation_branches|messages,AI工具/多模型对比,authenticated_user,none,none,用户可在“对比结果”完成“采用一个候选回答继续会话”，成功结果与服务端持久化状态一致；无权限、参数错误、重复提交、网络超时和服务异常均返回稳定错误码并呈现可恢复状态；管理后台“AI工具/多模型对比”能够查询或控制该能力，变更写入审计日志。,P04-016-UNIT|P04-016-API|P04-016-E2E,,PLANNED
P04,P04-017,综合多个模型回答,Android,对比结果,综合多个模型回答,idle|loading|success|empty|error,POST,/api/mobile/v1/comparisons/{comparisonId}/synthesize,Workflow Orchestrator,comparison_groups|message_runs,AI工具/多模型对比,authenticated_user,usage_metered,synthesis_run,用户可在“对比结果”完成“综合多个模型回答”，成功结果与服务端持久化状态一致；无权限、参数错误、重复提交、网络超时和服务异常均返回稳定错误码并呈现可恢复状态；管理后台“AI工具/多模型对比”能够查询或控制该能力，变更写入审计日志；计量、额度预检、冻结、结算或回滚不得重复扣费，账本可对账；异步任务 synthesis_run 支持进度、取消、重试、幂等和失败诊断。,P04-017-UNIT|P04-017-API|P04-017-E2E,,PLANNED
P04,P04-018,透明提示模型不可用并请求用户选择回退,Android,模型错误弹层,透明提示模型不可用并请求用户选择回退,idle|loading|success|empty|error,GET,/api/mobile/v1/models/{modelId}/availability,Model Routing Service,model_health_status,模型与供应商/服务状态,authenticated_user,none,none,用户可在“模型错误弹层”完成“透明提示模型不可用并请求用户选择回退”，成功结果与服务端持久化状态一致；无权限、参数错误、重复提交、网络超时和服务异常均返回稳定错误码并呈现可恢复状态；管理后台“模型与供应商/服务状态”能够查询或控制该能力，变更写入审计日志。,P04-018-UNIT|P04-018-API|P04-018-E2E,,PLANNED
P04,P04-019,按会话授权自动回退模型,Backend,模型路由,按会话授权自动回退模型,idle|loading|success|empty|error,N/A,policy://model-fallback,Model Routing Service,routing_policies|route_targets,模型与供应商/路由策略,authenticated_user,none,none,用户可在“模型路由”完成“按会话授权自动回退模型”，成功结果与服务端持久化状态一致；无权限、参数错误、重复提交、网络超时和服务异常均返回稳定错误码并呈现可恢复状态；管理后台“模型与供应商/路由策略”能够查询或控制该能力，变更写入审计日志。,P04-019-UNIT|P04-019-API|P04-019-E2E,,PLANNED
P04,P04-020,配置供应商通道和凭据引用,Admin,模型与供应商/通道,配置供应商通道和凭据引用,idle|loading|success|empty|error,GET|POST,/admin/v1/provider-channels,Provider Service,provider_channels|secret_references,模型与供应商/通道,authenticated_user,none,none,用户可在“模型与供应商/通道”完成“配置供应商通道和凭据引用”，成功结果与服务端持久化状态一致；无权限、参数错误、重复提交、网络超时和服务异常均返回稳定错误码并呈现可恢复状态；管理后台“模型与供应商/通道”能够查询或控制该能力，变更写入审计日志。,P04-020-UNIT|P04-020-API|P04-020-E2E,,PLANNED
P04,P04-021,配置模型别名、排序和上下架,Admin,模型与供应商/模型目录,配置模型别名、排序和上下架,idle|loading|success|empty|error,GET|PUT,/admin/v1/models/{modelId},Model Catalog Service,models|model_aliases,模型与供应商/模型目录,authenticated_user,none,none,用户可在“模型与供应商/模型目录”完成“配置模型别名、排序和上下架”，成功结果与服务端持久化状态一致；无权限、参数错误、重复提交、网络超时和服务异常均返回稳定错误码并呈现可恢复状态；管理后台“模型与供应商/模型目录”能够查询或控制该能力，变更写入审计日志。,P04-021-UNIT|P04-021-API|P04-021-E2E,,PLANNED
P04,P04-022,配置模型能力与上下文限制,Admin,模型与供应商/能力,配置模型能力与上下文限制,idle|loading|success|empty|error,PUT,/admin/v1/models/{modelId}/capabilities,Capability Registry,model_capabilities,模型与供应商/能力,authenticated_user,none,none,用户可在“模型与供应商/能力”完成“配置模型能力与上下文限制”，成功结果与服务端持久化状态一致；无权限、参数错误、重复提交、网络超时和服务异常均返回稳定错误码并呈现可恢复状态；管理后台“模型与供应商/能力”能够查询或控制该能力，变更写入审计日志。,P04-022-UNIT|P04-022-API|P04-022-E2E,,PLANNED
P04,P04-023,配置推理档位映射,Admin,模型与供应商/推理映射,配置推理档位映射,idle|loading|success|empty|error,PUT,/admin/v1/models/{modelId}/reasoning-profiles,Model Catalog Service,reasoning_profiles,模型与供应商/推理映射,authenticated_user,none,none,用户可在“模型与供应商/推理映射”完成“配置推理档位映射”，成功结果与服务端持久化状态一致；无权限、参数错误、重复提交、网络超时和服务异常均返回稳定错误码并呈现可恢复状态；管理后台“模型与供应商/推理映射”能够查询或控制该能力，变更写入审计日志。,P04-023-UNIT|P04-023-API|P04-023-E2E,,PLANNED
P04,P04-024,配置模型路由优先级和主备线路,Admin,模型与供应商/路由策略,配置模型路由优先级和主备线路,idle|loading|success|empty|error,PUT,/admin/v1/routing-policies/{policyId},Model Routing Service,routing_policies|route_targets,模型与供应商/路由策略,authenticated_user,none,none,用户可在“模型与供应商/路由策略”完成“配置模型路由优先级和主备线路”，成功结果与服务端持久化状态一致；无权限、参数错误、重复提交、网络超时和服务异常均返回稳定错误码并呈现可恢复状态；管理后台“模型与供应商/路由策略”能够查询或控制该能力，变更写入审计日志。,P04-024-UNIT|P04-024-API|P04-024-E2E,,PLANNED
P04,P04-025,执行模型健康探测,Operations,模型健康,执行模型健康探测,idle|loading|success|empty|error,POST,/admin/v1/models/{modelId}/health-probe,Capability Probe,model_health_probes,模型与供应商/健康探测,authenticated_user,none,none,用户可在“模型健康”完成“执行模型健康探测”，成功结果与服务端持久化状态一致；无权限、参数错误、重复提交、网络超时和服务异常均返回稳定错误码并呈现可恢复状态；管理后台“模型与供应商/健康探测”能够查询或控制该能力，变更写入审计日志。,P04-025-UNIT|P04-025-API|P04-025-E2E,,PLANNED
P04,P04-026,执行文本、流式、视觉和工具能力探测,Operations,能力探测,执行文本、流式、视觉和工具能力探测,idle|loading|success|empty|error,POST,/admin/v1/models/{modelId}/capability-probe,Capability Probe,capability_probe_runs|capability_probe_results,模型与供应商/能力探测,authenticated_user,none,none,用户可在“能力探测”完成“执行文本、流式、视觉和工具能力探测”，成功结果与服务端持久化状态一致；无权限、参数错误、重复提交、网络超时和服务异常均返回稳定错误码并呈现可恢复状态；管理后台“模型与供应商/能力探测”能够查询或控制该能力，变更写入审计日志。,P04-026-UNIT|P04-026-API|P04-026-E2E,,PLANNED
P04,P04-027,按供应商设置独立并发、超时和熔断,Backend,路由运行时,按供应商设置独立并发、超时和熔断,idle|loading|success|empty|error,N/A,policy://provider-isolation,AI Runtime,provider_runtime_policies,模型与供应商/运行策略,authenticated_user,none,none,用户可在“路由运行时”完成“按供应商设置独立并发、超时和熔断”，成功结果与服务端持久化状态一致；无权限、参数错误、重复提交、网络超时和服务异常均返回稳定错误码并呈现可恢复状态；管理后台“模型与供应商/运行策略”能够查询或控制该能力，变更写入审计日志。,P04-027-UNIT|P04-027-API|P04-027-E2E,,PLANNED
P04,P04-028,记录输入、输出和推理 Token,Backend,用量计量,记录输入、输出和推理 Token,idle|loading|success|empty|error,N/A,event://usage.ai-run,Usage Service,usage_events,商业化/用量记录,authenticated_user,usage_metered,none,用户可在“用量计量”完成“记录输入、输出和推理 Token”，成功结果与服务端持久化状态一致；无权限、参数错误、重复提交、网络超时和服务异常均返回稳定错误码并呈现可恢复状态；管理后台“商业化/用量记录”能够查询或控制该能力，变更写入审计日志；计量、额度预检、冻结、结算或回滚不得重复扣费，账本可对账。,P04-028-UNIT|P04-028-API|P04-028-E2E,,PLANNED
P04,P04-029,记录模型价格版本快照,Backend,用量计量,记录模型价格版本快照,idle|loading|success|empty|error,N/A,domain://pricing/snapshot,Pricing Service,usage_price_snapshots|model_price_versions,商业化/模型价格,authenticated_user,usage_metered,none,用户可在“用量计量”完成“记录模型价格版本快照”，成功结果与服务端持久化状态一致；无权限、参数错误、重复提交、网络超时和服务异常均返回稳定错误码并呈现可恢复状态；管理后台“商业化/模型价格”能够查询或控制该能力，变更写入审计日志；计量、额度预检、冻结、结算或回滚不得重复扣费，账本可对账。,P04-029-UNIT|P04-029-API|P04-029-E2E,,PLANNED
P04,P04-030,显示模型服务简化状态,Android,我的/服务状态,显示模型服务简化状态,idle|loading|success|empty|error,GET,/api/mobile/v1/service-status/models,Incident Service,model_health_status|incidents,运维/事故管理,authenticated_user,none,none,用户可在“我的/服务状态”完成“显示模型服务简化状态”，成功结果与服务端持久化状态一致；无权限、参数错误、重复提交、网络超时和服务异常均返回稳定错误码并呈现可恢复状态；管理后台“运维/事故管理”能够查询或控制该能力，变更写入审计日志。,P04-030-UNIT|P04-030-API|P04-030-E2E,,PLANNED
P05,P05-001,请求 R2 预签名上传凭据,Android,附件选择器,请求 R2 预签名上传凭据,idle|loading|success|empty|error,POST,/api/mobile/v1/files/uploads,File Service,attachments|upload_sessions,文件与存储/文件列表,authenticated_user,none,none,用户可在“附件选择器”完成“请求 R2 预签名上传凭据”，成功结果与服务端持久化状态一致；无权限、参数错误、重复提交、网络超时和服务异常均返回稳定错误码并呈现可恢复状态；管理后台“文件与存储/文件列表”能够查询或控制该能力，变更写入审计日志。,P05-001-UNIT|P05-001-API|P05-001-E2E,,PLANNED
P05,P05-002,直传文件并显示进度,Android,上传进度,直传文件并显示进度,idle|loading|success|empty|error,PUT,r2://presigned-upload,R2,attachments|upload_sessions,文件与存储/上传记录,authenticated_user,none,none,用户可在“上传进度”完成“直传文件并显示进度”，成功结果与服务端持久化状态一致；无权限、参数错误、重复提交、网络超时和服务异常均返回稳定错误码并呈现可恢复状态；管理后台“文件与存储/上传记录”能够查询或控制该能力，变更写入审计日志。,P05-002-UNIT|P05-002-API|P05-002-E2E,,PLANNED
P05,P05-003,完成上传并校验对象元数据,Backend,上传完成,完成上传并校验对象元数据,idle|loading|success|empty|error,POST,/api/mobile/v1/files/uploads/{uploadId}/complete,File Service,attachments|file_versions,文件与存储/文件列表,authenticated_user,none,none,用户可在“上传完成”完成“完成上传并校验对象元数据”，成功结果与服务端持久化状态一致；无权限、参数错误、重复提交、网络超时和服务异常均返回稳定错误码并呈现可恢复状态；管理后台“文件与存储/文件列表”能够查询或控制该能力，变更写入审计日志。,P05-003-UNIT|P05-003-API|P05-003-E2E,,PLANNED
P05,P05-004,校验 MIME、扩展名、大小和哈希,Security,文件接收,校验 MIME、扩展名、大小和哈希,idle|loading|success|empty|error,N/A,policy://file-validation,File Security,attachments|security_events,文件与存储/安全策略,authenticated_user,none,none,用户可在“文件接收”完成“校验 MIME、扩展名、大小和哈希”，成功结果与服务端持久化状态一致；无权限、参数错误、重复提交、网络超时和服务异常均返回稳定错误码并呈现可恢复状态；管理后台“文件与存储/安全策略”能够查询或控制该能力，变更写入审计日志。,P05-004-UNIT|P05-004-API|P05-004-E2E,,PLANNED
P05,P05-005,执行恶意文件扫描和隔离,Worker,文件扫描,执行恶意文件扫描和隔离,idle|loading|success|empty|error,N/A,job://file-security-scan,File Worker,jobs|file_scan_results,文件与存储/隔离区,authenticated_user,none,file_security_scan,用户可在“文件扫描”完成“执行恶意文件扫描和隔离”，成功结果与服务端持久化状态一致；无权限、参数错误、重复提交、网络超时和服务异常均返回稳定错误码并呈现可恢复状态；管理后台“文件与存储/隔离区”能够查询或控制该能力，变更写入审计日志；异步任务 file_security_scan 支持进度、取消、重试、幂等和失败诊断。,P05-005-UNIT|P05-005-API|P05-005-E2E,,PLANNED
P05,P05-006,生成图片缩略图和基本元数据,Worker,图片处理,生成图片缩略图和基本元数据,idle|loading|success|empty|error,N/A,job://image-thumbnail,File Worker,artifact_assets|file_extractions,文件与存储/处理任务,authenticated_user,none,thumbnail_generation,用户可在“图片处理”完成“生成图片缩略图和基本元数据”，成功结果与服务端持久化状态一致；无权限、参数错误、重复提交、网络超时和服务异常均返回稳定错误码并呈现可恢复状态；管理后台“文件与存储/处理任务”能够查询或控制该能力，变更写入审计日志；异步任务 thumbnail_generation 支持进度、取消、重试、幂等和失败诊断。,P05-006-UNIT|P05-006-API|P05-006-E2E,,PLANNED
P05,P05-007,将图片作为视觉输入发送给模型,Android,会话/图片附件,将图片作为视觉输入发送给模型,idle|loading|success|empty|error,POST,/api/mobile/v1/conversations/{conversationId}/runs,AI Runtime,attachments|message_parts|message_runs,模型与供应商/能力,authenticated_user,usage_metered,none,用户可在“会话/图片附件”完成“将图片作为视觉输入发送给模型”，成功结果与服务端持久化状态一致；无权限、参数错误、重复提交、网络超时和服务异常均返回稳定错误码并呈现可恢复状态；管理后台“模型与供应商/能力”能够查询或控制该能力，变更写入审计日志；计量、额度预检、冻结、结算或回滚不得重复扣费，账本可对账。,P05-007-UNIT|P05-007-API|P05-007-E2E,,PLANNED
P05,P05-008,解析 PDF 文本、页面和预览,Worker,PDF解析,解析 PDF 文本、页面和预览,idle|loading|success|empty|error,N/A,job://parse-pdf,Document Worker,file_extractions|document_pages,文件与存储/解析任务,authenticated_user,none,parse_pdf,用户可在“PDF解析”完成“解析 PDF 文本、页面和预览”，成功结果与服务端持久化状态一致；无权限、参数错误、重复提交、网络超时和服务异常均返回稳定错误码并呈现可恢复状态；管理后台“文件与存储/解析任务”能够查询或控制该能力，变更写入审计日志；异步任务 parse_pdf 支持进度、取消、重试、幂等和失败诊断。,P05-008-UNIT|P05-008-API|P05-008-E2E,,PLANNED
P05,P05-009,解析 DOCX 文本和结构,Worker,DOCX解析,解析 DOCX 文本和结构,idle|loading|success|empty|error,N/A,job://parse-docx,Document Worker,file_extractions,文件与存储/解析任务,authenticated_user,none,parse_docx,用户可在“DOCX解析”完成“解析 DOCX 文本和结构”，成功结果与服务端持久化状态一致；无权限、参数错误、重复提交、网络超时和服务异常均返回稳定错误码并呈现可恢复状态；管理后台“文件与存储/解析任务”能够查询或控制该能力，变更写入审计日志；异步任务 parse_docx 支持进度、取消、重试、幂等和失败诊断。,P05-009-UNIT|P05-009-API|P05-009-E2E,,PLANNED
P05,P05-010,解析 PPTX 页面文本和预览,Worker,PPTX解析,解析 PPTX 页面文本和预览,idle|loading|success|empty|error,N/A,job://parse-pptx,Document Worker,file_extractions|document_pages,文件与存储/解析任务,authenticated_user,none,parse_pptx,用户可在“PPTX解析”完成“解析 PPTX 页面文本和预览”，成功结果与服务端持久化状态一致；无权限、参数错误、重复提交、网络超时和服务异常均返回稳定错误码并呈现可恢复状态；管理后台“文件与存储/解析任务”能够查询或控制该能力，变更写入审计日志；异步任务 parse_pptx 支持进度、取消、重试、幂等和失败诊断。,P05-010-UNIT|P05-010-API|P05-010-E2E,,PLANNED
P05,P05-011,解析 XLSX 工作表和单元格结构,Worker,XLSX解析,解析 XLSX 工作表和单元格结构,idle|loading|success|empty|error,N/A,job://parse-xlsx,Document Worker,file_extractions|spreadsheet_sheets,文件与存储/解析任务,authenticated_user,none,parse_xlsx,用户可在“XLSX解析”完成“解析 XLSX 工作表和单元格结构”，成功结果与服务端持久化状态一致；无权限、参数错误、重复提交、网络超时和服务异常均返回稳定错误码并呈现可恢复状态；管理后台“文件与存储/解析任务”能够查询或控制该能力，变更写入审计日志；异步任务 parse_xlsx 支持进度、取消、重试、幂等和失败诊断。,P05-011-UNIT|P05-011-API|P05-011-E2E,,PLANNED
P05,P05-012,解析纯文本、Markdown和代码文件,Worker,文本解析,解析纯文本、Markdown和代码文件,idle|loading|success|empty|error,N/A,job://parse-text,Document Worker,file_extractions,文件与存储/解析任务,authenticated_user,none,parse_text,用户可在“文本解析”完成“解析纯文本、Markdown和代码文件”，成功结果与服务端持久化状态一致；无权限、参数错误、重复提交、网络超时和服务异常均返回稳定错误码并呈现可恢复状态；管理后台“文件与存储/解析任务”能够查询或控制该能力，变更写入审计日志；异步任务 parse_text 支持进度、取消、重试、幂等和失败诊断。,P05-012-UNIT|P05-012-API|P05-012-E2E,,PLANNED
P05,P05-013,展示附件上传、扫描、解析和失败状态,Android,附件卡片,展示附件上传、扫描、解析和失败状态,idle|loading|success|empty|error,GET,/api/mobile/v1/files/{fileId},File Service,attachments|jobs,文件与存储/文件详情,authenticated_user,none,none,用户可在“附件卡片”完成“展示附件上传、扫描、解析和失败状态”，成功结果与服务端持久化状态一致；无权限、参数错误、重复提交、网络超时和服务异常均返回稳定错误码并呈现可恢复状态；管理后台“文件与存储/文件详情”能够查询或控制该能力，变更写入审计日志。,P05-013-UNIT|P05-013-API|P05-013-E2E,,PLANNED
P05,P05-014,将资料库文件添加到消息,Android,资料库选择器,将资料库文件添加到消息,idle|loading|success|empty|error,POST,/api/mobile/v1/conversations/{conversationId}/attachments,Conversation Service,message_parts|attachments,对话与内容/附件,authenticated_user,none,none,用户可在“资料库选择器”完成“将资料库文件添加到消息”，成功结果与服务端持久化状态一致；无权限、参数错误、重复提交、网络超时和服务异常均返回稳定错误码并呈现可恢复状态；管理后台“对话与内容/附件”能够查询或控制该能力，变更写入审计日志。,P05-014-UNIT|P05-014-API|P05-014-E2E,,PLANNED
P05,P05-015,分页展示个人文件资料库,Android,工作/文件,分页展示个人文件资料库,idle|loading|success|empty|error,GET,/api/mobile/v1/files,File Service,attachments|file_versions,文件与存储/文件列表,authenticated_user,none,none,用户可在“工作/文件”完成“分页展示个人文件资料库”，成功结果与服务端持久化状态一致；无权限、参数错误、重复提交、网络超时和服务异常均返回稳定错误码并呈现可恢复状态；管理后台“文件与存储/文件列表”能够查询或控制该能力，变更写入审计日志。,P05-015-UNIT|P05-015-API|P05-015-E2E,,PLANNED
P05,P05-016,按名称、类型和时间搜索文件,Android,文件搜索,按名称、类型和时间搜索文件,idle|loading|success|empty|error,GET,/api/mobile/v1/files/search,Search Service,attachments,文件与存储/文件列表,authenticated_user,none,none,用户可在“文件搜索”完成“按名称、类型和时间搜索文件”，成功结果与服务端持久化状态一致；无权限、参数错误、重复提交、网络超时和服务异常均返回稳定错误码并呈现可恢复状态；管理后台“文件与存储/文件列表”能够查询或控制该能力，变更写入审计日志。,P05-016-UNIT|P05-016-API|P05-016-E2E,,PLANNED
P05,P05-017,重命名文件,Android,文件菜单,重命名文件,idle|loading|success|empty|error,PATCH,/api/mobile/v1/files/{fileId},File Service,attachments,文件与存储/文件详情,authenticated_user,none,none,用户可在“文件菜单”完成“重命名文件”，成功结果与服务端持久化状态一致；无权限、参数错误、重复提交、网络超时和服务异常均返回稳定错误码并呈现可恢复状态；管理后台“文件与存储/文件详情”能够查询或控制该能力，变更写入审计日志。,P05-017-UNIT|P05-017-API|P05-017-E2E,,PLANNED
P05,P05-018,下载原始文件或派生文件,Android,文件详情,下载原始文件或派生文件,idle|loading|success|empty|error,GET,/api/mobile/v1/files/{fileId}/download,Download Service,attachments|download_events,文件与存储/下载记录,authenticated_user,none,none,用户可在“文件详情”完成“下载原始文件或派生文件”，成功结果与服务端持久化状态一致；无权限、参数错误、重复提交、网络超时和服务异常均返回稳定错误码并呈现可恢复状态；管理后台“文件与存储/下载记录”能够查询或控制该能力，变更写入审计日志。,P05-018-UNIT|P05-018-API|P05-018-E2E,,PLANNED
P05,P05-019,删除文件并处理引用关系,Android,文件菜单,删除文件并处理引用关系,idle|loading|success|empty|error,DELETE,/api/mobile/v1/files/{fileId},File Service,attachments|message_parts|project_files,文件与存储/删除策略,authenticated_user,none,none,用户可在“文件菜单”完成“删除文件并处理引用关系”，成功结果与服务端持久化状态一致；无权限、参数错误、重复提交、网络超时和服务异常均返回稳定错误码并呈现可恢复状态；管理后台“文件与存储/删除策略”能够查询或控制该能力，变更写入审计日志。,P05-019-UNIT|P05-019-API|P05-019-E2E,,PLANNED
P05,P05-020,按套餐执行文件大小和空间配额,Backend,文件配额,按套餐执行文件大小和空间配额,idle|loading|success|empty|error,N/A,policy://file-quota,Entitlement Service,quota_counters|entitlement_grants,商业化/权益配置,authenticated_user,none,none,用户可在“文件配额”完成“按套餐执行文件大小和空间配额”，成功结果与服务端持久化状态一致；无权限、参数错误、重复提交、网络超时和服务异常均返回稳定错误码并呈现可恢复状态；管理后台“商业化/权益配置”能够查询或控制该能力，变更写入审计日志。,P05-020-UNIT|P05-020-API|P05-020-E2E,,PLANNED
P05,P05-021,生成过期上传会话和孤儿对象清理任务,Scheduler,文件清理,生成过期上传会话和孤儿对象清理任务,idle|loading|success|empty|error,N/A,job://storage-cleanup,File Worker,upload_sessions|attachments,文件与存储/清理任务,system,none,storage_cleanup,用户可在“文件清理”完成“生成过期上传会话和孤儿对象清理任务”，成功结果与服务端持久化状态一致；无权限、参数错误、重复提交、网络超时和服务异常均返回稳定错误码并呈现可恢复状态；管理后台“文件与存储/清理任务”能够查询或控制该能力，变更写入审计日志；异步任务 storage_cleanup 支持进度、取消、重试、幂等和失败诊断。,P05-021-UNIT|P05-021-API|P05-021-E2E,,PLANNED
P05,P05-022,后台查询文件、归属和处理状态,Admin,文件与存储/文件列表,后台查询文件、归属和处理状态,idle|loading|success|empty|error,GET,/admin/v1/files,File Service,attachments|jobs,文件与存储/文件列表,authenticated_user,none,none,用户可在“文件与存储/文件列表”完成“后台查询文件、归属和处理状态”，成功结果与服务端持久化状态一致；无权限、参数错误、重复提交、网络超时和服务异常均返回稳定错误码并呈现可恢复状态；管理后台“文件与存储/文件列表”能够查询或控制该能力，变更写入审计日志。,P05-022-UNIT|P05-022-API|P05-022-E2E,,PLANNED
P05,P05-023,后台重试文件解析任务,Admin,文件与存储/解析任务,后台重试文件解析任务,idle|loading|success|empty|error,POST,/admin/v1/files/{fileId}/reprocess,Job Service,jobs|job_attempts,文件与存储/解析任务,admin,none,document_reprocess,用户可在“文件与存储/解析任务”完成“后台重试文件解析任务”，成功结果与服务端持久化状态一致；无权限、参数错误、重复提交、网络超时和服务异常均返回稳定错误码并呈现可恢复状态；管理后台“文件与存储/解析任务”能够查询或控制该能力，变更写入审计日志；异步任务 document_reprocess 支持进度、取消、重试、幂等和失败诊断。,P05-023-UNIT|P05-023-API|P05-023-E2E,,PLANNED
P05,P05-024,为模型生成短期安全下载地址,Backend,模型附件适配,为模型生成短期安全下载地址,idle|loading|success|empty|error,POST,/internal/v1/files/{fileId}/provider-access,File Service,attachment_provider_refs,文件与存储/供应商引用,authenticated_user,none,none,用户可在“模型附件适配”完成“为模型生成短期安全下载地址”，成功结果与服务端持久化状态一致；无权限、参数错误、重复提交、网络超时和服务异常均返回稳定错误码并呈现可恢复状态；管理后台“文件与存储/供应商引用”能够查询或控制该能力，变更写入审计日志。,P05-024-UNIT|P05-024-API|P05-024-E2E,,PLANNED
P05,P05-025,清理过期上游文件引用,Scheduler,供应商文件引用,清理过期上游文件引用,idle|loading|success|empty|error,N/A,job://provider-file-cleanup,File Worker,attachment_provider_refs,文件与存储/清理任务,system,none,provider_file_cleanup,用户可在“供应商文件引用”完成“清理过期上游文件引用”，成功结果与服务端持久化状态一致；无权限、参数错误、重复提交、网络超时和服务异常均返回稳定错误码并呈现可恢复状态；管理后台“文件与存储/清理任务”能够查询或控制该能力，变更写入审计日志；异步任务 provider_file_cleanup 支持进度、取消、重试、幂等和失败诊断。,P05-025-UNIT|P05-025-API|P05-025-E2E,,PLANNED
P06,P06-001,分页展示项目列表,Android,工作/项目,分页展示项目列表,idle|loading|success|empty|error,GET,/api/mobile/v1/projects,Project Service,projects,项目与知识库/项目列表,authenticated_user,none,none,用户可在“工作/项目”完成“分页展示项目列表”，成功结果与服务端持久化状态一致；无权限、参数错误、重复提交、网络超时和服务异常均返回稳定错误码并呈现可恢复状态；管理后台“项目与知识库/项目列表”能够查询或控制该能力，变更写入审计日志。,P06-001-UNIT|P06-001-API|P06-001-E2E,,PLANNED
P06,P06-002,创建项目和默认工作区关系,Android,新建项目,创建项目和默认工作区关系,idle|loading|success|empty|error,POST,/api/mobile/v1/projects,Project Service,projects|workspace_members,项目与知识库/项目列表,authenticated_user,none,none,用户可在“新建项目”完成“创建项目和默认工作区关系”，成功结果与服务端持久化状态一致；无权限、参数错误、重复提交、网络超时和服务异常均返回稳定错误码并呈现可恢复状态；管理后台“项目与知识库/项目列表”能够查询或控制该能力，变更写入审计日志。,P06-002-UNIT|P06-002-API|P06-002-E2E,,PLANNED
P06,P06-003,查看项目详情和聚合内容,Android,项目详情,查看项目详情和聚合内容,idle|loading|success|empty|error,GET,/api/mobile/v1/projects/{projectId},Project Service,projects|project_files|artifacts|conversations,项目与知识库/项目详情,authenticated_user,none,none,用户可在“项目详情”完成“查看项目详情和聚合内容”，成功结果与服务端持久化状态一致；无权限、参数错误、重复提交、网络超时和服务异常均返回稳定错误码并呈现可恢复状态；管理后台“项目与知识库/项目详情”能够查询或控制该能力，变更写入审计日志。,P06-003-UNIT|P06-003-API|P06-003-E2E,,PLANNED
P06,P06-004,编辑项目名称、描述和默认模型,Android,项目设置,编辑项目名称、描述和默认模型,idle|loading|success|empty|error,PATCH,/api/mobile/v1/projects/{projectId},Project Service,projects,项目与知识库/项目详情,authenticated_user,none,none,用户可在“项目设置”完成“编辑项目名称、描述和默认模型”，成功结果与服务端持久化状态一致；无权限、参数错误、重复提交、网络超时和服务异常均返回稳定错误码并呈现可恢复状态；管理后台“项目与知识库/项目详情”能够查询或控制该能力，变更写入审计日志。,P06-004-UNIT|P06-004-API|P06-004-E2E,,PLANNED
P06,P06-005,归档或删除项目,Android,项目设置,归档或删除项目,idle|loading|success|empty|error,DELETE,/api/mobile/v1/projects/{projectId},Project Service,projects,项目与知识库/项目列表,authenticated_user,none,none,用户可在“项目设置”完成“归档或删除项目”，成功结果与服务端持久化状态一致；无权限、参数错误、重复提交、网络超时和服务异常均返回稳定错误码并呈现可恢复状态；管理后台“项目与知识库/项目列表”能够查询或控制该能力，变更写入审计日志。,P06-005-UNIT|P06-005-API|P06-005-E2E,,PLANNED
P06,P06-006,设置项目专属系统指令,Android,项目设置/指令,设置项目专属系统指令,idle|loading|success|empty|error,PUT,/api/mobile/v1/projects/{projectId}/instructions,Project Service,project_instructions,项目与知识库/项目指令,authenticated_user,none,none,用户可在“项目设置/指令”完成“设置项目专属系统指令”，成功结果与服务端持久化状态一致；无权限、参数错误、重复提交、网络超时和服务异常均返回稳定错误码并呈现可恢复状态；管理后台“项目与知识库/项目指令”能够查询或控制该能力，变更写入审计日志。,P06-006-UNIT|P06-006-API|P06-006-E2E,,PLANNED
P06,P06-007,将会话移入或移出项目,Android,会话菜单,将会话移入或移出项目,idle|loading|success|empty|error,PUT,/api/mobile/v1/conversations/{conversationId}/project,Project Service,conversations|projects,项目与知识库/项目详情,authenticated_user,none,none,用户可在“会话菜单”完成“将会话移入或移出项目”，成功结果与服务端持久化状态一致；无权限、参数错误、重复提交、网络超时和服务异常均返回稳定错误码并呈现可恢复状态；管理后台“项目与知识库/项目详情”能够查询或控制该能力，变更写入审计日志。,P06-007-UNIT|P06-007-API|P06-007-E2E,,PLANNED
P06,P06-008,将文件加入项目知识库,Android,项目/资料,将文件加入项目知识库,idle|loading|success|empty|error,POST,/api/mobile/v1/projects/{projectId}/files,Knowledge Service,project_files|knowledge_documents,项目与知识库/文件,authenticated_user,none,none,用户可在“项目/资料”完成“将文件加入项目知识库”，成功结果与服务端持久化状态一致；无权限、参数错误、重复提交、网络超时和服务异常均返回稳定错误码并呈现可恢复状态；管理后台“项目与知识库/文件”能够查询或控制该能力，变更写入审计日志。,P06-008-UNIT|P06-008-API|P06-008-E2E,,PLANNED
P06,P06-009,将作品关联到项目,Android,作品菜单,将作品关联到项目,idle|loading|success|empty|error,POST,/api/mobile/v1/projects/{projectId}/artifacts,Artifact Service,artifacts|projects,项目与知识库/项目详情,authenticated_user,none,none,用户可在“作品菜单”完成“将作品关联到项目”，成功结果与服务端持久化状态一致；无权限、参数错误、重复提交、网络超时和服务异常均返回稳定错误码并呈现可恢复状态；管理后台“项目与知识库/项目详情”能够查询或控制该能力，变更写入审计日志。,P06-009-UNIT|P06-009-API|P06-009-E2E,,PLANNED
P06,P06-010,对项目文件进行分块和索引,Worker,知识索引,对项目文件进行分块和索引,idle|loading|success|empty|error,N/A,job://knowledge-index,Knowledge Worker,knowledge_documents|knowledge_chunks|knowledge_indexes,项目与知识库/索引任务,authenticated_user,none,knowledge_index,用户可在“知识索引”完成“对项目文件进行分块和索引”，成功结果与服务端持久化状态一致；无权限、参数错误、重复提交、网络超时和服务异常均返回稳定错误码并呈现可恢复状态；管理后台“项目与知识库/索引任务”能够查询或控制该能力，变更写入审计日志；异步任务 knowledge_index 支持进度、取消、重试、幂等和失败诊断。,P06-010-UNIT|P06-010-API|P06-010-E2E,,PLANNED
P06,P06-011,生成向量并保存到 pgvector,Worker,向量索引,生成向量并保存到 pgvector,idle|loading|success|empty|error,N/A,job://embedding-generate,Knowledge Worker,knowledge_chunks|knowledge_indexes,项目与知识库/索引任务,authenticated_user,usage_metered,embedding_generate,用户可在“向量索引”完成“生成向量并保存到 pgvector”，成功结果与服务端持久化状态一致；无权限、参数错误、重复提交、网络超时和服务异常均返回稳定错误码并呈现可恢复状态；管理后台“项目与知识库/索引任务”能够查询或控制该能力，变更写入审计日志；计量、额度预检、冻结、结算或回滚不得重复扣费，账本可对账；异步任务 embedding_generate 支持进度、取消、重试、幂等和失败诊断。,P06-011-UNIT|P06-011-API|P06-011-E2E,,PLANNED
P06,P06-012,基于项目资料执行混合检索,Backend,上下文检索,基于项目资料执行混合检索,idle|loading|success|empty|error,POST,/internal/v1/projects/{projectId}/retrieve,Retrieval Service,knowledge_chunks|retrieval_runs,项目与知识库/检索诊断,authenticated_user,none,none,用户可在“上下文检索”完成“基于项目资料执行混合检索”，成功结果与服务端持久化状态一致；无权限、参数错误、重复提交、网络超时和服务异常均返回稳定错误码并呈现可恢复状态；管理后台“项目与知识库/检索诊断”能够查询或控制该能力，变更写入审计日志。,P06-012-UNIT|P06-012-API|P06-012-E2E,,PLANNED
P06,P06-013,把检索结果编译进模型上下文,Backend,上下文编译,把检索结果编译进模型上下文,idle|loading|success|empty|error,N/A,domain://context/project-knowledge,Context Compiler,retrieval_runs|message_runs,项目与知识库/上下文策略,authenticated_user,none,none,用户可在“上下文编译”完成“把检索结果编译进模型上下文”，成功结果与服务端持久化状态一致；无权限、参数错误、重复提交、网络超时和服务异常均返回稳定错误码并呈现可恢复状态；管理后台“项目与知识库/上下文策略”能够查询或控制该能力，变更写入审计日志。,P06-013-UNIT|P06-013-API|P06-013-E2E,,PLANNED
P06,P06-014,在回答中显示项目文件引用,Android,AI回复/引用,在回答中显示项目文件引用,idle|loading|success|empty|error,GET,/api/mobile/v1/messages/{messageId}/citations,Conversation Service,citations|knowledge_chunks,项目与知识库/引用,authenticated_user,none,none,用户可在“AI回复/引用”完成“在回答中显示项目文件引用”，成功结果与服务端持久化状态一致；无权限、参数错误、重复提交、网络超时和服务异常均返回稳定错误码并呈现可恢复状态；管理后台“项目与知识库/引用”能够查询或控制该能力，变更写入审计日志。,P06-014-UNIT|P06-014-API|P06-014-E2E,,PLANNED
P06,P06-015,显示知识文件索引状态和失败原因,Android,项目/资料,显示知识文件索引状态和失败原因,idle|loading|success|empty|error,GET,/api/mobile/v1/projects/{projectId}/files,Knowledge Service,knowledge_documents|jobs,项目与知识库/索引任务,authenticated_user,none,none,用户可在“项目/资料”完成“显示知识文件索引状态和失败原因”，成功结果与服务端持久化状态一致；无权限、参数错误、重复提交、网络超时和服务异常均返回稳定错误码并呈现可恢复状态；管理后台“项目与知识库/索引任务”能够查询或控制该能力，变更写入审计日志。,P06-015-UNIT|P06-015-API|P06-015-E2E,,PLANNED
P06,P06-016,手动重建单个文件索引,Android,项目/资料,手动重建单个文件索引,idle|loading|success|empty|error,POST,/api/mobile/v1/projects/{projectId}/files/{fileId}/reindex,Knowledge Service,jobs,项目与知识库/索引任务,authenticated_user,none,knowledge_reindex,用户可在“项目/资料”完成“手动重建单个文件索引”，成功结果与服务端持久化状态一致；无权限、参数错误、重复提交、网络超时和服务异常均返回稳定错误码并呈现可恢复状态；管理后台“项目与知识库/索引任务”能够查询或控制该能力，变更写入审计日志；异步任务 knowledge_reindex 支持进度、取消、重试、幂等和失败诊断。,P06-016-UNIT|P06-016-API|P06-016-E2E,,PLANNED
P06,P06-017,搜索项目、会话、文件和作品,Android,工作/搜索,搜索项目、会话、文件和作品,idle|loading|success|empty|error,GET,/api/mobile/v1/workspace/search,Search Service,projects|conversations|attachments|artifacts,项目与知识库/搜索,authenticated_user,none,none,用户可在“工作/搜索”完成“搜索项目、会话、文件和作品”，成功结果与服务端持久化状态一致；无权限、参数错误、重复提交、网络超时和服务异常均返回稳定错误码并呈现可恢复状态；管理后台“项目与知识库/搜索”能够查询或控制该能力，变更写入审计日志。,P06-017-UNIT|P06-017-API|P06-017-E2E,,PLANNED
P06,P06-018,按套餐限制项目数量和索引容量,Backend,项目配额,按套餐限制项目数量和索引容量,idle|loading|success|empty|error,N/A,policy://project-quota,Entitlement Service,quota_counters|entitlement_grants,商业化/权益配置,authenticated_user,none,none,用户可在“项目配额”完成“按套餐限制项目数量和索引容量”，成功结果与服务端持久化状态一致；无权限、参数错误、重复提交、网络超时和服务异常均返回稳定错误码并呈现可恢复状态；管理后台“商业化/权益配置”能够查询或控制该能力，变更写入审计日志。,P06-018-UNIT|P06-018-API|P06-018-E2E,,PLANNED
P06,P06-019,后台查询项目和知识索引健康,Admin,项目与知识库/诊断,后台查询项目和知识索引健康,idle|loading|success|empty|error,GET,/admin/v1/projects/{projectId}/diagnostics,Knowledge Service,projects|knowledge_indexes|retrieval_runs,项目与知识库/诊断,authenticated_user,none,none,用户可在“项目与知识库/诊断”完成“后台查询项目和知识索引健康”，成功结果与服务端持久化状态一致；无权限、参数错误、重复提交、网络超时和服务异常均返回稳定错误码并呈现可恢复状态；管理后台“项目与知识库/诊断”能够查询或控制该能力，变更写入审计日志。,P06-019-UNIT|P06-019-API|P06-019-E2E,,PLANNED
P06,P06-020,后台执行检索测试和结果解释,Admin,项目与知识库/检索测试,后台执行检索测试和结果解释,idle|loading|success|empty|error,POST,/admin/v1/projects/{projectId}/retrieval-test,Retrieval Service,retrieval_runs,项目与知识库/检索测试,authenticated_user,none,none,用户可在“项目与知识库/检索测试”完成“后台执行检索测试和结果解释”，成功结果与服务端持久化状态一致；无权限、参数错误、重复提交、网络超时和服务异常均返回稳定错误码并呈现可恢复状态；管理后台“项目与知识库/检索测试”能够查询或控制该能力，变更写入审计日志。,P06-020-UNIT|P06-020-API|P06-020-E2E,,PLANNED
P07,P07-001,展示图片工作台首页,Android,工作/图片,展示图片工作台首页,idle|loading|success|empty|error,GET,/api/mobile/v1/image-workspace,Mobile BFF,artifacts|jobs,AI工具/图片配置,authenticated_user,none,none,用户可在“工作/图片”完成“展示图片工作台首页”，成功结果与服务端持久化状态一致；无权限、参数错误、重复提交、网络超时和服务异常均返回稳定错误码并呈现可恢复状态；管理后台“AI工具/图片配置”能够查询或控制该能力，变更写入审计日志。,P07-001-UNIT|P07-001-API|P07-001-E2E,,PLANNED
P07,P07-002,选择图片生成或编辑模式,Android,图片工作台,选择图片生成或编辑模式,idle|loading|success|empty|error,N/A,android://image-mode,Android UI,local_form_state,AI工具/图片配置,authenticated_user,none,none,用户可在“图片工作台”完成“选择图片生成或编辑模式”，成功结果与服务端持久化状态一致；无权限、参数错误、重复提交、网络超时和服务异常均返回稳定错误码并呈现可恢复状态；管理后台“AI工具/图片配置”能够查询或控制该能力，变更写入审计日志。,P07-002-UNIT|P07-002-API|P07-002-E2E,,PLANNED
P07,P07-003,输入和保存图片提示词,Android,图片工作台,输入和保存图片提示词,idle|loading|success|empty|error,N/A,android://image-prompt,Android UI,local_drafts,—,authenticated_user,none,none,用户可在“图片工作台”完成“输入和保存图片提示词”，成功结果与服务端持久化状态一致；无权限、参数错误、重复提交、网络超时和服务异常均返回稳定错误码并呈现可恢复状态。,P07-003-UNIT|P07-003-API|P07-003-E2E,,PLANNED
P07,P07-004,选择图片模型,Android,图片工作台,选择图片模型,idle|loading|success|empty|error,GET,/api/mobile/v1/models?capability=image_generation,Model Catalog Service,models|model_capabilities,AI工具/图片模型,authenticated_user,none,none,用户可在“图片工作台”完成“选择图片模型”，成功结果与服务端持久化状态一致；无权限、参数错误、重复提交、网络超时和服务异常均返回稳定错误码并呈现可恢复状态；管理后台“AI工具/图片模型”能够查询或控制该能力，变更写入审计日志。,P07-004-UNIT|P07-004-API|P07-004-E2E,,PLANNED
P07,P07-005,选择比例、数量、质量和风格,Android,图片工作台,选择比例、数量、质量和风格,idle|loading|success|empty|error,GET,/api/mobile/v1/tools/image/options,Tool Configuration Service,tool_configs,AI工具/图片配置,authenticated_user,none,none,用户可在“图片工作台”完成“选择比例、数量、质量和风格”，成功结果与服务端持久化状态一致；无权限、参数错误、重复提交、网络超时和服务异常均返回稳定错误码并呈现可恢复状态；管理后台“AI工具/图片配置”能够查询或控制该能力，变更写入审计日志。,P07-005-UNIT|P07-005-API|P07-005-E2E,,PLANNED
P07,P07-006,上传参考图或待编辑图片,Android,图片工作台,上传参考图或待编辑图片,idle|loading|success|empty|error,POST,/api/mobile/v1/files/uploads,File Service,attachments,文件与存储/文件列表,authenticated_user,none,none,用户可在“图片工作台”完成“上传参考图或待编辑图片”，成功结果与服务端持久化状态一致；无权限、参数错误、重复提交、网络超时和服务异常均返回稳定错误码并呈现可恢复状态；管理后台“文件与存储/文件列表”能够查询或控制该能力，变更写入审计日志。,P07-006-UNIT|P07-006-API|P07-006-E2E,,PLANNED
P07,P07-007,提交异步图片生成任务,Android,图片工作台,提交异步图片生成任务,idle|loading|success|empty|error,POST,/api/mobile/v1/images/generations,Image Job Service,jobs|image_generation_requests,AI工具/图片任务,authenticated_user,usage_metered,image_generation,用户可在“图片工作台”完成“提交异步图片生成任务”，成功结果与服务端持久化状态一致；无权限、参数错误、重复提交、网络超时和服务异常均返回稳定错误码并呈现可恢复状态；管理后台“AI工具/图片任务”能够查询或控制该能力，变更写入审计日志；计量、额度预检、冻结、结算或回滚不得重复扣费，账本可对账；异步任务 image_generation 支持进度、取消、重试、幂等和失败诊断。,P07-007-UNIT|P07-007-API|P07-007-E2E,,PLANNED
P07,P07-008,提交异步图片编辑任务,Android,图片工作台,提交异步图片编辑任务,idle|loading|success|empty|error,POST,/api/mobile/v1/images/edits,Image Job Service,jobs|image_edit_requests,AI工具/图片任务,authenticated_user,usage_metered,image_edit,用户可在“图片工作台”完成“提交异步图片编辑任务”，成功结果与服务端持久化状态一致；无权限、参数错误、重复提交、网络超时和服务异常均返回稳定错误码并呈现可恢复状态；管理后台“AI工具/图片任务”能够查询或控制该能力，变更写入审计日志；计量、额度预检、冻结、结算或回滚不得重复扣费，账本可对账；异步任务 image_edit 支持进度、取消、重试、幂等和失败诊断。,P07-008-UNIT|P07-008-API|P07-008-E2E,,PLANNED
P07,P07-009,预检额度并冻结预计费用,Backend,图片任务提交,预检额度并冻结预计费用,idle|loading|success|empty|error,N/A,domain://billing/reserve,Billing Service,ledger_transactions|credit_reservations,商业化/冻结记录,authenticated_user,usage_metered,none,用户可在“图片任务提交”完成“预检额度并冻结预计费用”，成功结果与服务端持久化状态一致；无权限、参数错误、重复提交、网络超时和服务异常均返回稳定错误码并呈现可恢复状态；管理后台“商业化/冻结记录”能够查询或控制该能力，变更写入审计日志；计量、额度预检、冻结、结算或回滚不得重复扣费，账本可对账。,P07-009-UNIT|P07-009-API|P07-009-E2E,,PLANNED
P07,P07-010,轮询或订阅图片任务进度,Android,任务详情,轮询或订阅图片任务进度,idle|loading|success|empty|error,GET,/api/mobile/v1/jobs/{jobId}/events,Job Service,jobs|job_events,AI工具/图片任务,authenticated_user,none,none,用户可在“任务详情”完成“轮询或订阅图片任务进度”，成功结果与服务端持久化状态一致；无权限、参数错误、重复提交、网络超时和服务异常均返回稳定错误码并呈现可恢复状态；管理后台“AI工具/图片任务”能够查询或控制该能力，变更写入审计日志。,P07-010-UNIT|P07-010-API|P07-010-E2E,,PLANNED
P07,P07-011,取消等待或运行中的图片任务,Android,任务详情,取消等待或运行中的图片任务,idle|loading|success|empty|error,POST,/api/mobile/v1/jobs/{jobId}/cancel,Job Service,jobs,AI工具/图片任务,authenticated_user,none,none,用户可在“任务详情”完成“取消等待或运行中的图片任务”，成功结果与服务端持久化状态一致；无权限、参数错误、重复提交、网络超时和服务异常均返回稳定错误码并呈现可恢复状态；管理后台“AI工具/图片任务”能够查询或控制该能力，变更写入审计日志。,P07-011-UNIT|P07-011-API|P07-011-E2E,,PLANNED
P07,P07-012,重试可恢复的失败图片任务,Android,任务详情,重试可恢复的失败图片任务,idle|loading|success|empty|error,POST,/api/mobile/v1/jobs/{jobId}/retry,Job Service,jobs|job_attempts,AI工具/图片任务,authenticated_user,usage_metered,image_retry,用户可在“任务详情”完成“重试可恢复的失败图片任务”，成功结果与服务端持久化状态一致；无权限、参数错误、重复提交、网络超时和服务异常均返回稳定错误码并呈现可恢复状态；管理后台“AI工具/图片任务”能够查询或控制该能力，变更写入审计日志；计量、额度预检、冻结、结算或回滚不得重复扣费，账本可对账；异步任务 image_retry 支持进度、取消、重试、幂等和失败诊断。,P07-012-UNIT|P07-012-API|P07-012-E2E,,PLANNED
P07,P07-013,任务完成后生成系统通知,Worker,任务通知,任务完成后生成系统通知,idle|loading|success|empty|error,N/A,job://notify-job-complete,Notification Worker,notifications|notification_deliveries,通知中心/模板,authenticated_user,none,job_notification,用户可在“任务通知”完成“任务完成后生成系统通知”，成功结果与服务端持久化状态一致；无权限、参数错误、重复提交、网络超时和服务异常均返回稳定错误码并呈现可恢复状态；管理后台“通知中心/模板”能够查询或控制该能力，变更写入审计日志；异步任务 job_notification 支持进度、取消、重试、幂等和失败诊断。,P07-013-UNIT|P07-013-API|P07-013-E2E,,PLANNED
P07,P07-014,将生成结果保存为图片作品,Backend,图片结果,将生成结果保存为图片作品,idle|loading|success|empty|error,N/A,domain://artifacts/image-create,Artifact Service,artifacts|artifact_versions|artifact_assets,作品中心/图片作品,authenticated_user,none,none,用户可在“图片结果”完成“将生成结果保存为图片作品”，成功结果与服务端持久化状态一致；无权限、参数错误、重复提交、网络超时和服务异常均返回稳定错误码并呈现可恢复状态；管理后台“作品中心/图片作品”能够查询或控制该能力，变更写入审计日志。,P07-014-UNIT|P07-014-API|P07-014-E2E,,PLANNED
P07,P07-015,显示生成图片网格和详情,Android,图片结果,显示生成图片网格和详情,idle|loading|success|empty|error,GET,/api/mobile/v1/artifacts/{artifactId},Artifact Service,artifacts|artifact_assets,作品中心/作品详情,authenticated_user,none,none,用户可在“图片结果”完成“显示生成图片网格和详情”，成功结果与服务端持久化状态一致；无权限、参数错误、重复提交、网络超时和服务异常均返回稳定错误码并呈现可恢复状态；管理后台“作品中心/作品详情”能够查询或控制该能力，变更写入审计日志。,P07-015-UNIT|P07-015-API|P07-015-E2E,,PLANNED
P07,P07-016,下载或分享生成图片,Android,图片详情,下载或分享生成图片,idle|loading|success|empty|error,GET,/api/mobile/v1/artifacts/{artifactId}/download,Download Service,download_events,作品中心/下载记录,authenticated_user,none,none,用户可在“图片详情”完成“下载或分享生成图片”，成功结果与服务端持久化状态一致；无权限、参数错误、重复提交、网络超时和服务异常均返回稳定错误码并呈现可恢复状态；管理后台“作品中心/下载记录”能够查询或控制该能力，变更写入审计日志。,P07-016-UNIT|P07-016-API|P07-016-E2E,,PLANNED
P07,P07-017,基于作品继续编辑并创建新版本,Android,图片详情,基于作品继续编辑并创建新版本,idle|loading|success|empty|error,POST,/api/mobile/v1/artifacts/{artifactId}/versions,Artifact Service,artifact_versions|jobs,作品中心/作品版本,authenticated_user,usage_metered,image_edit,用户可在“图片详情”完成“基于作品继续编辑并创建新版本”，成功结果与服务端持久化状态一致；无权限、参数错误、重复提交、网络超时和服务异常均返回稳定错误码并呈现可恢复状态；管理后台“作品中心/作品版本”能够查询或控制该能力，变更写入审计日志；计量、额度预检、冻结、结算或回滚不得重复扣费，账本可对账；异步任务 image_edit 支持进度、取消、重试、幂等和失败诊断。,P07-017-UNIT|P07-017-API|P07-017-E2E,,PLANNED
P07,P07-018,对输入和输出执行内容安全检查,Security,图片任务,对输入和输出执行内容安全检查,idle|loading|success|empty|error,N/A,policy://image-safety,Content Safety Service,content_safety_events,安全与审计/内容安全,authenticated_user,none,none,用户可在“图片任务”完成“对输入和输出执行内容安全检查”，成功结果与服务端持久化状态一致；无权限、参数错误、重复提交、网络超时和服务异常均返回稳定错误码并呈现可恢复状态；管理后台“安全与审计/内容安全”能够查询或控制该能力，变更写入审计日志。,P07-018-UNIT|P07-018-API|P07-018-E2E,,PLANNED
P07,P07-019,按实际结果结算或释放冻结额度,Backend,图片任务完成,按实际结果结算或释放冻结额度,idle|loading|success|empty|error,N/A,domain://billing/settle-reservation,Billing Service,credit_reservations|ledger_entries,商业化/账本,authenticated_user,usage_metered,none,用户可在“图片任务完成”完成“按实际结果结算或释放冻结额度”，成功结果与服务端持久化状态一致；无权限、参数错误、重复提交、网络超时和服务异常均返回稳定错误码并呈现可恢复状态；管理后台“商业化/账本”能够查询或控制该能力，变更写入审计日志；计量、额度预检、冻结、结算或回滚不得重复扣费，账本可对账。,P07-019-UNIT|P07-019-API|P07-019-E2E,,PLANNED
P07,P07-020,后台查询图片任务和供应商响应,Admin,AI工具/图片任务,后台查询图片任务和供应商响应,idle|loading|success|empty|error,GET,/admin/v1/image-jobs,Image Job Service,jobs|job_attempts,AI工具/图片任务,authenticated_user,none,none,用户可在“AI工具/图片任务”完成“后台查询图片任务和供应商响应”，成功结果与服务端持久化状态一致；无权限、参数错误、重复提交、网络超时和服务异常均返回稳定错误码并呈现可恢复状态；管理后台“AI工具/图片任务”能够查询或控制该能力，变更写入审计日志。,P07-020-UNIT|P07-020-API|P07-020-E2E,,PLANNED
P07,P07-021,后台配置图片模型、参数和定价,Admin,AI工具/图片配置,后台配置图片模型、参数和定价,idle|loading|success|empty|error,PUT,/admin/v1/tools/image/config,Tool Configuration Service,tool_configs|model_price_versions,AI工具/图片配置,authenticated_user,none,none,用户可在“AI工具/图片配置”完成“后台配置图片模型、参数和定价”，成功结果与服务端持久化状态一致；无权限、参数错误、重复提交、网络超时和服务异常均返回稳定错误码并呈现可恢复状态；管理后台“AI工具/图片配置”能够查询或控制该能力，变更写入审计日志。,P07-021-UNIT|P07-021-API|P07-021-E2E,,PLANNED
P07,P07-022,后台人工重试或终止异常图片任务,Admin,AI工具/图片任务,后台人工重试或终止异常图片任务,idle|loading|success|empty|error,POST,/admin/v1/jobs/{jobId}/action,Job Service,jobs|audit_logs,AI工具/图片任务,admin,none,image_admin_action,用户可在“AI工具/图片任务”完成“后台人工重试或终止异常图片任务”，成功结果与服务端持久化状态一致；无权限、参数错误、重复提交、网络超时和服务异常均返回稳定错误码并呈现可恢复状态；管理后台“AI工具/图片任务”能够查询或控制该能力，变更写入审计日志；异步任务 image_admin_action 支持进度、取消、重试、幂等和失败诊断。,P07-022-UNIT|P07-022-API|P07-022-E2E,,PLANNED
P08,P08-001,创建 PPT 项目并保存草稿,Android,工作/PPT向导,创建 PPT 项目并保存草稿,idle|loading|success|empty|error,POST,/api/mobile/v1/presentations,Presentation Service,presentation_projects,AI工具/PPT项目,authenticated_user,none,none,用户可在“工作/PPT向导”完成“创建 PPT 项目并保存草稿”，成功结果与服务端持久化状态一致；无权限、参数错误、重复提交、网络超时和服务异常均返回稳定错误码并呈现可恢复状态；管理后台“AI工具/PPT项目”能够查询或控制该能力，变更写入审计日志。,P08-001-UNIT|P08-001-API|P08-001-E2E,,PLANNED
P08,P08-002,填写主题、用途、受众、语言和页数,Android,PPT向导/基本信息,填写主题、用途、受众、语言和页数,idle|loading|success|empty|error,PATCH,/api/mobile/v1/presentations/{presentationId},Presentation Service,presentation_projects,AI工具/PPT项目,authenticated_user,none,none,用户可在“PPT向导/基本信息”完成“填写主题、用途、受众、语言和页数”，成功结果与服务端持久化状态一致；无权限、参数错误、重复提交、网络超时和服务异常均返回稳定错误码并呈现可恢复状态；管理后台“AI工具/PPT项目”能够查询或控制该能力，变更写入审计日志。,P08-002-UNIT|P08-002-API|P08-002-E2E,,PLANNED
P08,P08-003,添加 PDF、Word、Excel 或已有 PPT 资料,Android,PPT向导/资料,添加 PDF、Word、Excel 或已有 PPT 资料,idle|loading|success|empty|error,POST,/api/mobile/v1/presentations/{presentationId}/sources,Presentation Service,presentation_sources|attachments,AI工具/PPT项目,authenticated_user,none,none,用户可在“PPT向导/资料”完成“添加 PDF、Word、Excel 或已有 PPT 资料”，成功结果与服务端持久化状态一致；无权限、参数错误、重复提交、网络超时和服务异常均返回稳定错误码并呈现可恢复状态；管理后台“AI工具/PPT项目”能够查询或控制该能力，变更写入审计日志。,P08-003-UNIT|P08-003-API|P08-003-E2E,,PLANNED
P08,P08-004,选择 PPT 风格和模板,Android,PPT向导/模板,选择 PPT 风格和模板,idle|loading|success|empty|error,GET,/api/mobile/v1/presentation-templates,Template Service,presentation_templates,AI工具/PPT模板,authenticated_user,none,none,用户可在“PPT向导/模板”完成“选择 PPT 风格和模板”，成功结果与服务端持久化状态一致；无权限、参数错误、重复提交、网络超时和服务异常均返回稳定错误码并呈现可恢复状态；管理后台“AI工具/PPT模板”能够查询或控制该能力，变更写入审计日志。,P08-004-UNIT|P08-004-API|P08-004-E2E,,PLANNED
P08,P08-005,生成结构化 PPT 大纲,Android,PPT向导/大纲,生成结构化 PPT 大纲,idle|loading|success|empty|error,POST,/api/mobile/v1/presentations/{presentationId}/outline,Presentation Job Service,jobs|presentation_outlines,AI工具/PPT任务,authenticated_user,usage_metered,ppt_outline_generation,用户可在“PPT向导/大纲”完成“生成结构化 PPT 大纲”，成功结果与服务端持久化状态一致；无权限、参数错误、重复提交、网络超时和服务异常均返回稳定错误码并呈现可恢复状态；管理后台“AI工具/PPT任务”能够查询或控制该能力，变更写入审计日志；计量、额度预检、冻结、结算或回滚不得重复扣费，账本可对账；异步任务 ppt_outline_generation 支持进度、取消、重试、幂等和失败诊断。,P08-005-UNIT|P08-005-API|P08-005-E2E,,PLANNED
P08,P08-006,编辑章节、页面标题和核心内容,Android,PPT大纲编辑,编辑章节、页面标题和核心内容,idle|loading|success|empty|error,PUT,/api/mobile/v1/presentations/{presentationId}/outline,Presentation Service,presentation_outlines,AI工具/PPT项目,authenticated_user,none,none,用户可在“PPT大纲编辑”完成“编辑章节、页面标题和核心内容”，成功结果与服务端持久化状态一致；无权限、参数错误、重复提交、网络超时和服务异常均返回稳定错误码并呈现可恢复状态；管理后台“AI工具/PPT项目”能够查询或控制该能力，变更写入审计日志。,P08-006-UNIT|P08-006-API|P08-006-E2E,,PLANNED
P08,P08-007,确认大纲后锁定渲染输入版本,Android,PPT大纲编辑,确认大纲后锁定渲染输入版本,idle|loading|success|empty|error,POST,/api/mobile/v1/presentations/{presentationId}/outline/approve,Presentation Service,presentation_outlines,AI工具/PPT项目,authenticated_user,none,none,用户可在“PPT大纲编辑”完成“确认大纲后锁定渲染输入版本”，成功结果与服务端持久化状态一致；无权限、参数错误、重复提交、网络超时和服务异常均返回稳定错误码并呈现可恢复状态；管理后台“AI工具/PPT项目”能够查询或控制该能力，变更写入审计日志。,P08-007-UNIT|P08-007-API|P08-007-E2E,,PLANNED
P08,P08-008,生成符合 Schema 的 Deck JSON,Worker,PPT内容生成,生成符合 Schema 的 Deck JSON,idle|loading|success|empty|error,N/A,job://ppt-deck-json,Presentation Worker,presentation_decks|jobs,AI工具/PPT任务,authenticated_user,usage_metered,ppt_deck_generation,用户可在“PPT内容生成”完成“生成符合 Schema 的 Deck JSON”，成功结果与服务端持久化状态一致；无权限、参数错误、重复提交、网络超时和服务异常均返回稳定错误码并呈现可恢复状态；管理后台“AI工具/PPT任务”能够查询或控制该能力，变更写入审计日志；计量、额度预检、冻结、结算或回滚不得重复扣费，账本可对账；异步任务 ppt_deck_generation 支持进度、取消、重试、幂等和失败诊断。,P08-008-UNIT|P08-008-API|P08-008-E2E,,PLANNED
P08,P08-009,校验 Deck JSON 结构和文本溢出风险,Worker,PPT结构校验,校验 Deck JSON 结构和文本溢出风险,idle|loading|success|empty|error,N/A,job://ppt-deck-validate,Presentation Worker,presentation_decks|validation_results,AI工具/PPT诊断,authenticated_user,none,ppt_validation,用户可在“PPT结构校验”完成“校验 Deck JSON 结构和文本溢出风险”，成功结果与服务端持久化状态一致；无权限、参数错误、重复提交、网络超时和服务异常均返回稳定错误码并呈现可恢复状态；管理后台“AI工具/PPT诊断”能够查询或控制该能力，变更写入审计日志；异步任务 ppt_validation 支持进度、取消、重试、幂等和失败诊断。,P08-009-UNIT|P08-009-API|P08-009-E2E,,PLANNED
P08,P08-010,确定性渲染中文文本和版式,Worker,PPT渲染,确定性渲染中文文本和版式,idle|loading|success|empty|error,N/A,job://pptx-render,Presentation Worker,presentation_renders|artifact_assets,AI工具/PPT任务,authenticated_user,usage_metered,pptx_render,用户可在“PPT渲染”完成“确定性渲染中文文本和版式”，成功结果与服务端持久化状态一致；无权限、参数错误、重复提交、网络超时和服务异常均返回稳定错误码并呈现可恢复状态；管理后台“AI工具/PPT任务”能够查询或控制该能力，变更写入审计日志；计量、额度预检、冻结、结算或回滚不得重复扣费，账本可对账；异步任务 pptx_render 支持进度、取消、重试、幂等和失败诊断。,P08-010-UNIT|P08-010-API|P08-010-E2E,,PLANNED
P08,P08-011,生成 PPTX 文件,Worker,PPT渲染,生成 PPTX 文件,idle|loading|success|empty|error,N/A,artifact://pptx,Presentation Worker,artifact_versions|artifact_assets,作品中心/PPT作品,authenticated_user,none,pptx_render,用户可在“PPT渲染”完成“生成 PPTX 文件”，成功结果与服务端持久化状态一致；无权限、参数错误、重复提交、网络超时和服务异常均返回稳定错误码并呈现可恢复状态；管理后台“作品中心/PPT作品”能够查询或控制该能力，变更写入审计日志；异步任务 pptx_render 支持进度、取消、重试、幂等和失败诊断。,P08-011-UNIT|P08-011-API|P08-011-E2E,,PLANNED
P08,P08-012,生成 PDF 和每页预览图,Worker,PPT预览,生成 PDF 和每页预览图,idle|loading|success|empty|error,N/A,job://ppt-preview-render,Presentation Worker,presentation_renders|artifact_assets,AI工具/PPT任务,authenticated_user,none,ppt_preview_render,用户可在“PPT预览”完成“生成 PDF 和每页预览图”，成功结果与服务端持久化状态一致；无权限、参数错误、重复提交、网络超时和服务异常均返回稳定错误码并呈现可恢复状态；管理后台“AI工具/PPT任务”能够查询或控制该能力，变更写入审计日志；异步任务 ppt_preview_render 支持进度、取消、重试、幂等和失败诊断。,P08-012-UNIT|P08-012-API|P08-012-E2E,,PLANNED
P08,P08-013,显示异步生成进度和阶段,Android,PPT任务详情,显示异步生成进度和阶段,idle|loading|success|empty|error,GET,/api/mobile/v1/jobs/{jobId}/events,Job Service,jobs|job_events,AI工具/PPT任务,authenticated_user,none,none,用户可在“PPT任务详情”完成“显示异步生成进度和阶段”，成功结果与服务端持久化状态一致；无权限、参数错误、重复提交、网络超时和服务异常均返回稳定错误码并呈现可恢复状态；管理后台“AI工具/PPT任务”能够查询或控制该能力，变更写入审计日志。,P08-013-UNIT|P08-013-API|P08-013-E2E,,PLANNED
P08,P08-014,预览和横向浏览每页幻灯片,Android,PPT预览,预览和横向浏览每页幻灯片,idle|loading|success|empty|error,GET,/api/mobile/v1/presentations/{presentationId}/slides,Presentation Service,presentation_slides|artifact_assets,AI工具/PPT项目,authenticated_user,none,none,用户可在“PPT预览”完成“预览和横向浏览每页幻灯片”，成功结果与服务端持久化状态一致；无权限、参数错误、重复提交、网络超时和服务异常均返回稳定错误码并呈现可恢复状态；管理后台“AI工具/PPT项目”能够查询或控制该能力，变更写入审计日志。,P08-014-UNIT|P08-014-API|P08-014-E2E,,PLANNED
P08,P08-015,拖动调整页面顺序,Android,PPT预览,拖动调整页面顺序,idle|loading|success|empty|error,PUT,/api/mobile/v1/presentations/{presentationId}/slide-order,Presentation Service,presentation_slides,AI工具/PPT项目,authenticated_user,none,none,用户可在“PPT预览”完成“拖动调整页面顺序”，成功结果与服务端持久化状态一致；无权限、参数错误、重复提交、网络超时和服务异常均返回稳定错误码并呈现可恢复状态；管理后台“AI工具/PPT项目”能够查询或控制该能力，变更写入审计日志。,P08-015-UNIT|P08-015-API|P08-015-E2E,,PLANNED
P08,P08-016,重新生成单页内容,Android,PPT单页编辑,重新生成单页内容,idle|loading|success|empty|error,POST,/api/mobile/v1/presentations/{presentationId}/slides/{slideId}/regenerate,Presentation Job Service,jobs|presentation_slides,AI工具/PPT任务,authenticated_user,usage_metered,ppt_slide_regenerate,用户可在“PPT单页编辑”完成“重新生成单页内容”，成功结果与服务端持久化状态一致；无权限、参数错误、重复提交、网络超时和服务异常均返回稳定错误码并呈现可恢复状态；管理后台“AI工具/PPT任务”能够查询或控制该能力，变更写入审计日志；计量、额度预检、冻结、结算或回滚不得重复扣费，账本可对账；异步任务 ppt_slide_regenerate 支持进度、取消、重试、幂等和失败诊断。,P08-016-UNIT|P08-016-API|P08-016-E2E,,PLANNED
P08,P08-017,更换单页版式,Android,PPT单页编辑,更换单页版式,idle|loading|success|empty|error,PUT,/api/mobile/v1/presentations/{presentationId}/slides/{slideId}/layout,Presentation Service,presentation_slides,AI工具/PPT模板,authenticated_user,none,none,用户可在“PPT单页编辑”完成“更换单页版式”，成功结果与服务端持久化状态一致；无权限、参数错误、重复提交、网络超时和服务异常均返回稳定错误码并呈现可恢复状态；管理后台“AI工具/PPT模板”能够查询或控制该能力，变更写入审计日志。,P08-017-UNIT|P08-017-API|P08-017-E2E,,PLANNED
P08,P08-018,替换单页图片或图表数据,Android,PPT单页编辑,替换单页图片或图表数据,idle|loading|success|empty|error,PUT,/api/mobile/v1/presentations/{presentationId}/slides/{slideId}/assets,Presentation Service,presentation_slides|artifact_assets,AI工具/PPT项目,authenticated_user,none,none,用户可在“PPT单页编辑”完成“替换单页图片或图表数据”，成功结果与服务端持久化状态一致；无权限、参数错误、重复提交、网络超时和服务异常均返回稳定错误码并呈现可恢复状态；管理后台“AI工具/PPT项目”能够查询或控制该能力，变更写入审计日志。,P08-018-UNIT|P08-018-API|P08-018-E2E,,PLANNED
P08,P08-019,为每次修改创建作品版本,Backend,PPT版本,为每次修改创建作品版本,idle|loading|success|empty|error,POST,/api/mobile/v1/presentations/{presentationId}/versions,Artifact Service,artifacts|artifact_versions,作品中心/作品版本,authenticated_user,none,none,用户可在“PPT版本”完成“为每次修改创建作品版本”，成功结果与服务端持久化状态一致；无权限、参数错误、重复提交、网络超时和服务异常均返回稳定错误码并呈现可恢复状态；管理后台“作品中心/作品版本”能够查询或控制该能力，变更写入审计日志。,P08-019-UNIT|P08-019-API|P08-019-E2E,,PLANNED
P08,P08-020,下载 PPTX 或 PDF,Android,PPT详情,下载 PPTX 或 PDF,idle|loading|success|empty|error,GET,/api/mobile/v1/presentations/{presentationId}/download?format={format},Download Service,artifact_assets|download_events,作品中心/下载记录,authenticated_user,none,none,用户可在“PPT详情”完成“下载 PPTX 或 PDF”，成功结果与服务端持久化状态一致；无权限、参数错误、重复提交、网络超时和服务异常均返回稳定错误码并呈现可恢复状态；管理后台“作品中心/下载记录”能够查询或控制该能力，变更写入审计日志。,P08-020-UNIT|P08-020-API|P08-020-E2E,,PLANNED
P08,P08-021,复制 PPT 项目继续创作,Android,PPT详情,复制 PPT 项目继续创作,idle|loading|success|empty|error,POST,/api/mobile/v1/presentations/{presentationId}/duplicate,Presentation Service,presentation_projects|presentation_decks,AI工具/PPT项目,authenticated_user,none,none,用户可在“PPT详情”完成“复制 PPT 项目继续创作”，成功结果与服务端持久化状态一致；无权限、参数错误、重复提交、网络超时和服务异常均返回稳定错误码并呈现可恢复状态；管理后台“AI工具/PPT项目”能够查询或控制该能力，变更写入审计日志。,P08-021-UNIT|P08-021-API|P08-021-E2E,,PLANNED
P08,P08-022,后台管理 PPT 模板、母版和品牌包,Admin,AI工具/PPT模板,后台管理 PPT 模板、母版和品牌包,idle|loading|success|empty|error,GET|POST,/admin/v1/presentation-templates,Template Service,presentation_templates|brand_kits,AI工具/PPT模板,authenticated_user,none,none,用户可在“AI工具/PPT模板”完成“后台管理 PPT 模板、母版和品牌包”，成功结果与服务端持久化状态一致；无权限、参数错误、重复提交、网络超时和服务异常均返回稳定错误码并呈现可恢复状态；管理后台“AI工具/PPT模板”能够查询或控制该能力，变更写入审计日志。,P08-022-UNIT|P08-022-API|P08-022-E2E,,PLANNED
P08,P08-023,后台诊断文字溢出、字体和渲染失败,Admin,AI工具/PPT诊断,后台诊断文字溢出、字体和渲染失败,idle|loading|success|empty|error,GET,/admin/v1/presentation-renders/{renderId}/diagnostics,Presentation Worker,validation_results|job_attempts,AI工具/PPT诊断,authenticated_user,none,none,用户可在“AI工具/PPT诊断”完成“后台诊断文字溢出、字体和渲染失败”，成功结果与服务端持久化状态一致；无权限、参数错误、重复提交、网络超时和服务异常均返回稳定错误码并呈现可恢复状态；管理后台“AI工具/PPT诊断”能够查询或控制该能力，变更写入审计日志。,P08-023-UNIT|P08-023-API|P08-023-E2E,,PLANNED
P08,P08-024,后台重试或取消 PPT 渲染任务,Admin,AI工具/PPT任务,后台重试或取消 PPT 渲染任务,idle|loading|success|empty|error,POST,/admin/v1/jobs/{jobId}/action,Job Service,jobs|audit_logs,AI工具/PPT任务,admin,none,ppt_admin_action,用户可在“AI工具/PPT任务”完成“后台重试或取消 PPT 渲染任务”，成功结果与服务端持久化状态一致；无权限、参数错误、重复提交、网络超时和服务异常均返回稳定错误码并呈现可恢复状态；管理后台“AI工具/PPT任务”能够查询或控制该能力，变更写入审计日志；异步任务 ppt_admin_action 支持进度、取消、重试、幂等和失败诊断。,P08-024-UNIT|P08-024-API|P08-024-E2E,,PLANNED
P08,P08-025,按大纲、模型、图片和渲染成本结算,Backend,PPT计费,按大纲、模型、图片和渲染成本结算,idle|loading|success|empty|error,N/A,domain://billing/presentation-settle,Billing Service,usage_events|ledger_entries,商业化/账本,authenticated_user,usage_metered,none,用户可在“PPT计费”完成“按大纲、模型、图片和渲染成本结算”，成功结果与服务端持久化状态一致；无权限、参数错误、重复提交、网络超时和服务异常均返回稳定错误码并呈现可恢复状态；管理后台“商业化/账本”能够查询或控制该能力，变更写入审计日志；计量、额度预检、冻结、结算或回滚不得重复扣费，账本可对账。,P08-025-UNIT|P08-025-API|P08-025-E2E,,PLANNED
P09,P09-001,工作页聚合工具、项目、作品和任务,Android,工作,工作页聚合工具、项目、作品和任务,idle|loading|success|empty|error,GET,/api/mobile/v1/work,Mobile BFF,projects|artifacts|jobs,内容运营/工作页配置,authenticated_user,none,none,用户可在“工作”完成“工作页聚合工具、项目、作品和任务”，成功结果与服务端持久化状态一致；无权限、参数错误、重复提交、网络超时和服务异常均返回稳定错误码并呈现可恢复状态；管理后台“内容运营/工作页配置”能够查询或控制该能力，变更写入审计日志。,P09-001-UNIT|P09-001-API|P09-001-E2E,,PLANNED
P09,P09-002,按工具分类展示 AI 能力入口,Android,工作/工具,按工具分类展示 AI 能力入口,idle|loading|success|empty|error,GET,/api/mobile/v1/tools,Tool Configuration Service,tool_configs,AI工具/工具目录,authenticated_user,none,none,用户可在“工作/工具”完成“按工具分类展示 AI 能力入口”，成功结果与服务端持久化状态一致；无权限、参数错误、重复提交、网络超时和服务异常均返回稳定错误码并呈现可恢复状态；管理后台“AI工具/工具目录”能够查询或控制该能力，变更写入审计日志。,P09-002-UNIT|P09-002-API|P09-002-E2E,,PLANNED
P09,P09-003,按类型和时间展示作品库,Android,工作/作品,按类型和时间展示作品库,idle|loading|success|empty|error,GET,/api/mobile/v1/artifacts,Artifact Service,artifacts|artifact_versions,作品中心/作品列表,authenticated_user,none,none,用户可在“工作/作品”完成“按类型和时间展示作品库”，成功结果与服务端持久化状态一致；无权限、参数错误、重复提交、网络超时和服务异常均返回稳定错误码并呈现可恢复状态；管理后台“作品中心/作品列表”能够查询或控制该能力，变更写入审计日志。,P09-003-UNIT|P09-003-API|P09-003-E2E,,PLANNED
P09,P09-004,收藏、重命名、移动和删除作品,Android,作品菜单,收藏、重命名、移动和删除作品,idle|loading|success|empty|error,PATCH,/api/mobile/v1/artifacts/{artifactId},Artifact Service,artifacts,作品中心/作品详情,authenticated_user,none,none,用户可在“作品菜单”完成“收藏、重命名、移动和删除作品”，成功结果与服务端持久化状态一致；无权限、参数错误、重复提交、网络超时和服务异常均返回稳定错误码并呈现可恢复状态；管理后台“作品中心/作品详情”能够查询或控制该能力，变更写入审计日志。,P09-004-UNIT|P09-004-API|P09-004-E2E,,PLANNED
P09,P09-005,统一展示全部异步任务,Android,工作/任务,统一展示全部异步任务,idle|loading|success|empty|error,GET,/api/mobile/v1/jobs,Job Service,jobs,运维/任务队列,authenticated_user,none,none,用户可在“工作/任务”完成“统一展示全部异步任务”，成功结果与服务端持久化状态一致；无权限、参数错误、重复提交、网络超时和服务异常均返回稳定错误码并呈现可恢复状态；管理后台“运维/任务队列”能够查询或控制该能力，变更写入审计日志。,P09-005-UNIT|P09-005-API|P09-005-E2E,,PLANNED
P09,P09-006,加载后台动态配置的发现页,Android,发现,加载后台动态配置的发现页,idle|loading|success|empty|error,GET,/api/mobile/v1/discover,CMS Service,discover_cards|discover_categories,内容运营/发现页,authenticated_user,none,none,用户可在“发现”完成“加载后台动态配置的发现页”，成功结果与服务端持久化状态一致；无权限、参数错误、重复提交、网络超时和服务异常均返回稳定错误码并呈现可恢复状态；管理后台“内容运营/发现页”能够查询或控制该能力，变更写入审计日志。,P09-006-UNIT|P09-006-API|P09-006-E2E,,PLANNED
P09,P09-007,按分类筛选发现服务,Android,发现/分类,按分类筛选发现服务,idle|loading|success|empty|error,GET,/api/mobile/v1/discover/categories/{categoryId},CMS Service,discover_cards,内容运营/发现页,authenticated_user,none,none,用户可在“发现/分类”完成“按分类筛选发现服务”，成功结果与服务端持久化状态一致；无权限、参数错误、重复提交、网络超时和服务异常均返回稳定错误码并呈现可恢复状态；管理后台“内容运营/发现页”能够查询或控制该能力，变更写入审计日志。,P09-007-UNIT|P09-007-API|P09-007-E2E,,PLANNED
P09,P09-008,展示 Prompt 模板并带变量启动任务,Android,发现/Prompt模板,展示 Prompt 模板并带变量启动任务,idle|loading|success|empty|error,GET,/api/mobile/v1/prompt-templates,Template Service,prompt_templates,内容运营/Prompt模板,authenticated_user,none,none,用户可在“发现/Prompt模板”完成“展示 Prompt 模板并带变量启动任务”，成功结果与服务端持久化状态一致；无权限、参数错误、重复提交、网络超时和服务异常均返回稳定错误码并呈现可恢复状态；管理后台“内容运营/Prompt模板”能够查询或控制该能力，变更写入审计日志。,P09-008-UNIT|P09-008-API|P09-008-E2E,,PLANNED
P09,P09-009,展示模型实验室和能力说明,Android,发现/模型实验室,展示模型实验室和能力说明,idle|loading|success|empty|error,GET,/api/mobile/v1/model-lab,Model Catalog Service,models|model_capabilities,模型与供应商/模型展示,authenticated_user,none,none,用户可在“发现/模型实验室”完成“展示模型实验室和能力说明”，成功结果与服务端持久化状态一致；无权限、参数错误、重复提交、网络超时和服务异常均返回稳定错误码并呈现可恢复状态；管理后台“模型与供应商/模型展示”能够查询或控制该能力，变更写入审计日志。,P09-009-UNIT|P09-009-API|P09-009-E2E,,PLANNED
P09,P09-010,展示公告、活动和即将上线能力,Android,发现/公告,展示公告、活动和即将上线能力,idle|loading|success|empty|error,GET,/api/mobile/v1/announcements,CMS Service,announcements|feature_flags,内容运营/公告,authenticated_user,none,none,用户可在“发现/公告”完成“展示公告、活动和即将上线能力”，成功结果与服务端持久化状态一致；无权限、参数错误、重复提交、网络超时和服务异常均返回稳定错误码并呈现可恢复状态；管理后台“内容运营/公告”能够查询或控制该能力，变更写入审计日志。,P09-010-UNIT|P09-010-API|P09-010-E2E,,PLANNED
P09,P09-011,后台创建、排序、灰度和下架发现卡片,Admin,内容运营/发现页,后台创建、排序、灰度和下架发现卡片,idle|loading|success|empty|error,GET|POST,/admin/v1/discover/cards,CMS Service,discover_cards|feature_flags,内容运营/发现页,authenticated_user,none,none,用户可在“内容运营/发现页”完成“后台创建、排序、灰度和下架发现卡片”，成功结果与服务端持久化状态一致；无权限、参数错误、重复提交、网络超时和服务异常均返回稳定错误码并呈现可恢复状态；管理后台“内容运营/发现页”能够查询或控制该能力，变更写入审计日志。,P09-011-UNIT|P09-011-API|P09-011-E2E,,PLANNED
P09,P09-012,展示个人资料卡、头像、用户名和 UID,Android,我的,展示个人资料卡、头像、用户名和 UID,idle|loading|success|empty|error,GET,/api/mobile/v1/account/profile,User Service,users|user_profiles,认证与用户/用户详情,authenticated_user,none,none,用户可在“我的”完成“展示个人资料卡、头像、用户名和 UID”，成功结果与服务端持久化状态一致；无权限、参数错误、重复提交、网络超时和服务异常均返回稳定错误码并呈现可恢复状态；管理后台“认证与用户/用户详情”能够查询或控制该能力，变更写入审计日志。,P09-012-UNIT|P09-012-API|P09-012-E2E,,PLANNED
P09,P09-013,编辑头像和用户名,Android,我的/个人资料,编辑头像和用户名,idle|loading|success|empty|error,PATCH,/api/mobile/v1/account/profile,User Service,user_profiles,认证与用户/用户详情,authenticated_user,none,none,用户可在“我的/个人资料”完成“编辑头像和用户名”，成功结果与服务端持久化状态一致；无权限、参数错误、重复提交、网络超时和服务异常均返回稳定错误码并呈现可恢复状态；管理后台“认证与用户/用户详情”能够查询或控制该能力，变更写入审计日志。,P09-013-UNIT|P09-013-API|P09-013-E2E,,PLANNED
P09,P09-014,快捷进入我的项目、文件和作品,Android,我的,快捷进入我的项目、文件和作品,idle|loading|success|empty|error,GET,/api/mobile/v1/account/content-summary,Mobile BFF,projects|attachments|artifacts,—,authenticated_user,none,none,用户可在“我的”完成“快捷进入我的项目、文件和作品”，成功结果与服务端持久化状态一致；无权限、参数错误、重复提交、网络超时和服务异常均返回稳定错误码并呈现可恢复状态。,P09-014-UNIT|P09-014-API|P09-014-E2E,,PLANNED
P09,P09-015,查看和管理收藏,Android,我的/收藏,查看和管理收藏,idle|loading|success|empty|error,GET,/api/mobile/v1/favorites,Favorite Service,favorites,内容运营/收藏统计,authenticated_user,none,none,用户可在“我的/收藏”完成“查看和管理收藏”，成功结果与服务端持久化状态一致；无权限、参数错误、重复提交、网络超时和服务异常均返回稳定错误码并呈现可恢复状态；管理后台“内容运营/收藏统计”能够查询或控制该能力，变更写入审计日志。,P09-015-UNIT|P09-015-API|P09-015-E2E,,PLANNED
P09,P09-016,设置默认模型、推理和回答风格,Android,我的/AI设置,设置默认模型、推理和回答风格,idle|loading|success|empty|error,PUT,/api/mobile/v1/preferences/ai,Preference Service,user_preferences,模型与供应商/默认配置,authenticated_user,none,none,用户可在“我的/AI设置”完成“设置默认模型、推理和回答风格”，成功结果与服务端持久化状态一致；无权限、参数错误、重复提交、网络超时和服务异常均返回稳定错误码并呈现可恢复状态；管理后台“模型与供应商/默认配置”能够查询或控制该能力，变更写入审计日志。,P09-016-UNIT|P09-016-API|P09-016-E2E,,PLANNED
P09,P09-017,设置全局自定义指令,Android,我的/自定义指令,设置全局自定义指令,idle|loading|success|empty|error,PUT,/api/mobile/v1/preferences/instructions,Memory Service,user_instructions,对话与内容/指令策略,authenticated_user,none,none,用户可在“我的/自定义指令”完成“设置全局自定义指令”，成功结果与服务端持久化状态一致；无权限、参数错误、重复提交、网络超时和服务异常均返回稳定错误码并呈现可恢复状态；管理后台“对话与内容/指令策略”能够查询或控制该能力，变更写入审计日志。,P09-017-UNIT|P09-017-API|P09-017-E2E,,PLANNED
P09,P09-018,开启、查看和删除个人记忆,Android,我的/个人记忆,开启、查看和删除个人记忆,idle|loading|success|empty|error,GET|DELETE,/api/mobile/v1/memories,Memory Service,memories,对话与内容/记忆管理,authenticated_user,none,none,用户可在“我的/个人记忆”完成“开启、查看和删除个人记忆”，成功结果与服务端持久化状态一致；无权限、参数错误、重复提交、网络超时和服务异常均返回稳定错误码并呈现可恢复状态；管理后台“对话与内容/记忆管理”能够查询或控制该能力，变更写入审计日志。,P09-018-UNIT|P09-018-API|P09-018-E2E,,PLANNED
P09,P09-019,管理任务完成和安全通知,Android,我的/通知设置,管理任务完成和安全通知,idle|loading|success|empty|error,PUT,/api/mobile/v1/preferences/notifications,Notification Service,notification_preferences,通知中心/用户设置,authenticated_user,none,none,用户可在“我的/通知设置”完成“管理任务完成和安全通知”，成功结果与服务端持久化状态一致；无权限、参数错误、重复提交、网络超时和服务异常均返回稳定错误码并呈现可恢复状态；管理后台“通知中心/用户设置”能够查询或控制该能力，变更写入审计日志。,P09-019-UNIT|P09-019-API|P09-019-E2E,,PLANNED
P09,P09-020,设置主题、字体和语言,Android,我的/外观与语言,设置主题、字体和语言,idle|loading|success|empty|error,PUT,/api/mobile/v1/preferences/display,Preference Service,user_preferences,系统设置/默认外观,authenticated_user,none,none,用户可在“我的/外观与语言”完成“设置主题、字体和语言”，成功结果与服务端持久化状态一致；无权限、参数错误、重复提交、网络超时和服务异常均返回稳定错误码并呈现可恢复状态；管理后台“系统设置/默认外观”能够查询或控制该能力，变更写入审计日志。,P09-020-UNIT|P09-020-API|P09-020-E2E,,PLANNED
P09,P09-021,创建用户数据导出任务,Android,我的/数据与隐私,创建用户数据导出任务,idle|loading|success|empty|error,POST,/api/mobile/v1/privacy/exports,Privacy Service,export_jobs,安全与审计/数据导出,authenticated_user,none,privacy_export,用户可在“我的/数据与隐私”完成“创建用户数据导出任务”，成功结果与服务端持久化状态一致；无权限、参数错误、重复提交、网络超时和服务异常均返回稳定错误码并呈现可恢复状态；管理后台“安全与审计/数据导出”能够查询或控制该能力，变更写入审计日志；异步任务 privacy_export 支持进度、取消、重试、幂等和失败诊断。,P09-021-UNIT|P09-021-API|P09-021-E2E,,PLANNED
P09,P09-022,申请清空历史或注销账号,Android,我的/数据与隐私,申请清空历史或注销账号,idle|loading|success|empty|error,POST,/api/mobile/v1/privacy/deletion-requests,Privacy Service,deletion_requests,安全与审计/删除请求,authenticated_user,none,privacy_delete,用户可在“我的/数据与隐私”完成“申请清空历史或注销账号”，成功结果与服务端持久化状态一致；无权限、参数错误、重复提交、网络超时和服务异常均返回稳定错误码并呈现可恢复状态；管理后台“安全与审计/删除请求”能够查询或控制该能力，变更写入审计日志；异步任务 privacy_delete 支持进度、取消、重试、幂等和失败诊断。,P09-022-UNIT|P09-022-API|P09-022-E2E,,PLANNED
P09,P09-023,检查 APK 更新和强制升级策略,Android,我的/检查更新,检查 APK 更新和强制升级策略,idle|loading|success|empty|error,GET,/api/mobile/v1/app/releases/latest,Release Service,app_versions,系统运营/App版本,authenticated_user,none,none,用户可在“我的/检查更新”完成“检查 APK 更新和强制升级策略”，成功结果与服务端持久化状态一致；无权限、参数错误、重复提交、网络超时和服务异常均返回稳定错误码并呈现可恢复状态；管理后台“系统运营/App版本”能够查询或控制该能力，变更写入审计日志。,P09-023-UNIT|P09-023-API|P09-023-E2E,,PLANNED
P09,P09-024,提交帮助反馈、截图和诊断信息,Android,我的/帮助与反馈,提交帮助反馈、截图和诊断信息,idle|loading|success|empty|error,POST,/api/mobile/v1/support/tickets,Support Service,support_tickets|attachments,系统运营/反馈工单,authenticated_user,none,none,用户可在“我的/帮助与反馈”完成“提交帮助反馈、截图和诊断信息”，成功结果与服务端持久化状态一致；无权限、参数错误、重复提交、网络超时和服务异常均返回稳定错误码并呈现可恢复状态；管理后台“系统运营/反馈工单”能够查询或控制该能力，变更写入审计日志。,P09-024-UNIT|P09-024-API|P09-024-E2E,,PLANNED
P09,P09-025,展示服务状态和已知事故,Android,我的/服务状态,展示服务状态和已知事故,idle|loading|success|empty|error,GET,/api/mobile/v1/service-status,Incident Service,incidents,可观测性/事故管理,authenticated_user,none,none,用户可在“我的/服务状态”完成“展示服务状态和已知事故”，成功结果与服务端持久化状态一致；无权限、参数错误、重复提交、网络超时和服务异常均返回稳定错误码并呈现可恢复状态；管理后台“可观测性/事故管理”能够查询或控制该能力，变更写入审计日志。,P09-025-UNIT|P09-025-API|P09-025-E2E,,PLANNED
P10,P10-001,后台创建产品、套餐和价格版本,Admin,商业化/产品与套餐,后台创建产品、套餐和价格版本,idle|loading|success|empty|error,GET|POST,/admin/v1/products,Catalog Service,products|plans|prices,商业化/产品与套餐,authenticated_user,none,none,用户可在“商业化/产品与套餐”完成“后台创建产品、套餐和价格版本”，成功结果与服务端持久化状态一致；无权限、参数错误、重复提交、网络超时和服务异常均返回稳定错误码并呈现可恢复状态；管理后台“商业化/产品与套餐”能够查询或控制该能力，变更写入审计日志。,P10-001-UNIT|P10-001-API|P10-001-E2E,,PLANNED
P10,P10-002,展示用户可购买套餐和权益,Android,我的/套餐与会员,展示用户可购买套餐和权益,idle|loading|success|empty|error,GET,/api/mobile/v1/catalog/plans,Catalog Service,plans|prices|entitlement_definitions,商业化/产品与套餐,authenticated_user,none,none,用户可在“我的/套餐与会员”完成“展示用户可购买套餐和权益”，成功结果与服务端持久化状态一致；无权限、参数错误、重复提交、网络超时和服务异常均返回稳定错误码并呈现可恢复状态；管理后台“商业化/产品与套餐”能够查询或控制该能力，变更写入审计日志。,P10-002-UNIT|P10-002-API|P10-002-E2E,,PLANNED
P10,P10-003,创建订阅订单,Android,套餐确认,创建订阅订单,idle|loading|success|empty|error,POST,/api/mobile/v1/orders,Order Service,orders|order_items,商业化/订单,authenticated_user,none,none,用户可在“套餐确认”完成“创建订阅订单”，成功结果与服务端持久化状态一致；无权限、参数错误、重复提交、网络超时和服务异常均返回稳定错误码并呈现可恢复状态；管理后台“商业化/订单”能够查询或控制该能力，变更写入审计日志。,P10-003-UNIT|P10-003-API|P10-003-E2E,,PLANNED
P10,P10-004,接收支付回调并幂等入账,Backend,支付回调,接收支付回调并幂等入账,idle|loading|success|empty|error,POST,/api/v1/payments/{provider}/webhook,Payment Service,payments|orders|webhook_events,商业化/支付回调,system,payment,payment_webhook,用户可在“支付回调”完成“接收支付回调并幂等入账”，成功结果与服务端持久化状态一致；无权限、参数错误、重复提交、网络超时和服务异常均返回稳定错误码并呈现可恢复状态；管理后台“商业化/支付回调”能够查询或控制该能力，变更写入审计日志；计量、额度预检、冻结、结算或回滚不得重复扣费，账本可对账；异步任务 payment_webhook 支持进度、取消、重试、幂等和失败诊断。,P10-004-UNIT|P10-004-API|P10-004-E2E,,PLANNED
P10,P10-005,支持管理员测试充值但明确测试来源,Admin,商业化/测试充值,支持管理员测试充值但明确测试来源,idle|loading|success|empty|error,POST,/admin/v1/users/{userId}/test-credit,Wallet Service,ledger_transactions|ledger_entries,商业化/钱包,admin,payment,none,用户可在“商业化/测试充值”完成“支持管理员测试充值但明确测试来源”，成功结果与服务端持久化状态一致；无权限、参数错误、重复提交、网络超时和服务异常均返回稳定错误码并呈现可恢复状态；管理后台“商业化/钱包”能够查询或控制该能力，变更写入审计日志；计量、额度预检、冻结、结算或回滚不得重复扣费，账本可对账。,P10-005-UNIT|P10-005-API|P10-005-E2E,,PLANNED
P10,P10-006,建立现金、套餐和赠送额度账户,Backend,钱包账户,建立现金、套餐和赠送额度账户,idle|loading|success|empty|error,N/A,domain://wallet/accounts,Wallet Service,wallet_accounts|credit_buckets,商业化/钱包,authenticated_user,none,none,用户可在“钱包账户”完成“建立现金、套餐和赠送额度账户”，成功结果与服务端持久化状态一致；无权限、参数错误、重复提交、网络超时和服务异常均返回稳定错误码并呈现可恢复状态；管理后台“商业化/钱包”能够查询或控制该能力，变更写入审计日志。,P10-006-UNIT|P10-006-API|P10-006-E2E,,PLANNED
P10,P10-007,使用不可变账本记录每次额度变动,Backend,账本,使用不可变账本记录每次额度变动,idle|loading|success|empty|error,N/A,domain://ledger/append,Ledger Service,ledger_transactions|ledger_entries,商业化/账本,authenticated_user,none,none,用户可在“账本”完成“使用不可变账本记录每次额度变动”，成功结果与服务端持久化状态一致；无权限、参数错误、重复提交、网络超时和服务异常均返回稳定错误码并呈现可恢复状态；管理后台“商业化/账本”能够查询或控制该能力，变更写入审计日志。,P10-007-UNIT|P10-007-API|P10-007-E2E,,PLANNED
P10,P10-008,生成可快速读取的余额投影,Backend,余额投影,生成可快速读取的余额投影,idle|loading|success|empty|error,GET,/api/mobile/v1/wallet/balance,Wallet Service,balance_projections|credit_buckets,商业化/钱包,authenticated_user,none,none,用户可在“余额投影”完成“生成可快速读取的余额投影”，成功结果与服务端持久化状态一致；无权限、参数错误、重复提交、网络超时和服务异常均返回稳定错误码并呈现可恢复状态；管理后台“商业化/钱包”能够查询或控制该能力，变更写入审计日志。,P10-008-UNIT|P10-008-API|P10-008-E2E,,PLANNED
P10,P10-009,展示充值、套餐和赠送额度明细,Android,我的/钱包,展示充值、套餐和赠送额度明细,idle|loading|success|empty|error,GET,/api/mobile/v1/wallet/buckets,Wallet Service,credit_buckets,商业化/钱包,authenticated_user,none,none,用户可在“我的/钱包”完成“展示充值、套餐和赠送额度明细”，成功结果与服务端持久化状态一致；无权限、参数错误、重复提交、网络超时和服务异常均返回稳定错误码并呈现可恢复状态；管理后台“商业化/钱包”能够查询或控制该能力，变更写入审计日志。,P10-009-UNIT|P10-009-API|P10-009-E2E,,PLANNED
P10,P10-010,展示不可变账单明细,Android,我的/账单,展示不可变账单明细,idle|loading|success|empty|error,GET,/api/mobile/v1/wallet/ledger,Ledger Service,ledger_entries,商业化/账本,authenticated_user,none,none,用户可在“我的/账单”完成“展示不可变账单明细”，成功结果与服务端持久化状态一致；无权限、参数错误、重复提交、网络超时和服务异常均返回稳定错误码并呈现可恢复状态；管理后台“商业化/账本”能够查询或控制该能力，变更写入审计日志。,P10-010-UNIT|P10-010-API|P10-010-E2E,,PLANNED
P10,P10-011,发放、续期、升级和撤销订阅权益,Backend,订阅生命周期,发放、续期、升级和撤销订阅权益,idle|loading|success|empty|error,N/A,event://subscription.lifecycle,Subscription Service,subscriptions|entitlement_grants,商业化/订阅,authenticated_user,none,none,用户可在“订阅生命周期”完成“发放、续期、升级和撤销订阅权益”，成功结果与服务端持久化状态一致；无权限、参数错误、重复提交、网络超时和服务异常均返回稳定错误码并呈现可恢复状态；管理后台“商业化/订阅”能够查询或控制该能力，变更写入审计日志。,P10-011-UNIT|P10-011-API|P10-011-E2E,,PLANNED
P10,P10-012,按权益控制项目、文件、图片和 PPT 配额,Backend,权益判定,按权益控制项目、文件、图片和 PPT 配额,idle|loading|success|empty|error,POST,/internal/v1/entitlements/check,Entitlement Service,entitlement_grants|quota_counters,商业化/权益,authenticated_user,none,none,用户可在“权益判定”完成“按权益控制项目、文件、图片和 PPT 配额”，成功结果与服务端持久化状态一致；无权限、参数错误、重复提交、网络超时和服务异常均返回稳定错误码并呈现可恢复状态；管理后台“商业化/权益”能够查询或控制该能力，变更写入审计日志。,P10-012-UNIT|P10-012-API|P10-012-E2E,,PLANNED
P10,P10-013,记录每次 AI、图片、PPT 和 API 用量,Backend,用量事件,记录每次 AI、图片、PPT 和 API 用量,idle|loading|success|empty|error,N/A,event://usage.recorded,Usage Service,usage_events|usage_price_snapshots,商业化/用量,authenticated_user,none,none,用户可在“用量事件”完成“记录每次 AI、图片、PPT 和 API 用量”，成功结果与服务端持久化状态一致；无权限、参数错误、重复提交、网络超时和服务异常均返回稳定错误码并呈现可恢复状态；管理后台“商业化/用量”能够查询或控制该能力，变更写入审计日志。,P10-013-UNIT|P10-013-API|P10-013-E2E,,PLANNED
P10,P10-014,按价格快照计算最终扣费,Backend,用量计费,按价格快照计算最终扣费,idle|loading|success|empty|error,N/A,domain://usage/rate,Billing Service,usage_events|usage_price_snapshots,商业化/模型价格,authenticated_user,usage_metered,none,用户可在“用量计费”完成“按价格快照计算最终扣费”，成功结果与服务端持久化状态一致；无权限、参数错误、重复提交、网络超时和服务异常均返回稳定错误码并呈现可恢复状态；管理后台“商业化/模型价格”能够查询或控制该能力，变更写入审计日志；计量、额度预检、冻结、结算或回滚不得重复扣费，账本可对账。,P10-014-UNIT|P10-014-API|P10-014-E2E,,PLANNED
P10,P10-015,执行额度预检、冻结、结算和释放,Backend,实时计费,执行额度预检、冻结、结算和释放,idle|loading|success|empty|error,N/A,domain://credit/reservation,Billing Service,credit_reservations|ledger_entries,商业化/冻结记录,authenticated_user,usage_metered,none,用户可在“实时计费”完成“执行额度预检、冻结、结算和释放”，成功结果与服务端持久化状态一致；无权限、参数错误、重复提交、网络超时和服务异常均返回稳定错误码并呈现可恢复状态；管理后台“商业化/冻结记录”能够查询或控制该能力，变更写入审计日志；计量、额度预检、冻结、结算或回滚不得重复扣费，账本可对账。,P10-015-UNIT|P10-015-API|P10-015-E2E,,PLANNED
P10,P10-016,展示 App、图片、PPT 和 API 分项用量,Android,我的/用量中心,展示 App、图片、PPT 和 API 分项用量,idle|loading|success|empty|error,GET,/api/mobile/v1/usage/summary,Usage Service,usage_aggregates,商业化/用量,authenticated_user,none,none,用户可在“我的/用量中心”完成“展示 App、图片、PPT 和 API 分项用量”，成功结果与服务端持久化状态一致；无权限、参数错误、重复提交、网络超时和服务异常均返回稳定错误码并呈现可恢复状态；管理后台“商业化/用量”能够查询或控制该能力，变更写入审计日志。,P10-016-UNIT|P10-016-API|P10-016-E2E,,PLANNED
P10,P10-017,创建 YLVEN 与 Sub2API 用户映射,Backend,网关用户映射,创建 YLVEN 与 Sub2API 用户映射,idle|loading|success|empty|error,POST,/internal/v1/gateways/sub2api/users/ensure,Sub2API Adapter,gateway_user_links,Sub2API与通道/用户映射,authenticated_user,none,none,用户可在“网关用户映射”完成“创建 YLVEN 与 Sub2API 用户映射”，成功结果与服务端持久化状态一致；无权限、参数错误、重复提交、网络超时和服务异常均返回稳定错误码并呈现可恢复状态；管理后台“Sub2API与通道/用户映射”能够查询或控制该能力，变更写入审计日志。,P10-017-UNIT|P10-017-API|P10-017-E2E,,PLANNED
P10,P10-018,绑定已有 Sub2API 用户且保留余额和 Key,Developer Web,绑定 Sub2API,绑定已有 Sub2API 用户且保留余额和 Key,idle|loading|success|empty|error,POST,/api/developer/v1/sub2api/link,Sub2API Adapter,gateway_user_links,Sub2API与通道/用户映射,authenticated_user,none,none,用户可在“绑定 Sub2API”完成“绑定已有 Sub2API 用户且保留余额和 Key”，成功结果与服务端持久化状态一致；无权限、参数错误、重复提交、网络超时和服务异常均返回稳定错误码并呈现可恢复状态；管理后台“Sub2API与通道/用户映射”能够查询或控制该能力，变更写入审计日志。,P10-018-UNIT|P10-018-API|P10-018-E2E,,PLANNED
P10,P10-019,为 App 后端创建隐藏内部 API Key,Backend,内部调用凭据,为 App 后端创建隐藏内部 API Key,idle|loading|success|empty|error,POST,/internal/v1/gateways/sub2api/app-keys,Sub2API Adapter,gateway_api_key_links,Sub2API与通道/API Key映射,authenticated_user,none,none,用户可在“内部调用凭据”完成“为 App 后端创建隐藏内部 API Key”，成功结果与服务端持久化状态一致；无权限、参数错误、重复提交、网络超时和服务异常均返回稳定错误码并呈现可恢复状态；管理后台“Sub2API与通道/API Key映射”能够查询或控制该能力，变更写入审计日志。,P10-019-UNIT|P10-019-API|P10-019-E2E,,PLANNED
P10,P10-020,把充值余额投影到 Sub2API 执行余额,Worker,余额同步,把充值余额投影到 Sub2API 执行余额,idle|loading|success|empty|error,N/A,job://sub2api-balance-sync,Gateway Sync Worker,gateway_sync_jobs|gateway_balance_snapshots,Sub2API与通道/余额同步,system,payment,sub2api_balance_sync,用户可在“余额同步”完成“把充值余额投影到 Sub2API 执行余额”，成功结果与服务端持久化状态一致；无权限、参数错误、重复提交、网络超时和服务异常均返回稳定错误码并呈现可恢复状态；管理后台“Sub2API与通道/余额同步”能够查询或控制该能力，变更写入审计日志；计量、额度预检、冻结、结算或回滚不得重复扣费，账本可对账；异步任务 sub2api_balance_sync 支持进度、取消、重试、幂等和失败诊断。,P10-020-UNIT|P10-020-API|P10-020-E2E,,PLANNED
P10,P10-021,把套餐模型权限和限额同步到 Sub2API,Worker,套餐同步,把套餐模型权限和限额同步到 Sub2API,idle|loading|success|empty|error,N/A,job://sub2api-entitlement-sync,Gateway Sync Worker,gateway_sync_jobs|gateway_entitlement_snapshots,Sub2API与通道/套餐同步,system,none,sub2api_entitlement_sync,用户可在“套餐同步”完成“把套餐模型权限和限额同步到 Sub2API”，成功结果与服务端持久化状态一致；无权限、参数错误、重复提交、网络超时和服务异常均返回稳定错误码并呈现可恢复状态；管理后台“Sub2API与通道/套餐同步”能够查询或控制该能力，变更写入审计日志；异步任务 sub2api_entitlement_sync 支持进度、取消、重试、幂等和失败诊断。,P10-021-UNIT|P10-021-API|P10-021-E2E,,PLANNED
P10,P10-022,从 Sub2API 回流调用用量和成本,Worker,用量回流,从 Sub2API 回流调用用量和成本,idle|loading|success|empty|error,N/A,job://sub2api-usage-import,Gateway Sync Worker,usage_events|gateway_usage_cursors,Sub2API与通道/用量同步,system,usage_metered,sub2api_usage_import,用户可在“用量回流”完成“从 Sub2API 回流调用用量和成本”，成功结果与服务端持久化状态一致；无权限、参数错误、重复提交、网络超时和服务异常均返回稳定错误码并呈现可恢复状态；管理后台“Sub2API与通道/用量同步”能够查询或控制该能力，变更写入审计日志；计量、额度预检、冻结、结算或回滚不得重复扣费，账本可对账；异步任务 sub2api_usage_import 支持进度、取消、重试、幂等和失败诊断。,P10-022-UNIT|P10-022-API|P10-022-E2E,,PLANNED
P10,P10-023,执行 YLVEN 账本与 Sub2API 执行余额对账,Scheduler,余额对账,执行 YLVEN 账本与 Sub2API 执行余额对账,idle|loading|success|empty|error,N/A,job://gateway-reconciliation,Reconciliation Service,reconciliation_runs|reconciliation_items,商业化/对账,system,none,gateway_reconciliation,用户可在“余额对账”完成“执行 YLVEN 账本与 Sub2API 执行余额对账”，成功结果与服务端持久化状态一致；无权限、参数错误、重复提交、网络超时和服务异常均返回稳定错误码并呈现可恢复状态；管理后台“商业化/对账”能够查询或控制该能力，变更写入审计日志；异步任务 gateway_reconciliation 支持进度、取消、重试、幂等和失败诊断。,P10-023-UNIT|P10-023-API|P10-023-E2E,,PLANNED
P10,P10-024,隔离同步失败并自动重试,Worker,同步失败,隔离同步失败并自动重试,idle|loading|success|empty|error,N/A,job://gateway-sync-retry,Gateway Sync Worker,gateway_sync_jobs|dead_letter_jobs,Sub2API与通道/同步任务,system,none,gateway_sync_retry,用户可在“同步失败”完成“隔离同步失败并自动重试”，成功结果与服务端持久化状态一致；无权限、参数错误、重复提交、网络超时和服务异常均返回稳定错误码并呈现可恢复状态；管理后台“Sub2API与通道/同步任务”能够查询或控制该能力，变更写入审计日志；异步任务 gateway_sync_retry 支持进度、取消、重试、幂等和失败诊断。,P10-024-UNIT|P10-024-API|P10-024-E2E,,PLANNED
P10,P10-025,后台查询订单、支付、订阅和退款,Admin,商业化/交易管理,后台查询订单、支付、订阅和退款,idle|loading|success|empty|error,GET,/admin/v1/commerce/transactions,Commerce Query Service,orders|payments|subscriptions|refunds,商业化/交易管理,authenticated_user,none,none,用户可在“商业化/交易管理”完成“后台查询订单、支付、订阅和退款”，成功结果与服务端持久化状态一致；无权限、参数错误、重复提交、网络超时和服务异常均返回稳定错误码并呈现可恢复状态；管理后台“商业化/交易管理”能够查询或控制该能力，变更写入审计日志。,P10-025-UNIT|P10-025-API|P10-025-E2E,,PLANNED
P10,P10-026,后台查询钱包、账本和冻结记录,Admin,商业化/钱包与账本,后台查询钱包、账本和冻结记录,idle|loading|success|empty|error,GET,/admin/v1/users/{userId}/wallet,Wallet Service,wallet_accounts|ledger_entries|credit_reservations,商业化/钱包与账本,authenticated_user,none,none,用户可在“商业化/钱包与账本”完成“后台查询钱包、账本和冻结记录”，成功结果与服务端持久化状态一致；无权限、参数错误、重复提交、网络超时和服务异常均返回稳定错误码并呈现可恢复状态；管理后台“商业化/钱包与账本”能够查询或控制该能力，变更写入审计日志。,P10-026-UNIT|P10-026-API|P10-026-E2E,,PLANNED
P10,P10-027,后台处理退款并撤销对应权益,Admin,商业化/退款,后台处理退款并撤销对应权益,idle|loading|success|empty|error,POST,/admin/v1/refunds,Refund Service,refunds|ledger_transactions|entitlement_grants,商业化/退款,admin,payment,refund_process,用户可在“商业化/退款”完成“后台处理退款并撤销对应权益”，成功结果与服务端持久化状态一致；无权限、参数错误、重复提交、网络超时和服务异常均返回稳定错误码并呈现可恢复状态；管理后台“商业化/退款”能够查询或控制该能力，变更写入审计日志；计量、额度预检、冻结、结算或回滚不得重复扣费，账本可对账；异步任务 refund_process 支持进度、取消、重试、幂等和失败诊断。,P10-027-UNIT|P10-027-API|P10-027-E2E,,PLANNED
P10,P10-028,配置消费顺序和额度过期策略,Admin,商业化/额度策略,配置消费顺序和额度过期策略,idle|loading|success|empty|error,PUT,/admin/v1/billing/credit-policy,Billing Service,billing_policies,商业化/额度策略,authenticated_user,none,none,用户可在“商业化/额度策略”完成“配置消费顺序和额度过期策略”，成功结果与服务端持久化状态一致；无权限、参数错误、重复提交、网络超时和服务异常均返回稳定错误码并呈现可恢复状态；管理后台“商业化/额度策略”能够查询或控制该能力，变更写入审计日志。,P10-028-UNIT|P10-028-API|P10-028-E2E,,PLANNED
P10,P10-029,配置模型销售价格、倍率和生效时间,Admin,商业化/模型价格,配置模型销售价格、倍率和生效时间,idle|loading|success|empty|error,POST,/admin/v1/pricing/model-versions,Pricing Service,model_price_versions,商业化/模型价格,authenticated_user,none,none,用户可在“商业化/模型价格”完成“配置模型销售价格、倍率和生效时间”，成功结果与服务端持久化状态一致；无权限、参数错误、重复提交、网络超时和服务异常均返回稳定错误码并呈现可恢复状态；管理后台“商业化/模型价格”能够查询或控制该能力，变更写入审计日志。,P10-029-UNIT|P10-029-API|P10-029-E2E,,PLANNED
P10,P10-030,标记订阅中转通道为测试环境,Backend,通道环境,标记订阅中转通道为测试环境,idle|loading|success|empty|error,N/A,policy://channel-environment,Provider Service,provider_channels,Sub2API与通道/通道配置,authenticated_user,none,none,用户可在“通道环境”完成“标记订阅中转通道为测试环境”，成功结果与服务端持久化状态一致；无权限、参数错误、重复提交、网络超时和服务异常均返回稳定错误码并呈现可恢复状态；管理后台“Sub2API与通道/通道配置”能够查询或控制该能力，变更写入审计日志。,P10-030-UNIT|P10-030-API|P10-030-E2E,,PLANNED
P11,P11-001,展示开发者中心概览,Developer Web,开发者概览,展示开发者中心概览,idle|loading|success|empty|error,GET,/api/developer/v1/overview,Developer Service,api_keys|usage_aggregates|balance_projections,开发者平台/概览,authenticated_user,none,none,用户可在“开发者概览”完成“展示开发者中心概览”，成功结果与服务端持久化状态一致；无权限、参数错误、重复提交、网络超时和服务异常均返回稳定错误码并呈现可恢复状态；管理后台“开发者平台/概览”能够查询或控制该能力，变更写入审计日志。,P11-001-UNIT|P11-001-API|P11-001-E2E,,PLANNED
P11,P11-002,激活开发者功能并同意 API 条款,Developer Web,开发者开通,激活开发者功能并同意 API 条款,idle|loading|success|empty|error,POST,/api/developer/v1/enrollment,Developer Service,developer_profiles,开发者平台/开发者用户,authenticated_user,none,none,用户可在“开发者开通”完成“激活开发者功能并同意 API 条款”，成功结果与服务端持久化状态一致；无权限、参数错误、重复提交、网络超时和服务异常均返回稳定错误码并呈现可恢复状态；管理后台“开发者平台/开发者用户”能够查询或控制该能力，变更写入审计日志。,P11-002-UNIT|P11-002-API|P11-002-E2E,,PLANNED
P11,P11-003,使用 YLVEN OIDC 单点登录 Sub2API,Developer Web,Sub2API登录,使用 YLVEN OIDC 单点登录 Sub2API,idle|loading|success|empty|error,GET,/oauth2/authorize,OIDC Provider,oauth_clients|oauth_authorizations|gateway_user_links,Sub2API与通道/OIDC,authenticated_user,none,none,用户可在“Sub2API登录”完成“使用 YLVEN OIDC 单点登录 Sub2API”，成功结果与服务端持久化状态一致；无权限、参数错误、重复提交、网络超时和服务异常均返回稳定错误码并呈现可恢复状态；管理后台“Sub2API与通道/OIDC”能够查询或控制该能力，变更写入审计日志。,P11-003-UNIT|P11-003-API|P11-003-E2E,,PLANNED
P11,P11-004,创建 YLVEN 开发者 API Key,Developer Web,API Key,创建 YLVEN 开发者 API Key,idle|loading|success|empty|error,POST,/api/developer/v1/api-keys,API Key Service,api_keys|api_key_policies,开发者平台/API Key,authenticated_user,none,none,用户可在“API Key”完成“创建 YLVEN 开发者 API Key”，成功结果与服务端持久化状态一致；无权限、参数错误、重复提交、网络超时和服务异常均返回稳定错误码并呈现可恢复状态；管理后台“开发者平台/API Key”能够查询或控制该能力，变更写入审计日志。,P11-004-UNIT|P11-004-API|P11-004-E2E,,PLANNED
P11,P11-005,仅创建时显示完整 API Key 一次,Developer Web,API Key创建结果,仅创建时显示完整 API Key 一次,idle|loading|success|empty|error,N/A,policy://api-key-reveal-once,API Key Service,api_keys,开发者平台/API Key,authenticated_user,none,none,用户可在“API Key创建结果”完成“仅创建时显示完整 API Key 一次”，成功结果与服务端持久化状态一致；无权限、参数错误、重复提交、网络超时和服务异常均返回稳定错误码并呈现可恢复状态；管理后台“开发者平台/API Key”能够查询或控制该能力，变更写入审计日志。,P11-005-UNIT|P11-005-API|P11-005-E2E,,PLANNED
P11,P11-006,分页查询 API Key 和最近使用状态,Developer Web,API Key,分页查询 API Key 和最近使用状态,idle|loading|success|empty|error,GET,/api/developer/v1/api-keys,API Key Service,api_keys|api_request_logs,开发者平台/API Key,authenticated_user,none,none,用户可在“API Key”完成“分页查询 API Key 和最近使用状态”，成功结果与服务端持久化状态一致；无权限、参数错误、重复提交、网络超时和服务异常均返回稳定错误码并呈现可恢复状态；管理后台“开发者平台/API Key”能够查询或控制该能力，变更写入审计日志。,P11-006-UNIT|P11-006-API|P11-006-E2E,,PLANNED
P11,P11-007,轮换、禁用和删除 API Key,Developer Web,API Key详情,轮换、禁用和删除 API Key,idle|loading|success|empty|error,POST,/api/developer/v1/api-keys/{keyId}/actions,API Key Service,api_keys|audit_logs,开发者平台/API Key,authenticated_user,none,none,用户可在“API Key详情”完成“轮换、禁用和删除 API Key”，成功结果与服务端持久化状态一致；无权限、参数错误、重复提交、网络超时和服务异常均返回稳定错误码并呈现可恢复状态；管理后台“开发者平台/API Key”能够查询或控制该能力，变更写入审计日志。,P11-007-UNIT|P11-007-API|P11-007-E2E,,PLANNED
P11,P11-008,配置单 Key 总额和月度预算,Developer Web,API Key预算,配置单 Key 总额和月度预算,idle|loading|success|empty|error,PUT,/api/developer/v1/api-keys/{keyId}/budget,Quota Service,api_key_policies|quota_counters,开发者平台/预算,authenticated_user,none,none,用户可在“API Key预算”完成“配置单 Key 总额和月度预算”，成功结果与服务端持久化状态一致；无权限、参数错误、重复提交、网络超时和服务异常均返回稳定错误码并呈现可恢复状态；管理后台“开发者平台/预算”能够查询或控制该能力，变更写入审计日志。,P11-008-UNIT|P11-008-API|P11-008-E2E,,PLANNED
P11,P11-009,配置 API 账号总预算,Developer Web,预算与告警,配置 API 账号总预算,idle|loading|success|empty|error,PUT,/api/developer/v1/budget,Quota Service,developer_budgets,开发者平台/预算,authenticated_user,none,none,用户可在“预算与告警”完成“配置 API 账号总预算”，成功结果与服务端持久化状态一致；无权限、参数错误、重复提交、网络超时和服务异常均返回稳定错误码并呈现可恢复状态；管理后台“开发者平台/预算”能够查询或控制该能力，变更写入审计日志。,P11-009-UNIT|P11-009-API|P11-009-E2E,,PLANNED
P11,P11-010,配置 IP 白名单和模型白名单,Developer Web,API Key安全,配置 IP 白名单和模型白名单,idle|loading|success|empty|error,PUT,/api/developer/v1/api-keys/{keyId}/policy,API Key Service,api_key_policies|ip_allowlists,开发者平台/API Key策略,authenticated_user,none,none,用户可在“API Key安全”完成“配置 IP 白名单和模型白名单”，成功结果与服务端持久化状态一致；无权限、参数错误、重复提交、网络超时和服务异常均返回稳定错误码并呈现可恢复状态；管理后台“开发者平台/API Key策略”能够查询或控制该能力，变更写入审计日志。,P11-010-UNIT|P11-010-API|P11-010-E2E,,PLANNED
P11,P11-011,Developer Gateway 鉴权和密钥哈希查找,Backend,公共 API 鉴权,Developer Gateway 鉴权和密钥哈希查找,idle|loading|success|empty|error,N/A,gateway://authenticate,Developer Gateway,api_keys,开发者平台/安全事件,authenticated_user,none,none,用户可在“公共 API 鉴权”完成“Developer Gateway 鉴权和密钥哈希查找”，成功结果与服务端持久化状态一致；无权限、参数错误、重复提交、网络超时和服务异常均返回稳定错误码并呈现可恢复状态；管理后台“开发者平台/安全事件”能够查询或控制该能力，变更写入审计日志。,P11-011-UNIT|P11-011-API|P11-011-E2E,,PLANNED
P11,P11-012,执行用户、Key、模型三级限流,Backend,公共 API 限流,执行用户、Key、模型三级限流,idle|loading|success|empty|error,N/A,gateway://rate-limit,Developer Gateway,quota_counters|rate_limit_counters,开发者平台/限流策略,authenticated_user,none,none,用户可在“公共 API 限流”完成“执行用户、Key、模型三级限流”，成功结果与服务端持久化状态一致；无权限、参数错误、重复提交、网络超时和服务异常均返回稳定错误码并呈现可恢复状态；管理后台“开发者平台/限流策略”能够查询或控制该能力，变更写入审计日志。,P11-012-UNIT|P11-012-API|P11-012-E2E,,PLANNED
P11,P11-013,提供 OpenAI 兼容模型列表,Public API,Models API,提供 OpenAI 兼容模型列表,idle|loading|success|empty|error,GET,/v1/models,Developer Gateway,models|model_aliases,开发者平台/API版本,authenticated_user,none,none,用户可在“Models API”完成“提供 OpenAI 兼容模型列表”，成功结果与服务端持久化状态一致；无权限、参数错误、重复提交、网络超时和服务异常均返回稳定错误码并呈现可恢复状态；管理后台“开发者平台/API版本”能够查询或控制该能力，变更写入审计日志。,P11-013-UNIT|P11-013-API|P11-013-E2E,,PLANNED
P11,P11-014,提供 OpenAI 兼容 Chat Completions,Public API,Chat API,提供 OpenAI 兼容 Chat Completions,idle|loading|success|empty|error,POST,/v1/chat/completions,Developer Gateway,api_request_logs|usage_events,开发者平台/API日志,developer_api_key,usage_metered,none,用户可在“Chat API”完成“提供 OpenAI 兼容 Chat Completions”，成功结果与服务端持久化状态一致；无权限、参数错误、重复提交、网络超时和服务异常均返回稳定错误码并呈现可恢复状态；管理后台“开发者平台/API日志”能够查询或控制该能力，变更写入审计日志；计量、额度预检、冻结、结算或回滚不得重复扣费，账本可对账。,P11-014-UNIT|P11-014-API|P11-014-E2E,,PLANNED
P11,P11-015,提供 OpenAI 兼容 Responses API,Public API,Responses API,提供 OpenAI 兼容 Responses API,idle|loading|success|empty|error,POST,/v1/responses,Developer Gateway,api_request_logs|usage_events,开发者平台/API日志,developer_api_key,usage_metered,none,用户可在“Responses API”完成“提供 OpenAI 兼容 Responses API”，成功结果与服务端持久化状态一致；无权限、参数错误、重复提交、网络超时和服务异常均返回稳定错误码并呈现可恢复状态；管理后台“开发者平台/API日志”能够查询或控制该能力，变更写入审计日志；计量、额度预检、冻结、结算或回滚不得重复扣费，账本可对账。,P11-015-UNIT|P11-015-API|P11-015-E2E,,PLANNED
P11,P11-016,提供流式公共 API 响应,Public API,Streaming API,提供流式公共 API 响应,idle|loading|success|empty|error,POST,/v1/responses?stream=true,Developer Gateway,api_request_logs|run_events,开发者平台/API日志,developer_api_key,usage_metered,none,用户可在“Streaming API”完成“提供流式公共 API 响应”，成功结果与服务端持久化状态一致；无权限、参数错误、重复提交、网络超时和服务异常均返回稳定错误码并呈现可恢复状态；管理后台“开发者平台/API日志”能够查询或控制该能力，变更写入审计日志；计量、额度预检、冻结、结算或回滚不得重复扣费，账本可对账。,P11-016-UNIT|P11-016-API|P11-016-E2E,,PLANNED
P11,P11-017,提供图片生成公共 API,Public API,Images API,提供图片生成公共 API,idle|loading|success|empty|error,POST,/v1/images/generations,Developer Gateway,jobs|api_request_logs,开发者平台/API日志,developer_api_key,usage_metered,image_generation,用户可在“Images API”完成“提供图片生成公共 API”，成功结果与服务端持久化状态一致；无权限、参数错误、重复提交、网络超时和服务异常均返回稳定错误码并呈现可恢复状态；管理后台“开发者平台/API日志”能够查询或控制该能力，变更写入审计日志；计量、额度预检、冻结、结算或回滚不得重复扣费，账本可对账；异步任务 image_generation 支持进度、取消、重试、幂等和失败诊断。,P11-017-UNIT|P11-017-API|P11-017-E2E,,PLANNED
P11,P11-018,提供 YLVEN 原生会话 API,Public API,YLVEN Conversations,提供 YLVEN 原生会话 API,idle|loading|success|empty|error,POST,/ylven/v1/conversations,Developer Gateway,conversations|messages,开发者平台/API版本,developer_api_key,usage_metered,none,用户可在“YLVEN Conversations”完成“提供 YLVEN 原生会话 API”，成功结果与服务端持久化状态一致；无权限、参数错误、重复提交、网络超时和服务异常均返回稳定错误码并呈现可恢复状态；管理后台“开发者平台/API版本”能够查询或控制该能力，变更写入审计日志；计量、额度预检、冻结、结算或回滚不得重复扣费，账本可对账。,P11-018-UNIT|P11-018-API|P11-018-E2E,,PLANNED
P11,P11-019,提供 YLVEN 原生文件和任务 API,Public API,YLVEN Files/Jobs,提供 YLVEN 原生文件和任务 API,idle|loading|success|empty|error,POST,/ylven/v1/files,Developer Gateway,attachments|jobs,开发者平台/API版本,developer_api_key,usage_metered,none,用户可在“YLVEN Files/Jobs”完成“提供 YLVEN 原生文件和任务 API”，成功结果与服务端持久化状态一致；无权限、参数错误、重复提交、网络超时和服务异常均返回稳定错误码并呈现可恢复状态；管理后台“开发者平台/API版本”能够查询或控制该能力，变更写入审计日志；计量、额度预检、冻结、结算或回滚不得重复扣费，账本可对账。,P11-019-UNIT|P11-019-API|P11-019-E2E,,PLANNED
P11,P11-020,使用 YLVEN 稳定模型别名,Public API,Model Aliases,使用 YLVEN 稳定模型别名,idle|loading|success|empty|error,GET,/v1/models,Model Catalog Service,model_aliases,开发者平台/模型别名,authenticated_user,none,none,用户可在“Model Aliases”完成“使用 YLVEN 稳定模型别名”，成功结果与服务端持久化状态一致；无权限、参数错误、重复提交、网络超时和服务异常均返回稳定错误码并呈现可恢复状态；管理后台“开发者平台/模型别名”能够查询或控制该能力，变更写入审计日志。,P11-020-UNIT|P11-020-API|P11-020-E2E,,PLANNED
P11,P11-021,返回稳定、可文档化的错误码,Public API,Errors,返回稳定、可文档化的错误码,idle|loading|success|empty|error,N/A,contract://public-api-errors,Developer Gateway,error_catalog,开发者平台/错误码,authenticated_user,none,none,用户可在“Errors”完成“返回稳定、可文档化的错误码”，成功结果与服务端持久化状态一致；无权限、参数错误、重复提交、网络超时和服务异常均返回稳定错误码并呈现可恢复状态；管理后台“开发者平台/错误码”能够查询或控制该能力，变更写入审计日志。,P11-021-UNIT|P11-021-API|P11-021-E2E,,PLANNED
P11,P11-022,查询按日期、模型、Key和来源的用量,Developer Web,用量统计,查询按日期、模型、Key和来源的用量,idle|loading|success|empty|error,GET,/api/developer/v1/usage,Usage Service,usage_aggregates,开发者平台/用量,authenticated_user,none,none,用户可在“用量统计”完成“查询按日期、模型、Key和来源的用量”，成功结果与服务端持久化状态一致；无权限、参数错误、重复提交、网络超时和服务异常均返回稳定错误码并呈现可恢复状态；管理后台“开发者平台/用量”能够查询或控制该能力，变更写入审计日志。,P11-022-UNIT|P11-022-API|P11-022-E2E,,PLANNED
P11,P11-023,查询逐请求 API 日志,Developer Web,调用日志,查询逐请求 API 日志,idle|loading|success|empty|error,GET,/api/developer/v1/request-logs,Developer Log Service,api_request_logs,开发者平台/API日志,authenticated_user,none,none,用户可在“调用日志”完成“查询逐请求 API 日志”，成功结果与服务端持久化状态一致；无权限、参数错误、重复提交、网络超时和服务异常均返回稳定错误码并呈现可恢复状态；管理后台“开发者平台/API日志”能够查询或控制该能力，变更写入审计日志。,P11-023-UNIT|P11-023-API|P11-023-E2E,,PLANNED
P11,P11-024,在 Playground 测试模型和参数,Developer Web,API Playground,在 Playground 测试模型和参数,idle|loading|success|empty|error,POST,/api/developer/v1/playground/run,Developer Gateway,api_request_logs,开发者平台/Playground,authenticated_user,usage_metered,none,用户可在“API Playground”完成“在 Playground 测试模型和参数”，成功结果与服务端持久化状态一致；无权限、参数错误、重复提交、网络超时和服务异常均返回稳定错误码并呈现可恢复状态；管理后台“开发者平台/Playground”能够查询或控制该能力，变更写入审计日志；计量、额度预检、冻结、结算或回滚不得重复扣费，账本可对账。,P11-024-UNIT|P11-024-API|P11-024-E2E,,PLANNED
P11,P11-025,展示动态模型能力和价格文档,Developer Web,模型与价格,展示动态模型能力和价格文档,idle|loading|success|empty|error,GET,/api/developer/v1/models,Pricing Service,models|model_price_versions,商业化/模型价格,authenticated_user,none,none,用户可在“模型与价格”完成“展示动态模型能力和价格文档”，成功结果与服务端持久化状态一致；无权限、参数错误、重复提交、网络超时和服务异常均返回稳定错误码并呈现可恢复状态；管理后台“商业化/模型价格”能够查询或控制该能力，变更写入审计日志。,P11-025-UNIT|P11-025-API|P11-025-E2E,,PLANNED
P11,P11-026,发布版本化 API 文档和代码示例,Developer Web,API文档,发布版本化 API 文档和代码示例,idle|loading|success|empty|error,GET,/docs/api/{version},Documentation Service,api_versions|sdk_versions,开发者平台/API文档,authenticated_user,none,none,用户可在“API文档”完成“发布版本化 API 文档和代码示例”，成功结果与服务端持久化状态一致；无权限、参数错误、重复提交、网络超时和服务异常均返回稳定错误码并呈现可恢复状态；管理后台“开发者平台/API文档”能够查询或控制该能力，变更写入审计日志。,P11-026-UNIT|P11-026-API|P11-026-E2E,,PLANNED
P11,P11-027,配置余额和异常用量告警,Developer Web,预算与告警,配置余额和异常用量告警,idle|loading|success|empty|error,PUT,/api/developer/v1/alerts,Alert Service,alert_rules,开发者平台/告警,authenticated_user,none,none,用户可在“预算与告警”完成“配置余额和异常用量告警”，成功结果与服务端持久化状态一致；无权限、参数错误、重复提交、网络超时和服务异常均返回稳定错误码并呈现可恢复状态；管理后台“开发者平台/告警”能够查询或控制该能力，变更写入审计日志。,P11-027-UNIT|P11-027-API|P11-027-E2E,,PLANNED
P11,P11-028,注册 Webhook 并验证签名,Developer Web,Webhook,注册 Webhook 并验证签名,idle|loading|success|empty|error,POST,/api/developer/v1/webhooks,Webhook Service,webhooks,开发者平台/Webhook,authenticated_user,none,none,用户可在“Webhook”完成“注册 Webhook 并验证签名”，成功结果与服务端持久化状态一致；无权限、参数错误、重复提交、网络超时和服务异常均返回稳定错误码并呈现可恢复状态；管理后台“开发者平台/Webhook”能够查询或控制该能力，变更写入审计日志。,P11-028-UNIT|P11-028-API|P11-028-E2E,,PLANNED
P11,P11-029,失败 Webhook 自动重试和死信,Worker,Webhook投递,失败 Webhook 自动重试和死信,idle|loading|success|empty|error,N/A,job://webhook-delivery,Webhook Worker,webhook_deliveries|dead_letter_jobs,开发者平台/Webhook,system,none,webhook_delivery,用户可在“Webhook投递”完成“失败 Webhook 自动重试和死信”，成功结果与服务端持久化状态一致；无权限、参数错误、重复提交、网络超时和服务异常均返回稳定错误码并呈现可恢复状态；管理后台“开发者平台/Webhook”能够查询或控制该能力，变更写入审计日志；异步任务 webhook_delivery 支持进度、取消、重试、幂等和失败诊断。,P11-029-UNIT|P11-029-API|P11-029-E2E,,PLANNED
P11,P11-030,分离 App 内部调用 Key 与开发者 Key,Security,API Key隔离,分离 App 内部调用 Key 与开发者 Key,idle|loading|success|empty|error,N/A,policy://key-purpose-isolation,API Key Service,api_keys|gateway_api_key_links,开发者平台/API Key策略,authenticated_user,none,none,用户可在“API Key隔离”完成“分离 App 内部调用 Key 与开发者 Key”，成功结果与服务端持久化状态一致；无权限、参数错误、重复提交、网络超时和服务异常均返回稳定错误码并呈现可恢复状态；管理后台“开发者平台/API Key策略”能够查询或控制该能力，变更写入审计日志。,P11-030-UNIT|P11-030-API|P11-030-E2E,,PLANNED
P11,P11-031,后台查询开发者、Key、预算和风险,Admin,开发者平台/开发者详情,后台查询开发者、Key、预算和风险,idle|loading|success|empty|error,GET,/admin/v1/developers/{developerId},Developer Service,developer_profiles|api_keys|security_events,开发者平台/开发者用户,authenticated_user,none,none,用户可在“开发者平台/开发者详情”完成“后台查询开发者、Key、预算和风险”，成功结果与服务端持久化状态一致；无权限、参数错误、重复提交、网络超时和服务异常均返回稳定错误码并呈现可恢复状态；管理后台“开发者平台/开发者用户”能够查询或控制该能力，变更写入审计日志。,P11-031-UNIT|P11-031-API|P11-031-E2E,,PLANNED
P11,P11-032,后台配置公共 API 版本和弃用计划,Admin,开发者平台/API版本,后台配置公共 API 版本和弃用计划,idle|loading|success|empty|error,POST,/admin/v1/api-versions,API Lifecycle Service,api_versions,开发者平台/API版本,authenticated_user,none,none,用户可在“开发者平台/API版本”完成“后台配置公共 API 版本和弃用计划”，成功结果与服务端持久化状态一致；无权限、参数错误、重复提交、网络超时和服务异常均返回稳定错误码并呈现可恢复状态；管理后台“开发者平台/API版本”能够查询或控制该能力，变更写入审计日志。,P11-032-UNIT|P11-032-API|P11-032-E2E,,PLANNED
P12,P12-001,配置 Cloudflare WAF 和速率规则基线,Operations,边缘安全,配置 Cloudflare WAF 和速率规则基线,idle|loading|success|empty|error,N/A,cloudflare://waf-rules,Security Operations,edge_security_configs,安全与审计/WAF,authenticated_user,none,none,用户可在“边缘安全”完成“配置 Cloudflare WAF 和速率规则基线”，成功结果与服务端持久化状态一致；无权限、参数错误、重复提交、网络超时和服务异常均返回稳定错误码并呈现可恢复状态；管理后台“安全与审计/WAF”能够查询或控制该能力，变更写入审计日志。,P12-001-UNIT|P12-001-API|P12-001-E2E,,PLANNED
P12,P12-002,执行代码和镜像秘密扫描,Engineering,CI安全,执行代码和镜像秘密扫描,idle|loading|success|empty|error,N/A,ci://secret-scan,CI Pipeline,security_scan_runs,安全与审计/扫描结果,authenticated_user,none,none,用户可在“CI安全”完成“执行代码和镜像秘密扫描”，成功结果与服务端持久化状态一致；无权限、参数错误、重复提交、网络超时和服务异常均返回稳定错误码并呈现可恢复状态；管理后台“安全与审计/扫描结果”能够查询或控制该能力，变更写入审计日志。,P12-002-UNIT|P12-002-API|P12-002-E2E,,PLANNED
P12,P12-003,执行依赖漏洞和容器镜像扫描,Engineering,CI安全,执行依赖漏洞和容器镜像扫描,idle|loading|success|empty|error,N/A,ci://dependency-scan,CI Pipeline,security_scan_runs,安全与审计/扫描结果,authenticated_user,none,none,用户可在“CI安全”完成“执行依赖漏洞和容器镜像扫描”，成功结果与服务端持久化状态一致；无权限、参数错误、重复提交、网络超时和服务异常均返回稳定错误码并呈现可恢复状态；管理后台“安全与审计/扫描结果”能够查询或控制该能力，变更写入审计日志。,P12-003-UNIT|P12-003-API|P12-003-E2E,,PLANNED
P12,P12-004,加密敏感字段并轮换密钥引用,Security,数据加密,加密敏感字段并轮换密钥引用,idle|loading|success|empty|error,N/A,policy://field-encryption,Security Service,encryption_key_refs,安全与审计/密钥管理,authenticated_user,none,none,用户可在“数据加密”完成“加密敏感字段并轮换密钥引用”，成功结果与服务端持久化状态一致；无权限、参数错误、重复提交、网络超时和服务异常均返回稳定错误码并呈现可恢复状态；管理后台“安全与审计/密钥管理”能够查询或控制该能力，变更写入审计日志。,P12-004-UNIT|P12-004-API|P12-004-E2E,,PLANNED
P12,P12-005,记录所有后台敏感操作审计,Security,后台审计,记录所有后台敏感操作审计,idle|loading|success|empty|error,N/A,event://admin.audit,Audit Service,audit_logs,安全与审计/操作审计,authenticated_user,none,none,用户可在“后台审计”完成“记录所有后台敏感操作审计”，成功结果与服务端持久化状态一致；无权限、参数错误、重复提交、网络超时和服务异常均返回稳定错误码并呈现可恢复状态；管理后台“安全与审计/操作审计”能够查询或控制该能力，变更写入审计日志。,P12-005-UNIT|P12-005-API|P12-005-E2E,,PLANNED
P12,P12-006,检测异常登录、消费和 API Key 使用,Security,风险检测,检测异常登录、消费和 API Key 使用,idle|loading|success|empty|error,N/A,job://risk-detection,Risk Service,security_events|risk_scores,安全与审计/风险事件,system,none,risk_detection,用户可在“风险检测”完成“检测异常登录、消费和 API Key 使用”，成功结果与服务端持久化状态一致；无权限、参数错误、重复提交、网络超时和服务异常均返回稳定错误码并呈现可恢复状态；管理后台“安全与审计/风险事件”能够查询或控制该能力，变更写入审计日志；异步任务 risk_detection 支持进度、取消、重试、幂等和失败诊断。,P12-006-UNIT|P12-006-API|P12-006-E2E,,PLANNED
P12,P12-007,为高风险财务操作增加审批流,Admin,安全与审计/审批,为高风险财务操作增加审批流,idle|loading|success|empty|error,POST,/admin/v1/approvals,Approval Service,approval_requests,安全与审计/审批,authenticated_user,none,none,用户可在“安全与审计/审批”完成“为高风险财务操作增加审批流”，成功结果与服务端持久化状态一致；无权限、参数错误、重复提交、网络超时和服务异常均返回稳定错误码并呈现可恢复状态；管理后台“安全与审计/审批”能够查询或控制该能力，变更写入审计日志。,P12-007-UNIT|P12-007-API|P12-007-E2E,,PLANNED
P12,P12-008,采集服务、业务和供应商指标,Operations,指标,采集服务、业务和供应商指标,idle|loading|success|empty|error,GET,/internal/metrics,Observability,service_metrics,可观测性/指标,authenticated_user,none,none,用户可在“指标”完成“采集服务、业务和供应商指标”，成功结果与服务端持久化状态一致；无权限、参数错误、重复提交、网络超时和服务异常均返回稳定错误码并呈现可恢复状态；管理后台“可观测性/指标”能够查询或控制该能力，变更写入审计日志。,P12-008-UNIT|P12-008-API|P12-008-E2E,,PLANNED
P12,P12-009,集中查询结构化日志,Admin,可观测性/日志,集中查询结构化日志,idle|loading|success|empty|error,GET,/admin/v1/observability/logs,Observability,log_indexes,可观测性/日志,authenticated_user,none,none,用户可在“可观测性/日志”完成“集中查询结构化日志”，成功结果与服务端持久化状态一致；无权限、参数错误、重复提交、网络超时和服务异常均返回稳定错误码并呈现可恢复状态；管理后台“可观测性/日志”能够查询或控制该能力，变更写入审计日志。,P12-009-UNIT|P12-009-API|P12-009-E2E,,PLANNED
P12,P12-010,采集跨服务分布式追踪,Operations,链路追踪,采集跨服务分布式追踪,idle|loading|success|empty|error,N/A,otel://traces,Observability,traces,可观测性/链路,authenticated_user,none,none,用户可在“链路追踪”完成“采集跨服务分布式追踪”，成功结果与服务端持久化状态一致；无权限、参数错误、重复提交、网络超时和服务异常均返回稳定错误码并呈现可恢复状态；管理后台“可观测性/链路”能够查询或控制该能力，变更写入审计日志。,P12-010-UNIT|P12-010-API|P12-010-E2E,,PLANNED
P12,P12-011,配置 SLO、告警和通知路由,Admin,可观测性/告警,配置 SLO、告警和通知路由,idle|loading|success|empty|error,GET|POST,/admin/v1/alerts,Alert Service,alert_rules|alert_events,可观测性/告警,authenticated_user,none,none,用户可在“可观测性/告警”完成“配置 SLO、告警和通知路由”，成功结果与服务端持久化状态一致；无权限、参数错误、重复提交、网络超时和服务异常均返回稳定错误码并呈现可恢复状态；管理后台“可观测性/告警”能够查询或控制该能力，变更写入审计日志。,P12-011-UNIT|P12-011-API|P12-011-E2E,,PLANNED
P12,P12-012,创建事故、更新状态和复盘,Admin,可观测性/事故,创建事故、更新状态和复盘,idle|loading|success|empty|error,GET|POST,/admin/v1/incidents,Incident Service,incidents|incident_updates,可观测性/事故,authenticated_user,none,none,用户可在“可观测性/事故”完成“创建事故、更新状态和复盘”，成功结果与服务端持久化状态一致；无权限、参数错误、重复提交、网络超时和服务异常均返回稳定错误码并呈现可恢复状态；管理后台“可观测性/事故”能够查询或控制该能力，变更写入审计日志。,P12-012-UNIT|P12-012-API|P12-012-E2E,,PLANNED
P12,P12-013,执行普通 API 压力测试,Engineering,性能测试,执行普通 API 压力测试,idle|loading|success|empty|error,N/A,test://load-http,Performance Test,performance_test_runs,可观测性/压测,authenticated_user,none,none,用户可在“性能测试”完成“执行普通 API 压力测试”，成功结果与服务端持久化状态一致；无权限、参数错误、重复提交、网络超时和服务异常均返回稳定错误码并呈现可恢复状态；管理后台“可观测性/压测”能够查询或控制该能力，变更写入审计日志。,P12-013-UNIT|P12-013-API|P12-013-E2E,,PLANNED
P12,P12-014,执行 SSE 长连接容量测试,Engineering,性能测试,执行 SSE 长连接容量测试,idle|loading|success|empty|error,N/A,test://load-sse,Performance Test,performance_test_runs,可观测性/压测,authenticated_user,none,none,用户可在“性能测试”完成“执行 SSE 长连接容量测试”，成功结果与服务端持久化状态一致；无权限、参数错误、重复提交、网络超时和服务异常均返回稳定错误码并呈现可恢复状态；管理后台“可观测性/压测”能够查询或控制该能力，变更写入审计日志。,P12-014-UNIT|P12-014-API|P12-014-E2E,,PLANNED
P12,P12-015,执行异步队列和 Worker 吞吐测试,Engineering,性能测试,执行异步队列和 Worker 吞吐测试,idle|loading|success|empty|error,N/A,test://load-jobs,Performance Test,performance_test_runs,可观测性/压测,authenticated_user,none,none,用户可在“性能测试”完成“执行异步队列和 Worker 吞吐测试”，成功结果与服务端持久化状态一致；无权限、参数错误、重复提交、网络超时和服务异常均返回稳定错误码并呈现可恢复状态；管理后台“可观测性/压测”能够查询或控制该能力，变更写入审计日志。,P12-015-UNIT|P12-015-API|P12-015-E2E,,PLANNED
P12,P12-016,隔离聊天、支付、图片和 PPT 队列,Backend,队列隔离,隔离聊天、支付、图片和 PPT 队列,idle|loading|success|empty|error,N/A,policy://queue-priority,Job Service,job_queues,运维/任务队列,authenticated_user,none,none,用户可在“队列隔离”完成“隔离聊天、支付、图片和 PPT 队列”，成功结果与服务端持久化状态一致；无权限、参数错误、重复提交、网络超时和服务异常均返回稳定错误码并呈现可恢复状态；管理后台“运维/任务队列”能够查询或控制该能力，变更写入审计日志。,P12-016-UNIT|P12-016-API|P12-016-E2E,,PLANNED
P12,P12-017,优化数据库索引、连接池和慢查询,Data,数据库性能,优化数据库索引、连接池和慢查询,idle|loading|success|empty|error,N/A,db://performance,Data Platform,db_query_stats,可观测性/数据库,authenticated_user,none,none,用户可在“数据库性能”完成“优化数据库索引、连接池和慢查询”，成功结果与服务端持久化状态一致；无权限、参数错误、重复提交、网络超时和服务异常均返回稳定错误码并呈现可恢复状态；管理后台“可观测性/数据库”能够查询或控制该能力，变更写入审计日志。,P12-017-UNIT|P12-017-API|P12-017-E2E,,PLANNED
P12,P12-018,验证 Redis 故障和缓存降级行为,Data,Redis恢复,验证 Redis 故障和缓存降级行为,idle|loading|success|empty|error,N/A,test://redis-failure,Data Platform,failure_drill_runs,可观测性/恢复演练,authenticated_user,none,none,用户可在“Redis恢复”完成“验证 Redis 故障和缓存降级行为”，成功结果与服务端持久化状态一致；无权限、参数错误、重复提交、网络超时和服务异常均返回稳定错误码并呈现可恢复状态；管理后台“可观测性/恢复演练”能够查询或控制该能力，变更写入审计日志。,P12-018-UNIT|P12-018-API|P12-018-E2E,,PLANNED
P12,P12-019,验证 NATS 消息重投和幂等消费,Data,事件恢复,验证 NATS 消息重投和幂等消费,idle|loading|success|empty|error,N/A,test://nats-redelivery,Event Platform,failure_drill_runs,可观测性/恢复演练,authenticated_user,none,none,用户可在“事件恢复”完成“验证 NATS 消息重投和幂等消费”，成功结果与服务端持久化状态一致；无权限、参数错误、重复提交、网络超时和服务异常均返回稳定错误码并呈现可恢复状态；管理后台“可观测性/恢复演练”能够查询或控制该能力，变更写入审计日志。,P12-019-UNIT|P12-019-API|P12-019-E2E,,PLANNED
P12,P12-020,配置 R2 生命周期和删除证明,Data,存储生命周期,配置 R2 生命周期和删除证明,idle|loading|success|empty|error,N/A,r2://lifecycle,File Service,storage_lifecycle_policies,文件与存储/生命周期,authenticated_user,none,none,用户可在“存储生命周期”完成“配置 R2 生命周期和删除证明”，成功结果与服务端持久化状态一致；无权限、参数错误、重复提交、网络超时和服务异常均返回稳定错误码并呈现可恢复状态；管理后台“文件与存储/生命周期”能够查询或控制该能力，变更写入审计日志。,P12-020-UNIT|P12-020-API|P12-020-E2E,,PLANNED
P12,P12-021,自动备份 PostgreSQL 和关键配置,Operations,备份,自动备份 PostgreSQL 和关键配置,idle|loading|success|empty|error,N/A,job://backup,Backup Service,backup_runs,可观测性/备份,system,none,backup,用户可在“备份”完成“自动备份 PostgreSQL 和关键配置”，成功结果与服务端持久化状态一致；无权限、参数错误、重复提交、网络超时和服务异常均返回稳定错误码并呈现可恢复状态；管理后台“可观测性/备份”能够查询或控制该能力，变更写入审计日志；异步任务 backup 支持进度、取消、重试、幂等和失败诊断。,P12-021-UNIT|P12-021-API|P12-021-E2E,,PLANNED
P12,P12-022,执行数据库和对象恢复演练,Operations,恢复演练,执行数据库和对象恢复演练,idle|loading|success|empty|error,N/A,job://restore-drill,Backup Service,restore_drill_runs,可观测性/恢复演练,system,none,restore_drill,用户可在“恢复演练”完成“执行数据库和对象恢复演练”，成功结果与服务端持久化状态一致；无权限、参数错误、重复提交、网络超时和服务异常均返回稳定错误码并呈现可恢复状态；管理后台“可观测性/恢复演练”能够查询或控制该能力，变更写入审计日志；异步任务 restore_drill 支持进度、取消、重试、幂等和失败诊断。,P12-022-UNIT|P12-022-API|P12-022-E2E,,PLANNED
P12,P12-023,执行用户数据导出和删除闭环,Operations,隐私验证,执行用户数据导出和删除闭环,idle|loading|success|empty|error,N/A,test://privacy-lifecycle,Privacy Service,export_jobs|deletion_requests,安全与审计/隐私请求,authenticated_user,none,none,用户可在“隐私验证”完成“执行用户数据导出和删除闭环”，成功结果与服务端持久化状态一致；无权限、参数错误、重复提交、网络超时和服务异常均返回稳定错误码并呈现可恢复状态；管理后台“安全与审计/隐私请求”能够查询或控制该能力，变更写入审计日志。,P12-023-UNIT|P12-023-API|P12-023-E2E,,PLANNED
P12,P12-024,配置日志、会话、文件和账单保留期,Admin,系统设置/数据保留,配置日志、会话、文件和账单保留期,idle|loading|success|empty|error,PUT,/admin/v1/settings/retention,Retention Service,retention_policies,系统设置/数据保留,authenticated_user,none,none,用户可在“系统设置/数据保留”完成“配置日志、会话、文件和账单保留期”，成功结果与服务端持久化状态一致；无权限、参数错误、重复提交、网络超时和服务异常均返回稳定错误码并呈现可恢复状态；管理后台“系统设置/数据保留”能够查询或控制该能力，变更写入审计日志。,P12-024-UNIT|P12-024-API|P12-024-E2E,,PLANNED
P12,P12-025,发布管理员和运维运行手册,Engineering,运行手册,发布管理员和运维运行手册,idle|loading|success|empty|error,N/A,docs://runbooks,Operations,runbook_versions,可观测性/运行手册,authenticated_user,none,none,用户可在“运行手册”完成“发布管理员和运维运行手册”，成功结果与服务端持久化状态一致；无权限、参数错误、重复提交、网络超时和服务异常均返回稳定错误码并呈现可恢复状态；管理后台“可观测性/运行手册”能够查询或控制该能力，变更写入审计日志。,P12-025-UNIT|P12-025-API|P12-025-E2E,,PLANNED
P13,P13-001,执行 Android 全功能自动回归,Engineering,最终回归,执行 Android 全功能自动回归,idle|loading|success|empty|error,N/A,test://android-regression,QA,test_runs,质量与发布/测试,authenticated_user,none,none,用户可在“最终回归”完成“执行 Android 全功能自动回归”，成功结果与服务端持久化状态一致；无权限、参数错误、重复提交、网络超时和服务异常均返回稳定错误码并呈现可恢复状态；管理后台“质量与发布/测试”能够查询或控制该能力，变更写入审计日志。,P13-001-UNIT|P13-001-API|P13-001-E2E,,PLANNED
P13,P13-002,执行多尺寸真机验收矩阵,Owner/QA,APK真机验收,执行多尺寸真机验收矩阵,idle|loading|success|empty|error,N/A,acceptance://android-devices,QA,owner_acceptance_reports,质量与发布/真机验收,authenticated_user,none,none,用户可在“APK真机验收”完成“执行多尺寸真机验收矩阵”，成功结果与服务端持久化状态一致；无权限、参数错误、重复提交、网络超时和服务异常均返回稳定错误码并呈现可恢复状态；管理后台“质量与发布/真机验收”能够查询或控制该能力，变更写入审计日志。,P13-002-UNIT|P13-002-API|P13-002-E2E,,PLANNED
P13,P13-003,执行后台菜单、权限和审计回归,Engineering,后台回归,执行后台菜单、权限和审计回归,idle|loading|success|empty|error,N/A,test://admin-rbac,QA,test_runs,管理员与权限/审计,authenticated_user,none,none,用户可在“后台回归”完成“执行后台菜单、权限和审计回归”，成功结果与服务端持久化状态一致；无权限、参数错误、重复提交、网络超时和服务异常均返回稳定错误码并呈现可恢复状态；管理后台“管理员与权限/审计”能够查询或控制该能力，变更写入审计日志。,P13-003-UNIT|P13-003-API|P13-003-E2E,,PLANNED
P13,P13-004,执行数据库升级和回滚演练,Data,迁移演练,执行数据库升级和回滚演练,idle|loading|success|empty|error,N/A,test://migration-rollback,Data Platform,migration_drill_runs,运维/数据库迁移,authenticated_user,none,none,用户可在“迁移演练”完成“执行数据库升级和回滚演练”，成功结果与服务端持久化状态一致；无权限、参数错误、重复提交、网络超时和服务异常均返回稳定错误码并呈现可恢复状态；管理后台“运维/数据库迁移”能够查询或控制该能力，变更写入审计日志。,P13-004-UNIT|P13-004-API|P13-004-E2E,,PLANNED
P13,P13-005,执行完整灾难恢复演练,Operations,灾难恢复,执行完整灾难恢复演练,idle|loading|success|empty|error,N/A,test://disaster-recovery,Backup Service,restore_drill_runs,可观测性/恢复演练,authenticated_user,none,none,用户可在“灾难恢复”完成“执行完整灾难恢复演练”，成功结果与服务端持久化状态一致；无权限、参数错误、重复提交、网络超时和服务异常均返回稳定错误码并呈现可恢复状态；管理后台“可观测性/恢复演练”能够查询或控制该能力，变更写入审计日志。,P13-005-UNIT|P13-005-API|P13-005-E2E,,PLANNED
P13,P13-006,接入或模拟官方 OpenAI Adapter 切换,Backend,官方API迁移,接入或模拟官方 OpenAI Adapter 切换,idle|loading|success|empty|error,N/A,adapter://official-openai,Provider Service,provider_channels|routing_policies,模型与供应商/通道,authenticated_user,none,none,用户可在“官方API迁移”完成“接入或模拟官方 OpenAI Adapter 切换”，成功结果与服务端持久化状态一致；无权限、参数错误、重复提交、网络超时和服务异常均返回稳定错误码并呈现可恢复状态；管理后台“模型与供应商/通道”能够查询或控制该能力，变更写入审计日志。,P13-006-UNIT|P13-006-API|P13-006-E2E,,PLANNED
P13,P13-007,接入或模拟官方 Anthropic Adapter 切换,Backend,官方API迁移,接入或模拟官方 Anthropic Adapter 切换,idle|loading|success|empty|error,N/A,adapter://official-anthropic,Provider Service,provider_channels|routing_policies,模型与供应商/通道,authenticated_user,none,none,用户可在“官方API迁移”完成“接入或模拟官方 Anthropic Adapter 切换”，成功结果与服务端持久化状态一致；无权限、参数错误、重复提交、网络超时和服务异常均返回稳定错误码并呈现可恢复状态；管理后台“模型与供应商/通道”能够查询或控制该能力，变更写入审计日志。,P13-007-UNIT|P13-007-API|P13-007-E2E,,PLANNED
P13,P13-008,接入或模拟官方 xAI Adapter 切换,Backend,官方API迁移,接入或模拟官方 xAI Adapter 切换,idle|loading|success|empty|error,N/A,adapter://official-xai,Provider Service,provider_channels|routing_policies,模型与供应商/通道,authenticated_user,none,none,用户可在“官方API迁移”完成“接入或模拟官方 xAI Adapter 切换”，成功结果与服务端持久化状态一致；无权限、参数错误、重复提交、网络超时和服务异常均返回稳定错误码并呈现可恢复状态；管理后台“模型与供应商/通道”能够查询或控制该能力，变更写入审计日志。,P13-008-UNIT|P13-008-API|P13-008-E2E,,PLANNED
P13,P13-009,验证订阅测试通道到官方通道无客户端升级切换,Engineering,通道迁移,验证订阅测试通道到官方通道无客户端升级切换,idle|loading|success|empty|error,N/A,test://provider-route-switch,QA,test_runs,模型与供应商/路由策略,authenticated_user,none,none,用户可在“通道迁移”完成“验证订阅测试通道到官方通道无客户端升级切换”，成功结果与服务端持久化状态一致；无权限、参数错误、重复提交、网络超时和服务异常均返回稳定错误码并呈现可恢复状态；管理后台“模型与供应商/路由策略”能够查询或控制该能力，变更写入审计日志。,P13-009-UNIT|P13-009-API|P13-009-E2E,,PLANNED
P13,P13-010,验证供应商失败时透明降级和恢复,Engineering,故障切换,验证供应商失败时透明降级和恢复,idle|loading|success|empty|error,N/A,test://provider-failover,QA,failure_drill_runs,模型与供应商/故障切换,authenticated_user,none,none,用户可在“故障切换”完成“验证供应商失败时透明降级和恢复”，成功结果与服务端持久化状态一致；无权限、参数错误、重复提交、网络超时和服务异常均返回稳定错误码并呈现可恢复状态；管理后台“模型与供应商/故障切换”能够查询或控制该能力，变更写入审计日志。,P13-010-UNIT|P13-010-API|P13-010-E2E,,PLANNED
P13,P13-011,输出容量、成本和扩容阈值报告,Operations,容量规划,输出容量、成本和扩容阈值报告,idle|loading|success|empty|error,N/A,report://capacity-cost,Capacity Planning,capacity_reports,可观测性/容量规划,authenticated_user,none,none,用户可在“容量规划”完成“输出容量、成本和扩容阈值报告”，成功结果与服务端持久化状态一致；无权限、参数错误、重复提交、网络超时和服务异常均返回稳定错误码并呈现可恢复状态；管理后台“可观测性/容量规划”能够查询或控制该能力，变更写入审计日志。,P13-011-UNIT|P13-011-API|P13-011-E2E,,PLANNED
P13,P13-012,输出已知限制和商业开放前待办,Engineering,最终报告,输出已知限制和商业开放前待办,idle|loading|success|empty|error,N/A,report://commercial-readiness,Release Service,readiness_reports,质量与发布/商业就绪,authenticated_user,none,none,用户可在“最终报告”完成“输出已知限制和商业开放前待办”，成功结果与服务端持久化状态一致；无权限、参数错误、重复提交、网络超时和服务异常均返回稳定错误码并呈现可恢复状态；管理后台“质量与发布/商业就绪”能够查询或控制该能力，变更写入审计日志。,P13-012-UNIT|P13-012-API|P13-012-E2E,,PLANNED
P13,P13-013,验证安装、升级、回滚和强制更新,Engineering,App发布,验证安装、升级、回滚和强制更新,idle|loading|success|empty|error,N/A,test://app-upgrade,QA,test_runs|app_versions,系统运营/App版本,authenticated_user,none,none,用户可在“App发布”完成“验证安装、升级、回滚和强制更新”，成功结果与服务端持久化状态一致；无权限、参数错误、重复提交、网络超时和服务异常均返回稳定错误码并呈现可恢复状态；管理后台“系统运营/App版本”能够查询或控制该能力，变更写入审计日志。,P13-013-UNIT|P13-013-API|P13-013-E2E,,PLANNED
P13,P13-014,生成最终 APK 和完整交付包,Engineering,最终发布,生成最终 APK 和完整交付包,idle|loading|success|empty|error,N/A,script://release-phase/P13,Release Tooling,release_manifests,质量与发布/最终交付,authenticated_user,none,none,用户可在“最终发布”完成“生成最终 APK 和完整交付包”，成功结果与服务端持久化状态一致；无权限、参数错误、重复提交、网络超时和服务异常均返回稳定错误码并呈现可恢复状态；管理后台“质量与发布/最终交付”能够查询或控制该能力，变更写入审计日志。,P13-014-UNIT|P13-014-API|P13-014-E2E,,PLANNED
P13,P13-015,项目所有者完成 APK 和后台最终验收,Owner/QA,最终验收,项目所有者完成 APK 和后台最终验收,idle|loading|success|empty|error,POST,/admin/v1/releases/P13/owner-acceptance,Release Service,owner_acceptance_reports,质量与发布/最终验收,authenticated_user,none,none,用户可在“最终验收”完成“项目所有者完成 APK 和后台最终验收”，成功结果与服务端持久化状态一致；无权限、参数错误、重复提交、网络超时和服务异常均返回稳定错误码并呈现可恢复状态；管理后台“质量与发布/最终验收”能够查询或控制该能力，变更写入审计日志。,P13-015-UNIT|P13-015-API|P13-015-E2E,,PLANNED
