interaction_id,feature_id,page_id,surface,binding_role,user_action,endpoint_or_event,permission,billing_rule,visual_source,functional_source,status
YL-M-001-C-P00_001-01,P00-001,YL-M-001,ADMIN,ADMIN_CONTROL,建立仓库目录与模块边界,repo://layout,authenticated_user,none,approved mockup states for YL-M-001,contracts/feature-map.yaml,PLANNED
YL-M-002-C-P00_002-01,P00-002,YL-M-002,ADMIN,ADMIN_CONTROL,建立环境配置分层,config://environments,authenticated_user,none,approved mockup states for YL-M-002,contracts/feature-map.yaml,PLANNED
YL-A-001-C-P00_003-01,P00-003,YL-A-001,ANDROID,PRIMARY_VISIBLE,建立 Android Compose 应用壳,android://app-shell,authenticated_user,none,approved mockup states for YL-A-001,contracts/feature-map.yaml,PLANNED
YL-M-003-C-P00_003-02,P00-003,YL-M-003,ADMIN,ADMIN_CONTROL,建立 Android Compose 应用壳,android://app-shell,authenticated_user,none,approved mockup states for YL-M-003,contracts/feature-map.yaml,PLANNED
YL-A-002-C-P00_004-01,P00-004,YL-A-002,ANDROID,PRIMARY_VISIBLE,建立 YLVEN 浅色与深色主题 Token,android://design-tokens,authenticated_user,none,approved mockup states for YL-A-002,contracts/feature-map.yaml,PLANNED
YL-M-004-C-P00_004-02,P00-004,YL-M-004,ADMIN,ADMIN_CONTROL,建立 YLVEN 浅色与深色主题 Token,android://design-tokens,authenticated_user,none,approved mockup states for YL-M-004,contracts/feature-map.yaml,PLANNED
YL-A-003-C-P00_005-01,P00-005,YL-A-003,ANDROID,PRIMARY_VISIBLE,建立四栏导航与占位态,android://navigation,authenticated_user,none,approved mockup states for YL-A-003,contracts/feature-map.yaml,PLANNED
YL-M-005-C-P00_005-02,P00-005,YL-M-005,ADMIN,ADMIN_CONTROL,建立四栏导航与占位态,android://navigation,authenticated_user,none,approved mockup states for YL-M-005,contracts/feature-map.yaml,PLANNED
YL-M-006-C-P00_006-01,P00-006,YL-M-006,ADMIN,ADMIN_CONTROL,建立 Core API 服务壳,/api/health,authenticated_user,none,approved mockup states for YL-M-006,contracts/feature-map.yaml,PLANNED
YL-M-006-C-P00_007-01,P00-007,YL-M-006,ADMIN,ADMIN_CONTROL,建立 AI Runtime 服务壳,/runtime/health,authenticated_user,none,approved mockup states for YL-M-006,contracts/feature-map.yaml,PLANNED
YL-M-006-C-P00_008-01,P00-008,YL-M-006,ADMIN,ADMIN_CONTROL,建立 Developer Gateway 服务壳,/developer/health,authenticated_user,none,approved mockup states for YL-M-006,contracts/feature-map.yaml,PLANNED
YL-M-007-C-P00_009-01,P00-009,YL-M-007,ADMIN,ADMIN_CONTROL,建立 Worker 与队列消费框架,/worker/health,authenticated_user,none,approved mockup states for YL-M-007,contracts/feature-map.yaml,PLANNED
YL-M-008-C-P00_010-01,P00-010,YL-M-008,ADMIN,ADMIN_CONTROL,建立 Scheduler 与分布式锁,/scheduler/health,authenticated_user,none,approved mockup states for YL-M-008,contracts/feature-map.yaml,PLANNED
YL-M-009-C-P00_011-01,P00-011,YL-M-009,ADMIN,ADMIN_CONTROL,建立 PostgreSQL 迁移体系,db://migrations,authenticated_user,none,approved mockup states for YL-M-009,contracts/feature-map.yaml,PLANNED
YL-M-010-C-P00_012-01,P00-012,YL-M-010,ADMIN,ADMIN_CONTROL,建立 Redis 缓存与限流连接,redis://health,authenticated_user,none,approved mockup states for YL-M-010,contracts/feature-map.yaml,PLANNED
YL-M-011-C-P00_013-01,P00-013,YL-M-011,ADMIN,ADMIN_CONTROL,建立 NATS JetStream 事件总线,nats://health,authenticated_user,none,approved mockup states for YL-M-011,contracts/feature-map.yaml,PLANNED
YL-M-012-C-P00_014-01,P00-014,YL-M-012,ADMIN,ADMIN_CONTROL,建立 Cloudflare R2 存储适配器,r2://health,authenticated_user,none,approved mockup states for YL-M-012,contracts/feature-map.yaml,PLANNED
YL-M-013-C-P00_015-01,P00-015,YL-M-013,ADMIN,ADMIN_CONTROL,建立 OpenAPI 合同与代码生成,contract://openapi,authenticated_user,none,approved mockup states for YL-M-013,contracts/feature-map.yaml,PLANNED
YL-M-014-C-P00_016-01,P00-016,YL-M-014,ADMIN,ADMIN_CONTROL,建立 Feature Map 机器校验,contract://features,authenticated_user,none,approved mockup states for YL-M-014,contracts/feature-map.yaml,PLANNED
YL-M-015-C-P00_017-01,P00-017,YL-M-015,ADMIN,ADMIN_CONTROL,建立结构化日志、指标与追踪,/internal/metrics,authenticated_user,none,approved mockup states for YL-M-015,contracts/feature-map.yaml,PLANNED
YL-M-016-C-P00_018-01,P00-018,YL-M-016,ADMIN,ADMIN_CONTROL,建立 GitHub Actions 基础 CI,ci://quality,authenticated_user,none,approved mockup states for YL-M-016,contracts/feature-map.yaml,PLANNED
YL-M-017-C-P00_019-01,P00-019,YL-M-017,ADMIN,ADMIN_CONTROL,建立阶段发布与桌面交付脚本,script://release-phase,authenticated_user,none,approved mockup states for YL-M-017,contracts/feature-map.yaml,PLANNED
YL-M-018-C-P00_020-01,P00-020,YL-M-018,ADMIN,ADMIN_CONTROL,探测 Sub2API 文本与流式能力,/admin/v1/probes/sub2api/chat,authenticated_user,none,approved mockup states for YL-M-018,contracts/feature-map.yaml,PLANNED
YL-M-018-C-P00_021-01,P00-021,YL-M-018,ADMIN,ADMIN_CONTROL,探测 Sub2API 视觉、文件与图片能力,/admin/v1/probes/sub2api/multimodal,authenticated_user,none,approved mockup states for YL-M-018,contracts/feature-map.yaml,PLANNED
YL-M-019-C-P00_022-01,P00-022,YL-M-019,ADMIN,ADMIN_CONTROL,建立秘密管理与示例环境文件,secret://inventory,authenticated_user,none,approved mockup states for YL-M-019,contracts/feature-map.yaml,PLANNED
YL-M-020-C-P00_023-01,P00-023,YL-M-020,ADMIN,ADMIN_CONTROL,建立后台 Vue 应用壳和 RBAC 路由,admin://shell,authenticated_user,none,approved mockup states for YL-M-020,contracts/feature-map.yaml,PLANNED
YL-D-001-C-P00_024-01,P00-024,YL-D-001,DEVELOPER,PRIMARY_VISIBLE,建立开发者门户应用壳,developer-web://shell,authenticated_user,none,approved mockup states for YL-D-001,contracts/feature-map.yaml,PLANNED
YL-M-021-C-P00_024-02,P00-024,YL-M-021,ADMIN,ADMIN_CONTROL,建立开发者门户应用壳,developer-web://shell,authenticated_user,none,approved mockup states for YL-M-021,contracts/feature-map.yaml,PLANNED
YL-M-022-C-P01_001-01,P01-001,YL-M-022,ADMIN,ADMIN_CONTROL,标准化邮箱地址并校验格式,/api/v1/auth/email/normalize,authenticated_user,none,approved mockup states for YL-M-022,contracts/feature-map.yaml,PLANNED
YL-M-023-C-P01_002-01,P01-002,YL-M-023,ADMIN,ADMIN_CONTROL,创建注册安全验证挑战,/api/v1/auth/register/challenge,authenticated_user,none,approved mockup states for YL-M-023,contracts/feature-map.yaml,PLANNED
YL-M-024-C-P01_003-01,P01-003,YL-M-024,ADMIN,ADMIN_CONTROL,服务端校验 Turnstile 一次性令牌,/internal/v1/security/turnstile/verify,authenticated_user,none,approved mockup states for YL-M-024,contracts/feature-map.yaml,PLANNED
YL-W-001-C-P01_003-02,P01-003,YL-W-001,WEB,PUBLIC_SUPPORT,服务端校验 Turnstile 一次性令牌,/internal/v1/security/turnstile/verify,authenticated_user,none,approved mockup states for YL-W-001,contracts/feature-map.yaml,PLANNED
YL-M-025-C-P01_004-01,P01-004,YL-M-025,ADMIN,ADMIN_CONTROL,发送注册邮箱验证码,/api/v1/auth/register/otp/send,authenticated_user,none,approved mockup states for YL-M-025,contracts/feature-map.yaml,PLANNED
YL-W-002-C-P01_004-02,P01-004,YL-W-002,WEB,PUBLIC_SUPPORT,发送注册邮箱验证码,/api/v1/auth/register/otp/send,authenticated_user,none,approved mockup states for YL-W-002,contracts/feature-map.yaml,PLANNED
YL-M-026-C-P01_005-01,P01-005,YL-M-026,ADMIN,ADMIN_CONTROL,验证注册邮箱验证码,/api/v1/auth/register/otp/verify,authenticated_user,none,approved mockup states for YL-M-026,contracts/feature-map.yaml,PLANNED
YL-W-002-C-P01_005-02,P01-005,YL-W-002,WEB,PUBLIC_SUPPORT,验证注册邮箱验证码,/api/v1/auth/register/otp/verify,authenticated_user,none,approved mockup states for YL-W-002,contracts/feature-map.yaml,PLANNED
YL-M-027-C-P01_006-01,P01-006,YL-M-027,ADMIN,ADMIN_CONTROL,创建用户并安全哈希密码,/api/v1/auth/register/complete,authenticated_user,none,approved mockup states for YL-M-027,contracts/feature-map.yaml,PLANNED
YL-M-028-C-P01_007-01,P01-007,YL-M-028,ADMIN,ADMIN_CONTROL,防止邮箱重复注册和竞态,domain://identity/email-uniqueness,authenticated_user,none,approved mockup states for YL-M-028,contracts/feature-map.yaml,PLANNED
YL-M-023-C-P01_008-01,P01-008,YL-M-023,ADMIN,ADMIN_CONTROL,创建登录安全验证挑战,/api/v1/auth/login/challenge,authenticated_user,none,approved mockup states for YL-M-023,contracts/feature-map.yaml,PLANNED
YL-M-026-C-P01_009-01,P01-009,YL-M-026,ADMIN,ADMIN_CONTROL,发送登录邮箱验证码并防账号枚举,/api/v1/auth/login/otp/send,authenticated_user,none,approved mockup states for YL-M-026,contracts/feature-map.yaml,PLANNED
YL-M-029-C-P01_010-01,P01-010,YL-M-029,ADMIN,ADMIN_CONTROL,验证登录邮箱验证码,/api/v1/auth/login/otp/verify,authenticated_user,none,approved mockup states for YL-M-029,contracts/feature-map.yaml,PLANNED
YL-M-030-C-P01_011-01,P01-011,YL-M-030,ADMIN,ADMIN_CONTROL,签发访问令牌和轮换刷新令牌,/api/v1/auth/sessions,authenticated_user,none,approved mockup states for YL-M-030,contracts/feature-map.yaml,PLANNED
YL-M-030-C-P01_012-01,P01-012,YL-M-030,ADMIN,ADMIN_CONTROL,刷新登录会话,/api/v1/auth/token/refresh,authenticated_user,none,approved mockup states for YL-M-030,contracts/feature-map.yaml,PLANNED
YL-M-030-C-P01_013-01,P01-013,YL-M-030,ADMIN,ADMIN_CONTROL,退出当前设备,/api/v1/auth/logout,authenticated_user,none,approved mockup states for YL-M-030,contracts/feature-map.yaml,PLANNED
YL-M-031-C-P01_014-01,P01-014,YL-M-031,ADMIN,ADMIN_CONTROL,退出全部设备,/api/v1/auth/logout-all,authenticated_user,none,approved mockup states for YL-M-031,contracts/feature-map.yaml,PLANNED
YL-M-031-C-P01_015-01,P01-015,YL-M-031,ADMIN,ADMIN_CONTROL,查询用户设备和会话,/api/v1/account/devices,authenticated_user,none,approved mockup states for YL-M-031,contracts/feature-map.yaml,PLANNED
YL-M-031-C-P01_016-01,P01-016,YL-M-031,ADMIN,ADMIN_CONTROL,撤销指定设备会话,/api/v1/account/devices/{deviceId}/sessions,authenticated_user,none,approved mockup states for YL-M-031,contracts/feature-map.yaml,PLANNED
YL-M-032-C-P01_017-01,P01-017,YL-M-032,ADMIN,ADMIN_CONTROL,执行认证频率限制与冷却,policy://auth-rate-limit,authenticated_user,none,approved mockup states for YL-M-032,contracts/feature-map.yaml,PLANNED
YL-M-033-C-P01_018-01,P01-018,YL-M-033,ADMIN,ADMIN_CONTROL,记录认证审计和风险事件,event://identity.audit,authenticated_user,none,approved mockup states for YL-M-033,contracts/feature-map.yaml,PLANNED
YL-M-034-C-P01_019-01,P01-019,YL-M-034,ADMIN,ADMIN_CONTROL,管理邮件服务商和发件人,/admin/v1/settings/email,authenticated_user,none,approved mockup states for YL-M-034,contracts/feature-map.yaml,PLANNED
YL-M-035-C-P01_020-01,P01-020,YL-M-035,ADMIN,ADMIN_CONTROL,管理 Turnstile 站点与密钥引用,/admin/v1/settings/turnstile,authenticated_user,none,approved mockup states for YL-M-035,contracts/feature-map.yaml,PLANNED
YL-M-026-C-P01_021-01,P01-021,YL-M-026,ADMIN,ADMIN_CONTROL,管理验证码时效和发送频率,/admin/v1/settings/otp-policy,authenticated_user,none,approved mockup states for YL-M-026,contracts/feature-map.yaml,PLANNED
YL-M-027-C-P01_022-01,P01-022,YL-M-027,ADMIN,ADMIN_CONTROL,查询用户列表和状态,/admin/v1/users,authenticated_user,none,approved mockup states for YL-M-027,contracts/feature-map.yaml,PLANNED
YL-M-036-C-P01_023-01,P01-023,YL-M-036,ADMIN,ADMIN_CONTROL,查询用户详情、身份与设备,/admin/v1/users/{userId},authenticated_user,none,approved mockup states for YL-M-036,contracts/feature-map.yaml,PLANNED
YL-M-027-C-P01_024-01,P01-024,YL-M-027,ADMIN,ADMIN_CONTROL,禁用或恢复用户账号,/admin/v1/users/{userId}/status,authenticated_user,none,approved mockup states for YL-M-027,contracts/feature-map.yaml,PLANNED
YL-M-037-C-P01_025-01,P01-025,YL-M-037,ADMIN,ADMIN_CONTROL,建立管理员角色和细粒度权限,/admin/v1/rbac/roles,authenticated_user,none,approved mockup states for YL-M-037,contracts/feature-map.yaml,PLANNED
YL-M-038-C-P01_026-01,P01-026,YL-M-038,ADMIN,ADMIN_CONTROL,建立后台登录和管理员会话,/admin/v1/auth/login,authenticated_user,none,approved mockup states for YL-M-038,contracts/feature-map.yaml,PLANNED
YL-M-039-C-P01_027-01,P01-027,YL-M-039,ADMIN,ADMIN_CONTROL,建立高风险配置二次确认,/admin/v1/security/step-up,authenticated_user,none,approved mockup states for YL-M-039,contracts/feature-map.yaml,PLANNED
YL-M-040-C-P01_028-01,P01-028,YL-M-040,ADMIN,ADMIN_CONTROL,建立邮箱模板和发送记录,/admin/v1/notifications/email-templates,authenticated_user,none,approved mockup states for YL-M-040,contracts/feature-map.yaml,PLANNED
YL-A-004-C-P02_001-01,P02-001,YL-A-004,ANDROID,PRIMARY_VISIBLE,启动页恢复本地登录状态,/api/v1/account/session,authenticated_user,none,approved mockup states for YL-A-004,contracts/feature-map.yaml,PLANNED
YL-M-030-C-P02_001-02,P02-001,YL-M-030,ADMIN,ADMIN_CONTROL,启动页恢复本地登录状态,/api/v1/account/session,authenticated_user,none,approved mockup states for YL-M-030,contracts/feature-map.yaml,PLANNED
YL-A-005-C-P02_002-01,P02-002,YL-A-005,ANDROID,PRIMARY_VISIBLE,展示邮箱验证码登录页,android://login-screen,authenticated_user,none,approved mockup states for YL-A-005,contracts/feature-map.yaml,PLANNED
YL-M-041-C-P02_002-02,P02-002,YL-M-041,ADMIN,ADMIN_CONTROL,展示邮箱验证码登录页,android://login-screen,authenticated_user,none,approved mockup states for YL-M-041,contracts/feature-map.yaml,PLANNED
YL-A-005-C-P02_003-01,P02-003,YL-A-005,ANDROID,PRIMARY_VISIBLE,校验登录邮箱输入,android://validate-email,authenticated_user,none,approved mockup states for YL-A-005,contracts/feature-map.yaml,PLANNED
YL-A-006-C-P02_004-01,P02-004,YL-A-006,ANDROID,PRIMARY_VISIBLE,弹出登录安全验证对话框,/api/v1/auth/login/challenge,authenticated_user,none,approved mockup states for YL-A-006,contracts/feature-map.yaml,PLANNED
YL-M-023-C-P02_004-02,P02-004,YL-M-023,ADMIN,ADMIN_CONTROL,弹出登录安全验证对话框,/api/v1/auth/login/challenge,authenticated_user,none,approved mockup states for YL-M-023,contracts/feature-map.yaml,PLANNED
YL-A-007-C-P02_005-01,P02-005,YL-A-007,ANDROID,PRIMARY_VISIBLE,在受控 WebView 完成 Turnstile,https://auth.orbexa.cc/security/turnstile,authenticated_user,none,approved mockup states for YL-A-007,contracts/feature-map.yaml,PLANNED
YL-M-024-C-P02_005-02,P02-005,YL-M-024,ADMIN,ADMIN_CONTROL,在受控 WebView 完成 Turnstile,https://auth.orbexa.cc/security/turnstile,authenticated_user,none,approved mockup states for YL-M-024,contracts/feature-map.yaml,PLANNED
YL-W-001-C-P02_005-03,P02-005,YL-W-001,WEB,PUBLIC_SUPPORT,在受控 WebView 完成 Turnstile,https://auth.orbexa.cc/security/turnstile,authenticated_user,none,approved mockup states for YL-W-001,contracts/feature-map.yaml,PLANNED
YL-A-005-C-P02_006-01,P02-006,YL-A-005,ANDROID,PRIMARY_VISIBLE,安全验证后请求登录验证码,/api/v1/auth/login/otp/send,authenticated_user,none,approved mockup states for YL-A-005,contracts/feature-map.yaml,PLANNED
YL-M-026-C-P02_006-02,P02-006,YL-M-026,ADMIN,ADMIN_CONTROL,安全验证后请求登录验证码,/api/v1/auth/login/otp/send,authenticated_user,none,approved mockup states for YL-M-026,contracts/feature-map.yaml,PLANNED
YL-A-008-C-P02_007-01,P02-007,YL-A-008,ANDROID,PRIMARY_VISIBLE,输入六位登录验证码,/api/v1/auth/login/otp/verify,authenticated_user,none,approved mockup states for YL-A-008,contracts/feature-map.yaml,PLANNED
YL-M-029-C-P02_007-02,P02-007,YL-M-029,ADMIN,ADMIN_CONTROL,输入六位登录验证码,/api/v1/auth/login/otp/verify,authenticated_user,none,approved mockup states for YL-M-029,contracts/feature-map.yaml,PLANNED
YL-W-002-C-P02_007-03,P02-007,YL-W-002,WEB,PUBLIC_SUPPORT,输入六位登录验证码,/api/v1/auth/login/otp/verify,authenticated_user,none,approved mockup states for YL-W-002,contracts/feature-map.yaml,PLANNED
YL-A-008-C-P02_008-01,P02-008,YL-A-008,ANDROID,PRIMARY_VISIBLE,显示验证码倒计时和重新发送,/api/v1/auth/login/otp/send,authenticated_user,none,approved mockup states for YL-A-008,contracts/feature-map.yaml,PLANNED
YL-M-026-C-P02_008-02,P02-008,YL-M-026,ADMIN,ADMIN_CONTROL,显示验证码倒计时和重新发送,/api/v1/auth/login/otp/send,authenticated_user,none,approved mockup states for YL-M-026,contracts/feature-map.yaml,PLANNED
YL-A-009-C-P02_009-01,P02-009,YL-A-009,ANDROID,PRIMARY_VISIBLE,登录成功安全保存令牌,/api/v1/auth/sessions,authenticated_user,none,approved mockup states for YL-A-009,contracts/feature-map.yaml,PLANNED
YL-M-030-C-P02_009-02,P02-009,YL-M-030,ADMIN,ADMIN_CONTROL,登录成功安全保存令牌,/api/v1/auth/sessions,authenticated_user,none,approved mockup states for YL-M-030,contracts/feature-map.yaml,PLANNED
YL-A-010-C-P02_010-01,P02-010,YL-A-010,ANDROID,PRIMARY_VISIBLE,展示邮箱密码注册页,android://register-screen,authenticated_user,none,approved mockup states for YL-A-010,contracts/feature-map.yaml,PLANNED
YL-M-042-C-P02_010-02,P02-010,YL-M-042,ADMIN,ADMIN_CONTROL,展示邮箱密码注册页,android://register-screen,authenticated_user,none,approved mockup states for YL-M-042,contracts/feature-map.yaml,PLANNED
YL-A-010-C-P02_011-01,P02-011,YL-A-010,ANDROID,PRIMARY_VISIBLE,实时展示密码强度和规则,/api/v1/auth/password-policy,authenticated_user,none,approved mockup states for YL-A-010,contracts/feature-map.yaml,PLANNED
YL-M-043-C-P02_011-02,P02-011,YL-M-043,ADMIN,ADMIN_CONTROL,实时展示密码强度和规则,/api/v1/auth/password-policy,authenticated_user,none,approved mockup states for YL-M-043,contracts/feature-map.yaml,PLANNED
YL-A-010-C-P02_012-01,P02-012,YL-A-010,ANDROID,PRIMARY_VISIBLE,校验确认密码一致,android://confirm-password,authenticated_user,none,approved mockup states for YL-A-010,contracts/feature-map.yaml,PLANNED
YL-A-011-C-P02_013-01,P02-013,YL-A-011,ANDROID,PRIMARY_VISIBLE,弹出注册安全验证对话框,/api/v1/auth/register/challenge,authenticated_user,none,approved mockup states for YL-A-011,contracts/feature-map.yaml,PLANNED
YL-M-023-C-P02_013-02,P02-013,YL-M-023,ADMIN,ADMIN_CONTROL,弹出注册安全验证对话框,/api/v1/auth/register/challenge,authenticated_user,none,approved mockup states for YL-M-023,contracts/feature-map.yaml,PLANNED
YL-A-010-C-P02_014-01,P02-014,YL-A-010,ANDROID,PRIMARY_VISIBLE,安全验证后请求注册验证码,/api/v1/auth/register/otp/send,authenticated_user,none,approved mockup states for YL-A-010,contracts/feature-map.yaml,PLANNED
YL-M-026-C-P02_014-02,P02-014,YL-M-026,ADMIN,ADMIN_CONTROL,安全验证后请求注册验证码,/api/v1/auth/register/otp/send,authenticated_user,none,approved mockup states for YL-M-026,contracts/feature-map.yaml,PLANNED
YL-A-012-C-P02_015-01,P02-015,YL-A-012,ANDROID,PRIMARY_VISIBLE,验证注册验证码并创建账号,/api/v1/auth/register/complete,authenticated_user,none,approved mockup states for YL-A-012,contracts/feature-map.yaml,PLANNED
YL-M-027-C-P02_015-02,P02-015,YL-M-027,ADMIN,ADMIN_CONTROL,验证注册验证码并创建账号,/api/v1/auth/register/complete,authenticated_user,none,approved mockup states for YL-M-027,contracts/feature-map.yaml,PLANNED
YL-W-002-C-P02_015-03,P02-015,YL-W-002,WEB,PUBLIC_SUPPORT,验证注册验证码并创建账号,/api/v1/auth/register/complete,authenticated_user,none,approved mockup states for YL-W-002,contracts/feature-map.yaml,PLANNED
YL-A-013-C-P02_016-01,P02-016,YL-A-013,ANDROID,PRIMARY_VISIBLE,注册成功自动登录并初始化个人工作区,/api/v1/onboarding/personal-workspace,authenticated_user,none,approved mockup states for YL-A-013,contracts/feature-map.yaml,PLANNED
YL-M-036-C-P02_016-02,P02-016,YL-M-036,ADMIN,ADMIN_CONTROL,注册成功自动登录并初始化个人工作区,/api/v1/onboarding/personal-workspace,authenticated_user,none,approved mockup states for YL-M-036,contracts/feature-map.yaml,PLANNED
YL-A-014-C-P02_017-01,P02-017,YL-A-014,ANDROID,PRIMARY_VISIBLE,令牌过期时自动刷新一次,/api/v1/auth/token/refresh,authenticated_user,none,approved mockup states for YL-A-014,contracts/feature-map.yaml,PLANNED
YL-M-030-C-P02_017-02,P02-017,YL-M-030,ADMIN,ADMIN_CONTROL,令牌过期时自动刷新一次,/api/v1/auth/token/refresh,authenticated_user,none,approved mockup states for YL-M-030,contracts/feature-map.yaml,PLANNED
YL-A-014-C-P02_018-01,P02-018,YL-A-014,ANDROID,PRIMARY_VISIBLE,刷新失败返回登录并保留安全导航,android://session-expired,authenticated_user,none,approved mockup states for YL-A-014,contracts/feature-map.yaml,PLANNED
YL-A-015-C-P02_019-01,P02-019,YL-A-015,ANDROID,PRIMARY_VISIBLE,执行退出登录并清理敏感缓存,/api/v1/auth/logout,authenticated_user,none,approved mockup states for YL-A-015,contracts/feature-map.yaml,PLANNED
YL-M-030-C-P02_019-02,P02-019,YL-M-030,ADMIN,ADMIN_CONTROL,执行退出登录并清理敏感缓存,/api/v1/auth/logout,authenticated_user,none,approved mockup states for YL-M-030,contracts/feature-map.yaml,PLANNED
YL-A-016-C-P02_020-01,P02-020,YL-A-016,ANDROID,PRIMARY_VISIBLE,展示当前账号登录设备,/api/v1/account/devices,authenticated_user,none,approved mockup states for YL-A-016,contracts/feature-map.yaml,PLANNED
YL-M-031-C-P02_020-02,P02-020,YL-M-031,ADMIN,ADMIN_CONTROL,展示当前账号登录设备,/api/v1/account/devices,authenticated_user,none,approved mockup states for YL-M-031,contracts/feature-map.yaml,PLANNED
YL-A-016-C-P02_021-01,P02-021,YL-A-016,ANDROID,PRIMARY_VISIBLE,远程撤销指定设备,/api/v1/account/devices/{deviceId}/sessions,authenticated_user,none,approved mockup states for YL-A-016,contracts/feature-map.yaml,PLANNED
YL-M-031-C-P02_021-02,P02-021,YL-M-031,ADMIN,ADMIN_CONTROL,远程撤销指定设备,/api/v1/account/devices/{deviceId}/sessions,authenticated_user,none,approved mockup states for YL-M-031,contracts/feature-map.yaml,PLANNED
YL-A-007-C-P02_022-01,P02-022,YL-A-007,ANDROID,PRIMARY_VISIBLE,处理安全验证取消、过期和重复令牌,/internal/v1/security/turnstile/verify,authenticated_user,none,approved mockup states for YL-A-007,contracts/feature-map.yaml,PLANNED
YL-M-023-C-P02_022-02,P02-022,YL-M-023,ADMIN,ADMIN_CONTROL,处理安全验证取消、过期和重复令牌,/internal/v1/security/turnstile/verify,authenticated_user,none,approved mockup states for YL-M-023,contracts/feature-map.yaml,PLANNED
YL-W-001-C-P02_022-03,P02-022,YL-W-001,WEB,PUBLIC_SUPPORT,处理安全验证取消、过期和重复令牌,/internal/v1/security/turnstile/verify,authenticated_user,none,approved mockup states for YL-W-001,contracts/feature-map.yaml,PLANNED
YL-A-017-C-P02_023-01,P02-023,YL-A-017,ANDROID,PRIMARY_VISIBLE,处理弱网、离线和请求重试,android://auth-network-recovery,authenticated_user,none,approved mockup states for YL-A-017,contracts/feature-map.yaml,PLANNED
YL-A-008-C-P02_024-01,P02-024,YL-A-008,ANDROID,PRIMARY_VISIBLE,适配验证码键盘、粘贴和自动填充,android://otp-input,authenticated_user,none,approved mockup states for YL-A-008,contracts/feature-map.yaml,PLANNED
YL-A-017-C-P02_025-01,P02-025,YL-A-017,ANDROID,PRIMARY_VISIBLE,完成认证页面无障碍和小屏适配,android://auth-accessibility,authenticated_user,none,approved mockup states for YL-A-017,contracts/feature-map.yaml,PLANNED
YL-M-044-C-P02_026-01,P02-026,YL-M-044,ADMIN,ADMIN_CONTROL,限制 WebView 导航和 JavaScript 桥接面,policy://turnstile-webview,authenticated_user,none,approved mockup states for YL-M-044,contracts/feature-map.yaml,PLANNED
YL-A-018-C-P03_001-01,P03-001,YL-A-018,ANDROID,PRIMARY_VISIBLE,加载 AI 首页聚合数据,/api/mobile/v1/home,authenticated_user,none,approved mockup states for YL-A-018,contracts/feature-map.yaml,PLANNED
YL-M-045-C-P03_001-02,P03-001,YL-M-045,ADMIN,ADMIN_CONTROL,加载 AI 首页聚合数据,/api/mobile/v1/home,authenticated_user,none,approved mockup states for YL-M-045,contracts/feature-map.yaml,PLANNED
YL-A-019-C-P03_002-01,P03-002,YL-A-019,ANDROID,PRIMARY_VISIBLE,新建独立会话 ID,/api/mobile/v1/conversations,authenticated_user,none,approved mockup states for YL-A-019,contracts/feature-map.yaml,PLANNED
YL-M-046-C-P03_002-02,P03-002,YL-M-046,ADMIN,ADMIN_CONTROL,新建独立会话 ID,/api/mobile/v1/conversations,authenticated_user,none,approved mockup states for YL-M-046,contracts/feature-map.yaml,PLANNED
YL-A-020-C-P03_003-01,P03-003,YL-A-020,ANDROID,PRIMARY_VISIBLE,分页加载会话历史,/api/mobile/v1/conversations,authenticated_user,none,approved mockup states for YL-A-020,contracts/feature-map.yaml,PLANNED
YL-M-046-C-P03_003-02,P03-003,YL-M-046,ADMIN,ADMIN_CONTROL,分页加载会话历史,/api/mobile/v1/conversations,authenticated_user,none,approved mockup states for YL-M-046,contracts/feature-map.yaml,PLANNED
YL-A-021-C-P03_004-01,P03-004,YL-A-021,ANDROID,PRIMARY_VISIBLE,搜索会话标题和消息正文,/api/mobile/v1/conversations/search,authenticated_user,none,approved mockup states for YL-A-021,contracts/feature-map.yaml,PLANNED
YL-M-047-C-P03_004-02,P03-004,YL-M-047,ADMIN,ADMIN_CONTROL,搜索会话标题和消息正文,/api/mobile/v1/conversations/search,authenticated_user,none,approved mockup states for YL-M-047,contracts/feature-map.yaml,PLANNED
YL-A-022-C-P03_005-01,P03-005,YL-A-022,ANDROID,PRIMARY_VISIBLE,重命名会话,/api/mobile/v1/conversations/{conversationId},authenticated_user,none,approved mockup states for YL-A-022,contracts/feature-map.yaml,PLANNED
YL-M-048-C-P03_005-02,P03-005,YL-M-048,ADMIN,ADMIN_CONTROL,重命名会话,/api/mobile/v1/conversations/{conversationId},authenticated_user,none,approved mockup states for YL-M-048,contracts/feature-map.yaml,PLANNED
YL-A-022-C-P03_006-01,P03-006,YL-A-022,ANDROID,PRIMARY_VISIBLE,归档会话,/api/mobile/v1/conversations/{conversationId}/archive,authenticated_user,none,approved mockup states for YL-A-022,contracts/feature-map.yaml,PLANNED
YL-M-046-C-P03_006-02,P03-006,YL-M-046,ADMIN,ADMIN_CONTROL,归档会话,/api/mobile/v1/conversations/{conversationId}/archive,authenticated_user,none,approved mockup states for YL-M-046,contracts/feature-map.yaml,PLANNED
YL-A-022-C-P03_007-01,P03-007,YL-A-022,ANDROID,PRIMARY_VISIBLE,删除会话并进入回收策略,/api/mobile/v1/conversations/{conversationId},authenticated_user,none,approved mockup states for YL-A-022,contracts/feature-map.yaml,PLANNED
YL-M-049-C-P03_007-02,P03-007,YL-M-049,ADMIN,ADMIN_CONTROL,删除会话并进入回收策略,/api/mobile/v1/conversations/{conversationId},authenticated_user,none,approved mockup states for YL-M-049,contracts/feature-map.yaml,PLANNED
YL-M-050-C-P03_008-01,P03-008,YL-M-050,ADMIN,ADMIN_CONTROL,自动生成会话标题,/internal/v1/conversations/{conversationId}/title,authenticated_user,none,approved mockup states for YL-M-050,contracts/feature-map.yaml,PLANNED
YL-A-023-C-P03_009-01,P03-009,YL-A-023,ANDROID,PRIMARY_VISIBLE,发送用户文本消息,/api/mobile/v1/conversations/{conversationId}/runs,authenticated_user,none,approved mockup states for YL-A-023,contracts/feature-map.yaml,PLANNED
YL-M-051-C-P03_009-02,P03-009,YL-M-051,ADMIN,ADMIN_CONTROL,发送用户文本消息,/api/mobile/v1/conversations/{conversationId}/runs,authenticated_user,none,approved mockup states for YL-M-051,contracts/feature-map.yaml,PLANNED
YL-A-023-C-P03_010-01,P03-010,YL-A-023,ANDROID,PRIMARY_VISIBLE,通过 SSE 流式接收回答,/api/mobile/v1/runs/{runId}/events,authenticated_user,none,approved mockup states for YL-A-023,contracts/feature-map.yaml,PLANNED
YL-M-052-C-P03_010-02,P03-010,YL-M-052,ADMIN,ADMIN_CONTROL,通过 SSE 流式接收回答,/api/mobile/v1/runs/{runId}/events,authenticated_user,none,approved mockup states for YL-M-052,contracts/feature-map.yaml,PLANNED
YL-A-024-C-P03_011-01,P03-011,YL-A-024,ANDROID,PRIMARY_VISIBLE,停止正在生成的回答,/api/mobile/v1/runs/{runId}/cancel,authenticated_user,none,approved mockup states for YL-A-024,contracts/feature-map.yaml,PLANNED
YL-M-053-C-P03_011-02,P03-011,YL-M-053,ADMIN,ADMIN_CONTROL,停止正在生成的回答,/api/mobile/v1/runs/{runId}/cancel,authenticated_user,none,approved mockup states for YL-M-053,contracts/feature-map.yaml,PLANNED
YL-A-023-C-P03_012-01,P03-012,YL-A-023,ANDROID,PRIMARY_VISIBLE,SSE 断线后按游标恢复,/api/mobile/v1/runs/{runId}/events?after={eventId},authenticated_user,none,approved mockup states for YL-A-023,contracts/feature-map.yaml,PLANNED
YL-M-052-C-P03_012-02,P03-012,YL-M-052,ADMIN,ADMIN_CONTROL,SSE 断线后按游标恢复,/api/mobile/v1/runs/{runId}/events?after={eventId},authenticated_user,none,approved mockup states for YL-M-052,contracts/feature-map.yaml,PLANNED
YL-A-023-C-P03_013-01,P03-013,YL-A-023,ANDROID,PRIMARY_VISIBLE,恢复 App 后台期间的生成状态,/api/mobile/v1/runs/{runId},authenticated_user,none,approved mockup states for YL-A-023,contracts/feature-map.yaml,PLANNED
YL-M-053-C-P03_013-02,P03-013,YL-M-053,ADMIN,ADMIN_CONTROL,恢复 App 后台期间的生成状态,/api/mobile/v1/runs/{runId},authenticated_user,none,approved mockup states for YL-M-053,contracts/feature-map.yaml,PLANNED
YL-M-054-C-P03_014-01,P03-014,YL-M-054,ADMIN,ADMIN_CONTROL,持久化用户和 AI 消息部件,domain://messages/persist,authenticated_user,none,approved mockup states for YL-M-054,contracts/feature-map.yaml,PLANNED
YL-M-053-C-P03_015-01,P03-015,YL-M-053,ADMIN,ADMIN_CONTROL,保存每次模型运行元数据,domain://runs/persist,authenticated_user,none,approved mockup states for YL-M-053,contracts/feature-map.yaml,PLANNED
YL-A-025-C-P03_016-01,P03-016,YL-A-025,ANDROID,PRIMARY_VISIBLE,本地 Room 缓存会话和消息,android://room/chat-cache,authenticated_user,none,approved mockup states for YL-A-025,contracts/feature-map.yaml,PLANNED
YL-A-023-C-P03_017-01,P03-017,YL-A-023,ANDROID,PRIMARY_VISIBLE,协调本地乐观消息与服务端状态,android://message-reconciliation,authenticated_user,none,approved mockup states for YL-A-023,contracts/feature-map.yaml,PLANNED
YL-A-026-C-P03_018-01,P03-018,YL-A-026,ANDROID,PRIMARY_VISIBLE,渲染 Markdown 富文本,android://markdown-renderer,authenticated_user,none,approved mockup states for YL-A-026,contracts/feature-map.yaml,PLANNED
YL-A-027-C-P03_019-01,P03-019,YL-A-027,ANDROID,PRIMARY_VISIBLE,渲染代码块并复制代码,android://code-block,authenticated_user,none,approved mockup states for YL-A-027,contracts/feature-map.yaml,PLANNED
YL-A-028-C-P03_020-01,P03-020,YL-A-028,ANDROID,PRIMARY_VISIBLE,渲染表格并横向滚动,android://table-renderer,authenticated_user,none,approved mockup states for YL-A-028,contracts/feature-map.yaml,PLANNED
YL-A-029-C-P03_021-01,P03-021,YL-A-029,ANDROID,PRIMARY_VISIBLE,渲染引用和来源卡片,/api/mobile/v1/messages/{messageId}/citations,authenticated_user,none,approved mockup states for YL-A-029,contracts/feature-map.yaml,PLANNED
YL-M-055-C-P03_021-02,P03-021,YL-M-055,ADMIN,ADMIN_CONTROL,渲染引用和来源卡片,/api/mobile/v1/messages/{messageId}/citations,authenticated_user,none,approved mockup states for YL-M-055,contracts/feature-map.yaml,PLANNED
YL-A-030-C-P03_022-01,P03-022,YL-A-030,ANDROID,PRIMARY_VISIBLE,复制整条回答,android://copy-message,authenticated_user,none,approved mockup states for YL-A-030,contracts/feature-map.yaml,PLANNED
YL-A-030-C-P03_023-01,P03-023,YL-A-030,ANDROID,PRIMARY_VISIBLE,分享或导出单条回答,/api/mobile/v1/messages/{messageId}/exports,authenticated_user,none,approved mockup states for YL-A-030,contracts/feature-map.yaml,PLANNED
YL-M-056-C-P03_023-02,P03-023,YL-M-056,ADMIN,ADMIN_CONTROL,分享或导出单条回答,/api/mobile/v1/messages/{messageId}/exports,authenticated_user,none,approved mockup states for YL-M-056,contracts/feature-map.yaml,PLANNED
YL-A-030-C-P03_024-01,P03-024,YL-A-030,ANDROID,PRIMARY_VISIBLE,重新生成当前回答,/api/mobile/v1/messages/{messageId}/regenerate,authenticated_user,none,approved mockup states for YL-A-030,contracts/feature-map.yaml,PLANNED
YL-M-053-C-P03_024-02,P03-024,YL-M-053,ADMIN,ADMIN_CONTROL,重新生成当前回答,/api/mobile/v1/messages/{messageId}/regenerate,authenticated_user,none,approved mockup states for YL-M-053,contracts/feature-map.yaml,PLANNED
YL-W-006-C-P03_024-03,P03-024,YL-W-006,WEB,PUBLIC_SUPPORT,重新生成当前回答,/api/mobile/v1/messages/{messageId}/regenerate,authenticated_user,none,approved mockup states for YL-W-006,contracts/feature-map.yaml,PLANNED
YL-A-030-C-P03_025-01,P03-025,YL-A-030,ANDROID,PRIMARY_VISIBLE,提交回答点赞或点踩,/api/mobile/v1/messages/{messageId}/feedback,authenticated_user,none,approved mockup states for YL-A-030,contracts/feature-map.yaml,PLANNED
YL-M-057-C-P03_025-02,P03-025,YL-M-057,ADMIN,ADMIN_CONTROL,提交回答点赞或点踩,/api/mobile/v1/messages/{messageId}/feedback,authenticated_user,none,approved mockup states for YL-M-057,contracts/feature-map.yaml,PLANNED
YL-A-026-C-P03_026-01,P03-026,YL-A-026,ANDROID,PRIMARY_VISIBLE,显示生成中、完成、取消和失败状态,/api/mobile/v1/runs/{runId},authenticated_user,none,approved mockup states for YL-A-026,contracts/feature-map.yaml,PLANNED
YL-M-053-C-P03_026-02,P03-026,YL-M-053,ADMIN,ADMIN_CONTROL,显示生成中、完成、取消和失败状态,/api/mobile/v1/runs/{runId},authenticated_user,none,approved mockup states for YL-M-053,contracts/feature-map.yaml,PLANNED
YL-A-023-C-P03_027-01,P03-027,YL-A-023,ANDROID,PRIMARY_VISIBLE,显示稳定错误信息和重试入口,android://chat-error-recovery,authenticated_user,none,approved mockup states for YL-A-023,contracts/feature-map.yaml,PLANNED
YL-A-031-C-P03_028-01,P03-028,YL-A-031,ANDROID,PRIMARY_VISIBLE,创建临时不长期保留的会话,/api/mobile/v1/conversations?temporary=true,authenticated_user,none,approved mockup states for YL-A-031,contracts/feature-map.yaml,PLANNED
YL-M-058-C-P03_028-02,P03-028,YL-M-058,ADMIN,ADMIN_CONTROL,创建临时不长期保留的会话,/api/mobile/v1/conversations?temporary=true,authenticated_user,none,approved mockup states for YL-M-058,contracts/feature-map.yaml,PLANNED
YL-A-022-C-P03_029-01,P03-029,YL-A-022,ANDROID,PRIMARY_VISIBLE,导出完整会话为 Markdown,/api/mobile/v1/conversations/{conversationId}/exports,authenticated_user,none,approved mockup states for YL-A-022,contracts/feature-map.yaml,PLANNED
YL-M-056-C-P03_029-02,P03-029,YL-M-056,ADMIN,ADMIN_CONTROL,导出完整会话为 Markdown,/api/mobile/v1/conversations/{conversationId}/exports,authenticated_user,none,approved mockup states for YL-M-056,contracts/feature-map.yaml,PLANNED
YL-A-030-C-P03_030-01,P03-030,YL-A-030,ANDROID,PRIMARY_VISIBLE,朗读 AI 回答,/api/mobile/v1/messages/{messageId}/speech,authenticated_user,none,approved mockup states for YL-A-030,contracts/feature-map.yaml,PLANNED
YL-M-059-C-P03_030-02,P03-030,YL-M-059,ADMIN,ADMIN_CONTROL,朗读 AI 回答,/api/mobile/v1/messages/{messageId}/speech,authenticated_user,none,approved mockup states for YL-M-059,contracts/feature-map.yaml,PLANNED
YL-A-032-C-P03_031-01,P03-031,YL-A-032,ANDROID,PRIMARY_VISIBLE,使用系统语音输入并编辑转写文本,android://speech-to-text,authenticated_user,none,approved mockup states for YL-A-032,contracts/feature-map.yaml,PLANNED
YL-A-032-C-P03_032-01,P03-032,YL-A-032,ANDROID,PRIMARY_VISIBLE,保存和恢复未发送草稿,android://drafts,authenticated_user,none,approved mockup states for YL-A-032,contracts/feature-map.yaml,PLANNED
YL-M-060-C-P03_033-01,P03-033,YL-M-060,ADMIN,ADMIN_CONTROL,按用户权限校验会话所有权,policy://conversation-ownership,authenticated_user,none,approved mockup states for YL-M-060,contracts/feature-map.yaml,PLANNED
YL-M-061-C-P03_034-01,P03-034,YL-M-061,ADMIN,ADMIN_CONTROL,记录聊天链路延迟和错误指标,/internal/metrics/chat,authenticated_user,none,approved mockup states for YL-M-061,contracts/feature-map.yaml,PLANNED
YL-M-046-C-P03_035-01,P03-035,YL-M-046,ADMIN,ADMIN_CONTROL,后台查询会话、消息和运行记录,/admin/v1/conversations/{conversationId},authenticated_user,none,approved mockup states for YL-M-046,contracts/feature-map.yaml,PLANNED
YL-A-033-C-P04_001-01,P04-001,YL-A-033,ANDROID,PRIMARY_VISIBLE,从后台动态加载可用模型目录,/api/mobile/v1/models,authenticated_user,none,approved mockup states for YL-A-033,contracts/feature-map.yaml,PLANNED
YL-M-051-C-P04_001-02,P04-001,YL-M-051,ADMIN,ADMIN_CONTROL,从后台动态加载可用模型目录,/api/mobile/v1/models,authenticated_user,none,approved mockup states for YL-M-051,contracts/feature-map.yaml,PLANNED
YL-A-033-C-P04_002-01,P04-002,YL-A-033,ANDROID,PRIMARY_VISIBLE,按供应商分组展示模型,/api/mobile/v1/models?group=provider,authenticated_user,none,approved mockup states for YL-A-033,contracts/feature-map.yaml,PLANNED
YL-M-062-C-P04_002-02,P04-002,YL-M-062,ADMIN,ADMIN_CONTROL,按供应商分组展示模型,/api/mobile/v1/models?group=provider,authenticated_user,none,approved mockup states for YL-M-062,contracts/feature-map.yaml,PLANNED
YL-A-033-C-P04_003-01,P04-003,YL-A-033,ANDROID,PRIMARY_VISIBLE,展示模型用途、速度和能力标签,/api/mobile/v1/models/{modelId},authenticated_user,none,approved mockup states for YL-A-033,contracts/feature-map.yaml,PLANNED
YL-M-051-C-P04_003-02,P04-003,YL-M-051,ADMIN,ADMIN_CONTROL,展示模型用途、速度和能力标签,/api/mobile/v1/models/{modelId},authenticated_user,none,approved mockup states for YL-M-051,contracts/feature-map.yaml,PLANNED
YL-M-018-C-P04_004-01,P04-004,YL-M-018,ADMIN,ADMIN_CONTROL,只展示实际探测通过的能力,policy://verified-capabilities,authenticated_user,none,approved mockup states for YL-M-018,contracts/feature-map.yaml,PLANNED
YL-A-034-C-P04_005-01,P04-005,YL-A-034,ANDROID,PRIMARY_VISIBLE,加载模型支持的推理档位,/api/mobile/v1/models/{modelId}/reasoning-profiles,authenticated_user,none,approved mockup states for YL-A-034,contracts/feature-map.yaml,PLANNED
YL-M-063-C-P04_005-02,P04-005,YL-M-063,ADMIN,ADMIN_CONTROL,加载模型支持的推理档位,/api/mobile/v1/models/{modelId}/reasoning-profiles,authenticated_user,none,approved mockup states for YL-M-063,contracts/feature-map.yaml,PLANNED
YL-M-063-C-P04_006-01,P04-006,YL-M-063,ADMIN,ADMIN_CONTROL,将用户推理档位映射为上游参数,adapter://reasoning-profile,authenticated_user,none,approved mockup states for YL-M-063,contracts/feature-map.yaml,PLANNED
YL-A-035-C-P04_007-01,P04-007,YL-A-035,ANDROID,PRIMARY_VISIBLE,设置全局默认模型和推理档位,/api/mobile/v1/preferences/ai,authenticated_user,none,approved mockup states for YL-A-035,contracts/feature-map.yaml,PLANNED
YL-M-064-C-P04_007-02,P04-007,YL-M-064,ADMIN,ADMIN_CONTROL,设置全局默认模型和推理档位,/api/mobile/v1/preferences/ai,authenticated_user,none,approved mockup states for YL-M-064,contracts/feature-map.yaml,PLANNED
YL-A-036-C-P04_008-01,P04-008,YL-A-036,ANDROID,PRIMARY_VISIBLE,设置当前会话默认模型,/api/mobile/v1/conversations/{conversationId}/settings,authenticated_user,none,approved mockup states for YL-A-036,contracts/feature-map.yaml,PLANNED
YL-M-048-C-P04_008-02,P04-008,YL-M-048,ADMIN,ADMIN_CONTROL,设置当前会话默认模型,/api/mobile/v1/conversations/{conversationId}/settings,authenticated_user,none,approved mockup states for YL-M-048,contracts/feature-map.yaml,PLANNED
YL-A-037-C-P04_009-01,P04-009,YL-A-037,ANDROID,PRIMARY_VISIBLE,仅为本次消息临时切换模型,/api/mobile/v1/conversations/{conversationId}/runs,authenticated_user,none,approved mockup states for YL-A-037,contracts/feature-map.yaml,PLANNED
YL-M-051-C-P04_009-02,P04-009,YL-M-051,ADMIN,ADMIN_CONTROL,仅为本次消息临时切换模型,/api/mobile/v1/conversations/{conversationId}/runs,authenticated_user,none,approved mockup states for YL-M-051,contracts/feature-map.yaml,PLANNED
YL-A-038-C-P04_010-01,P04-010,YL-A-038,ANDROID,PRIMARY_VISIBLE,每条回答显示真实模型和推理档位,/api/mobile/v1/messages/{messageId}/run-metadata,authenticated_user,none,approved mockup states for YL-A-038,contracts/feature-map.yaml,PLANNED
YL-M-053-C-P04_010-02,P04-010,YL-M-053,ADMIN,ADMIN_CONTROL,每条回答显示真实模型和推理档位,/api/mobile/v1/messages/{messageId}/run-metadata,authenticated_user,none,approved mockup states for YL-M-053,contracts/feature-map.yaml,PLANNED
YL-A-030-C-P04_011-01,P04-011,YL-A-030,ANDROID,PRIMARY_VISIBLE,使用其他模型重新回答且保留旧答案,/api/mobile/v1/messages/{messageId}/rerun,authenticated_user,none,approved mockup states for YL-A-030,contracts/feature-map.yaml,PLANNED
YL-M-065-C-P04_011-02,P04-011,YL-M-065,ADMIN,ADMIN_CONTROL,使用其他模型重新回答且保留旧答案,/api/mobile/v1/messages/{messageId}/rerun,authenticated_user,none,approved mockup states for YL-M-065,contracts/feature-map.yaml,PLANNED
YL-M-065-C-P04_012-01,P04-012,YL-M-065,ADMIN,ADMIN_CONTROL,创建会话回答分支,/api/mobile/v1/conversations/{conversationId}/branches,authenticated_user,none,approved mockup states for YL-M-065,contracts/feature-map.yaml,PLANNED
YL-A-039-C-P04_013-01,P04-013,YL-A-039,ANDROID,PRIMARY_VISIBLE,选择并切换当前会话分支,/api/mobile/v1/conversations/{conversationId}/branches,authenticated_user,none,approved mockup states for YL-A-039,contracts/feature-map.yaml,PLANNED
YL-M-065-C-P04_013-02,P04-013,YL-M-065,ADMIN,ADMIN_CONTROL,选择并切换当前会话分支,/api/mobile/v1/conversations/{conversationId}/branches,authenticated_user,none,approved mockup states for YL-M-065,contracts/feature-map.yaml,PLANNED
YL-A-040-C-P04_014-01,P04-014,YL-A-040,ANDROID,PRIMARY_VISIBLE,同时请求多个模型进行回答对比,/api/mobile/v1/comparisons,authenticated_user,usage_metered,approved mockup states for YL-A-040,contracts/feature-map.yaml,PLANNED
YL-M-066-C-P04_014-02,P04-014,YL-M-066,ADMIN,ADMIN_CONTROL,同时请求多个模型进行回答对比,/api/mobile/v1/comparisons,authenticated_user,usage_metered,approved mockup states for YL-M-066,contracts/feature-map.yaml,PLANNED
YL-A-041-C-P04_015-01,P04-015,YL-A-041,ANDROID,PRIMARY_VISIBLE,标签页切换不同模型对比结果,/api/mobile/v1/comparisons/{comparisonId},authenticated_user,none,approved mockup states for YL-A-041,contracts/feature-map.yaml,PLANNED
YL-M-066-C-P04_015-02,P04-015,YL-M-066,ADMIN,ADMIN_CONTROL,标签页切换不同模型对比结果,/api/mobile/v1/comparisons/{comparisonId},authenticated_user,none,approved mockup states for YL-M-066,contracts/feature-map.yaml,PLANNED
YL-A-041-C-P04_016-01,P04-016,YL-A-041,ANDROID,PRIMARY_VISIBLE,采用一个候选回答继续会话,/api/mobile/v1/comparisons/{comparisonId}/adopt,authenticated_user,none,approved mockup states for YL-A-041,contracts/feature-map.yaml,PLANNED
YL-M-066-C-P04_016-02,P04-016,YL-M-066,ADMIN,ADMIN_CONTROL,采用一个候选回答继续会话,/api/mobile/v1/comparisons/{comparisonId}/adopt,authenticated_user,none,approved mockup states for YL-M-066,contracts/feature-map.yaml,PLANNED
YL-A-041-C-P04_017-01,P04-017,YL-A-041,ANDROID,PRIMARY_VISIBLE,综合多个模型回答,/api/mobile/v1/comparisons/{comparisonId}/synthesize,authenticated_user,usage_metered,approved mockup states for YL-A-041,contracts/feature-map.yaml,PLANNED
YL-M-066-C-P04_017-02,P04-017,YL-M-066,ADMIN,ADMIN_CONTROL,综合多个模型回答,/api/mobile/v1/comparisons/{comparisonId}/synthesize,authenticated_user,usage_metered,approved mockup states for YL-M-066,contracts/feature-map.yaml,PLANNED
YL-A-042-C-P04_018-01,P04-018,YL-A-042,ANDROID,PRIMARY_VISIBLE,透明提示模型不可用并请求用户选择回退,/api/mobile/v1/models/{modelId}/availability,authenticated_user,none,approved mockup states for YL-A-042,contracts/feature-map.yaml,PLANNED
YL-M-067-C-P04_018-02,P04-018,YL-M-067,ADMIN,ADMIN_CONTROL,透明提示模型不可用并请求用户选择回退,/api/mobile/v1/models/{modelId}/availability,authenticated_user,none,approved mockup states for YL-M-067,contracts/feature-map.yaml,PLANNED
YL-M-068-C-P04_019-01,P04-019,YL-M-068,ADMIN,ADMIN_CONTROL,按会话授权自动回退模型,policy://model-fallback,authenticated_user,none,approved mockup states for YL-M-068,contracts/feature-map.yaml,PLANNED
YL-M-069-C-P04_020-01,P04-020,YL-M-069,ADMIN,ADMIN_CONTROL,配置供应商通道和凭据引用,/admin/v1/provider-channels,authenticated_user,none,approved mockup states for YL-M-069,contracts/feature-map.yaml,PLANNED
YL-M-051-C-P04_021-01,P04-021,YL-M-051,ADMIN,ADMIN_CONTROL,配置模型别名、排序和上下架,/admin/v1/models/{modelId},authenticated_user,none,approved mockup states for YL-M-051,contracts/feature-map.yaml,PLANNED
YL-M-070-C-P04_022-01,P04-022,YL-M-070,ADMIN,ADMIN_CONTROL,配置模型能力与上下文限制,/admin/v1/models/{modelId}/capabilities,authenticated_user,none,approved mockup states for YL-M-070,contracts/feature-map.yaml,PLANNED
YL-M-063-C-P04_023-01,P04-023,YL-M-063,ADMIN,ADMIN_CONTROL,配置推理档位映射,/admin/v1/models/{modelId}/reasoning-profiles,authenticated_user,none,approved mockup states for YL-M-063,contracts/feature-map.yaml,PLANNED
YL-M-068-C-P04_024-01,P04-024,YL-M-068,ADMIN,ADMIN_CONTROL,配置模型路由优先级和主备线路,/admin/v1/routing-policies/{policyId},authenticated_user,none,approved mockup states for YL-M-068,contracts/feature-map.yaml,PLANNED
YL-M-071-C-P04_025-01,P04-025,YL-M-071,ADMIN,ADMIN_CONTROL,执行模型健康探测,/admin/v1/models/{modelId}/health-probe,authenticated_user,none,approved mockup states for YL-M-071,contracts/feature-map.yaml,PLANNED
YL-M-018-C-P04_026-01,P04-026,YL-M-018,ADMIN,ADMIN_CONTROL,执行文本、流式、视觉和工具能力探测,/admin/v1/models/{modelId}/capability-probe,authenticated_user,none,approved mockup states for YL-M-018,contracts/feature-map.yaml,PLANNED
YL-M-072-C-P04_027-01,P04-027,YL-M-072,ADMIN,ADMIN_CONTROL,按供应商设置独立并发、超时和熔断,policy://provider-isolation,authenticated_user,none,approved mockup states for YL-M-072,contracts/feature-map.yaml,PLANNED
YL-M-073-C-P04_028-01,P04-028,YL-M-073,ADMIN,ADMIN_CONTROL,记录输入、输出和推理 Token,event://usage.ai-run,authenticated_user,usage_metered,approved mockup states for YL-M-073,contracts/feature-map.yaml,PLANNED
YL-M-074-C-P04_029-01,P04-029,YL-M-074,ADMIN,ADMIN_CONTROL,记录模型价格版本快照,domain://pricing/snapshot,authenticated_user,usage_metered,approved mockup states for YL-M-074,contracts/feature-map.yaml,PLANNED
YL-A-043-C-P04_030-01,P04-030,YL-A-043,ANDROID,PRIMARY_VISIBLE,显示模型服务简化状态,/api/mobile/v1/service-status/models,authenticated_user,none,approved mockup states for YL-A-043,contracts/feature-map.yaml,PLANNED
YL-M-075-C-P04_030-02,P04-030,YL-M-075,ADMIN,ADMIN_CONTROL,显示模型服务简化状态,/api/mobile/v1/service-status/models,authenticated_user,none,approved mockup states for YL-M-075,contracts/feature-map.yaml,PLANNED
YL-W-005-C-P04_030-03,P04-030,YL-W-005,WEB,PUBLIC_SUPPORT,显示模型服务简化状态,/api/mobile/v1/service-status/models,authenticated_user,none,approved mockup states for YL-W-005,contracts/feature-map.yaml,PLANNED
YL-A-044-C-P05_001-01,P05-001,YL-A-044,ANDROID,PRIMARY_VISIBLE,请求 R2 预签名上传凭据,/api/mobile/v1/files/uploads,authenticated_user,none,approved mockup states for YL-A-044,contracts/feature-map.yaml,PLANNED
YL-M-076-C-P05_001-02,P05-001,YL-M-076,ADMIN,ADMIN_CONTROL,请求 R2 预签名上传凭据,/api/mobile/v1/files/uploads,authenticated_user,none,approved mockup states for YL-M-076,contracts/feature-map.yaml,PLANNED
YL-A-045-C-P05_002-01,P05-002,YL-A-045,ANDROID,PRIMARY_VISIBLE,直传文件并显示进度,r2://presigned-upload,authenticated_user,none,approved mockup states for YL-A-045,contracts/feature-map.yaml,PLANNED
YL-M-077-C-P05_002-02,P05-002,YL-M-077,ADMIN,ADMIN_CONTROL,直传文件并显示进度,r2://presigned-upload,authenticated_user,none,approved mockup states for YL-M-077,contracts/feature-map.yaml,PLANNED
YL-M-076-C-P05_003-01,P05-003,YL-M-076,ADMIN,ADMIN_CONTROL,完成上传并校验对象元数据,/api/mobile/v1/files/uploads/{uploadId}/complete,authenticated_user,none,approved mockup states for YL-M-076,contracts/feature-map.yaml,PLANNED
YL-M-078-C-P05_004-01,P05-004,YL-M-078,ADMIN,ADMIN_CONTROL,校验 MIME、扩展名、大小和哈希,policy://file-validation,authenticated_user,none,approved mockup states for YL-M-078,contracts/feature-map.yaml,PLANNED
YL-M-079-C-P05_005-01,P05-005,YL-M-079,ADMIN,ADMIN_CONTROL,执行恶意文件扫描和隔离,job://file-security-scan,authenticated_user,none,approved mockup states for YL-M-079,contracts/feature-map.yaml,PLANNED
YL-M-080-C-P05_006-01,P05-006,YL-M-080,ADMIN,ADMIN_CONTROL,生成图片缩略图和基本元数据,job://image-thumbnail,authenticated_user,none,approved mockup states for YL-M-080,contracts/feature-map.yaml,PLANNED
YL-A-046-C-P05_007-01,P05-007,YL-A-046,ANDROID,PRIMARY_VISIBLE,将图片作为视觉输入发送给模型,/api/mobile/v1/conversations/{conversationId}/runs,authenticated_user,usage_metered,approved mockup states for YL-A-046,contracts/feature-map.yaml,PLANNED
YL-M-070-C-P05_007-02,P05-007,YL-M-070,ADMIN,ADMIN_CONTROL,将图片作为视觉输入发送给模型,/api/mobile/v1/conversations/{conversationId}/runs,authenticated_user,usage_metered,approved mockup states for YL-M-070,contracts/feature-map.yaml,PLANNED
YL-M-081-C-P05_008-01,P05-008,YL-M-081,ADMIN,ADMIN_CONTROL,解析 PDF 文本、页面和预览,job://parse-pdf,authenticated_user,none,approved mockup states for YL-M-081,contracts/feature-map.yaml,PLANNED
YL-M-081-C-P05_009-01,P05-009,YL-M-081,ADMIN,ADMIN_CONTROL,解析 DOCX 文本和结构,job://parse-docx,authenticated_user,none,approved mockup states for YL-M-081,contracts/feature-map.yaml,PLANNED
YL-M-081-C-P05_010-01,P05-010,YL-M-081,ADMIN,ADMIN_CONTROL,解析 PPTX 页面文本和预览,job://parse-pptx,authenticated_user,none,approved mockup states for YL-M-081,contracts/feature-map.yaml,PLANNED
YL-M-081-C-P05_011-01,P05-011,YL-M-081,ADMIN,ADMIN_CONTROL,解析 XLSX 工作表和单元格结构,job://parse-xlsx,authenticated_user,none,approved mockup states for YL-M-081,contracts/feature-map.yaml,PLANNED
YL-M-081-C-P05_012-01,P05-012,YL-M-081,ADMIN,ADMIN_CONTROL,解析纯文本、Markdown和代码文件,job://parse-text,authenticated_user,none,approved mockup states for YL-M-081,contracts/feature-map.yaml,PLANNED
YL-A-047-C-P05_013-01,P05-013,YL-A-047,ANDROID,PRIMARY_VISIBLE,展示附件上传、扫描、解析和失败状态,/api/mobile/v1/files/{fileId},authenticated_user,none,approved mockup states for YL-A-047,contracts/feature-map.yaml,PLANNED
YL-M-082-C-P05_013-02,P05-013,YL-M-082,ADMIN,ADMIN_CONTROL,展示附件上传、扫描、解析和失败状态,/api/mobile/v1/files/{fileId},authenticated_user,none,approved mockup states for YL-M-082,contracts/feature-map.yaml,PLANNED
YL-A-048-C-P05_014-01,P05-014,YL-A-048,ANDROID,PRIMARY_VISIBLE,将资料库文件添加到消息,/api/mobile/v1/conversations/{conversationId}/attachments,authenticated_user,none,approved mockup states for YL-A-048,contracts/feature-map.yaml,PLANNED
YL-M-083-C-P05_014-02,P05-014,YL-M-083,ADMIN,ADMIN_CONTROL,将资料库文件添加到消息,/api/mobile/v1/conversations/{conversationId}/attachments,authenticated_user,none,approved mockup states for YL-M-083,contracts/feature-map.yaml,PLANNED
YL-A-049-C-P05_015-01,P05-015,YL-A-049,ANDROID,PRIMARY_VISIBLE,分页展示个人文件资料库,/api/mobile/v1/files,authenticated_user,none,approved mockup states for YL-A-049,contracts/feature-map.yaml,PLANNED
YL-M-076-C-P05_015-02,P05-015,YL-M-076,ADMIN,ADMIN_CONTROL,分页展示个人文件资料库,/api/mobile/v1/files,authenticated_user,none,approved mockup states for YL-M-076,contracts/feature-map.yaml,PLANNED
YL-A-050-C-P05_016-01,P05-016,YL-A-050,ANDROID,PRIMARY_VISIBLE,按名称、类型和时间搜索文件,/api/mobile/v1/files/search,authenticated_user,none,approved mockup states for YL-A-050,contracts/feature-map.yaml,PLANNED
YL-M-076-C-P05_016-02,P05-016,YL-M-076,ADMIN,ADMIN_CONTROL,按名称、类型和时间搜索文件,/api/mobile/v1/files/search,authenticated_user,none,approved mockup states for YL-M-076,contracts/feature-map.yaml,PLANNED
YL-A-051-C-P05_017-01,P05-017,YL-A-051,ANDROID,PRIMARY_VISIBLE,重命名文件,/api/mobile/v1/files/{fileId},authenticated_user,none,approved mockup states for YL-A-051,contracts/feature-map.yaml,PLANNED
YL-M-082-C-P05_017-02,P05-017,YL-M-082,ADMIN,ADMIN_CONTROL,重命名文件,/api/mobile/v1/files/{fileId},authenticated_user,none,approved mockup states for YL-M-082,contracts/feature-map.yaml,PLANNED
YL-A-052-C-P05_018-01,P05-018,YL-A-052,ANDROID,PRIMARY_VISIBLE,下载原始文件或派生文件,/api/mobile/v1/files/{fileId}/download,authenticated_user,none,approved mockup states for YL-A-052,contracts/feature-map.yaml,PLANNED
YL-M-084-C-P05_018-02,P05-018,YL-M-084,ADMIN,ADMIN_CONTROL,下载原始文件或派生文件,/api/mobile/v1/files/{fileId}/download,authenticated_user,none,approved mockup states for YL-M-084,contracts/feature-map.yaml,PLANNED
YL-A-051-C-P05_019-01,P05-019,YL-A-051,ANDROID,PRIMARY_VISIBLE,删除文件并处理引用关系,/api/mobile/v1/files/{fileId},authenticated_user,none,approved mockup states for YL-A-051,contracts/feature-map.yaml,PLANNED
YL-M-085-C-P05_019-02,P05-019,YL-M-085,ADMIN,ADMIN_CONTROL,删除文件并处理引用关系,/api/mobile/v1/files/{fileId},authenticated_user,none,approved mockup states for YL-M-085,contracts/feature-map.yaml,PLANNED
YL-M-086-C-P05_020-01,P05-020,YL-M-086,ADMIN,ADMIN_CONTROL,按套餐执行文件大小和空间配额,policy://file-quota,authenticated_user,none,approved mockup states for YL-M-086,contracts/feature-map.yaml,PLANNED
YL-M-087-C-P05_021-01,P05-021,YL-M-087,ADMIN,ADMIN_CONTROL,生成过期上传会话和孤儿对象清理任务,job://storage-cleanup,system,none,approved mockup states for YL-M-087,contracts/feature-map.yaml,PLANNED
YL-M-076-C-P05_022-01,P05-022,YL-M-076,ADMIN,ADMIN_CONTROL,后台查询文件、归属和处理状态,/admin/v1/files,authenticated_user,none,approved mockup states for YL-M-076,contracts/feature-map.yaml,PLANNED
YL-M-081-C-P05_023-01,P05-023,YL-M-081,ADMIN,ADMIN_CONTROL,后台重试文件解析任务,/admin/v1/files/{fileId}/reprocess,admin,none,approved mockup states for YL-M-081,contracts/feature-map.yaml,PLANNED
YL-M-088-C-P05_024-01,P05-024,YL-M-088,ADMIN,ADMIN_CONTROL,为模型生成短期安全下载地址,/internal/v1/files/{fileId}/provider-access,authenticated_user,none,approved mockup states for YL-M-088,contracts/feature-map.yaml,PLANNED
YL-M-087-C-P05_025-01,P05-025,YL-M-087,ADMIN,ADMIN_CONTROL,清理过期上游文件引用,job://provider-file-cleanup,system,none,approved mockup states for YL-M-087,contracts/feature-map.yaml,PLANNED
YL-A-053-C-P06_001-01,P06-001,YL-A-053,ANDROID,PRIMARY_VISIBLE,分页展示项目列表,/api/mobile/v1/projects,authenticated_user,none,approved mockup states for YL-A-053,contracts/feature-map.yaml,PLANNED
YL-M-089-C-P06_001-02,P06-001,YL-M-089,ADMIN,ADMIN_CONTROL,分页展示项目列表,/api/mobile/v1/projects,authenticated_user,none,approved mockup states for YL-M-089,contracts/feature-map.yaml,PLANNED
YL-A-054-C-P06_002-01,P06-002,YL-A-054,ANDROID,PRIMARY_VISIBLE,创建项目和默认工作区关系,/api/mobile/v1/projects,authenticated_user,none,approved mockup states for YL-A-054,contracts/feature-map.yaml,PLANNED
YL-M-089-C-P06_002-02,P06-002,YL-M-089,ADMIN,ADMIN_CONTROL,创建项目和默认工作区关系,/api/mobile/v1/projects,authenticated_user,none,approved mockup states for YL-M-089,contracts/feature-map.yaml,PLANNED
YL-A-055-C-P06_003-01,P06-003,YL-A-055,ANDROID,PRIMARY_VISIBLE,查看项目详情和聚合内容,/api/mobile/v1/projects/{projectId},authenticated_user,none,approved mockup states for YL-A-055,contracts/feature-map.yaml,PLANNED
YL-M-090-C-P06_003-02,P06-003,YL-M-090,ADMIN,ADMIN_CONTROL,查看项目详情和聚合内容,/api/mobile/v1/projects/{projectId},authenticated_user,none,approved mockup states for YL-M-090,contracts/feature-map.yaml,PLANNED
YL-A-056-C-P06_004-01,P06-004,YL-A-056,ANDROID,PRIMARY_VISIBLE,编辑项目名称、描述和默认模型,/api/mobile/v1/projects/{projectId},authenticated_user,none,approved mockup states for YL-A-056,contracts/feature-map.yaml,PLANNED
YL-M-090-C-P06_004-02,P06-004,YL-M-090,ADMIN,ADMIN_CONTROL,编辑项目名称、描述和默认模型,/api/mobile/v1/projects/{projectId},authenticated_user,none,approved mockup states for YL-M-090,contracts/feature-map.yaml,PLANNED
YL-A-056-C-P06_005-01,P06-005,YL-A-056,ANDROID,PRIMARY_VISIBLE,归档或删除项目,/api/mobile/v1/projects/{projectId},authenticated_user,none,approved mockup states for YL-A-056,contracts/feature-map.yaml,PLANNED
YL-M-089-C-P06_005-02,P06-005,YL-M-089,ADMIN,ADMIN_CONTROL,归档或删除项目,/api/mobile/v1/projects/{projectId},authenticated_user,none,approved mockup states for YL-M-089,contracts/feature-map.yaml,PLANNED
YL-A-057-C-P06_006-01,P06-006,YL-A-057,ANDROID,PRIMARY_VISIBLE,设置项目专属系统指令,/api/mobile/v1/projects/{projectId}/instructions,authenticated_user,none,approved mockup states for YL-A-057,contracts/feature-map.yaml,PLANNED
YL-M-091-C-P06_006-02,P06-006,YL-M-091,ADMIN,ADMIN_CONTROL,设置项目专属系统指令,/api/mobile/v1/projects/{projectId}/instructions,authenticated_user,none,approved mockup states for YL-M-091,contracts/feature-map.yaml,PLANNED
YL-A-022-C-P06_007-01,P06-007,YL-A-022,ANDROID,PRIMARY_VISIBLE,将会话移入或移出项目,/api/mobile/v1/conversations/{conversationId}/project,authenticated_user,none,approved mockup states for YL-A-022,contracts/feature-map.yaml,PLANNED
YL-M-090-C-P06_007-02,P06-007,YL-M-090,ADMIN,ADMIN_CONTROL,将会话移入或移出项目,/api/mobile/v1/conversations/{conversationId}/project,authenticated_user,none,approved mockup states for YL-M-090,contracts/feature-map.yaml,PLANNED
YL-A-058-C-P06_008-01,P06-008,YL-A-058,ANDROID,PRIMARY_VISIBLE,将文件加入项目知识库,/api/mobile/v1/projects/{projectId}/files,authenticated_user,none,approved mockup states for YL-A-058,contracts/feature-map.yaml,PLANNED
YL-M-092-C-P06_008-02,P06-008,YL-M-092,ADMIN,ADMIN_CONTROL,将文件加入项目知识库,/api/mobile/v1/projects/{projectId}/files,authenticated_user,none,approved mockup states for YL-M-092,contracts/feature-map.yaml,PLANNED
YL-A-059-C-P06_009-01,P06-009,YL-A-059,ANDROID,PRIMARY_VISIBLE,将作品关联到项目,/api/mobile/v1/projects/{projectId}/artifacts,authenticated_user,none,approved mockup states for YL-A-059,contracts/feature-map.yaml,PLANNED
YL-M-090-C-P06_009-02,P06-009,YL-M-090,ADMIN,ADMIN_CONTROL,将作品关联到项目,/api/mobile/v1/projects/{projectId}/artifacts,authenticated_user,none,approved mockup states for YL-M-090,contracts/feature-map.yaml,PLANNED
YL-M-093-C-P06_010-01,P06-010,YL-M-093,ADMIN,ADMIN_CONTROL,对项目文件进行分块和索引,job://knowledge-index,authenticated_user,none,approved mockup states for YL-M-093,contracts/feature-map.yaml,PLANNED
YL-M-093-C-P06_011-01,P06-011,YL-M-093,ADMIN,ADMIN_CONTROL,生成向量并保存到 pgvector,job://embedding-generate,authenticated_user,usage_metered,approved mockup states for YL-M-093,contracts/feature-map.yaml,PLANNED
YL-M-094-C-P06_012-01,P06-012,YL-M-094,ADMIN,ADMIN_CONTROL,基于项目资料执行混合检索,/internal/v1/projects/{projectId}/retrieve,authenticated_user,none,approved mockup states for YL-M-094,contracts/feature-map.yaml,PLANNED
YL-M-095-C-P06_013-01,P06-013,YL-M-095,ADMIN,ADMIN_CONTROL,把检索结果编译进模型上下文,domain://context/project-knowledge,authenticated_user,none,approved mockup states for YL-M-095,contracts/feature-map.yaml,PLANNED
YL-A-060-C-P06_014-01,P06-014,YL-A-060,ANDROID,PRIMARY_VISIBLE,在回答中显示项目文件引用,/api/mobile/v1/messages/{messageId}/citations,authenticated_user,none,approved mockup states for YL-A-060,contracts/feature-map.yaml,PLANNED
YL-M-096-C-P06_014-02,P06-014,YL-M-096,ADMIN,ADMIN_CONTROL,在回答中显示项目文件引用,/api/mobile/v1/messages/{messageId}/citations,authenticated_user,none,approved mockup states for YL-M-096,contracts/feature-map.yaml,PLANNED
YL-A-058-C-P06_015-01,P06-015,YL-A-058,ANDROID,PRIMARY_VISIBLE,显示知识文件索引状态和失败原因,/api/mobile/v1/projects/{projectId}/files,authenticated_user,none,approved mockup states for YL-A-058,contracts/feature-map.yaml,PLANNED
YL-M-093-C-P06_015-02,P06-015,YL-M-093,ADMIN,ADMIN_CONTROL,显示知识文件索引状态和失败原因,/api/mobile/v1/projects/{projectId}/files,authenticated_user,none,approved mockup states for YL-M-093,contracts/feature-map.yaml,PLANNED
YL-A-058-C-P06_016-01,P06-016,YL-A-058,ANDROID,PRIMARY_VISIBLE,手动重建单个文件索引,/api/mobile/v1/projects/{projectId}/files/{fileId}/reindex,authenticated_user,none,approved mockup states for YL-A-058,contracts/feature-map.yaml,PLANNED
YL-M-093-C-P06_016-02,P06-016,YL-M-093,ADMIN,ADMIN_CONTROL,手动重建单个文件索引,/api/mobile/v1/projects/{projectId}/files/{fileId}/reindex,authenticated_user,none,approved mockup states for YL-M-093,contracts/feature-map.yaml,PLANNED
YL-A-061-C-P06_017-01,P06-017,YL-A-061,ANDROID,PRIMARY_VISIBLE,搜索项目、会话、文件和作品,/api/mobile/v1/workspace/search,authenticated_user,none,approved mockup states for YL-A-061,contracts/feature-map.yaml,PLANNED
YL-M-097-C-P06_017-02,P06-017,YL-M-097,ADMIN,ADMIN_CONTROL,搜索项目、会话、文件和作品,/api/mobile/v1/workspace/search,authenticated_user,none,approved mockup states for YL-M-097,contracts/feature-map.yaml,PLANNED
YL-M-086-C-P06_018-01,P06-018,YL-M-086,ADMIN,ADMIN_CONTROL,按套餐限制项目数量和索引容量,policy://project-quota,authenticated_user,none,approved mockup states for YL-M-086,contracts/feature-map.yaml,PLANNED
YL-M-098-C-P06_019-01,P06-019,YL-M-098,ADMIN,ADMIN_CONTROL,后台查询项目和知识索引健康,/admin/v1/projects/{projectId}/diagnostics,authenticated_user,none,approved mockup states for YL-M-098,contracts/feature-map.yaml,PLANNED
YL-M-099-C-P06_020-01,P06-020,YL-M-099,ADMIN,ADMIN_CONTROL,后台执行检索测试和结果解释,/admin/v1/projects/{projectId}/retrieval-test,authenticated_user,none,approved mockup states for YL-M-099,contracts/feature-map.yaml,PLANNED
YL-A-062-C-P07_001-01,P07-001,YL-A-062,ANDROID,PRIMARY_VISIBLE,展示图片工作台首页,/api/mobile/v1/image-workspace,authenticated_user,none,approved mockup states for YL-A-062,contracts/feature-map.yaml,PLANNED
YL-M-100-C-P07_001-02,P07-001,YL-M-100,ADMIN,ADMIN_CONTROL,展示图片工作台首页,/api/mobile/v1/image-workspace,authenticated_user,none,approved mockup states for YL-M-100,contracts/feature-map.yaml,PLANNED
YL-A-063-C-P07_002-01,P07-002,YL-A-063,ANDROID,PRIMARY_VISIBLE,选择图片生成或编辑模式,android://image-mode,authenticated_user,none,approved mockup states for YL-A-063,contracts/feature-map.yaml,PLANNED
YL-M-100-C-P07_002-02,P07-002,YL-M-100,ADMIN,ADMIN_CONTROL,选择图片生成或编辑模式,android://image-mode,authenticated_user,none,approved mockup states for YL-M-100,contracts/feature-map.yaml,PLANNED
YL-A-063-C-P07_003-01,P07-003,YL-A-063,ANDROID,PRIMARY_VISIBLE,输入和保存图片提示词,android://image-prompt,authenticated_user,none,approved mockup states for YL-A-063,contracts/feature-map.yaml,PLANNED
YL-A-063-C-P07_004-01,P07-004,YL-A-063,ANDROID,PRIMARY_VISIBLE,选择图片模型,/api/mobile/v1/models?capability=image_generation,authenticated_user,none,approved mockup states for YL-A-063,contracts/feature-map.yaml,PLANNED
YL-M-101-C-P07_004-02,P07-004,YL-M-101,ADMIN,ADMIN_CONTROL,选择图片模型,/api/mobile/v1/models?capability=image_generation,authenticated_user,none,approved mockup states for YL-M-101,contracts/feature-map.yaml,PLANNED
YL-A-063-C-P07_005-01,P07-005,YL-A-063,ANDROID,PRIMARY_VISIBLE,选择比例、数量、质量和风格,/api/mobile/v1/tools/image/options,authenticated_user,none,approved mockup states for YL-A-063,contracts/feature-map.yaml,PLANNED
YL-M-100-C-P07_005-02,P07-005,YL-M-100,ADMIN,ADMIN_CONTROL,选择比例、数量、质量和风格,/api/mobile/v1/tools/image/options,authenticated_user,none,approved mockup states for YL-M-100,contracts/feature-map.yaml,PLANNED
YL-A-063-C-P07_006-01,P07-006,YL-A-063,ANDROID,PRIMARY_VISIBLE,上传参考图或待编辑图片,/api/mobile/v1/files/uploads,authenticated_user,none,approved mockup states for YL-A-063,contracts/feature-map.yaml,PLANNED
YL-M-076-C-P07_006-02,P07-006,YL-M-076,ADMIN,ADMIN_CONTROL,上传参考图或待编辑图片,/api/mobile/v1/files/uploads,authenticated_user,none,approved mockup states for YL-M-076,contracts/feature-map.yaml,PLANNED
YL-A-063-C-P07_007-01,P07-007,YL-A-063,ANDROID,PRIMARY_VISIBLE,提交异步图片生成任务,/api/mobile/v1/images/generations,authenticated_user,usage_metered,approved mockup states for YL-A-063,contracts/feature-map.yaml,PLANNED
YL-M-102-C-P07_007-02,P07-007,YL-M-102,ADMIN,ADMIN_CONTROL,提交异步图片生成任务,/api/mobile/v1/images/generations,authenticated_user,usage_metered,approved mockup states for YL-M-102,contracts/feature-map.yaml,PLANNED
YL-A-063-C-P07_008-01,P07-008,YL-A-063,ANDROID,PRIMARY_VISIBLE,提交异步图片编辑任务,/api/mobile/v1/images/edits,authenticated_user,usage_metered,approved mockup states for YL-A-063,contracts/feature-map.yaml,PLANNED
YL-M-102-C-P07_008-02,P07-008,YL-M-102,ADMIN,ADMIN_CONTROL,提交异步图片编辑任务,/api/mobile/v1/images/edits,authenticated_user,usage_metered,approved mockup states for YL-M-102,contracts/feature-map.yaml,PLANNED
YL-M-103-C-P07_009-01,P07-009,YL-M-103,ADMIN,ADMIN_CONTROL,预检额度并冻结预计费用,domain://billing/reserve,authenticated_user,usage_metered,approved mockup states for YL-M-103,contracts/feature-map.yaml,PLANNED
YL-A-064-C-P07_010-01,P07-010,YL-A-064,ANDROID,PRIMARY_VISIBLE,轮询或订阅图片任务进度,/api/mobile/v1/jobs/{jobId}/events,authenticated_user,none,approved mockup states for YL-A-064,contracts/feature-map.yaml,PLANNED
YL-M-102-C-P07_010-02,P07-010,YL-M-102,ADMIN,ADMIN_CONTROL,轮询或订阅图片任务进度,/api/mobile/v1/jobs/{jobId}/events,authenticated_user,none,approved mockup states for YL-M-102,contracts/feature-map.yaml,PLANNED
YL-A-064-C-P07_011-01,P07-011,YL-A-064,ANDROID,PRIMARY_VISIBLE,取消等待或运行中的图片任务,/api/mobile/v1/jobs/{jobId}/cancel,authenticated_user,none,approved mockup states for YL-A-064,contracts/feature-map.yaml,PLANNED
YL-M-102-C-P07_011-02,P07-011,YL-M-102,ADMIN,ADMIN_CONTROL,取消等待或运行中的图片任务,/api/mobile/v1/jobs/{jobId}/cancel,authenticated_user,none,approved mockup states for YL-M-102,contracts/feature-map.yaml,PLANNED
YL-A-064-C-P07_012-01,P07-012,YL-A-064,ANDROID,PRIMARY_VISIBLE,重试可恢复的失败图片任务,/api/mobile/v1/jobs/{jobId}/retry,authenticated_user,usage_metered,approved mockup states for YL-A-064,contracts/feature-map.yaml,PLANNED
YL-M-102-C-P07_012-02,P07-012,YL-M-102,ADMIN,ADMIN_CONTROL,重试可恢复的失败图片任务,/api/mobile/v1/jobs/{jobId}/retry,authenticated_user,usage_metered,approved mockup states for YL-M-102,contracts/feature-map.yaml,PLANNED
YL-M-104-C-P07_013-01,P07-013,YL-M-104,ADMIN,ADMIN_CONTROL,任务完成后生成系统通知,job://notify-job-complete,authenticated_user,none,approved mockup states for YL-M-104,contracts/feature-map.yaml,PLANNED
YL-M-105-C-P07_014-01,P07-014,YL-M-105,ADMIN,ADMIN_CONTROL,将生成结果保存为图片作品,domain://artifacts/image-create,authenticated_user,none,approved mockup states for YL-M-105,contracts/feature-map.yaml,PLANNED
YL-A-065-C-P07_015-01,P07-015,YL-A-065,ANDROID,PRIMARY_VISIBLE,显示生成图片网格和详情,/api/mobile/v1/artifacts/{artifactId},authenticated_user,none,approved mockup states for YL-A-065,contracts/feature-map.yaml,PLANNED
YL-M-106-C-P07_015-02,P07-015,YL-M-106,ADMIN,ADMIN_CONTROL,显示生成图片网格和详情,/api/mobile/v1/artifacts/{artifactId},authenticated_user,none,approved mockup states for YL-M-106,contracts/feature-map.yaml,PLANNED
YL-A-066-C-P07_016-01,P07-016,YL-A-066,ANDROID,PRIMARY_VISIBLE,下载或分享生成图片,/api/mobile/v1/artifacts/{artifactId}/download,authenticated_user,none,approved mockup states for YL-A-066,contracts/feature-map.yaml,PLANNED
YL-M-107-C-P07_016-02,P07-016,YL-M-107,ADMIN,ADMIN_CONTROL,下载或分享生成图片,/api/mobile/v1/artifacts/{artifactId}/download,authenticated_user,none,approved mockup states for YL-M-107,contracts/feature-map.yaml,PLANNED
YL-A-066-C-P07_017-01,P07-017,YL-A-066,ANDROID,PRIMARY_VISIBLE,基于作品继续编辑并创建新版本,/api/mobile/v1/artifacts/{artifactId}/versions,authenticated_user,usage_metered,approved mockup states for YL-A-066,contracts/feature-map.yaml,PLANNED
YL-M-108-C-P07_017-02,P07-017,YL-M-108,ADMIN,ADMIN_CONTROL,基于作品继续编辑并创建新版本,/api/mobile/v1/artifacts/{artifactId}/versions,authenticated_user,usage_metered,approved mockup states for YL-M-108,contracts/feature-map.yaml,PLANNED
YL-M-109-C-P07_018-01,P07-018,YL-M-109,ADMIN,ADMIN_CONTROL,对输入和输出执行内容安全检查,policy://image-safety,authenticated_user,none,approved mockup states for YL-M-109,contracts/feature-map.yaml,PLANNED
YL-M-110-C-P07_019-01,P07-019,YL-M-110,ADMIN,ADMIN_CONTROL,按实际结果结算或释放冻结额度,domain://billing/settle-reservation,authenticated_user,usage_metered,approved mockup states for YL-M-110,contracts/feature-map.yaml,PLANNED
YL-M-102-C-P07_020-01,P07-020,YL-M-102,ADMIN,ADMIN_CONTROL,后台查询图片任务和供应商响应,/admin/v1/image-jobs,authenticated_user,none,approved mockup states for YL-M-102,contracts/feature-map.yaml,PLANNED
YL-M-100-C-P07_021-01,P07-021,YL-M-100,ADMIN,ADMIN_CONTROL,后台配置图片模型、参数和定价,/admin/v1/tools/image/config,authenticated_user,none,approved mockup states for YL-M-100,contracts/feature-map.yaml,PLANNED
YL-M-102-C-P07_022-01,P07-022,YL-M-102,ADMIN,ADMIN_CONTROL,后台人工重试或终止异常图片任务,/admin/v1/jobs/{jobId}/action,admin,none,approved mockup states for YL-M-102,contracts/feature-map.yaml,PLANNED
YL-A-067-C-P08_001-01,P08-001,YL-A-067,ANDROID,PRIMARY_VISIBLE,创建 PPT 项目并保存草稿,/api/mobile/v1/presentations,authenticated_user,none,approved mockup states for YL-A-067,contracts/feature-map.yaml,PLANNED
YL-M-111-C-P08_001-02,P08-001,YL-M-111,ADMIN,ADMIN_CONTROL,创建 PPT 项目并保存草稿,/api/mobile/v1/presentations,authenticated_user,none,approved mockup states for YL-M-111,contracts/feature-map.yaml,PLANNED
YL-A-068-C-P08_002-01,P08-002,YL-A-068,ANDROID,PRIMARY_VISIBLE,填写主题、用途、受众、语言和页数,/api/mobile/v1/presentations/{presentationId},authenticated_user,none,approved mockup states for YL-A-068,contracts/feature-map.yaml,PLANNED
YL-M-111-C-P08_002-02,P08-002,YL-M-111,ADMIN,ADMIN_CONTROL,填写主题、用途、受众、语言和页数,/api/mobile/v1/presentations/{presentationId},authenticated_user,none,approved mockup states for YL-M-111,contracts/feature-map.yaml,PLANNED
YL-A-069-C-P08_003-01,P08-003,YL-A-069,ANDROID,PRIMARY_VISIBLE,添加 PDF、Word、Excel 或已有 PPT 资料,/api/mobile/v1/presentations/{presentationId}/sources,authenticated_user,none,approved mockup states for YL-A-069,contracts/feature-map.yaml,PLANNED
YL-M-111-C-P08_003-02,P08-003,YL-M-111,ADMIN,ADMIN_CONTROL,添加 PDF、Word、Excel 或已有 PPT 资料,/api/mobile/v1/presentations/{presentationId}/sources,authenticated_user,none,approved mockup states for YL-M-111,contracts/feature-map.yaml,PLANNED
YL-A-070-C-P08_004-01,P08-004,YL-A-070,ANDROID,PRIMARY_VISIBLE,选择 PPT 风格和模板,/api/mobile/v1/presentation-templates,authenticated_user,none,approved mockup states for YL-A-070,contracts/feature-map.yaml,PLANNED
YL-M-112-C-P08_004-02,P08-004,YL-M-112,ADMIN,ADMIN_CONTROL,选择 PPT 风格和模板,/api/mobile/v1/presentation-templates,authenticated_user,none,approved mockup states for YL-M-112,contracts/feature-map.yaml,PLANNED
YL-A-071-C-P08_005-01,P08-005,YL-A-071,ANDROID,PRIMARY_VISIBLE,生成结构化 PPT 大纲,/api/mobile/v1/presentations/{presentationId}/outline,authenticated_user,usage_metered,approved mockup states for YL-A-071,contracts/feature-map.yaml,PLANNED
YL-M-113-C-P08_005-02,P08-005,YL-M-113,ADMIN,ADMIN_CONTROL,生成结构化 PPT 大纲,/api/mobile/v1/presentations/{presentationId}/outline,authenticated_user,usage_metered,approved mockup states for YL-M-113,contracts/feature-map.yaml,PLANNED
YL-A-072-C-P08_006-01,P08-006,YL-A-072,ANDROID,PRIMARY_VISIBLE,编辑章节、页面标题和核心内容,/api/mobile/v1/presentations/{presentationId}/outline,authenticated_user,none,approved mockup states for YL-A-072,contracts/feature-map.yaml,PLANNED
YL-M-111-C-P08_006-02,P08-006,YL-M-111,ADMIN,ADMIN_CONTROL,编辑章节、页面标题和核心内容,/api/mobile/v1/presentations/{presentationId}/outline,authenticated_user,none,approved mockup states for YL-M-111,contracts/feature-map.yaml,PLANNED
YL-A-072-C-P08_007-01,P08-007,YL-A-072,ANDROID,PRIMARY_VISIBLE,确认大纲后锁定渲染输入版本,/api/mobile/v1/presentations/{presentationId}/outline/approve,authenticated_user,none,approved mockup states for YL-A-072,contracts/feature-map.yaml,PLANNED
YL-M-111-C-P08_007-02,P08-007,YL-M-111,ADMIN,ADMIN_CONTROL,确认大纲后锁定渲染输入版本,/api/mobile/v1/presentations/{presentationId}/outline/approve,authenticated_user,none,approved mockup states for YL-M-111,contracts/feature-map.yaml,PLANNED
YL-M-113-C-P08_008-01,P08-008,YL-M-113,ADMIN,ADMIN_CONTROL,生成符合 Schema 的 Deck JSON,job://ppt-deck-json,authenticated_user,usage_metered,approved mockup states for YL-M-113,contracts/feature-map.yaml,PLANNED
YL-M-114-C-P08_009-01,P08-009,YL-M-114,ADMIN,ADMIN_CONTROL,校验 Deck JSON 结构和文本溢出风险,job://ppt-deck-validate,authenticated_user,none,approved mockup states for YL-M-114,contracts/feature-map.yaml,PLANNED
YL-M-113-C-P08_010-01,P08-010,YL-M-113,ADMIN,ADMIN_CONTROL,确定性渲染中文文本和版式,job://pptx-render,authenticated_user,usage_metered,approved mockup states for YL-M-113,contracts/feature-map.yaml,PLANNED
YL-M-115-C-P08_011-01,P08-011,YL-M-115,ADMIN,ADMIN_CONTROL,生成 PPTX 文件,artifact://pptx,authenticated_user,none,approved mockup states for YL-M-115,contracts/feature-map.yaml,PLANNED
YL-M-113-C-P08_012-01,P08-012,YL-M-113,ADMIN,ADMIN_CONTROL,生成 PDF 和每页预览图,job://ppt-preview-render,authenticated_user,none,approved mockup states for YL-M-113,contracts/feature-map.yaml,PLANNED
YL-A-073-C-P08_013-01,P08-013,YL-A-073,ANDROID,PRIMARY_VISIBLE,显示异步生成进度和阶段,/api/mobile/v1/jobs/{jobId}/events,authenticated_user,none,approved mockup states for YL-A-073,contracts/feature-map.yaml,PLANNED
YL-M-113-C-P08_013-02,P08-013,YL-M-113,ADMIN,ADMIN_CONTROL,显示异步生成进度和阶段,/api/mobile/v1/jobs/{jobId}/events,authenticated_user,none,approved mockup states for YL-M-113,contracts/feature-map.yaml,PLANNED
YL-A-074-C-P08_014-01,P08-014,YL-A-074,ANDROID,PRIMARY_VISIBLE,预览和横向浏览每页幻灯片,/api/mobile/v1/presentations/{presentationId}/slides,authenticated_user,none,approved mockup states for YL-A-074,contracts/feature-map.yaml,PLANNED
YL-M-111-C-P08_014-02,P08-014,YL-M-111,ADMIN,ADMIN_CONTROL,预览和横向浏览每页幻灯片,/api/mobile/v1/presentations/{presentationId}/slides,authenticated_user,none,approved mockup states for YL-M-111,contracts/feature-map.yaml,PLANNED
YL-A-074-C-P08_015-01,P08-015,YL-A-074,ANDROID,PRIMARY_VISIBLE,拖动调整页面顺序,/api/mobile/v1/presentations/{presentationId}/slide-order,authenticated_user,none,approved mockup states for YL-A-074,contracts/feature-map.yaml,PLANNED
YL-M-111-C-P08_015-02,P08-015,YL-M-111,ADMIN,ADMIN_CONTROL,拖动调整页面顺序,/api/mobile/v1/presentations/{presentationId}/slide-order,authenticated_user,none,approved mockup states for YL-M-111,contracts/feature-map.yaml,PLANNED
YL-A-075-C-P08_016-01,P08-016,YL-A-075,ANDROID,PRIMARY_VISIBLE,重新生成单页内容,/api/mobile/v1/presentations/{presentationId}/slides/{slideId}/regenerate,authenticated_user,usage_metered,approved mockup states for YL-A-075,contracts/feature-map.yaml,PLANNED
YL-M-113-C-P08_016-02,P08-016,YL-M-113,ADMIN,ADMIN_CONTROL,重新生成单页内容,/api/mobile/v1/presentations/{presentationId}/slides/{slideId}/regenerate,authenticated_user,usage_metered,approved mockup states for YL-M-113,contracts/feature-map.yaml,PLANNED
YL-A-075-C-P08_017-01,P08-017,YL-A-075,ANDROID,PRIMARY_VISIBLE,更换单页版式,/api/mobile/v1/presentations/{presentationId}/slides/{slideId}/layout,authenticated_user,none,approved mockup states for YL-A-075,contracts/feature-map.yaml,PLANNED
YL-M-112-C-P08_017-02,P08-017,YL-M-112,ADMIN,ADMIN_CONTROL,更换单页版式,/api/mobile/v1/presentations/{presentationId}/slides/{slideId}/layout,authenticated_user,none,approved mockup states for YL-M-112,contracts/feature-map.yaml,PLANNED
YL-A-075-C-P08_018-01,P08-018,YL-A-075,ANDROID,PRIMARY_VISIBLE,替换单页图片或图表数据,/api/mobile/v1/presentations/{presentationId}/slides/{slideId}/assets,authenticated_user,none,approved mockup states for YL-A-075,contracts/feature-map.yaml,PLANNED
YL-M-111-C-P08_018-02,P08-018,YL-M-111,ADMIN,ADMIN_CONTROL,替换单页图片或图表数据,/api/mobile/v1/presentations/{presentationId}/slides/{slideId}/assets,authenticated_user,none,approved mockup states for YL-M-111,contracts/feature-map.yaml,PLANNED
YL-M-108-C-P08_019-01,P08-019,YL-M-108,ADMIN,ADMIN_CONTROL,为每次修改创建作品版本,/api/mobile/v1/presentations/{presentationId}/versions,authenticated_user,none,approved mockup states for YL-M-108,contracts/feature-map.yaml,PLANNED
YL-A-076-C-P08_020-01,P08-020,YL-A-076,ANDROID,PRIMARY_VISIBLE,下载 PPTX 或 PDF,/api/mobile/v1/presentations/{presentationId}/download?format={format},authenticated_user,none,approved mockup states for YL-A-076,contracts/feature-map.yaml,PLANNED
YL-M-107-C-P08_020-02,P08-020,YL-M-107,ADMIN,ADMIN_CONTROL,下载 PPTX 或 PDF,/api/mobile/v1/presentations/{presentationId}/download?format={format},authenticated_user,none,approved mockup states for YL-M-107,contracts/feature-map.yaml,PLANNED
YL-W-006-C-P08_020-03,P08-020,YL-W-006,WEB,PUBLIC_SUPPORT,下载 PPTX 或 PDF,/api/mobile/v1/presentations/{presentationId}/download?format={format},authenticated_user,none,approved mockup states for YL-W-006,contracts/feature-map.yaml,PLANNED
YL-A-076-C-P08_021-01,P08-021,YL-A-076,ANDROID,PRIMARY_VISIBLE,复制 PPT 项目继续创作,/api/mobile/v1/presentations/{presentationId}/duplicate,authenticated_user,none,approved mockup states for YL-A-076,contracts/feature-map.yaml,PLANNED
YL-M-111-C-P08_021-02,P08-021,YL-M-111,ADMIN,ADMIN_CONTROL,复制 PPT 项目继续创作,/api/mobile/v1/presentations/{presentationId}/duplicate,authenticated_user,none,approved mockup states for YL-M-111,contracts/feature-map.yaml,PLANNED
YL-M-112-C-P08_022-01,P08-022,YL-M-112,ADMIN,ADMIN_CONTROL,后台管理 PPT 模板、母版和品牌包,/admin/v1/presentation-templates,authenticated_user,none,approved mockup states for YL-M-112,contracts/feature-map.yaml,PLANNED
YL-M-114-C-P08_023-01,P08-023,YL-M-114,ADMIN,ADMIN_CONTROL,后台诊断文字溢出、字体和渲染失败,/admin/v1/presentation-renders/{renderId}/diagnostics,authenticated_user,none,approved mockup states for YL-M-114,contracts/feature-map.yaml,PLANNED
YL-M-113-C-P08_024-01,P08-024,YL-M-113,ADMIN,ADMIN_CONTROL,后台重试或取消 PPT 渲染任务,/admin/v1/jobs/{jobId}/action,admin,none,approved mockup states for YL-M-113,contracts/feature-map.yaml,PLANNED
YL-M-110-C-P08_025-01,P08-025,YL-M-110,ADMIN,ADMIN_CONTROL,按大纲、模型、图片和渲染成本结算,domain://billing/presentation-settle,authenticated_user,usage_metered,approved mockup states for YL-M-110,contracts/feature-map.yaml,PLANNED
YL-A-077-C-P09_001-01,P09-001,YL-A-077,ANDROID,PRIMARY_VISIBLE,工作页聚合工具、项目、作品和任务,/api/mobile/v1/work,authenticated_user,none,approved mockup states for YL-A-077,contracts/feature-map.yaml,PLANNED
YL-M-116-C-P09_001-02,P09-001,YL-M-116,ADMIN,ADMIN_CONTROL,工作页聚合工具、项目、作品和任务,/api/mobile/v1/work,authenticated_user,none,approved mockup states for YL-M-116,contracts/feature-map.yaml,PLANNED
YL-A-078-C-P09_002-01,P09-002,YL-A-078,ANDROID,PRIMARY_VISIBLE,按工具分类展示 AI 能力入口,/api/mobile/v1/tools,authenticated_user,none,approved mockup states for YL-A-078,contracts/feature-map.yaml,PLANNED
YL-M-117-C-P09_002-02,P09-002,YL-M-117,ADMIN,ADMIN_CONTROL,按工具分类展示 AI 能力入口,/api/mobile/v1/tools,authenticated_user,none,approved mockup states for YL-M-117,contracts/feature-map.yaml,PLANNED
YL-A-079-C-P09_003-01,P09-003,YL-A-079,ANDROID,PRIMARY_VISIBLE,按类型和时间展示作品库,/api/mobile/v1/artifacts,authenticated_user,none,approved mockup states for YL-A-079,contracts/feature-map.yaml,PLANNED
YL-M-118-C-P09_003-02,P09-003,YL-M-118,ADMIN,ADMIN_CONTROL,按类型和时间展示作品库,/api/mobile/v1/artifacts,authenticated_user,none,approved mockup states for YL-M-118,contracts/feature-map.yaml,PLANNED
YL-A-059-C-P09_004-01,P09-004,YL-A-059,ANDROID,PRIMARY_VISIBLE,收藏、重命名、移动和删除作品,/api/mobile/v1/artifacts/{artifactId},authenticated_user,none,approved mockup states for YL-A-059,contracts/feature-map.yaml,PLANNED
YL-M-106-C-P09_004-02,P09-004,YL-M-106,ADMIN,ADMIN_CONTROL,收藏、重命名、移动和删除作品,/api/mobile/v1/artifacts/{artifactId},authenticated_user,none,approved mockup states for YL-M-106,contracts/feature-map.yaml,PLANNED
YL-A-080-C-P09_005-01,P09-005,YL-A-080,ANDROID,PRIMARY_VISIBLE,统一展示全部异步任务,/api/mobile/v1/jobs,authenticated_user,none,approved mockup states for YL-A-080,contracts/feature-map.yaml,PLANNED
YL-M-007-C-P09_005-02,P09-005,YL-M-007,ADMIN,ADMIN_CONTROL,统一展示全部异步任务,/api/mobile/v1/jobs,authenticated_user,none,approved mockup states for YL-M-007,contracts/feature-map.yaml,PLANNED
YL-A-081-C-P09_006-01,P09-006,YL-A-081,ANDROID,PRIMARY_VISIBLE,加载后台动态配置的发现页,/api/mobile/v1/discover,authenticated_user,none,approved mockup states for YL-A-081,contracts/feature-map.yaml,PLANNED
YL-M-119-C-P09_006-02,P09-006,YL-M-119,ADMIN,ADMIN_CONTROL,加载后台动态配置的发现页,/api/mobile/v1/discover,authenticated_user,none,approved mockup states for YL-M-119,contracts/feature-map.yaml,PLANNED
YL-A-082-C-P09_007-01,P09-007,YL-A-082,ANDROID,PRIMARY_VISIBLE,按分类筛选发现服务,/api/mobile/v1/discover/categories/{categoryId},authenticated_user,none,approved mockup states for YL-A-082,contracts/feature-map.yaml,PLANNED
YL-M-119-C-P09_007-02,P09-007,YL-M-119,ADMIN,ADMIN_CONTROL,按分类筛选发现服务,/api/mobile/v1/discover/categories/{categoryId},authenticated_user,none,approved mockup states for YL-M-119,contracts/feature-map.yaml,PLANNED
YL-A-083-C-P09_008-01,P09-008,YL-A-083,ANDROID,PRIMARY_VISIBLE,展示 Prompt 模板并带变量启动任务,/api/mobile/v1/prompt-templates,authenticated_user,none,approved mockup states for YL-A-083,contracts/feature-map.yaml,PLANNED
YL-M-120-C-P09_008-02,P09-008,YL-M-120,ADMIN,ADMIN_CONTROL,展示 Prompt 模板并带变量启动任务,/api/mobile/v1/prompt-templates,authenticated_user,none,approved mockup states for YL-M-120,contracts/feature-map.yaml,PLANNED
YL-A-084-C-P09_009-01,P09-009,YL-A-084,ANDROID,PRIMARY_VISIBLE,展示模型实验室和能力说明,/api/mobile/v1/model-lab,authenticated_user,none,approved mockup states for YL-A-084,contracts/feature-map.yaml,PLANNED
YL-M-121-C-P09_009-02,P09-009,YL-M-121,ADMIN,ADMIN_CONTROL,展示模型实验室和能力说明,/api/mobile/v1/model-lab,authenticated_user,none,approved mockup states for YL-M-121,contracts/feature-map.yaml,PLANNED
YL-A-085-C-P09_010-01,P09-010,YL-A-085,ANDROID,PRIMARY_VISIBLE,展示公告、活动和即将上线能力,/api/mobile/v1/announcements,authenticated_user,none,approved mockup states for YL-A-085,contracts/feature-map.yaml,PLANNED
YL-M-122-C-P09_010-02,P09-010,YL-M-122,ADMIN,ADMIN_CONTROL,展示公告、活动和即将上线能力,/api/mobile/v1/announcements,authenticated_user,none,approved mockup states for YL-M-122,contracts/feature-map.yaml,PLANNED
YL-M-119-C-P09_011-01,P09-011,YL-M-119,ADMIN,ADMIN_CONTROL,后台创建、排序、灰度和下架发现卡片,/admin/v1/discover/cards,authenticated_user,none,approved mockup states for YL-M-119,contracts/feature-map.yaml,PLANNED
YL-A-086-C-P09_012-01,P09-012,YL-A-086,ANDROID,PRIMARY_VISIBLE,展示个人资料卡、头像、用户名和 UID,/api/mobile/v1/account/profile,authenticated_user,none,approved mockup states for YL-A-086,contracts/feature-map.yaml,PLANNED
YL-M-036-C-P09_012-02,P09-012,YL-M-036,ADMIN,ADMIN_CONTROL,展示个人资料卡、头像、用户名和 UID,/api/mobile/v1/account/profile,authenticated_user,none,approved mockup states for YL-M-036,contracts/feature-map.yaml,PLANNED
YL-A-087-C-P09_013-01,P09-013,YL-A-087,ANDROID,PRIMARY_VISIBLE,编辑头像和用户名,/api/mobile/v1/account/profile,authenticated_user,none,approved mockup states for YL-A-087,contracts/feature-map.yaml,PLANNED
YL-M-036-C-P09_013-02,P09-013,YL-M-036,ADMIN,ADMIN_CONTROL,编辑头像和用户名,/api/mobile/v1/account/profile,authenticated_user,none,approved mockup states for YL-M-036,contracts/feature-map.yaml,PLANNED
YL-A-086-C-P09_014-01,P09-014,YL-A-086,ANDROID,PRIMARY_VISIBLE,快捷进入我的项目、文件和作品,/api/mobile/v1/account/content-summary,authenticated_user,none,approved mockup states for YL-A-086,contracts/feature-map.yaml,PLANNED
YL-A-088-C-P09_015-01,P09-015,YL-A-088,ANDROID,PRIMARY_VISIBLE,查看和管理收藏,/api/mobile/v1/favorites,authenticated_user,none,approved mockup states for YL-A-088,contracts/feature-map.yaml,PLANNED
YL-M-123-C-P09_015-02,P09-015,YL-M-123,ADMIN,ADMIN_CONTROL,查看和管理收藏,/api/mobile/v1/favorites,authenticated_user,none,approved mockup states for YL-M-123,contracts/feature-map.yaml,PLANNED
YL-A-035-C-P09_016-01,P09-016,YL-A-035,ANDROID,PRIMARY_VISIBLE,设置默认模型、推理和回答风格,/api/mobile/v1/preferences/ai,authenticated_user,none,approved mockup states for YL-A-035,contracts/feature-map.yaml,PLANNED
YL-M-064-C-P09_016-02,P09-016,YL-M-064,ADMIN,ADMIN_CONTROL,设置默认模型、推理和回答风格,/api/mobile/v1/preferences/ai,authenticated_user,none,approved mockup states for YL-M-064,contracts/feature-map.yaml,PLANNED
YL-A-089-C-P09_017-01,P09-017,YL-A-089,ANDROID,PRIMARY_VISIBLE,设置全局自定义指令,/api/mobile/v1/preferences/instructions,authenticated_user,none,approved mockup states for YL-A-089,contracts/feature-map.yaml,PLANNED
YL-M-124-C-P09_017-02,P09-017,YL-M-124,ADMIN,ADMIN_CONTROL,设置全局自定义指令,/api/mobile/v1/preferences/instructions,authenticated_user,none,approved mockup states for YL-M-124,contracts/feature-map.yaml,PLANNED
YL-A-090-C-P09_018-01,P09-018,YL-A-090,ANDROID,PRIMARY_VISIBLE,开启、查看和删除个人记忆,/api/mobile/v1/memories,authenticated_user,none,approved mockup states for YL-A-090,contracts/feature-map.yaml,PLANNED
YL-M-125-C-P09_018-02,P09-018,YL-M-125,ADMIN,ADMIN_CONTROL,开启、查看和删除个人记忆,/api/mobile/v1/memories,authenticated_user,none,approved mockup states for YL-M-125,contracts/feature-map.yaml,PLANNED
YL-A-091-C-P09_019-01,P09-019,YL-A-091,ANDROID,PRIMARY_VISIBLE,管理任务完成和安全通知,/api/mobile/v1/preferences/notifications,authenticated_user,none,approved mockup states for YL-A-091,contracts/feature-map.yaml,PLANNED
YL-M-126-C-P09_019-02,P09-019,YL-M-126,ADMIN,ADMIN_CONTROL,管理任务完成和安全通知,/api/mobile/v1/preferences/notifications,authenticated_user,none,approved mockup states for YL-M-126,contracts/feature-map.yaml,PLANNED
YL-A-092-C-P09_020-01,P09-020,YL-A-092,ANDROID,PRIMARY_VISIBLE,设置主题、字体和语言,/api/mobile/v1/preferences/display,authenticated_user,none,approved mockup states for YL-A-092,contracts/feature-map.yaml,PLANNED
YL-M-127-C-P09_020-02,P09-020,YL-M-127,ADMIN,ADMIN_CONTROL,设置主题、字体和语言,/api/mobile/v1/preferences/display,authenticated_user,none,approved mockup states for YL-M-127,contracts/feature-map.yaml,PLANNED
YL-A-093-C-P09_021-01,P09-021,YL-A-093,ANDROID,PRIMARY_VISIBLE,创建用户数据导出任务,/api/mobile/v1/privacy/exports,authenticated_user,none,approved mockup states for YL-A-093,contracts/feature-map.yaml,PLANNED
YL-M-128-C-P09_021-02,P09-021,YL-M-128,ADMIN,ADMIN_CONTROL,创建用户数据导出任务,/api/mobile/v1/privacy/exports,authenticated_user,none,approved mockup states for YL-M-128,contracts/feature-map.yaml,PLANNED
YL-A-093-C-P09_022-01,P09-022,YL-A-093,ANDROID,PRIMARY_VISIBLE,申请清空历史或注销账号,/api/mobile/v1/privacy/deletion-requests,authenticated_user,none,approved mockup states for YL-A-093,contracts/feature-map.yaml,PLANNED
YL-M-129-C-P09_022-02,P09-022,YL-M-129,ADMIN,ADMIN_CONTROL,申请清空历史或注销账号,/api/mobile/v1/privacy/deletion-requests,authenticated_user,none,approved mockup states for YL-M-129,contracts/feature-map.yaml,PLANNED
YL-A-094-C-P09_023-01,P09-023,YL-A-094,ANDROID,PRIMARY_VISIBLE,检查 APK 更新和强制升级策略,/api/mobile/v1/app/releases/latest,authenticated_user,none,approved mockup states for YL-A-094,contracts/feature-map.yaml,PLANNED
YL-M-130-C-P09_023-02,P09-023,YL-M-130,ADMIN,ADMIN_CONTROL,检查 APK 更新和强制升级策略,/api/mobile/v1/app/releases/latest,authenticated_user,none,approved mockup states for YL-M-130,contracts/feature-map.yaml,PLANNED
YL-W-004-C-P09_023-03,P09-023,YL-W-004,WEB,PUBLIC_SUPPORT,检查 APK 更新和强制升级策略,/api/mobile/v1/app/releases/latest,authenticated_user,none,approved mockup states for YL-W-004,contracts/feature-map.yaml,PLANNED
YL-A-095-C-P09_024-01,P09-024,YL-A-095,ANDROID,PRIMARY_VISIBLE,提交帮助反馈、截图和诊断信息,/api/mobile/v1/support/tickets,authenticated_user,none,approved mockup states for YL-A-095,contracts/feature-map.yaml,PLANNED
YL-M-131-C-P09_024-02,P09-024,YL-M-131,ADMIN,ADMIN_CONTROL,提交帮助反馈、截图和诊断信息,/api/mobile/v1/support/tickets,authenticated_user,none,approved mockup states for YL-M-131,contracts/feature-map.yaml,PLANNED
YL-A-043-C-P09_025-01,P09-025,YL-A-043,ANDROID,PRIMARY_VISIBLE,展示服务状态和已知事故,/api/mobile/v1/service-status,authenticated_user,none,approved mockup states for YL-A-043,contracts/feature-map.yaml,PLANNED
YL-M-132-C-P09_025-02,P09-025,YL-M-132,ADMIN,ADMIN_CONTROL,展示服务状态和已知事故,/api/mobile/v1/service-status,authenticated_user,none,approved mockup states for YL-M-132,contracts/feature-map.yaml,PLANNED
YL-W-005-C-P09_025-03,P09-025,YL-W-005,WEB,PUBLIC_SUPPORT,展示服务状态和已知事故,/api/mobile/v1/service-status,authenticated_user,none,approved mockup states for YL-W-005,contracts/feature-map.yaml,PLANNED
YL-M-133-C-P10_001-01,P10-001,YL-M-133,ADMIN,ADMIN_CONTROL,后台创建产品、套餐和价格版本,/admin/v1/products,authenticated_user,none,approved mockup states for YL-M-133,contracts/feature-map.yaml,PLANNED
YL-A-096-C-P10_002-01,P10-002,YL-A-096,ANDROID,PRIMARY_VISIBLE,展示用户可购买套餐和权益,/api/mobile/v1/catalog/plans,authenticated_user,none,approved mockup states for YL-A-096,contracts/feature-map.yaml,PLANNED
YL-M-133-C-P10_002-02,P10-002,YL-M-133,ADMIN,ADMIN_CONTROL,展示用户可购买套餐和权益,/api/mobile/v1/catalog/plans,authenticated_user,none,approved mockup states for YL-M-133,contracts/feature-map.yaml,PLANNED
YL-A-097-C-P10_003-01,P10-003,YL-A-097,ANDROID,PRIMARY_VISIBLE,创建订阅订单,/api/mobile/v1/orders,authenticated_user,none,approved mockup states for YL-A-097,contracts/feature-map.yaml,PLANNED
YL-M-134-C-P10_003-02,P10-003,YL-M-134,ADMIN,ADMIN_CONTROL,创建订阅订单,/api/mobile/v1/orders,authenticated_user,none,approved mockup states for YL-M-134,contracts/feature-map.yaml,PLANNED
YL-M-135-C-P10_004-01,P10-004,YL-M-135,ADMIN,ADMIN_CONTROL,接收支付回调并幂等入账,/api/v1/payments/{provider}/webhook,system,payment,approved mockup states for YL-M-135,contracts/feature-map.yaml,PLANNED
YL-M-136-C-P10_005-01,P10-005,YL-M-136,ADMIN,ADMIN_CONTROL,支持管理员测试充值但明确测试来源,/admin/v1/users/{userId}/test-credit,admin,payment,approved mockup states for YL-M-136,contracts/feature-map.yaml,PLANNED
YL-M-136-C-P10_006-01,P10-006,YL-M-136,ADMIN,ADMIN_CONTROL,建立现金、套餐和赠送额度账户,domain://wallet/accounts,authenticated_user,none,approved mockup states for YL-M-136,contracts/feature-map.yaml,PLANNED
YL-M-110-C-P10_007-01,P10-007,YL-M-110,ADMIN,ADMIN_CONTROL,使用不可变账本记录每次额度变动,domain://ledger/append,authenticated_user,none,approved mockup states for YL-M-110,contracts/feature-map.yaml,PLANNED
YL-M-136-C-P10_008-01,P10-008,YL-M-136,ADMIN,ADMIN_CONTROL,生成可快速读取的余额投影,/api/mobile/v1/wallet/balance,authenticated_user,none,approved mockup states for YL-M-136,contracts/feature-map.yaml,PLANNED
YL-A-098-C-P10_009-01,P10-009,YL-A-098,ANDROID,PRIMARY_VISIBLE,展示充值、套餐和赠送额度明细,/api/mobile/v1/wallet/buckets,authenticated_user,none,approved mockup states for YL-A-098,contracts/feature-map.yaml,PLANNED
YL-M-136-C-P10_009-02,P10-009,YL-M-136,ADMIN,ADMIN_CONTROL,展示充值、套餐和赠送额度明细,/api/mobile/v1/wallet/buckets,authenticated_user,none,approved mockup states for YL-M-136,contracts/feature-map.yaml,PLANNED
YL-A-099-C-P10_010-01,P10-010,YL-A-099,ANDROID,PRIMARY_VISIBLE,展示不可变账单明细,/api/mobile/v1/wallet/ledger,authenticated_user,none,approved mockup states for YL-A-099,contracts/feature-map.yaml,PLANNED
YL-M-110-C-P10_010-02,P10-010,YL-M-110,ADMIN,ADMIN_CONTROL,展示不可变账单明细,/api/mobile/v1/wallet/ledger,authenticated_user,none,approved mockup states for YL-M-110,contracts/feature-map.yaml,PLANNED
YL-M-137-C-P10_011-01,P10-011,YL-M-137,ADMIN,ADMIN_CONTROL,发放、续期、升级和撤销订阅权益,event://subscription.lifecycle,authenticated_user,none,approved mockup states for YL-M-137,contracts/feature-map.yaml,PLANNED
YL-M-138-C-P10_012-01,P10-012,YL-M-138,ADMIN,ADMIN_CONTROL,按权益控制项目、文件、图片和 PPT 配额,/internal/v1/entitlements/check,authenticated_user,none,approved mockup states for YL-M-138,contracts/feature-map.yaml,PLANNED
YL-M-139-C-P10_013-01,P10-013,YL-M-139,ADMIN,ADMIN_CONTROL,记录每次 AI、图片、PPT 和 API 用量,event://usage.recorded,authenticated_user,none,approved mockup states for YL-M-139,contracts/feature-map.yaml,PLANNED
YL-M-074-C-P10_014-01,P10-014,YL-M-074,ADMIN,ADMIN_CONTROL,按价格快照计算最终扣费,domain://usage/rate,authenticated_user,usage_metered,approved mockup states for YL-M-074,contracts/feature-map.yaml,PLANNED
YL-M-103-C-P10_015-01,P10-015,YL-M-103,ADMIN,ADMIN_CONTROL,执行额度预检、冻结、结算和释放,domain://credit/reservation,authenticated_user,usage_metered,approved mockup states for YL-M-103,contracts/feature-map.yaml,PLANNED
YL-A-100-C-P10_016-01,P10-016,YL-A-100,ANDROID,PRIMARY_VISIBLE,展示 App、图片、PPT 和 API 分项用量,/api/mobile/v1/usage/summary,authenticated_user,none,approved mockup states for YL-A-100,contracts/feature-map.yaml,PLANNED
YL-M-139-C-P10_016-02,P10-016,YL-M-139,ADMIN,ADMIN_CONTROL,展示 App、图片、PPT 和 API 分项用量,/api/mobile/v1/usage/summary,authenticated_user,none,approved mockup states for YL-M-139,contracts/feature-map.yaml,PLANNED
YL-M-140-C-P10_017-01,P10-017,YL-M-140,ADMIN,ADMIN_CONTROL,创建 YLVEN 与 Sub2API 用户映射,/internal/v1/gateways/sub2api/users/ensure,authenticated_user,none,approved mockup states for YL-M-140,contracts/feature-map.yaml,PLANNED
YL-D-002-C-P10_018-01,P10-018,YL-D-002,DEVELOPER,PRIMARY_VISIBLE,绑定已有 Sub2API 用户且保留余额和 Key,/api/developer/v1/sub2api/link,authenticated_user,none,approved mockup states for YL-D-002,contracts/feature-map.yaml,PLANNED
YL-M-140-C-P10_018-02,P10-018,YL-M-140,ADMIN,ADMIN_CONTROL,绑定已有 Sub2API 用户且保留余额和 Key,/api/developer/v1/sub2api/link,authenticated_user,none,approved mockup states for YL-M-140,contracts/feature-map.yaml,PLANNED
YL-M-141-C-P10_019-01,P10-019,YL-M-141,ADMIN,ADMIN_CONTROL,为 App 后端创建隐藏内部 API Key,/internal/v1/gateways/sub2api/app-keys,authenticated_user,none,approved mockup states for YL-M-141,contracts/feature-map.yaml,PLANNED
YL-W-003-C-P10_019-02,P10-019,YL-W-003,WEB,PUBLIC_SUPPORT,为 App 后端创建隐藏内部 API Key,/internal/v1/gateways/sub2api/app-keys,authenticated_user,none,approved mockup states for YL-W-003,contracts/feature-map.yaml,PLANNED
YL-M-142-C-P10_020-01,P10-020,YL-M-142,ADMIN,ADMIN_CONTROL,把充值余额投影到 Sub2API 执行余额,job://sub2api-balance-sync,system,payment,approved mockup states for YL-M-142,contracts/feature-map.yaml,PLANNED
YL-M-143-C-P10_021-01,P10-021,YL-M-143,ADMIN,ADMIN_CONTROL,把套餐模型权限和限额同步到 Sub2API,job://sub2api-entitlement-sync,system,none,approved mockup states for YL-M-143,contracts/feature-map.yaml,PLANNED
YL-M-144-C-P10_022-01,P10-022,YL-M-144,ADMIN,ADMIN_CONTROL,从 Sub2API 回流调用用量和成本,job://sub2api-usage-import,system,usage_metered,approved mockup states for YL-M-144,contracts/feature-map.yaml,PLANNED
YL-M-145-C-P10_023-01,P10-023,YL-M-145,ADMIN,ADMIN_CONTROL,执行 YLVEN 账本与 Sub2API 执行余额对账,job://gateway-reconciliation,system,none,approved mockup states for YL-M-145,contracts/feature-map.yaml,PLANNED
YL-M-146-C-P10_024-01,P10-024,YL-M-146,ADMIN,ADMIN_CONTROL,隔离同步失败并自动重试,job://gateway-sync-retry,system,none,approved mockup states for YL-M-146,contracts/feature-map.yaml,PLANNED
YL-M-147-C-P10_025-01,P10-025,YL-M-147,ADMIN,ADMIN_CONTROL,后台查询订单、支付、订阅和退款,/admin/v1/commerce/transactions,authenticated_user,none,approved mockup states for YL-M-147,contracts/feature-map.yaml,PLANNED
YL-M-148-C-P10_026-01,P10-026,YL-M-148,ADMIN,ADMIN_CONTROL,后台查询钱包、账本和冻结记录,/admin/v1/users/{userId}/wallet,authenticated_user,none,approved mockup states for YL-M-148,contracts/feature-map.yaml,PLANNED
YL-M-149-C-P10_027-01,P10-027,YL-M-149,ADMIN,ADMIN_CONTROL,后台处理退款并撤销对应权益,/admin/v1/refunds,admin,payment,approved mockup states for YL-M-149,contracts/feature-map.yaml,PLANNED
YL-M-150-C-P10_028-01,P10-028,YL-M-150,ADMIN,ADMIN_CONTROL,配置消费顺序和额度过期策略,/admin/v1/billing/credit-policy,authenticated_user,none,approved mockup states for YL-M-150,contracts/feature-map.yaml,PLANNED
YL-M-074-C-P10_029-01,P10-029,YL-M-074,ADMIN,ADMIN_CONTROL,配置模型销售价格、倍率和生效时间,/admin/v1/pricing/model-versions,authenticated_user,none,approved mockup states for YL-M-074,contracts/feature-map.yaml,PLANNED
YL-M-151-C-P10_030-01,P10-030,YL-M-151,ADMIN,ADMIN_CONTROL,标记订阅中转通道为测试环境,policy://channel-environment,authenticated_user,none,approved mockup states for YL-M-151,contracts/feature-map.yaml,PLANNED
YL-D-003-C-P11_001-01,P11-001,YL-D-003,DEVELOPER,PRIMARY_VISIBLE,展示开发者中心概览,/api/developer/v1/overview,authenticated_user,none,approved mockup states for YL-D-003,contracts/feature-map.yaml,PLANNED
YL-M-152-C-P11_001-02,P11-001,YL-M-152,ADMIN,ADMIN_CONTROL,展示开发者中心概览,/api/developer/v1/overview,authenticated_user,none,approved mockup states for YL-M-152,contracts/feature-map.yaml,PLANNED
YL-D-004-C-P11_002-01,P11-002,YL-D-004,DEVELOPER,PRIMARY_VISIBLE,激活开发者功能并同意 API 条款,/api/developer/v1/enrollment,authenticated_user,none,approved mockup states for YL-D-004,contracts/feature-map.yaml,PLANNED
YL-M-153-C-P11_002-02,P11-002,YL-M-153,ADMIN,ADMIN_CONTROL,激活开发者功能并同意 API 条款,/api/developer/v1/enrollment,authenticated_user,none,approved mockup states for YL-M-153,contracts/feature-map.yaml,PLANNED
YL-D-005-C-P11_003-01,P11-003,YL-D-005,DEVELOPER,PRIMARY_VISIBLE,使用 YLVEN OIDC 单点登录 Sub2API,/oauth2/authorize,authenticated_user,none,approved mockup states for YL-D-005,contracts/feature-map.yaml,PLANNED
YL-M-154-C-P11_003-02,P11-003,YL-M-154,ADMIN,ADMIN_CONTROL,使用 YLVEN OIDC 单点登录 Sub2API,/oauth2/authorize,authenticated_user,none,approved mockup states for YL-M-154,contracts/feature-map.yaml,PLANNED
YL-W-003-C-P11_003-03,P11-003,YL-W-003,WEB,PUBLIC_SUPPORT,使用 YLVEN OIDC 单点登录 Sub2API,/oauth2/authorize,authenticated_user,none,approved mockup states for YL-W-003,contracts/feature-map.yaml,PLANNED
YL-D-006-C-P11_004-01,P11-004,YL-D-006,DEVELOPER,PRIMARY_VISIBLE,创建 YLVEN 开发者 API Key,/api/developer/v1/api-keys,authenticated_user,none,approved mockup states for YL-D-006,contracts/feature-map.yaml,PLANNED
YL-M-155-C-P11_004-02,P11-004,YL-M-155,ADMIN,ADMIN_CONTROL,创建 YLVEN 开发者 API Key,/api/developer/v1/api-keys,authenticated_user,none,approved mockup states for YL-M-155,contracts/feature-map.yaml,PLANNED
YL-D-007-C-P11_005-01,P11-005,YL-D-007,DEVELOPER,PRIMARY_VISIBLE,仅创建时显示完整 API Key 一次,policy://api-key-reveal-once,authenticated_user,none,approved mockup states for YL-D-007,contracts/feature-map.yaml,PLANNED
YL-M-155-C-P11_005-02,P11-005,YL-M-155,ADMIN,ADMIN_CONTROL,仅创建时显示完整 API Key 一次,policy://api-key-reveal-once,authenticated_user,none,approved mockup states for YL-M-155,contracts/feature-map.yaml,PLANNED
YL-D-006-C-P11_006-01,P11-006,YL-D-006,DEVELOPER,PRIMARY_VISIBLE,分页查询 API Key 和最近使用状态,/api/developer/v1/api-keys,authenticated_user,none,approved mockup states for YL-D-006,contracts/feature-map.yaml,PLANNED
YL-M-155-C-P11_006-02,P11-006,YL-M-155,ADMIN,ADMIN_CONTROL,分页查询 API Key 和最近使用状态,/api/developer/v1/api-keys,authenticated_user,none,approved mockup states for YL-M-155,contracts/feature-map.yaml,PLANNED
YL-D-008-C-P11_007-01,P11-007,YL-D-008,DEVELOPER,PRIMARY_VISIBLE,轮换、禁用和删除 API Key,/api/developer/v1/api-keys/{keyId}/actions,authenticated_user,none,approved mockup states for YL-D-008,contracts/feature-map.yaml,PLANNED
YL-M-155-C-P11_007-02,P11-007,YL-M-155,ADMIN,ADMIN_CONTROL,轮换、禁用和删除 API Key,/api/developer/v1/api-keys/{keyId}/actions,authenticated_user,none,approved mockup states for YL-M-155,contracts/feature-map.yaml,PLANNED
YL-D-009-C-P11_008-01,P11-008,YL-D-009,DEVELOPER,PRIMARY_VISIBLE,配置单 Key 总额和月度预算,/api/developer/v1/api-keys/{keyId}/budget,authenticated_user,none,approved mockup states for YL-D-009,contracts/feature-map.yaml,PLANNED
YL-M-156-C-P11_008-02,P11-008,YL-M-156,ADMIN,ADMIN_CONTROL,配置单 Key 总额和月度预算,/api/developer/v1/api-keys/{keyId}/budget,authenticated_user,none,approved mockup states for YL-M-156,contracts/feature-map.yaml,PLANNED
YL-D-010-C-P11_009-01,P11-009,YL-D-010,DEVELOPER,PRIMARY_VISIBLE,配置 API 账号总预算,/api/developer/v1/budget,authenticated_user,none,approved mockup states for YL-D-010,contracts/feature-map.yaml,PLANNED
YL-M-156-C-P11_009-02,P11-009,YL-M-156,ADMIN,ADMIN_CONTROL,配置 API 账号总预算,/api/developer/v1/budget,authenticated_user,none,approved mockup states for YL-M-156,contracts/feature-map.yaml,PLANNED
YL-D-011-C-P11_010-01,P11-010,YL-D-011,DEVELOPER,PRIMARY_VISIBLE,配置 IP 白名单和模型白名单,/api/developer/v1/api-keys/{keyId}/policy,authenticated_user,none,approved mockup states for YL-D-011,contracts/feature-map.yaml,PLANNED
YL-M-157-C-P11_010-02,P11-010,YL-M-157,ADMIN,ADMIN_CONTROL,配置 IP 白名单和模型白名单,/api/developer/v1/api-keys/{keyId}/policy,authenticated_user,none,approved mockup states for YL-M-157,contracts/feature-map.yaml,PLANNED
YL-M-158-C-P11_011-01,P11-011,YL-M-158,ADMIN,ADMIN_CONTROL,Developer Gateway 鉴权和密钥哈希查找,gateway://authenticate,authenticated_user,none,approved mockup states for YL-M-158,contracts/feature-map.yaml,PLANNED
YL-M-159-C-P11_012-01,P11-012,YL-M-159,ADMIN,ADMIN_CONTROL,执行用户、Key、模型三级限流,gateway://rate-limit,authenticated_user,none,approved mockup states for YL-M-159,contracts/feature-map.yaml,PLANNED
YL-M-160-C-P11_013-01,P11-013,YL-M-160,ADMIN,ADMIN_CONTROL,提供 OpenAI 兼容模型列表,/v1/models,authenticated_user,none,approved mockup states for YL-M-160,contracts/feature-map.yaml,PLANNED
YL-M-161-C-P11_014-01,P11-014,YL-M-161,ADMIN,ADMIN_CONTROL,提供 OpenAI 兼容 Chat Completions,/v1/chat/completions,developer_api_key,usage_metered,approved mockup states for YL-M-161,contracts/feature-map.yaml,PLANNED
YL-M-161-C-P11_015-01,P11-015,YL-M-161,ADMIN,ADMIN_CONTROL,提供 OpenAI 兼容 Responses API,/v1/responses,developer_api_key,usage_metered,approved mockup states for YL-M-161,contracts/feature-map.yaml,PLANNED
YL-M-161-C-P11_016-01,P11-016,YL-M-161,ADMIN,ADMIN_CONTROL,提供流式公共 API 响应,/v1/responses?stream=true,developer_api_key,usage_metered,approved mockup states for YL-M-161,contracts/feature-map.yaml,PLANNED
YL-M-161-C-P11_017-01,P11-017,YL-M-161,ADMIN,ADMIN_CONTROL,提供图片生成公共 API,/v1/images/generations,developer_api_key,usage_metered,approved mockup states for YL-M-161,contracts/feature-map.yaml,PLANNED
YL-M-160-C-P11_018-01,P11-018,YL-M-160,ADMIN,ADMIN_CONTROL,提供 YLVEN 原生会话 API,/ylven/v1/conversations,developer_api_key,usage_metered,approved mockup states for YL-M-160,contracts/feature-map.yaml,PLANNED
YL-M-160-C-P11_019-01,P11-019,YL-M-160,ADMIN,ADMIN_CONTROL,提供 YLVEN 原生文件和任务 API,/ylven/v1/files,developer_api_key,usage_metered,approved mockup states for YL-M-160,contracts/feature-map.yaml,PLANNED
YL-M-162-C-P11_020-01,P11-020,YL-M-162,ADMIN,ADMIN_CONTROL,使用 YLVEN 稳定模型别名,/v1/models,authenticated_user,none,approved mockup states for YL-M-162,contracts/feature-map.yaml,PLANNED
YL-M-163-C-P11_021-01,P11-021,YL-M-163,ADMIN,ADMIN_CONTROL,返回稳定、可文档化的错误码,contract://public-api-errors,authenticated_user,none,approved mockup states for YL-M-163,contracts/feature-map.yaml,PLANNED
YL-D-012-C-P11_022-01,P11-022,YL-D-012,DEVELOPER,PRIMARY_VISIBLE,查询按日期、模型、Key和来源的用量,/api/developer/v1/usage,authenticated_user,none,approved mockup states for YL-D-012,contracts/feature-map.yaml,PLANNED
YL-M-164-C-P11_022-02,P11-022,YL-M-164,ADMIN,ADMIN_CONTROL,查询按日期、模型、Key和来源的用量,/api/developer/v1/usage,authenticated_user,none,approved mockup states for YL-M-164,contracts/feature-map.yaml,PLANNED
YL-D-013-C-P11_023-01,P11-023,YL-D-013,DEVELOPER,PRIMARY_VISIBLE,查询逐请求 API 日志,/api/developer/v1/request-logs,authenticated_user,none,approved mockup states for YL-D-013,contracts/feature-map.yaml,PLANNED
YL-M-161-C-P11_023-02,P11-023,YL-M-161,ADMIN,ADMIN_CONTROL,查询逐请求 API 日志,/api/developer/v1/request-logs,authenticated_user,none,approved mockup states for YL-M-161,contracts/feature-map.yaml,PLANNED
YL-D-014-C-P11_024-01,P11-024,YL-D-014,DEVELOPER,PRIMARY_VISIBLE,在 Playground 测试模型和参数,/api/developer/v1/playground/run,authenticated_user,usage_metered,approved mockup states for YL-D-014,contracts/feature-map.yaml,PLANNED
YL-M-165-C-P11_024-02,P11-024,YL-M-165,ADMIN,ADMIN_CONTROL,在 Playground 测试模型和参数,/api/developer/v1/playground/run,authenticated_user,usage_metered,approved mockup states for YL-M-165,contracts/feature-map.yaml,PLANNED
YL-D-015-C-P11_025-01,P11-025,YL-D-015,DEVELOPER,PRIMARY_VISIBLE,展示动态模型能力和价格文档,/api/developer/v1/models,authenticated_user,none,approved mockup states for YL-D-015,contracts/feature-map.yaml,PLANNED
YL-M-074-C-P11_025-02,P11-025,YL-M-074,ADMIN,ADMIN_CONTROL,展示动态模型能力和价格文档,/api/developer/v1/models,authenticated_user,none,approved mockup states for YL-M-074,contracts/feature-map.yaml,PLANNED
YL-D-016-C-P11_026-01,P11-026,YL-D-016,DEVELOPER,PRIMARY_VISIBLE,发布版本化 API 文档和代码示例,/docs/api/{version},authenticated_user,none,approved mockup states for YL-D-016,contracts/feature-map.yaml,PLANNED
YL-M-166-C-P11_026-02,P11-026,YL-M-166,ADMIN,ADMIN_CONTROL,发布版本化 API 文档和代码示例,/docs/api/{version},authenticated_user,none,approved mockup states for YL-M-166,contracts/feature-map.yaml,PLANNED
YL-D-010-C-P11_027-01,P11-027,YL-D-010,DEVELOPER,PRIMARY_VISIBLE,配置余额和异常用量告警,/api/developer/v1/alerts,authenticated_user,none,approved mockup states for YL-D-010,contracts/feature-map.yaml,PLANNED
YL-M-167-C-P11_027-02,P11-027,YL-M-167,ADMIN,ADMIN_CONTROL,配置余额和异常用量告警,/api/developer/v1/alerts,authenticated_user,none,approved mockup states for YL-M-167,contracts/feature-map.yaml,PLANNED
YL-D-017-C-P11_028-01,P11-028,YL-D-017,DEVELOPER,PRIMARY_VISIBLE,注册 Webhook 并验证签名,/api/developer/v1/webhooks,authenticated_user,none,approved mockup states for YL-D-017,contracts/feature-map.yaml,PLANNED
YL-M-168-C-P11_028-02,P11-028,YL-M-168,ADMIN,ADMIN_CONTROL,注册 Webhook 并验证签名,/api/developer/v1/webhooks,authenticated_user,none,approved mockup states for YL-M-168,contracts/feature-map.yaml,PLANNED
YL-M-168-C-P11_029-01,P11-029,YL-M-168,ADMIN,ADMIN_CONTROL,失败 Webhook 自动重试和死信,job://webhook-delivery,system,none,approved mockup states for YL-M-168,contracts/feature-map.yaml,PLANNED
YL-M-157-C-P11_030-01,P11-030,YL-M-157,ADMIN,ADMIN_CONTROL,分离 App 内部调用 Key 与开发者 Key,policy://key-purpose-isolation,authenticated_user,none,approved mockup states for YL-M-157,contracts/feature-map.yaml,PLANNED
YL-M-153-C-P11_031-01,P11-031,YL-M-153,ADMIN,ADMIN_CONTROL,后台查询开发者、Key、预算和风险,/admin/v1/developers/{developerId},authenticated_user,none,approved mockup states for YL-M-153,contracts/feature-map.yaml,PLANNED
YL-M-160-C-P11_032-01,P11-032,YL-M-160,ADMIN,ADMIN_CONTROL,后台配置公共 API 版本和弃用计划,/admin/v1/api-versions,authenticated_user,none,approved mockup states for YL-M-160,contracts/feature-map.yaml,PLANNED
YL-M-169-C-P12_001-01,P12-001,YL-M-169,ADMIN,ADMIN_CONTROL,配置 Cloudflare WAF 和速率规则基线,cloudflare://waf-rules,authenticated_user,none,approved mockup states for YL-M-169,contracts/feature-map.yaml,PLANNED
YL-M-170-C-P12_002-01,P12-002,YL-M-170,ADMIN,ADMIN_CONTROL,执行代码和镜像秘密扫描,ci://secret-scan,authenticated_user,none,approved mockup states for YL-M-170,contracts/feature-map.yaml,PLANNED
YL-M-170-C-P12_003-01,P12-003,YL-M-170,ADMIN,ADMIN_CONTROL,执行依赖漏洞和容器镜像扫描,ci://dependency-scan,authenticated_user,none,approved mockup states for YL-M-170,contracts/feature-map.yaml,PLANNED
YL-M-171-C-P12_004-01,P12-004,YL-M-171,ADMIN,ADMIN_CONTROL,加密敏感字段并轮换密钥引用,policy://field-encryption,authenticated_user,none,approved mockup states for YL-M-171,contracts/feature-map.yaml,PLANNED
YL-M-172-C-P12_005-01,P12-005,YL-M-172,ADMIN,ADMIN_CONTROL,记录所有后台敏感操作审计,event://admin.audit,authenticated_user,none,approved mockup states for YL-M-172,contracts/feature-map.yaml,PLANNED
YL-M-173-C-P12_006-01,P12-006,YL-M-173,ADMIN,ADMIN_CONTROL,检测异常登录、消费和 API Key 使用,job://risk-detection,system,none,approved mockup states for YL-M-173,contracts/feature-map.yaml,PLANNED
YL-M-174-C-P12_007-01,P12-007,YL-M-174,ADMIN,ADMIN_CONTROL,为高风险财务操作增加审批流,/admin/v1/approvals,authenticated_user,none,approved mockup states for YL-M-174,contracts/feature-map.yaml,PLANNED
YL-M-175-C-P12_008-01,P12-008,YL-M-175,ADMIN,ADMIN_CONTROL,采集服务、业务和供应商指标,/internal/metrics,authenticated_user,none,approved mockup states for YL-M-175,contracts/feature-map.yaml,PLANNED
YL-M-176-C-P12_009-01,P12-009,YL-M-176,ADMIN,ADMIN_CONTROL,集中查询结构化日志,/admin/v1/observability/logs,authenticated_user,none,approved mockup states for YL-M-176,contracts/feature-map.yaml,PLANNED
YL-M-177-C-P12_010-01,P12-010,YL-M-177,ADMIN,ADMIN_CONTROL,采集跨服务分布式追踪,otel://traces,authenticated_user,none,approved mockup states for YL-M-177,contracts/feature-map.yaml,PLANNED
YL-M-178-C-P12_011-01,P12-011,YL-M-178,ADMIN,ADMIN_CONTROL,配置 SLO、告警和通知路由,/admin/v1/alerts,authenticated_user,none,approved mockup states for YL-M-178,contracts/feature-map.yaml,PLANNED
YL-M-179-C-P12_012-01,P12-012,YL-M-179,ADMIN,ADMIN_CONTROL,创建事故、更新状态和复盘,/admin/v1/incidents,authenticated_user,none,approved mockup states for YL-M-179,contracts/feature-map.yaml,PLANNED
YL-W-005-C-P12_012-02,P12-012,YL-W-005,WEB,PUBLIC_SUPPORT,创建事故、更新状态和复盘,/admin/v1/incidents,authenticated_user,none,approved mockup states for YL-W-005,contracts/feature-map.yaml,PLANNED
YL-W-007-C-P12_012-03,P12-012,YL-W-007,WEB,PUBLIC_SUPPORT,创建事故、更新状态和复盘,/admin/v1/incidents,authenticated_user,none,approved mockup states for YL-W-007,contracts/feature-map.yaml,PLANNED
YL-M-180-C-P12_013-01,P12-013,YL-M-180,ADMIN,ADMIN_CONTROL,执行普通 API 压力测试,test://load-http,authenticated_user,none,approved mockup states for YL-M-180,contracts/feature-map.yaml,PLANNED
YL-M-180-C-P12_014-01,P12-014,YL-M-180,ADMIN,ADMIN_CONTROL,执行 SSE 长连接容量测试,test://load-sse,authenticated_user,none,approved mockup states for YL-M-180,contracts/feature-map.yaml,PLANNED
YL-M-180-C-P12_015-01,P12-015,YL-M-180,ADMIN,ADMIN_CONTROL,执行异步队列和 Worker 吞吐测试,test://load-jobs,authenticated_user,none,approved mockup states for YL-M-180,contracts/feature-map.yaml,PLANNED
YL-M-007-C-P12_016-01,P12-016,YL-M-007,ADMIN,ADMIN_CONTROL,隔离聊天、支付、图片和 PPT 队列,policy://queue-priority,authenticated_user,none,approved mockup states for YL-M-007,contracts/feature-map.yaml,PLANNED
YL-M-181-C-P12_017-01,P12-017,YL-M-181,ADMIN,ADMIN_CONTROL,优化数据库索引、连接池和慢查询,db://performance,authenticated_user,none,approved mockup states for YL-M-181,contracts/feature-map.yaml,PLANNED
YL-M-182-C-P12_018-01,P12-018,YL-M-182,ADMIN,ADMIN_CONTROL,验证 Redis 故障和缓存降级行为,test://redis-failure,authenticated_user,none,approved mockup states for YL-M-182,contracts/feature-map.yaml,PLANNED
YL-M-182-C-P12_019-01,P12-019,YL-M-182,ADMIN,ADMIN_CONTROL,验证 NATS 消息重投和幂等消费,test://nats-redelivery,authenticated_user,none,approved mockup states for YL-M-182,contracts/feature-map.yaml,PLANNED
YL-M-183-C-P12_020-01,P12-020,YL-M-183,ADMIN,ADMIN_CONTROL,配置 R2 生命周期和删除证明,r2://lifecycle,authenticated_user,none,approved mockup states for YL-M-183,contracts/feature-map.yaml,PLANNED
YL-M-184-C-P12_021-01,P12-021,YL-M-184,ADMIN,ADMIN_CONTROL,自动备份 PostgreSQL 和关键配置,job://backup,system,none,approved mockup states for YL-M-184,contracts/feature-map.yaml,PLANNED
YL-M-182-C-P12_022-01,P12-022,YL-M-182,ADMIN,ADMIN_CONTROL,执行数据库和对象恢复演练,job://restore-drill,system,none,approved mockup states for YL-M-182,contracts/feature-map.yaml,PLANNED
YL-M-185-C-P12_023-01,P12-023,YL-M-185,ADMIN,ADMIN_CONTROL,执行用户数据导出和删除闭环,test://privacy-lifecycle,authenticated_user,none,approved mockup states for YL-M-185,contracts/feature-map.yaml,PLANNED
YL-M-186-C-P12_024-01,P12-024,YL-M-186,ADMIN,ADMIN_CONTROL,配置日志、会话、文件和账单保留期,/admin/v1/settings/retention,authenticated_user,none,approved mockup states for YL-M-186,contracts/feature-map.yaml,PLANNED
YL-M-187-C-P12_025-01,P12-025,YL-M-187,ADMIN,ADMIN_CONTROL,发布管理员和运维运行手册,docs://runbooks,authenticated_user,none,approved mockup states for YL-M-187,contracts/feature-map.yaml,PLANNED
YL-M-188-C-P13_001-01,P13-001,YL-M-188,ADMIN,ADMIN_CONTROL,执行 Android 全功能自动回归,test://android-regression,authenticated_user,none,approved mockup states for YL-M-188,contracts/feature-map.yaml,PLANNED
YL-M-189-C-P13_002-01,P13-002,YL-M-189,ADMIN,ADMIN_CONTROL,执行多尺寸真机验收矩阵,acceptance://android-devices,authenticated_user,none,approved mockup states for YL-M-189,contracts/feature-map.yaml,PLANNED
YL-M-190-C-P13_003-01,P13-003,YL-M-190,ADMIN,ADMIN_CONTROL,执行后台菜单、权限和审计回归,test://admin-rbac,authenticated_user,none,approved mockup states for YL-M-190,contracts/feature-map.yaml,PLANNED
YL-M-009-C-P13_004-01,P13-004,YL-M-009,ADMIN,ADMIN_CONTROL,执行数据库升级和回滚演练,test://migration-rollback,authenticated_user,none,approved mockup states for YL-M-009,contracts/feature-map.yaml,PLANNED
YL-M-182-C-P13_005-01,P13-005,YL-M-182,ADMIN,ADMIN_CONTROL,执行完整灾难恢复演练,test://disaster-recovery,authenticated_user,none,approved mockup states for YL-M-182,contracts/feature-map.yaml,PLANNED
YL-M-069-C-P13_006-01,P13-006,YL-M-069,ADMIN,ADMIN_CONTROL,接入或模拟官方 OpenAI Adapter 切换,adapter://official-openai,authenticated_user,none,approved mockup states for YL-M-069,contracts/feature-map.yaml,PLANNED
YL-M-069-C-P13_007-01,P13-007,YL-M-069,ADMIN,ADMIN_CONTROL,接入或模拟官方 Anthropic Adapter 切换,adapter://official-anthropic,authenticated_user,none,approved mockup states for YL-M-069,contracts/feature-map.yaml,PLANNED
YL-M-069-C-P13_008-01,P13-008,YL-M-069,ADMIN,ADMIN_CONTROL,接入或模拟官方 xAI Adapter 切换,adapter://official-xai,authenticated_user,none,approved mockup states for YL-M-069,contracts/feature-map.yaml,PLANNED
YL-M-068-C-P13_009-01,P13-009,YL-M-068,ADMIN,ADMIN_CONTROL,验证订阅测试通道到官方通道无客户端升级切换,test://provider-route-switch,authenticated_user,none,approved mockup states for YL-M-068,contracts/feature-map.yaml,PLANNED
YL-M-191-C-P13_010-01,P13-010,YL-M-191,ADMIN,ADMIN_CONTROL,验证供应商失败时透明降级和恢复,test://provider-failover,authenticated_user,none,approved mockup states for YL-M-191,contracts/feature-map.yaml,PLANNED
YL-M-192-C-P13_011-01,P13-011,YL-M-192,ADMIN,ADMIN_CONTROL,输出容量、成本和扩容阈值报告,report://capacity-cost,authenticated_user,none,approved mockup states for YL-M-192,contracts/feature-map.yaml,PLANNED
YL-M-193-C-P13_012-01,P13-012,YL-M-193,ADMIN,ADMIN_CONTROL,输出已知限制和商业开放前待办,report://commercial-readiness,authenticated_user,none,approved mockup states for YL-M-193,contracts/feature-map.yaml,PLANNED
YL-M-130-C-P13_013-01,P13-013,YL-M-130,ADMIN,ADMIN_CONTROL,验证安装、升级、回滚和强制更新,test://app-upgrade,authenticated_user,none,approved mockup states for YL-M-130,contracts/feature-map.yaml,PLANNED
YL-W-004-C-P13_013-02,P13-013,YL-W-004,WEB,PUBLIC_SUPPORT,验证安装、升级、回滚和强制更新,test://app-upgrade,authenticated_user,none,approved mockup states for YL-W-004,contracts/feature-map.yaml,PLANNED
YL-M-194-C-P13_014-01,P13-014,YL-M-194,ADMIN,ADMIN_CONTROL,生成最终 APK 和完整交付包,script://release-phase/P13,authenticated_user,none,approved mockup states for YL-M-194,contracts/feature-map.yaml,PLANNED
YL-W-007-C-P13_014-02,P13-014,YL-W-007,WEB,PUBLIC_SUPPORT,生成最终 APK 和完整交付包,script://release-phase/P13,authenticated_user,none,approved mockup states for YL-W-007,contracts/feature-map.yaml,PLANNED
YL-M-195-C-P13_015-01,P13-015,YL-M-195,ADMIN,ADMIN_CONTROL,项目所有者完成 APK 和后台最终验收,/admin/v1/releases/P13/owner-acceptance,authenticated_user,none,approved mockup states for YL-M-195,contracts/feature-map.yaml,PLANNED
