state_id,page_id,surface,page_name,state_code,state_name,description,recovery,feature_ids,phases,work_packets,mockup_id,mockup_path,visual_kind,parent_page_id,screen_signature
YL-A-001-S01_DEFAULT,YL-A-001,ANDROID,App Shell,DEFAULT,默认/可操作,数据与控件处于正常可操作状态。,none,P00-003,P00,P00-W01,YL-A-001-S01_DEFAULT,ui/mockups/android/YL-A-001/YL-A-001-S01_DEFAULT.png,COMPONENT_BOARD,,3ff494ec8aebca21
YL-A-002-S01_DEFAULT,YL-A-002,ANDROID,Design System,DEFAULT,默认/可操作,数据与控件处于正常可操作状态。,none,P00-004,P00,P00-W01,YL-A-002-S01_DEFAULT,ui/mockups/android/YL-A-002/YL-A-002-S01_DEFAULT.png,DESIGN_BOARD,,18fd7887d1c7de58
YL-A-003-S01_DEFAULT,YL-A-003,ANDROID,首页/工作/发现/我的,DEFAULT,默认/可操作,数据与控件处于正常可操作状态。,none,P00-005,P00,P00-W01,YL-A-003-S01_DEFAULT,ui/mockups/android/YL-A-003/YL-A-003-S01_DEFAULT.png,COMPONENT_BOARD,YL-A-001,7391cdb8eb594565
YL-A-004-S01_LAUNCH,YL-A-004,ANDROID,启动页,LAUNCH,启动品牌态,展示品牌标识和启动背景，不显示伪进度。,automatic,P02-001,P02,P02-W01,YL-A-004-S01_LAUNCH,ui/mockups/android/YL-A-004/YL-A-004-S01_LAUNCH.png,PAGE,,2591b7bf5af113f6
YL-A-004-S02_RESTORING,YL-A-004,ANDROID,启动页,RESTORING,恢复会话,读取本地凭据并验证远端会话。,automatic,P02-001,P02,P02-W01,YL-A-004-S02_RESTORING,ui/mockups/android/YL-A-004/YL-A-004-S02_RESTORING.png,PAGE,,2591b7bf5af113f6
YL-A-004-S03_FIRST_RUN,YL-A-004,ANDROID,启动页,FIRST_RUN,首次运行,首次安装且无本地会话。,continue_to_auth,P02-001,P02,P02-W01,YL-A-004-S03_FIRST_RUN,ui/mockups/android/YL-A-004/YL-A-004-S03_FIRST_RUN.png,PAGE,,2591b7bf5af113f6
YL-A-004-S04_UPDATE_REQUIRED,YL-A-004,ANDROID,启动页,UPDATE_REQUIRED,必须更新,阻止进入不兼容功能并提供下载入口。,update,P02-001,P02,P02-W01,YL-A-004-S04_UPDATE_REQUIRED,ui/mockups/android/YL-A-004/YL-A-004-S04_UPDATE_REQUIRED.png,PAGE,,2591b7bf5af113f6
YL-A-004-S05_OFFLINE,YL-A-004,ANDROID,启动页,OFFLINE,离线,说明当前离线；有缓存时显示缓存来源与时间。,retry_when_online,P02-001,P02,P02-W01,YL-A-004-S05_OFFLINE,ui/mockups/android/YL-A-004/YL-A-004-S05_OFFLINE.png,PAGE,,2591b7bf5af113f6
YL-A-004-S06_SERVER_ERROR,YL-A-004,ANDROID,启动页,SERVER_ERROR,服务异常,服务端 5xx，显示请求 ID，不暴露堆栈。,retry_or_status,P02-001,P02,P02-W01,YL-A-004-S06_SERVER_ERROR,ui/mockups/android/YL-A-004/YL-A-004-S06_SERVER_ERROR.png,PAGE,,2591b7bf5af113f6
YL-A-005-S01_DEFAULT,YL-A-005,ANDROID,登录页,DEFAULT,默认/可操作,数据与控件处于正常可操作状态。,none,P02-002|P02-003|P02-006,P02,P02-W01,YL-A-005-S01_DEFAULT,ui/mockups/android/YL-A-005/YL-A-005-S01_DEFAULT.png,PAGE,,9b39cb44f315e276
YL-A-005-S02_INPUT_FOCUSED,YL-A-005,ANDROID,登录页,INPUT_FOCUSED,输入聚焦,键盘弹出、焦点环和辅助文案布局稳定。,none,P02-002|P02-003|P02-006,P02,P02-W01,YL-A-005-S02_INPUT_FOCUSED,ui/mockups/android/YL-A-005/YL-A-005-S02_INPUT_FOCUSED.png,PAGE,,9b39cb44f315e276
YL-A-005-S03_VALIDATION_ERROR,YL-A-005,ANDROID,登录页,VALIDATION_ERROR,表单校验失败,字段级错误紧邻字段，首个错误获得焦点。,correct_input,P02-002|P02-003|P02-006,P02,P02-W01,YL-A-005-S03_VALIDATION_ERROR,ui/mockups/android/YL-A-005/YL-A-005-S03_VALIDATION_ERROR.png,PAGE,,9b39cb44f315e276
YL-A-005-S04_SUBMITTING,YL-A-005,ANDROID,登录页,SUBMITTING,提交中,主按钮保留尺寸并显示进度，禁止重复提交。,wait_or_cancel_if_supported,P02-002|P02-003|P02-006,P02,P02-W01,YL-A-005-S04_SUBMITTING,ui/mockups/android/YL-A-005/YL-A-005-S04_SUBMITTING.png,PAGE,,9b39cb44f315e276
YL-A-005-S05_RATE_LIMITED,YL-A-005,ANDROID,登录页,RATE_LIMITED,请求过于频繁,展示可再次尝试时间，不自动猛烈重试。,retry_after,P02-002|P02-003|P02-006,P02,P02-W01,YL-A-005-S05_RATE_LIMITED,ui/mockups/android/YL-A-005/YL-A-005-S05_RATE_LIMITED.png,PAGE,,9b39cb44f315e276
YL-A-005-S06_OFFLINE,YL-A-005,ANDROID,登录页,OFFLINE,离线,说明当前离线；有缓存时显示缓存来源与时间。,retry_when_online,P02-002|P02-003|P02-006,P02,P02-W01,YL-A-005-S06_OFFLINE,ui/mockups/android/YL-A-005/YL-A-005-S06_OFFLINE.png,PAGE,,9b39cb44f315e276
YL-A-005-S07_SERVER_ERROR,YL-A-005,ANDROID,登录页,SERVER_ERROR,服务异常,服务端 5xx，显示请求 ID，不暴露堆栈。,retry_or_status,P02-002|P02-003|P02-006,P02,P02-W01,YL-A-005-S07_SERVER_ERROR,ui/mockups/android/YL-A-005/YL-A-005-S07_SERVER_ERROR.png,PAGE,,9b39cb44f315e276
YL-A-006-S01_DEFAULT,YL-A-006,ANDROID,登录页/安全验证,DEFAULT,默认/可操作,数据与控件处于正常可操作状态。,none,P02-004,P02,P02-W01,YL-A-006-S01_DEFAULT,ui/mockups/android/YL-A-006/YL-A-006-S01_DEFAULT.png,OVERLAY,YL-A-005,27036cc49c226a52
YL-A-006-S02_SECURITY_CHALLENGE,YL-A-006,ANDROID,登录页/安全验证,SECURITY_CHALLENGE,安全验证,受控安全验证弹层或 WebView 已打开。,complete_or_cancel,P02-004,P02,P02-W01,YL-A-006-S02_SECURITY_CHALLENGE,ui/mockups/android/YL-A-006/YL-A-006-S02_SECURITY_CHALLENGE.png,OVERLAY,YL-A-005,27036cc49c226a52
YL-A-006-S03_SUBMITTING,YL-A-006,ANDROID,登录页/安全验证,SUBMITTING,提交中,主按钮保留尺寸并显示进度，禁止重复提交。,wait_or_cancel_if_supported,P02-004,P02,P02-W01,YL-A-006-S03_SUBMITTING,ui/mockups/android/YL-A-006/YL-A-006-S03_SUBMITTING.png,OVERLAY,YL-A-005,27036cc49c226a52
YL-A-006-S04_SUCCESS,YL-A-006,ANDROID,登录页/安全验证,SUCCESS,操作成功,使用 Snackbar、结果页或成功卡，按合同给出下一步。,continue,P02-004,P02,P02-W01,YL-A-006-S04_SUCCESS,ui/mockups/android/YL-A-006/YL-A-006-S04_SUCCESS.png,OVERLAY,YL-A-005,27036cc49c226a52
YL-A-006-S05_SAVE_ERROR,YL-A-006,ANDROID,登录页/安全验证,SAVE_ERROR,保存失败,保留用户输入，显示稳定错误码和重试动作。,retry,P02-004,P02,P02-W01,YL-A-006-S05_SAVE_ERROR,ui/mockups/android/YL-A-006/YL-A-006-S05_SAVE_ERROR.png,OVERLAY,YL-A-005,27036cc49c226a52
YL-A-006-S06_RATE_LIMITED,YL-A-006,ANDROID,登录页/安全验证,RATE_LIMITED,请求过于频繁,展示可再次尝试时间，不自动猛烈重试。,retry_after,P02-004,P02,P02-W01,YL-A-006-S06_RATE_LIMITED,ui/mockups/android/YL-A-006/YL-A-006-S06_RATE_LIMITED.png,OVERLAY,YL-A-005,27036cc49c226a52
YL-A-006-S07_OFFLINE,YL-A-006,ANDROID,登录页/安全验证,OFFLINE,离线,说明当前离线；有缓存时显示缓存来源与时间。,retry_when_online,P02-004,P02,P02-W01,YL-A-006-S07_OFFLINE,ui/mockups/android/YL-A-006/YL-A-006-S07_OFFLINE.png,OVERLAY,YL-A-005,27036cc49c226a52
YL-A-006-S08_SERVER_ERROR,YL-A-006,ANDROID,登录页/安全验证,SERVER_ERROR,服务异常,服务端 5xx，显示请求 ID，不暴露堆栈。,retry_or_status,P02-004,P02,P02-W01,YL-A-006-S08_SERVER_ERROR,ui/mockups/android/YL-A-006/YL-A-006-S08_SERVER_ERROR.png,OVERLAY,YL-A-005,27036cc49c226a52
YL-A-007-S01_LOADING,YL-A-007,ANDROID,遗留验证承载页（已停用）,LOADING,加载中,使用与最终布局一致的 Skeleton，禁止无限 Loading。,automatic_or_retry,P02-005|P02-022,P02,P02-W01|P02-W05,YL-A-007-S01_LOADING,ui/mockups/android/YL-A-007/YL-A-007-S01_LOADING.png,PAGE,YL-A-005,763ab44c621cfba6
YL-A-007-S02_SECURITY_CHALLENGE,YL-A-007,ANDROID,遗留验证承载页（已停用）,SECURITY_CHALLENGE,安全验证,受控安全验证弹层或 WebView 已打开。,complete_or_cancel,P02-005|P02-022,P02,P02-W01|P02-W05,YL-A-007-S02_SECURITY_CHALLENGE,ui/mockups/android/YL-A-007/YL-A-007-S02_SECURITY_CHALLENGE.png,PAGE,YL-A-005,763ab44c621cfba6
YL-A-007-S03_SUCCESS,YL-A-007,ANDROID,遗留验证承载页（已停用）,SUCCESS,操作成功,使用 Snackbar、结果页或成功卡，按合同给出下一步。,continue,P02-005|P02-022,P02,P02-W01|P02-W05,YL-A-007-S03_SUCCESS,ui/mockups/android/YL-A-007/YL-A-007-S03_SUCCESS.png,PAGE,YL-A-005,763ab44c621cfba6
YL-A-007-S04_VALIDATION_ERROR,YL-A-007,ANDROID,遗留验证承载页（已停用）,VALIDATION_ERROR,表单校验失败,字段级错误紧邻字段，首个错误获得焦点。,correct_input,P02-005|P02-022,P02,P02-W01|P02-W05,YL-A-007-S04_VALIDATION_ERROR,ui/mockups/android/YL-A-007/YL-A-007-S04_VALIDATION_ERROR.png,PAGE,YL-A-005,763ab44c621cfba6
YL-A-007-S05_CODE_EXPIRED,YL-A-007,ANDROID,遗留验证承载页（已停用）,CODE_EXPIRED,验证码过期,明确过期并允许在规则允许时重新发送。,resend,P02-005|P02-022,P02,P02-W01|P02-W05,YL-A-007-S05_CODE_EXPIRED,ui/mockups/android/YL-A-007/YL-A-007-S05_CODE_EXPIRED.png,PAGE,YL-A-005,763ab44c621cfba6
YL-A-007-S06_OFFLINE,YL-A-007,ANDROID,遗留验证承载页（已停用）,OFFLINE,离线,说明当前离线；有缓存时显示缓存来源与时间。,retry_when_online,P02-005|P02-022,P02,P02-W01|P02-W05,YL-A-007-S06_OFFLINE,ui/mockups/android/YL-A-007/YL-A-007-S06_OFFLINE.png,PAGE,YL-A-005,763ab44c621cfba6
YL-A-007-S07_SERVER_ERROR,YL-A-007,ANDROID,遗留验证承载页（已停用）,SERVER_ERROR,服务异常,服务端 5xx，显示请求 ID，不暴露堆栈。,retry_or_status,P02-005|P02-022,P02,P02-W01|P02-W05,YL-A-007-S07_SERVER_ERROR,ui/mockups/android/YL-A-007/YL-A-007-S07_SERVER_ERROR.png,PAGE,YL-A-005,763ab44c621cfba6
YL-A-008-S01_DEFAULT,YL-A-008,ANDROID,验证码页,DEFAULT,默认/可操作,数据与控件处于正常可操作状态。,none,P02-007|P02-008|P02-024,P02,P02-W02|P02-W05,YL-A-008-S01_DEFAULT,ui/mockups/android/YL-A-008/YL-A-008-S01_DEFAULT.png,PAGE,YL-A-005,777b7cf0f73e1e80
YL-A-008-S02_INPUT_FOCUSED,YL-A-008,ANDROID,验证码页,INPUT_FOCUSED,输入聚焦,键盘弹出、焦点环和辅助文案布局稳定。,none,P02-007|P02-008|P02-024,P02,P02-W02|P02-W05,YL-A-008-S02_INPUT_FOCUSED,ui/mockups/android/YL-A-008/YL-A-008-S02_INPUT_FOCUSED.png,PAGE,YL-A-005,777b7cf0f73e1e80
YL-A-008-S03_CODE_SENT,YL-A-008,ANDROID,验证码页,CODE_SENT,验证码已发送,显示脱敏邮箱、倒计时和重新发送规则。,enter_code,P02-007|P02-008|P02-024,P02,P02-W02|P02-W05,YL-A-008-S03_CODE_SENT,ui/mockups/android/YL-A-008/YL-A-008-S03_CODE_SENT.png,PAGE,YL-A-005,777b7cf0f73e1e80
YL-A-008-S04_SUBMITTING,YL-A-008,ANDROID,验证码页,SUBMITTING,提交中,主按钮保留尺寸并显示进度，禁止重复提交。,wait_or_cancel_if_supported,P02-007|P02-008|P02-024,P02,P02-W02|P02-W05,YL-A-008-S04_SUBMITTING,ui/mockups/android/YL-A-008/YL-A-008-S04_SUBMITTING.png,PAGE,YL-A-005,777b7cf0f73e1e80
YL-A-008-S05_SUCCESS,YL-A-008,ANDROID,验证码页,SUCCESS,操作成功,使用 Snackbar、结果页或成功卡，按合同给出下一步。,continue,P02-007|P02-008|P02-024,P02,P02-W02|P02-W05,YL-A-008-S05_SUCCESS,ui/mockups/android/YL-A-008/YL-A-008-S05_SUCCESS.png,PAGE,YL-A-005,777b7cf0f73e1e80
YL-A-008-S06_INVALID_CODE,YL-A-008,ANDROID,验证码页,INVALID_CODE,验证码错误,输入格保持，显示剩余尝试或稳定提示。,retry_input,P02-007|P02-008|P02-024,P02,P02-W02|P02-W05,YL-A-008-S06_INVALID_CODE,ui/mockups/android/YL-A-008/YL-A-008-S06_INVALID_CODE.png,PAGE,YL-A-005,777b7cf0f73e1e80
YL-A-008-S07_CODE_EXPIRED,YL-A-008,ANDROID,验证码页,CODE_EXPIRED,验证码过期,明确过期并允许在规则允许时重新发送。,resend,P02-007|P02-008|P02-024,P02,P02-W02|P02-W05,YL-A-008-S07_CODE_EXPIRED,ui/mockups/android/YL-A-008/YL-A-008-S07_CODE_EXPIRED.png,PAGE,YL-A-005,777b7cf0f73e1e80
YL-A-008-S08_RATE_LIMITED,YL-A-008,ANDROID,验证码页,RATE_LIMITED,请求过于频繁,展示可再次尝试时间，不自动猛烈重试。,retry_after,P02-007|P02-008|P02-024,P02,P02-W02|P02-W05,YL-A-008-S08_RATE_LIMITED,ui/mockups/android/YL-A-008/YL-A-008-S08_RATE_LIMITED.png,PAGE,YL-A-005,777b7cf0f73e1e80
YL-A-008-S09_LOCKED,YL-A-008,ANDROID,验证码页,LOCKED,暂时锁定,达到风控阈值，展示解锁时间或支持入口。,wait_or_support,P02-007|P02-008|P02-024,P02,P02-W02|P02-W05,YL-A-008-S09_LOCKED,ui/mockups/android/YL-A-008/YL-A-008-S09_LOCKED.png,PAGE,YL-A-005,777b7cf0f73e1e80
YL-A-008-S10_OFFLINE,YL-A-008,ANDROID,验证码页,OFFLINE,离线,说明当前离线；有缓存时显示缓存来源与时间。,retry_when_online,P02-007|P02-008|P02-024,P02,P02-W02|P02-W05,YL-A-008-S10_OFFLINE,ui/mockups/android/YL-A-008/YL-A-008-S10_OFFLINE.png,PAGE,YL-A-005,777b7cf0f73e1e80
YL-A-008-S11_SERVER_ERROR,YL-A-008,ANDROID,验证码页,SERVER_ERROR,服务异常,服务端 5xx，显示请求 ID，不暴露堆栈。,retry_or_status,P02-007|P02-008|P02-024,P02,P02-W02|P02-W05,YL-A-008-S11_SERVER_ERROR,ui/mockups/android/YL-A-008/YL-A-008-S11_SERVER_ERROR.png,PAGE,YL-A-005,777b7cf0f73e1e80
YL-A-009-S01_SUCCESS,YL-A-009,ANDROID,登录完成,SUCCESS,操作成功,使用 Snackbar、结果页或成功卡，按合同给出下一步。,continue,P02-009,P02,P02-W02,YL-A-009-S01_SUCCESS,ui/mockups/android/YL-A-009/YL-A-009-S01_SUCCESS.png,PAGE,YL-A-008,cc4b9bae031c1ad9
YL-A-009-S02_SAVE_ERROR,YL-A-009,ANDROID,登录完成,SAVE_ERROR,保存失败,保留用户输入，显示稳定错误码和重试动作。,retry,P02-009,P02,P02-W02,YL-A-009-S02_SAVE_ERROR,ui/mockups/android/YL-A-009/YL-A-009-S02_SAVE_ERROR.png,PAGE,YL-A-008,cc4b9bae031c1ad9
YL-A-009-S03_OFFLINE,YL-A-009,ANDROID,登录完成,OFFLINE,离线,说明当前离线；有缓存时显示缓存来源与时间。,retry_when_online,P02-009,P02,P02-W02,YL-A-009-S03_OFFLINE,ui/mockups/android/YL-A-009/YL-A-009-S03_OFFLINE.png,PAGE,YL-A-008,cc4b9bae031c1ad9
YL-A-010-S01_DEFAULT,YL-A-010,ANDROID,注册页,DEFAULT,默认/可操作,数据与控件处于正常可操作状态。,none,P02-010|P02-011|P02-012|P02-014,P02,P02-W02|P02-W03,YL-A-010-S01_DEFAULT,ui/mockups/android/YL-A-010/YL-A-010-S01_DEFAULT.png,PAGE,,fa60d86be0150718
YL-A-010-S02_INPUT_FOCUSED,YL-A-010,ANDROID,注册页,INPUT_FOCUSED,输入聚焦,键盘弹出、焦点环和辅助文案布局稳定。,none,P02-010|P02-011|P02-012|P02-014,P02,P02-W02|P02-W03,YL-A-010-S02_INPUT_FOCUSED,ui/mockups/android/YL-A-010/YL-A-010-S02_INPUT_FOCUSED.png,PAGE,,fa60d86be0150718
YL-A-010-S03_VALIDATION_ERROR,YL-A-010,ANDROID,注册页,VALIDATION_ERROR,表单校验失败,字段级错误紧邻字段，首个错误获得焦点。,correct_input,P02-010|P02-011|P02-012|P02-014,P02,P02-W02|P02-W03,YL-A-010-S03_VALIDATION_ERROR,ui/mockups/android/YL-A-010/YL-A-010-S03_VALIDATION_ERROR.png,PAGE,,fa60d86be0150718
YL-A-010-S04_SUBMITTING,YL-A-010,ANDROID,注册页,SUBMITTING,提交中,主按钮保留尺寸并显示进度，禁止重复提交。,wait_or_cancel_if_supported,P02-010|P02-011|P02-012|P02-014,P02,P02-W02|P02-W03,YL-A-010-S04_SUBMITTING,ui/mockups/android/YL-A-010/YL-A-010-S04_SUBMITTING.png,PAGE,,fa60d86be0150718
YL-A-010-S05_DISABLED,YL-A-010,ANDROID,注册页,DISABLED,不可用,控件不可用并提供原因，不仅降低透明度。,resolve_prerequisite,P02-010|P02-011|P02-012|P02-014,P02,P02-W02|P02-W03,YL-A-010-S05_DISABLED,ui/mockups/android/YL-A-010/YL-A-010-S05_DISABLED.png,PAGE,,fa60d86be0150718
YL-A-010-S06_OFFLINE,YL-A-010,ANDROID,注册页,OFFLINE,离线,说明当前离线；有缓存时显示缓存来源与时间。,retry_when_online,P02-010|P02-011|P02-012|P02-014,P02,P02-W02|P02-W03,YL-A-010-S06_OFFLINE,ui/mockups/android/YL-A-010/YL-A-010-S06_OFFLINE.png,PAGE,,fa60d86be0150718
YL-A-010-S07_SERVER_ERROR,YL-A-010,ANDROID,注册页,SERVER_ERROR,服务异常,服务端 5xx，显示请求 ID，不暴露堆栈。,retry_or_status,P02-010|P02-011|P02-012|P02-014,P02,P02-W02|P02-W03,YL-A-010-S07_SERVER_ERROR,ui/mockups/android/YL-A-010/YL-A-010-S07_SERVER_ERROR.png,PAGE,,fa60d86be0150718
YL-A-011-S01_DEFAULT,YL-A-011,ANDROID,注册页/安全验证,DEFAULT,默认/可操作,数据与控件处于正常可操作状态。,none,P02-013,P02,P02-W03,YL-A-011-S01_DEFAULT,ui/mockups/android/YL-A-011/YL-A-011-S01_DEFAULT.png,OVERLAY,YL-A-010,f7b62916181d72ca
YL-A-011-S02_SECURITY_CHALLENGE,YL-A-011,ANDROID,注册页/安全验证,SECURITY_CHALLENGE,安全验证,受控安全验证弹层或 WebView 已打开。,complete_or_cancel,P02-013,P02,P02-W03,YL-A-011-S02_SECURITY_CHALLENGE,ui/mockups/android/YL-A-011/YL-A-011-S02_SECURITY_CHALLENGE.png,OVERLAY,YL-A-010,f7b62916181d72ca
YL-A-011-S03_SUBMITTING,YL-A-011,ANDROID,注册页/安全验证,SUBMITTING,提交中,主按钮保留尺寸并显示进度，禁止重复提交。,wait_or_cancel_if_supported,P02-013,P02,P02-W03,YL-A-011-S03_SUBMITTING,ui/mockups/android/YL-A-011/YL-A-011-S03_SUBMITTING.png,OVERLAY,YL-A-010,f7b62916181d72ca
YL-A-011-S04_SUCCESS,YL-A-011,ANDROID,注册页/安全验证,SUCCESS,操作成功,使用 Snackbar、结果页或成功卡，按合同给出下一步。,continue,P02-013,P02,P02-W03,YL-A-011-S04_SUCCESS,ui/mockups/android/YL-A-011/YL-A-011-S04_SUCCESS.png,OVERLAY,YL-A-010,f7b62916181d72ca
YL-A-011-S05_SAVE_ERROR,YL-A-011,ANDROID,注册页/安全验证,SAVE_ERROR,保存失败,保留用户输入，显示稳定错误码和重试动作。,retry,P02-013,P02,P02-W03,YL-A-011-S05_SAVE_ERROR,ui/mockups/android/YL-A-011/YL-A-011-S05_SAVE_ERROR.png,OVERLAY,YL-A-010,f7b62916181d72ca
YL-A-011-S06_RATE_LIMITED,YL-A-011,ANDROID,注册页/安全验证,RATE_LIMITED,请求过于频繁,展示可再次尝试时间，不自动猛烈重试。,retry_after,P02-013,P02,P02-W03,YL-A-011-S06_RATE_LIMITED,ui/mockups/android/YL-A-011/YL-A-011-S06_RATE_LIMITED.png,OVERLAY,YL-A-010,f7b62916181d72ca
YL-A-011-S07_OFFLINE,YL-A-011,ANDROID,注册页/安全验证,OFFLINE,离线,说明当前离线；有缓存时显示缓存来源与时间。,retry_when_online,P02-013,P02,P02-W03,YL-A-011-S07_OFFLINE,ui/mockups/android/YL-A-011/YL-A-011-S07_OFFLINE.png,OVERLAY,YL-A-010,f7b62916181d72ca
YL-A-011-S08_SERVER_ERROR,YL-A-011,ANDROID,注册页/安全验证,SERVER_ERROR,服务异常,服务端 5xx，显示请求 ID，不暴露堆栈。,retry_or_status,P02-013,P02,P02-W03,YL-A-011-S08_SERVER_ERROR,ui/mockups/android/YL-A-011/YL-A-011-S08_SERVER_ERROR.png,OVERLAY,YL-A-010,f7b62916181d72ca
YL-A-012-S01_DEFAULT,YL-A-012,ANDROID,注册验证码页,DEFAULT,默认/可操作,数据与控件处于正常可操作状态。,none,P02-015,P02,P02-W03,YL-A-012-S01_DEFAULT,ui/mockups/android/YL-A-012/YL-A-012-S01_DEFAULT.png,PAGE,YL-A-010,e3d2ad3af757352a
YL-A-012-S02_INPUT_FOCUSED,YL-A-012,ANDROID,注册验证码页,INPUT_FOCUSED,输入聚焦,键盘弹出、焦点环和辅助文案布局稳定。,none,P02-015,P02,P02-W03,YL-A-012-S02_INPUT_FOCUSED,ui/mockups/android/YL-A-012/YL-A-012-S02_INPUT_FOCUSED.png,PAGE,YL-A-010,e3d2ad3af757352a
YL-A-012-S03_CODE_SENT,YL-A-012,ANDROID,注册验证码页,CODE_SENT,验证码已发送,显示脱敏邮箱、倒计时和重新发送规则。,enter_code,P02-015,P02,P02-W03,YL-A-012-S03_CODE_SENT,ui/mockups/android/YL-A-012/YL-A-012-S03_CODE_SENT.png,PAGE,YL-A-010,e3d2ad3af757352a
YL-A-012-S04_SUBMITTING,YL-A-012,ANDROID,注册验证码页,SUBMITTING,提交中,主按钮保留尺寸并显示进度，禁止重复提交。,wait_or_cancel_if_supported,P02-015,P02,P02-W03,YL-A-012-S04_SUBMITTING,ui/mockups/android/YL-A-012/YL-A-012-S04_SUBMITTING.png,PAGE,YL-A-010,e3d2ad3af757352a
YL-A-012-S05_SUCCESS,YL-A-012,ANDROID,注册验证码页,SUCCESS,操作成功,使用 Snackbar、结果页或成功卡，按合同给出下一步。,continue,P02-015,P02,P02-W03,YL-A-012-S05_SUCCESS,ui/mockups/android/YL-A-012/YL-A-012-S05_SUCCESS.png,PAGE,YL-A-010,e3d2ad3af757352a
YL-A-012-S06_INVALID_CODE,YL-A-012,ANDROID,注册验证码页,INVALID_CODE,验证码错误,输入格保持，显示剩余尝试或稳定提示。,retry_input,P02-015,P02,P02-W03,YL-A-012-S06_INVALID_CODE,ui/mockups/android/YL-A-012/YL-A-012-S06_INVALID_CODE.png,PAGE,YL-A-010,e3d2ad3af757352a
YL-A-012-S07_CODE_EXPIRED,YL-A-012,ANDROID,注册验证码页,CODE_EXPIRED,验证码过期,明确过期并允许在规则允许时重新发送。,resend,P02-015,P02,P02-W03,YL-A-012-S07_CODE_EXPIRED,ui/mockups/android/YL-A-012/YL-A-012-S07_CODE_EXPIRED.png,PAGE,YL-A-010,e3d2ad3af757352a
YL-A-012-S08_RATE_LIMITED,YL-A-012,ANDROID,注册验证码页,RATE_LIMITED,请求过于频繁,展示可再次尝试时间，不自动猛烈重试。,retry_after,P02-015,P02,P02-W03,YL-A-012-S08_RATE_LIMITED,ui/mockups/android/YL-A-012/YL-A-012-S08_RATE_LIMITED.png,PAGE,YL-A-010,e3d2ad3af757352a
YL-A-012-S09_LOCKED,YL-A-012,ANDROID,注册验证码页,LOCKED,暂时锁定,达到风控阈值，展示解锁时间或支持入口。,wait_or_support,P02-015,P02,P02-W03,YL-A-012-S09_LOCKED,ui/mockups/android/YL-A-012/YL-A-012-S09_LOCKED.png,PAGE,YL-A-010,e3d2ad3af757352a
YL-A-012-S10_OFFLINE,YL-A-012,ANDROID,注册验证码页,OFFLINE,离线,说明当前离线；有缓存时显示缓存来源与时间。,retry_when_online,P02-015,P02,P02-W03,YL-A-012-S10_OFFLINE,ui/mockups/android/YL-A-012/YL-A-012-S10_OFFLINE.png,PAGE,YL-A-010,e3d2ad3af757352a
YL-A-012-S11_SERVER_ERROR,YL-A-012,ANDROID,注册验证码页,SERVER_ERROR,服务异常,服务端 5xx，显示请求 ID，不暴露堆栈。,retry_or_status,P02-015,P02,P02-W03,YL-A-012-S11_SERVER_ERROR,ui/mockups/android/YL-A-012/YL-A-012-S11_SERVER_ERROR.png,PAGE,YL-A-010,e3d2ad3af757352a
YL-A-013-S01_SUCCESS,YL-A-013,ANDROID,注册完成,SUCCESS,操作成功,使用 Snackbar、结果页或成功卡，按合同给出下一步。,continue,P02-016,P02,P02-W03,YL-A-013-S01_SUCCESS,ui/mockups/android/YL-A-013/YL-A-013-S01_SUCCESS.png,PAGE,YL-A-012,9cbc1574187c34cd
YL-A-013-S02_SAVE_ERROR,YL-A-013,ANDROID,注册完成,SAVE_ERROR,保存失败,保留用户输入，显示稳定错误码和重试动作。,retry,P02-016,P02,P02-W03,YL-A-013-S02_SAVE_ERROR,ui/mockups/android/YL-A-013/YL-A-013-S02_SAVE_ERROR.png,PAGE,YL-A-012,9cbc1574187c34cd
YL-A-013-S03_OFFLINE,YL-A-013,ANDROID,注册完成,OFFLINE,离线,说明当前离线；有缓存时显示缓存来源与时间。,retry_when_online,P02-016,P02,P02-W03,YL-A-013-S03_OFFLINE,ui/mockups/android/YL-A-013/YL-A-013-S03_OFFLINE.png,PAGE,YL-A-012,9cbc1574187c34cd
YL-A-014-S01_RESTORING,YL-A-014,ANDROID,全局会话,RESTORING,恢复会话,读取本地凭据并验证远端会话。,automatic,P02-017|P02-018,P02,P02-W04,YL-A-014-S01_RESTORING,ui/mockups/android/YL-A-014/YL-A-014-S01_RESTORING.png,SYSTEM_OVERLAY,YL-A-001,174aa3c467c61047
YL-A-014-S02_SUCCESS,YL-A-014,ANDROID,全局会话,SUCCESS,操作成功,使用 Snackbar、结果页或成功卡，按合同给出下一步。,continue,P02-017|P02-018,P02,P02-W04,YL-A-014-S02_SUCCESS,ui/mockups/android/YL-A-014/YL-A-014-S02_SUCCESS.png,SYSTEM_OVERLAY,YL-A-001,174aa3c467c61047
YL-A-014-S03_UNAUTHORIZED,YL-A-014,ANDROID,全局会话,UNAUTHORIZED,登录失效,会话失效，保存本地草稿并引导重新登录。,sign_in,P02-017|P02-018,P02,P02-W04,YL-A-014-S03_UNAUTHORIZED,ui/mockups/android/YL-A-014/YL-A-014-S03_UNAUTHORIZED.png,SYSTEM_OVERLAY,YL-A-001,174aa3c467c61047
YL-A-014-S04_OFFLINE,YL-A-014,ANDROID,全局会话,OFFLINE,离线,说明当前离线；有缓存时显示缓存来源与时间。,retry_when_online,P02-017|P02-018,P02,P02-W04,YL-A-014-S04_OFFLINE,ui/mockups/android/YL-A-014/YL-A-014-S04_OFFLINE.png,SYSTEM_OVERLAY,YL-A-001,174aa3c467c61047
YL-A-014-S05_SERVER_ERROR,YL-A-014,ANDROID,全局会话,SERVER_ERROR,服务异常,服务端 5xx，显示请求 ID，不暴露堆栈。,retry_or_status,P02-017|P02-018,P02,P02-W04,YL-A-014-S05_SERVER_ERROR,ui/mockups/android/YL-A-014/YL-A-014-S05_SERVER_ERROR.png,SYSTEM_OVERLAY,YL-A-001,174aa3c467c61047
YL-A-015-S01_DEFAULT,YL-A-015,ANDROID,我的/退出登录,DEFAULT,默认/可操作,数据与控件处于正常可操作状态。,none,P02-019,P02,P02-W04,YL-A-015-S01_DEFAULT,ui/mockups/android/YL-A-015/YL-A-015-S01_DEFAULT.png,OVERLAY,YL-A-086,243e4e4daa461751
YL-A-015-S02_SUBMITTING,YL-A-015,ANDROID,我的/退出登录,SUBMITTING,提交中,主按钮保留尺寸并显示进度，禁止重复提交。,wait_or_cancel_if_supported,P02-019,P02,P02-W04,YL-A-015-S02_SUBMITTING,ui/mockups/android/YL-A-015/YL-A-015-S02_SUBMITTING.png,OVERLAY,YL-A-086,243e4e4daa461751
YL-A-015-S03_SUCCESS,YL-A-015,ANDROID,我的/退出登录,SUCCESS,操作成功,使用 Snackbar、结果页或成功卡，按合同给出下一步。,continue,P02-019,P02,P02-W04,YL-A-015-S03_SUCCESS,ui/mockups/android/YL-A-015/YL-A-015-S03_SUCCESS.png,OVERLAY,YL-A-086,243e4e4daa461751
YL-A-015-S04_SAVE_ERROR,YL-A-015,ANDROID,我的/退出登录,SAVE_ERROR,保存失败,保留用户输入，显示稳定错误码和重试动作。,retry,P02-019,P02,P02-W04,YL-A-015-S04_SAVE_ERROR,ui/mockups/android/YL-A-015/YL-A-015-S04_SAVE_ERROR.png,OVERLAY,YL-A-086,243e4e4daa461751
YL-A-016-S01_LOADING,YL-A-016,ANDROID,我的/登录设备,LOADING,加载中,使用与最终布局一致的 Skeleton，禁止无限 Loading。,automatic_or_retry,P02-020|P02-021,P02,P02-W04,YL-A-016-S01_LOADING,ui/mockups/android/YL-A-016/YL-A-016-S01_LOADING.png,PAGE,YL-A-086,bf4bdbe7c6acffef
YL-A-016-S02_POPULATED,YL-A-016,ANDROID,我的/登录设备,POPULATED,有数据,真实结构化数据已加载。,none,P02-020|P02-021,P02,P02-W04,YL-A-016-S02_POPULATED,ui/mockups/android/YL-A-016/YL-A-016-S02_POPULATED.png,PAGE,YL-A-086,bf4bdbe7c6acffef
YL-A-016-S03_EMPTY,YL-A-016,ANDROID,我的/登录设备,EMPTY,空数据,显示原因、下一步和主操作；不得使用伪造内容填满。,primary_action_or_refresh,P02-020|P02-021,P02,P02-W04,YL-A-016-S03_EMPTY,ui/mockups/android/YL-A-016/YL-A-016-S03_EMPTY.png,PAGE,YL-A-086,bf4bdbe7c6acffef
YL-A-016-S04_REFRESHING,YL-A-016,ANDROID,我的/登录设备,REFRESHING,刷新中,保留已有内容并显示局部刷新，不清空整页。,automatic,P02-020|P02-021,P02,P02-W04,YL-A-016-S04_REFRESHING,ui/mockups/android/YL-A-016/YL-A-016-S04_REFRESHING.png,PAGE,YL-A-086,bf4bdbe7c6acffef
YL-A-016-S05_UNAUTHORIZED,YL-A-016,ANDROID,我的/登录设备,UNAUTHORIZED,登录失效,会话失效，保存本地草稿并引导重新登录。,sign_in,P02-020|P02-021,P02,P02-W04,YL-A-016-S05_UNAUTHORIZED,ui/mockups/android/YL-A-016/YL-A-016-S05_UNAUTHORIZED.png,PAGE,YL-A-086,bf4bdbe7c6acffef
YL-A-016-S06_OFFLINE,YL-A-016,ANDROID,我的/登录设备,OFFLINE,离线,说明当前离线；有缓存时显示缓存来源与时间。,retry_when_online,P02-020|P02-021,P02,P02-W04,YL-A-016-S06_OFFLINE,ui/mockups/android/YL-A-016/YL-A-016-S06_OFFLINE.png,PAGE,YL-A-086,bf4bdbe7c6acffef
YL-A-016-S07_SERVER_ERROR,YL-A-016,ANDROID,我的/登录设备,SERVER_ERROR,服务异常,服务端 5xx，显示请求 ID，不暴露堆栈。,retry_or_status,P02-020|P02-021,P02,P02-W04,YL-A-016-S07_SERVER_ERROR,ui/mockups/android/YL-A-016/YL-A-016-S07_SERVER_ERROR.png,PAGE,YL-A-086,bf4bdbe7c6acffef
YL-A-017-S01_DEFAULT,YL-A-017,ANDROID,登录与注册,DEFAULT,默认/可操作,数据与控件处于正常可操作状态。,none,P02-023|P02-025,P02,P02-W05,YL-A-017-S01_DEFAULT,ui/mockups/android/YL-A-017/YL-A-017-S01_DEFAULT.png,SYSTEM_STATE_BOARD,,6f747fa19d195336
YL-A-017-S02_OFFLINE,YL-A-017,ANDROID,登录与注册,OFFLINE,离线,说明当前离线；有缓存时显示缓存来源与时间。,retry_when_online,P02-023|P02-025,P02,P02-W05,YL-A-017-S02_OFFLINE,ui/mockups/android/YL-A-017/YL-A-017-S02_OFFLINE.png,SYSTEM_STATE_BOARD,,6f747fa19d195336
YL-A-017-S03_NETWORK_ERROR,YL-A-017,ANDROID,登录与注册,NETWORK_ERROR,网络连接失败,网络不可达或 DNS/TLS 失败，提供重试。,retry,P02-023|P02-025,P02,P02-W05,YL-A-017-S03_NETWORK_ERROR,ui/mockups/android/YL-A-017/YL-A-017-S03_NETWORK_ERROR.png,SYSTEM_STATE_BOARD,,6f747fa19d195336
YL-A-017-S04_TIMEOUT,YL-A-017,ANDROID,登录与注册,TIMEOUT,请求超时,请求超过规定时限，保留上下文并允许重试。,retry,P02-023|P02-025,P02,P02-W05,YL-A-017-S04_TIMEOUT,ui/mockups/android/YL-A-017/YL-A-017-S04_TIMEOUT.png,SYSTEM_STATE_BOARD,,6f747fa19d195336
YL-A-017-S05_SERVICE_DEGRADED,YL-A-017,ANDROID,登录与注册,SERVICE_DEGRADED,服务降级,展示受影响能力、替代通道和状态页入口。,choose_alternative_or_retry,P02-023|P02-025,P02,P02-W05,YL-A-017-S05_SERVICE_DEGRADED,ui/mockups/android/YL-A-017/YL-A-017-S05_SERVICE_DEGRADED.png,SYSTEM_STATE_BOARD,,6f747fa19d195336
YL-A-018-S01_LOADING,YL-A-018,ANDROID,首页,LOADING,加载中,使用与最终布局一致的 Skeleton，禁止无限 Loading。,automatic_or_retry,P03-001,P03,P03-W01,YL-A-018-S01_LOADING,ui/mockups/android/YL-A-018/YL-A-018-S01_LOADING.png,PAGE,,d19b8eef33c3a1fb
YL-A-018-S02_POPULATED,YL-A-018,ANDROID,首页,POPULATED,有数据,真实结构化数据已加载。,none,P03-001,P03,P03-W01,YL-A-018-S02_POPULATED,ui/mockups/android/YL-A-018/YL-A-018-S02_POPULATED.png,PAGE,,d19b8eef33c3a1fb
YL-A-018-S03_EMPTY,YL-A-018,ANDROID,首页,EMPTY,空数据,显示原因、下一步和主操作；不得使用伪造内容填满。,primary_action_or_refresh,P03-001,P03,P03-W01,YL-A-018-S03_EMPTY,ui/mockups/android/YL-A-018/YL-A-018-S03_EMPTY.png,PAGE,,d19b8eef33c3a1fb
YL-A-018-S04_REFRESHING,YL-A-018,ANDROID,首页,REFRESHING,刷新中,保留已有内容并显示局部刷新，不清空整页。,automatic,P03-001,P03,P03-W01,YL-A-018-S04_REFRESHING,ui/mockups/android/YL-A-018/YL-A-018-S04_REFRESHING.png,PAGE,,d19b8eef33c3a1fb
YL-A-018-S05_OFFLINE_CACHE,YL-A-018,ANDROID,首页,OFFLINE_CACHE,离线缓存,展示可用缓存并明确其不是最新数据。,refresh_when_online,P03-001,P03,P03-W01,YL-A-018-S05_OFFLINE_CACHE,ui/mockups/android/YL-A-018/YL-A-018-S05_OFFLINE_CACHE.png,PAGE,,d19b8eef33c3a1fb
YL-A-018-S06_NETWORK_ERROR,YL-A-018,ANDROID,首页,NETWORK_ERROR,网络连接失败,网络不可达或 DNS/TLS 失败，提供重试。,retry,P03-001,P03,P03-W01,YL-A-018-S06_NETWORK_ERROR,ui/mockups/android/YL-A-018/YL-A-018-S06_NETWORK_ERROR.png,PAGE,,d19b8eef33c3a1fb
YL-A-018-S07_SERVICE_DEGRADED,YL-A-018,ANDROID,首页,SERVICE_DEGRADED,服务降级,展示受影响能力、替代通道和状态页入口。,choose_alternative_or_retry,P03-001,P03,P03-W01,YL-A-018-S07_SERVICE_DEGRADED,ui/mockups/android/YL-A-018/YL-A-018-S07_SERVICE_DEGRADED.png,PAGE,,d19b8eef33c3a1fb
YL-A-019-S01_LOADING,YL-A-019,ANDROID,首页/新对话,LOADING,加载中,使用与最终布局一致的 Skeleton，禁止无限 Loading。,automatic_or_retry,P03-002,P03,P03-W01,YL-A-019-S01_LOADING,ui/mockups/android/YL-A-019/YL-A-019-S01_LOADING.png,PAGE,YL-A-018,9fc267b163daa39f
YL-A-019-S02_POPULATED,YL-A-019,ANDROID,首页/新对话,POPULATED,有数据,真实结构化数据已加载。,none,P03-002,P03,P03-W01,YL-A-019-S02_POPULATED,ui/mockups/android/YL-A-019/YL-A-019-S02_POPULATED.png,PAGE,YL-A-018,9fc267b163daa39f
YL-A-019-S03_NOT_FOUND,YL-A-019,ANDROID,首页/新对话,NOT_FOUND,内容不存在,资源不存在、已删除或不可访问。,back,P03-002,P03,P03-W01,YL-A-019-S03_NOT_FOUND,ui/mockups/android/YL-A-019/YL-A-019-S03_NOT_FOUND.png,PAGE,YL-A-018,9fc267b163daa39f
YL-A-019-S04_EDIT_MODE,YL-A-019,ANDROID,首页/新对话,EDIT_MODE,编辑状态,可编辑字段与只读字段明显区分。,save_or_cancel,P03-002,P03,P03-W01,YL-A-019-S04_EDIT_MODE,ui/mockups/android/YL-A-019/YL-A-019-S04_EDIT_MODE.png,PAGE,YL-A-018,9fc267b163daa39f
YL-A-019-S05_DIRTY,YL-A-019,ANDROID,首页/新对话,DIRTY,存在未保存修改,离开或关闭前必须确认。,save_or_discard,P03-002,P03,P03-W01,YL-A-019-S05_DIRTY,ui/mockups/android/YL-A-019/YL-A-019-S05_DIRTY.png,PAGE,YL-A-018,9fc267b163daa39f
YL-A-019-S06_SAVE_SUCCESS,YL-A-019,ANDROID,首页/新对话,SAVE_SUCCESS,保存成功,保存结果明确且数据回读一致。,continue,P03-002,P03,P03-W01,YL-A-019-S06_SAVE_SUCCESS,ui/mockups/android/YL-A-019/YL-A-019-S06_SAVE_SUCCESS.png,PAGE,YL-A-018,9fc267b163daa39f
YL-A-019-S07_SAVE_ERROR,YL-A-019,ANDROID,首页/新对话,SAVE_ERROR,保存失败,保留用户输入，显示稳定错误码和重试动作。,retry,P03-002,P03,P03-W01,YL-A-019-S07_SAVE_ERROR,ui/mockups/android/YL-A-019/YL-A-019-S07_SAVE_ERROR.png,PAGE,YL-A-018,9fc267b163daa39f
YL-A-019-S08_OFFLINE,YL-A-019,ANDROID,首页/新对话,OFFLINE,离线,说明当前离线；有缓存时显示缓存来源与时间。,retry_when_online,P03-002,P03,P03-W01,YL-A-019-S08_OFFLINE,ui/mockups/android/YL-A-019/YL-A-019-S08_OFFLINE.png,PAGE,YL-A-018,9fc267b163daa39f
YL-A-019-S09_PERMISSION_DENIED,YL-A-019,ANDROID,首页/新对话,PERMISSION_DENIED,权限不足,不泄露资源存在性，说明所需权限或返回。,back_or_request_access,P03-002,P03,P03-W01,YL-A-019-S09_PERMISSION_DENIED,ui/mockups/android/YL-A-019/YL-A-019-S09_PERMISSION_DENIED.png,PAGE,YL-A-018,9fc267b163daa39f
YL-A-020-S01_LOADING,YL-A-020,ANDROID,会话抽屉,LOADING,加载中,使用与最终布局一致的 Skeleton，禁止无限 Loading。,automatic_or_retry,P03-003,P03,P03-W01,YL-A-020-S01_LOADING,ui/mockups/android/YL-A-020/YL-A-020-S01_LOADING.png,PAGE,YL-A-018,aa4f015bb7f11d81
YL-A-020-S02_POPULATED,YL-A-020,ANDROID,会话抽屉,POPULATED,有数据,真实结构化数据已加载。,none,P03-003,P03,P03-W01,YL-A-020-S02_POPULATED,ui/mockups/android/YL-A-020/YL-A-020-S02_POPULATED.png,PAGE,YL-A-018,aa4f015bb7f11d81
YL-A-020-S03_EMPTY,YL-A-020,ANDROID,会话抽屉,EMPTY,空数据,显示原因、下一步和主操作；不得使用伪造内容填满。,primary_action_or_refresh,P03-003,P03,P03-W01,YL-A-020-S03_EMPTY,ui/mockups/android/YL-A-020/YL-A-020-S03_EMPTY.png,PAGE,YL-A-018,aa4f015bb7f11d81
YL-A-020-S04_REFRESHING,YL-A-020,ANDROID,会话抽屉,REFRESHING,刷新中,保留已有内容并显示局部刷新，不清空整页。,automatic,P03-003,P03,P03-W01,YL-A-020-S04_REFRESHING,ui/mockups/android/YL-A-020/YL-A-020-S04_REFRESHING.png,PAGE,YL-A-018,aa4f015bb7f11d81
YL-A-020-S05_FILTER_ACTIVE,YL-A-020,ANDROID,会话抽屉,FILTER_ACTIVE,筛选生效,清晰展示筛选条件和结果数量。,clear_filter,P03-003,P03,P03-W01,YL-A-020-S05_FILTER_ACTIVE,ui/mockups/android/YL-A-020/YL-A-020-S05_FILTER_ACTIVE.png,PAGE,YL-A-018,aa4f015bb7f11d81
YL-A-020-S06_OFFLINE_CACHE,YL-A-020,ANDROID,会话抽屉,OFFLINE_CACHE,离线缓存,展示可用缓存并明确其不是最新数据。,refresh_when_online,P03-003,P03,P03-W01,YL-A-020-S06_OFFLINE_CACHE,ui/mockups/android/YL-A-020/YL-A-020-S06_OFFLINE_CACHE.png,PAGE,YL-A-018,aa4f015bb7f11d81
YL-A-020-S07_NETWORK_ERROR,YL-A-020,ANDROID,会话抽屉,NETWORK_ERROR,网络连接失败,网络不可达或 DNS/TLS 失败，提供重试。,retry,P03-003,P03,P03-W01,YL-A-020-S07_NETWORK_ERROR,ui/mockups/android/YL-A-020/YL-A-020-S07_NETWORK_ERROR.png,PAGE,YL-A-018,aa4f015bb7f11d81
YL-A-020-S08_SERVER_ERROR,YL-A-020,ANDROID,会话抽屉,SERVER_ERROR,服务异常,服务端 5xx，显示请求 ID，不暴露堆栈。,retry_or_status,P03-003,P03,P03-W01,YL-A-020-S08_SERVER_ERROR,ui/mockups/android/YL-A-020/YL-A-020-S08_SERVER_ERROR.png,PAGE,YL-A-018,aa4f015bb7f11d81
YL-A-020-S09_PERMISSION_DENIED,YL-A-020,ANDROID,会话抽屉,PERMISSION_DENIED,权限不足,不泄露资源存在性，说明所需权限或返回。,back_or_request_access,P03-003,P03,P03-W01,YL-A-020-S09_PERMISSION_DENIED,ui/mockups/android/YL-A-020/YL-A-020-S09_PERMISSION_DENIED.png,PAGE,YL-A-018,aa4f015bb7f11d81
YL-A-021-S01_LOADING,YL-A-021,ANDROID,会话搜索,LOADING,加载中,使用与最终布局一致的 Skeleton，禁止无限 Loading。,automatic_or_retry,P03-004,P03,P03-W01,YL-A-021-S01_LOADING,ui/mockups/android/YL-A-021/YL-A-021-S01_LOADING.png,PAGE,YL-A-020,1876a9e7a01c4ae6
YL-A-021-S02_POPULATED,YL-A-021,ANDROID,会话搜索,POPULATED,有数据,真实结构化数据已加载。,none,P03-004,P03,P03-W01,YL-A-021-S02_POPULATED,ui/mockups/android/YL-A-021/YL-A-021-S02_POPULATED.png,PAGE,YL-A-020,1876a9e7a01c4ae6
YL-A-021-S03_EMPTY,YL-A-021,ANDROID,会话搜索,EMPTY,空数据,显示原因、下一步和主操作；不得使用伪造内容填满。,primary_action_or_refresh,P03-004,P03,P03-W01,YL-A-021-S03_EMPTY,ui/mockups/android/YL-A-021/YL-A-021-S03_EMPTY.png,PAGE,YL-A-020,1876a9e7a01c4ae6
YL-A-021-S04_REFRESHING,YL-A-021,ANDROID,会话搜索,REFRESHING,刷新中,保留已有内容并显示局部刷新，不清空整页。,automatic,P03-004,P03,P03-W01,YL-A-021-S04_REFRESHING,ui/mockups/android/YL-A-021/YL-A-021-S04_REFRESHING.png,PAGE,YL-A-020,1876a9e7a01c4ae6
YL-A-021-S05_FILTER_ACTIVE,YL-A-021,ANDROID,会话搜索,FILTER_ACTIVE,筛选生效,清晰展示筛选条件和结果数量。,clear_filter,P03-004,P03,P03-W01,YL-A-021-S05_FILTER_ACTIVE,ui/mockups/android/YL-A-021/YL-A-021-S05_FILTER_ACTIVE.png,PAGE,YL-A-020,1876a9e7a01c4ae6
YL-A-021-S06_OFFLINE_CACHE,YL-A-021,ANDROID,会话搜索,OFFLINE_CACHE,离线缓存,展示可用缓存并明确其不是最新数据。,refresh_when_online,P03-004,P03,P03-W01,YL-A-021-S06_OFFLINE_CACHE,ui/mockups/android/YL-A-021/YL-A-021-S06_OFFLINE_CACHE.png,PAGE,YL-A-020,1876a9e7a01c4ae6
YL-A-021-S07_NETWORK_ERROR,YL-A-021,ANDROID,会话搜索,NETWORK_ERROR,网络连接失败,网络不可达或 DNS/TLS 失败，提供重试。,retry,P03-004,P03,P03-W01,YL-A-021-S07_NETWORK_ERROR,ui/mockups/android/YL-A-021/YL-A-021-S07_NETWORK_ERROR.png,PAGE,YL-A-020,1876a9e7a01c4ae6
YL-A-021-S08_SERVER_ERROR,YL-A-021,ANDROID,会话搜索,SERVER_ERROR,服务异常,服务端 5xx，显示请求 ID，不暴露堆栈。,retry_or_status,P03-004,P03,P03-W01,YL-A-021-S08_SERVER_ERROR,ui/mockups/android/YL-A-021/YL-A-021-S08_SERVER_ERROR.png,PAGE,YL-A-020,1876a9e7a01c4ae6
YL-A-021-S09_PERMISSION_DENIED,YL-A-021,ANDROID,会话搜索,PERMISSION_DENIED,权限不足,不泄露资源存在性，说明所需权限或返回。,back_or_request_access,P03-004,P03,P03-W01,YL-A-021-S09_PERMISSION_DENIED,ui/mockups/android/YL-A-021/YL-A-021-S09_PERMISSION_DENIED.png,PAGE,YL-A-020,1876a9e7a01c4ae6
YL-A-022-S01_DEFAULT,YL-A-022,ANDROID,会话菜单,DEFAULT,默认/可操作,数据与控件处于正常可操作状态。,none,P03-005|P03-006|P03-007|P03-029|P06-007,P03|P06,P03-W01|P03-W05|P06-W02,YL-A-022-S01_DEFAULT,ui/mockups/android/YL-A-022/YL-A-022-S01_DEFAULT.png,OVERLAY,YL-A-023,5b26d2b3f999fe93
YL-A-022-S02_SUBMITTING,YL-A-022,ANDROID,会话菜单,SUBMITTING,提交中,主按钮保留尺寸并显示进度，禁止重复提交。,wait_or_cancel_if_supported,P03-005|P03-006|P03-007|P03-029|P06-007,P03|P06,P03-W01|P03-W05|P06-W02,YL-A-022-S02_SUBMITTING,ui/mockups/android/YL-A-022/YL-A-022-S02_SUBMITTING.png,OVERLAY,YL-A-023,5b26d2b3f999fe93
YL-A-022-S03_SUCCESS,YL-A-022,ANDROID,会话菜单,SUCCESS,操作成功,使用 Snackbar、结果页或成功卡，按合同给出下一步。,continue,P03-005|P03-006|P03-007|P03-029|P06-007,P03|P06,P03-W01|P03-W05|P06-W02,YL-A-022-S03_SUCCESS,ui/mockups/android/YL-A-022/YL-A-022-S03_SUCCESS.png,OVERLAY,YL-A-023,5b26d2b3f999fe93
YL-A-022-S04_SAVE_ERROR,YL-A-022,ANDROID,会话菜单,SAVE_ERROR,保存失败,保留用户输入，显示稳定错误码和重试动作。,retry,P03-005|P03-006|P03-007|P03-029|P06-007,P03|P06,P03-W01|P03-W05|P06-W02,YL-A-022-S04_SAVE_ERROR,ui/mockups/android/YL-A-022/YL-A-022-S04_SAVE_ERROR.png,OVERLAY,YL-A-023,5b26d2b3f999fe93
YL-A-022-S05_DISABLED,YL-A-022,ANDROID,会话菜单,DISABLED,不可用,控件不可用并提供原因，不仅降低透明度。,resolve_prerequisite,P03-005|P03-006|P03-007|P03-029|P06-007,P03|P06,P03-W01|P03-W05|P06-W02,YL-A-022-S05_DISABLED,ui/mockups/android/YL-A-022/YL-A-022-S05_DISABLED.png,OVERLAY,YL-A-023,5b26d2b3f999fe93
YL-A-023-S01_DEFAULT,YL-A-023,ANDROID,会话页,DEFAULT,默认/可操作,数据与控件处于正常可操作状态。,none,P03-009|P03-010|P03-012|P03-013|P03-017|P03-027,P03,P03-W02|P03-W03|P03-W04,YL-A-023-S01_DEFAULT,ui/mockups/android/YL-A-023/YL-A-023-S01_DEFAULT.png,PAGE,,75edd175b81c0189
YL-A-023-S02_INPUT_FOCUSED,YL-A-023,ANDROID,会话页,INPUT_FOCUSED,输入聚焦,键盘弹出、焦点环和辅助文案布局稳定。,none,P03-009|P03-010|P03-012|P03-013|P03-017|P03-027,P03,P03-W02|P03-W03|P03-W04,YL-A-023-S02_INPUT_FOCUSED,ui/mockups/android/YL-A-023/YL-A-023-S02_INPUT_FOCUSED.png,PAGE,,75edd175b81c0189
YL-A-023-S03_UPLOADING,YL-A-023,ANDROID,会话页,UPLOADING,上传中,显示文件名、进度、取消和后台继续策略。,cancel_or_wait,P03-009|P03-010|P03-012|P03-013|P03-017|P03-027,P03,P03-W02|P03-W03|P03-W04,YL-A-023-S03_UPLOADING,ui/mockups/android/YL-A-023/YL-A-023-S03_UPLOADING.png,PAGE,,75edd175b81c0189
YL-A-023-S04_CONNECTING,YL-A-023,ANDROID,会话页,CONNECTING,建立连接,正在连接流式端点，输入内容保持。,cancel_or_wait,P03-009|P03-010|P03-012|P03-013|P03-017|P03-027,P03,P03-W02|P03-W03|P03-W04,YL-A-023-S04_CONNECTING,ui/mockups/android/YL-A-023/YL-A-023-S04_CONNECTING.png,PAGE,,75edd175b81c0189
YL-A-023-S05_STREAMING,YL-A-023,ANDROID,会话页,STREAMING,流式生成,内容逐步出现，停止按钮可用，滚动行为稳定。,stop,P03-009|P03-010|P03-012|P03-013|P03-017|P03-027,P03,P03-W02|P03-W03|P03-W04,YL-A-023-S05_STREAMING,ui/mockups/android/YL-A-023/YL-A-023-S05_STREAMING.png,PAGE,,75edd175b81c0189
YL-A-023-S06_TOOL_RUNNING,YL-A-023,ANDROID,会话页,TOOL_RUNNING,工具执行中,展示工具名称、阶段、可取消性和安全说明。,wait_or_cancel,P03-009|P03-010|P03-012|P03-013|P03-017|P03-027,P03,P03-W02|P03-W03|P03-W04,YL-A-023-S06_TOOL_RUNNING,ui/mockups/android/YL-A-023/YL-A-023-S06_TOOL_RUNNING.png,PAGE,,75edd175b81c0189
YL-A-023-S07_COMPLETED,YL-A-023,ANDROID,会话页,COMPLETED,生成完成,完整内容、来源、模型标签和操作栏可见。,continue,P03-009|P03-010|P03-012|P03-013|P03-017|P03-027,P03,P03-W02|P03-W03|P03-W04,YL-A-023-S07_COMPLETED,ui/mockups/android/YL-A-023/YL-A-023-S07_COMPLETED.png,PAGE,,75edd175b81c0189
YL-A-023-S08_STOPPED,YL-A-023,ANDROID,会话页,STOPPED,已停止生成,保留已生成内容并提供继续或重答。,continue_or_regenerate,P03-009|P03-010|P03-012|P03-013|P03-017|P03-027,P03,P03-W02|P03-W03|P03-W04,YL-A-023-S08_STOPPED,ui/mockups/android/YL-A-023/YL-A-023-S08_STOPPED.png,PAGE,,75edd175b81c0189
YL-A-023-S09_RECONNECTING,YL-A-023,ANDROID,会话页,RECONNECTING,断线重连,展示重连状态和事件游标，不重复消息。,automatic_or_cancel,P03-009|P03-010|P03-012|P03-013|P03-017|P03-027,P03,P03-W02|P03-W03|P03-W04,YL-A-023-S09_RECONNECTING,ui/mockups/android/YL-A-023/YL-A-023-S09_RECONNECTING.png,PAGE,,75edd175b81c0189
YL-A-023-S10_OFFLINE,YL-A-023,ANDROID,会话页,OFFLINE,离线,说明当前离线；有缓存时显示缓存来源与时间。,retry_when_online,P03-009|P03-010|P03-012|P03-013|P03-017|P03-027,P03,P03-W02|P03-W03|P03-W04,YL-A-023-S10_OFFLINE,ui/mockups/android/YL-A-023/YL-A-023-S10_OFFLINE.png,PAGE,,75edd175b81c0189
YL-A-023-S11_RATE_LIMITED,YL-A-023,ANDROID,会话页,RATE_LIMITED,请求过于频繁,展示可再次尝试时间，不自动猛烈重试。,retry_after,P03-009|P03-010|P03-012|P03-013|P03-017|P03-027,P03,P03-W02|P03-W03|P03-W04,YL-A-023-S11_RATE_LIMITED,ui/mockups/android/YL-A-023/YL-A-023-S11_RATE_LIMITED.png,PAGE,,75edd175b81c0189
YL-A-023-S12_PROVIDER_ERROR,YL-A-023,ANDROID,会话页,PROVIDER_ERROR,上游模型失败,说明当前模型/通道失败，并提供透明切换选项。,retry_or_choose_model,P03-009|P03-010|P03-012|P03-013|P03-017|P03-027,P03,P03-W02|P03-W03|P03-W04,YL-A-023-S12_PROVIDER_ERROR,ui/mockups/android/YL-A-023/YL-A-023-S12_PROVIDER_ERROR.png,PAGE,,75edd175b81c0189
YL-A-023-S13_CONTENT_BLOCKED,YL-A-023,ANDROID,会话页,CONTENT_BLOCKED,内容被安全策略阻止,使用中性说明和允许的替代操作。,edit_request,P03-009|P03-010|P03-012|P03-013|P03-017|P03-027,P03,P03-W02|P03-W03|P03-W04,YL-A-023-S13_CONTENT_BLOCKED,ui/mockups/android/YL-A-023/YL-A-023-S13_CONTENT_BLOCKED.png,PAGE,,75edd175b81c0189
YL-A-024-S01_DEFAULT,YL-A-024,ANDROID,会话输入区,DEFAULT,默认/可操作,数据与控件处于正常可操作状态。,none,P03-011,P03,P03-W02,YL-A-024-S01_DEFAULT,ui/mockups/android/YL-A-024/YL-A-024-S01_DEFAULT.png,COMPONENT_BOARD,YL-A-023,6fd4fa3285c8263e
YL-A-024-S02_INPUT_FOCUSED,YL-A-024,ANDROID,会话输入区,INPUT_FOCUSED,输入聚焦,键盘弹出、焦点环和辅助文案布局稳定。,none,P03-011,P03,P03-W02,YL-A-024-S02_INPUT_FOCUSED,ui/mockups/android/YL-A-024/YL-A-024-S02_INPUT_FOCUSED.png,COMPONENT_BOARD,YL-A-023,6fd4fa3285c8263e
YL-A-024-S03_UPLOADING,YL-A-024,ANDROID,会话输入区,UPLOADING,上传中,显示文件名、进度、取消和后台继续策略。,cancel_or_wait,P03-011,P03,P03-W02,YL-A-024-S03_UPLOADING,ui/mockups/android/YL-A-024/YL-A-024-S03_UPLOADING.png,COMPONENT_BOARD,YL-A-023,6fd4fa3285c8263e
YL-A-024-S04_DISABLED,YL-A-024,ANDROID,会话输入区,DISABLED,不可用,控件不可用并提供原因，不仅降低透明度。,resolve_prerequisite,P03-011,P03,P03-W02,YL-A-024-S04_DISABLED,ui/mockups/android/YL-A-024/YL-A-024-S04_DISABLED.png,COMPONENT_BOARD,YL-A-023,6fd4fa3285c8263e
YL-A-024-S05_OFFLINE,YL-A-024,ANDROID,会话输入区,OFFLINE,离线,说明当前离线；有缓存时显示缓存来源与时间。,retry_when_online,P03-011,P03,P03-W02,YL-A-024-S05_OFFLINE,ui/mockups/android/YL-A-024/YL-A-024-S05_OFFLINE.png,COMPONENT_BOARD,YL-A-023,6fd4fa3285c8263e
YL-A-025-S01_OFFLINE_CACHE,YL-A-025,ANDROID,离线缓存,OFFLINE_CACHE,离线缓存,展示可用缓存并明确其不是最新数据。,refresh_when_online,P03-016,P03,P03-W03,YL-A-025-S01_OFFLINE_CACHE,ui/mockups/android/YL-A-025/YL-A-025-S01_OFFLINE_CACHE.png,SYSTEM_STATE_BOARD,YL-A-023,83cf22f6dacc6b3b
YL-A-025-S02_REFRESHING,YL-A-025,ANDROID,离线缓存,REFRESHING,刷新中,保留已有内容并显示局部刷新，不清空整页。,automatic,P03-016,P03,P03-W03,YL-A-025-S02_REFRESHING,ui/mockups/android/YL-A-025/YL-A-025-S02_REFRESHING.png,SYSTEM_STATE_BOARD,YL-A-023,83cf22f6dacc6b3b
YL-A-025-S03_NETWORK_ERROR,YL-A-025,ANDROID,离线缓存,NETWORK_ERROR,网络连接失败,网络不可达或 DNS/TLS 失败，提供重试。,retry,P03-016,P03,P03-W03,YL-A-025-S03_NETWORK_ERROR,ui/mockups/android/YL-A-025/YL-A-025-S03_NETWORK_ERROR.png,SYSTEM_STATE_BOARD,YL-A-023,83cf22f6dacc6b3b
YL-A-026-S01_CONNECTING,YL-A-026,ANDROID,AI 回复,CONNECTING,建立连接,正在连接流式端点，输入内容保持。,cancel_or_wait,P03-018|P03-026,P03,P03-W03|P03-W04,YL-A-026-S01_CONNECTING,ui/mockups/android/YL-A-026/YL-A-026-S01_CONNECTING.png,COMPONENT_BOARD,YL-A-023,e7ccc090e139b3e1
YL-A-026-S02_STREAMING,YL-A-026,ANDROID,AI 回复,STREAMING,流式生成,内容逐步出现，停止按钮可用，滚动行为稳定。,stop,P03-018|P03-026,P03,P03-W03|P03-W04,YL-A-026-S02_STREAMING,ui/mockups/android/YL-A-026/YL-A-026-S02_STREAMING.png,COMPONENT_BOARD,YL-A-023,e7ccc090e139b3e1
YL-A-026-S03_TOOL_RUNNING,YL-A-026,ANDROID,AI 回复,TOOL_RUNNING,工具执行中,展示工具名称、阶段、可取消性和安全说明。,wait_or_cancel,P03-018|P03-026,P03,P03-W03|P03-W04,YL-A-026-S03_TOOL_RUNNING,ui/mockups/android/YL-A-026/YL-A-026-S03_TOOL_RUNNING.png,COMPONENT_BOARD,YL-A-023,e7ccc090e139b3e1
YL-A-026-S04_COMPLETED,YL-A-026,ANDROID,AI 回复,COMPLETED,生成完成,完整内容、来源、模型标签和操作栏可见。,continue,P03-018|P03-026,P03,P03-W03|P03-W04,YL-A-026-S04_COMPLETED,ui/mockups/android/YL-A-026/YL-A-026-S04_COMPLETED.png,COMPONENT_BOARD,YL-A-023,e7ccc090e139b3e1
YL-A-026-S05_STOPPED,YL-A-026,ANDROID,AI 回复,STOPPED,已停止生成,保留已生成内容并提供继续或重答。,continue_or_regenerate,P03-018|P03-026,P03,P03-W03|P03-W04,YL-A-026-S05_STOPPED,ui/mockups/android/YL-A-026/YL-A-026-S05_STOPPED.png,COMPONENT_BOARD,YL-A-023,e7ccc090e139b3e1
YL-A-026-S06_PROVIDER_ERROR,YL-A-026,ANDROID,AI 回复,PROVIDER_ERROR,上游模型失败,说明当前模型/通道失败，并提供透明切换选项。,retry_or_choose_model,P03-018|P03-026,P03,P03-W03|P03-W04,YL-A-026-S06_PROVIDER_ERROR,ui/mockups/android/YL-A-026/YL-A-026-S06_PROVIDER_ERROR.png,COMPONENT_BOARD,YL-A-023,e7ccc090e139b3e1
YL-A-026-S07_CONTENT_BLOCKED,YL-A-026,ANDROID,AI 回复,CONTENT_BLOCKED,内容被安全策略阻止,使用中性说明和允许的替代操作。,edit_request,P03-018|P03-026,P03,P03-W03|P03-W04,YL-A-026-S07_CONTENT_BLOCKED,ui/mockups/android/YL-A-026/YL-A-026-S07_CONTENT_BLOCKED.png,COMPONENT_BOARD,YL-A-023,e7ccc090e139b3e1
YL-A-027-S01_DEFAULT,YL-A-027,ANDROID,AI 回复/代码块,DEFAULT,默认/可操作,数据与控件处于正常可操作状态。,none,P03-019,P03,P03-W03,YL-A-027-S01_DEFAULT,ui/mockups/android/YL-A-027/YL-A-027-S01_DEFAULT.png,COMPONENT_BOARD,YL-A-026,c7e6c9168ad3100a
YL-A-027-S02_COMPLETED,YL-A-027,ANDROID,AI 回复/代码块,COMPLETED,生成完成,完整内容、来源、模型标签和操作栏可见。,continue,P03-019,P03,P03-W03,YL-A-027-S02_COMPLETED,ui/mockups/android/YL-A-027/YL-A-027-S02_COMPLETED.png,COMPONENT_BOARD,YL-A-026,c7e6c9168ad3100a
YL-A-027-S03_CONTENT_BLOCKED,YL-A-027,ANDROID,AI 回复/代码块,CONTENT_BLOCKED,内容被安全策略阻止,使用中性说明和允许的替代操作。,edit_request,P03-019,P03,P03-W03,YL-A-027-S03_CONTENT_BLOCKED,ui/mockups/android/YL-A-027/YL-A-027-S03_CONTENT_BLOCKED.png,COMPONENT_BOARD,YL-A-026,c7e6c9168ad3100a
YL-A-028-S01_DEFAULT,YL-A-028,ANDROID,AI 回复/表格,DEFAULT,默认/可操作,数据与控件处于正常可操作状态。,none,P03-020,P03,P03-W03,YL-A-028-S01_DEFAULT,ui/mockups/android/YL-A-028/YL-A-028-S01_DEFAULT.png,COMPONENT_BOARD,YL-A-026,167631ac29509df0
YL-A-028-S02_COMPLETED,YL-A-028,ANDROID,AI 回复/表格,COMPLETED,生成完成,完整内容、来源、模型标签和操作栏可见。,continue,P03-020,P03,P03-W03,YL-A-028-S02_COMPLETED,ui/mockups/android/YL-A-028/YL-A-028-S02_COMPLETED.png,COMPONENT_BOARD,YL-A-026,167631ac29509df0
YL-A-028-S03_OFFLINE,YL-A-028,ANDROID,AI 回复/表格,OFFLINE,离线,说明当前离线；有缓存时显示缓存来源与时间。,retry_when_online,P03-020,P03,P03-W03,YL-A-028-S03_OFFLINE,ui/mockups/android/YL-A-028/YL-A-028-S03_OFFLINE.png,COMPONENT_BOARD,YL-A-026,167631ac29509df0
YL-A-029-S01_DEFAULT,YL-A-029,ANDROID,通用来源引用组件,DEFAULT,默认/可操作,数据与控件处于正常可操作状态。,none,P03-021,P03,P03-W03,YL-A-029-S01_DEFAULT,ui/mockups/android/YL-A-029/YL-A-029-S01_DEFAULT.png,COMPONENT_BOARD,YL-A-026,c14bbf0ef3c28977
YL-A-029-S02_COMPLETED,YL-A-029,ANDROID,通用来源引用组件,COMPLETED,生成完成,完整内容、来源、模型标签和操作栏可见。,continue,P03-021,P03,P03-W03,YL-A-029-S02_COMPLETED,ui/mockups/android/YL-A-029/YL-A-029-S02_COMPLETED.png,COMPONENT_BOARD,YL-A-026,c14bbf0ef3c28977
YL-A-029-S03_NOT_FOUND,YL-A-029,ANDROID,通用来源引用组件,NOT_FOUND,内容不存在,资源不存在、已删除或不可访问。,back,P03-021,P03,P03-W03,YL-A-029-S03_NOT_FOUND,ui/mockups/android/YL-A-029/YL-A-029-S03_NOT_FOUND.png,COMPONENT_BOARD,YL-A-026,c14bbf0ef3c28977
YL-A-029-S04_OFFLINE,YL-A-029,ANDROID,通用来源引用组件,OFFLINE,离线,说明当前离线；有缓存时显示缓存来源与时间。,retry_when_online,P03-021,P03,P03-W03,YL-A-029-S04_OFFLINE,ui/mockups/android/YL-A-029/YL-A-029-S04_OFFLINE.png,COMPONENT_BOARD,YL-A-026,c14bbf0ef3c28977
YL-A-030-S01_DEFAULT,YL-A-030,ANDROID,消息操作栏,DEFAULT,默认/可操作,数据与控件处于正常可操作状态。,none,P03-022|P03-023|P03-024|P03-025|P03-030|P04-011,P03|P04,P03-W04|P03-W05|P04-W02,YL-A-030-S01_DEFAULT,ui/mockups/android/YL-A-030/YL-A-030-S01_DEFAULT.png,COMPONENT_BOARD,YL-A-026,3e44d81117af1b6c
YL-A-030-S02_DISABLED,YL-A-030,ANDROID,消息操作栏,DISABLED,不可用,控件不可用并提供原因，不仅降低透明度。,resolve_prerequisite,P03-022|P03-023|P03-024|P03-025|P03-030|P04-011,P03|P04,P03-W04|P03-W05|P04-W02,YL-A-030-S02_DISABLED,ui/mockups/android/YL-A-030/YL-A-030-S02_DISABLED.png,COMPONENT_BOARD,YL-A-026,3e44d81117af1b6c
YL-A-030-S03_SUCCESS,YL-A-030,ANDROID,消息操作栏,SUCCESS,操作成功,使用 Snackbar、结果页或成功卡，按合同给出下一步。,continue,P03-022|P03-023|P03-024|P03-025|P03-030|P04-011,P03|P04,P03-W04|P03-W05|P04-W02,YL-A-030-S03_SUCCESS,ui/mockups/android/YL-A-030/YL-A-030-S03_SUCCESS.png,COMPONENT_BOARD,YL-A-026,3e44d81117af1b6c
YL-A-031-S01_DEFAULT,YL-A-031,ANDROID,新建对话,DEFAULT,默认/可操作,数据与控件处于正常可操作状态。,none,P03-028,P03,P03-W04,YL-A-031-S01_DEFAULT,ui/mockups/android/YL-A-031/YL-A-031-S01_DEFAULT.png,PAGE,YL-A-018,838b0c5628e7d1b2
YL-A-031-S02_INPUT_FOCUSED,YL-A-031,ANDROID,新建对话,INPUT_FOCUSED,输入聚焦,键盘弹出、焦点环和辅助文案布局稳定。,none,P03-028,P03,P03-W04,YL-A-031-S02_INPUT_FOCUSED,ui/mockups/android/YL-A-031/YL-A-031-S02_INPUT_FOCUSED.png,PAGE,YL-A-018,838b0c5628e7d1b2
YL-A-031-S03_VALIDATION_ERROR,YL-A-031,ANDROID,新建对话,VALIDATION_ERROR,表单校验失败,字段级错误紧邻字段，首个错误获得焦点。,correct_input,P03-028,P03,P03-W04,YL-A-031-S03_VALIDATION_ERROR,ui/mockups/android/YL-A-031/YL-A-031-S03_VALIDATION_ERROR.png,PAGE,YL-A-018,838b0c5628e7d1b2
YL-A-031-S04_SUBMITTING,YL-A-031,ANDROID,新建对话,SUBMITTING,提交中,主按钮保留尺寸并显示进度，禁止重复提交。,wait_or_cancel_if_supported,P03-028,P03,P03-W04,YL-A-031-S04_SUBMITTING,ui/mockups/android/YL-A-031/YL-A-031-S04_SUBMITTING.png,PAGE,YL-A-018,838b0c5628e7d1b2
YL-A-031-S05_SUCCESS,YL-A-031,ANDROID,新建对话,SUCCESS,操作成功,使用 Snackbar、结果页或成功卡，按合同给出下一步。,continue,P03-028,P03,P03-W04,YL-A-031-S05_SUCCESS,ui/mockups/android/YL-A-031/YL-A-031-S05_SUCCESS.png,PAGE,YL-A-018,838b0c5628e7d1b2
YL-A-031-S06_SAVE_ERROR,YL-A-031,ANDROID,新建对话,SAVE_ERROR,保存失败,保留用户输入，显示稳定错误码和重试动作。,retry,P03-028,P03,P03-W04,YL-A-031-S06_SAVE_ERROR,ui/mockups/android/YL-A-031/YL-A-031-S06_SAVE_ERROR.png,PAGE,YL-A-018,838b0c5628e7d1b2
YL-A-031-S07_OFFLINE,YL-A-031,ANDROID,新建对话,OFFLINE,离线,说明当前离线；有缓存时显示缓存来源与时间。,retry_when_online,P03-028,P03,P03-W04,YL-A-031-S07_OFFLINE,ui/mockups/android/YL-A-031/YL-A-031-S07_OFFLINE.png,PAGE,YL-A-018,838b0c5628e7d1b2
YL-A-031-S08_DISABLED,YL-A-031,ANDROID,新建对话,DISABLED,不可用,控件不可用并提供原因，不仅降低透明度。,resolve_prerequisite,P03-028,P03,P03-W04,YL-A-031-S08_DISABLED,ui/mockups/android/YL-A-031/YL-A-031-S08_DISABLED.png,PAGE,YL-A-018,838b0c5628e7d1b2
YL-A-032-S01_DEFAULT,YL-A-032,ANDROID,输入框,DEFAULT,默认/可操作,数据与控件处于正常可操作状态。,none,P03-031|P03-032,P03,P03-W05,YL-A-032-S01_DEFAULT,ui/mockups/android/YL-A-032/YL-A-032-S01_DEFAULT.png,COMPONENT_BOARD,YL-A-024,f0d8a21838930624
YL-A-032-S02_INPUT_FOCUSED,YL-A-032,ANDROID,输入框,INPUT_FOCUSED,输入聚焦,键盘弹出、焦点环和辅助文案布局稳定。,none,P03-031|P03-032,P03,P03-W05,YL-A-032-S02_INPUT_FOCUSED,ui/mockups/android/YL-A-032/YL-A-032-S02_INPUT_FOCUSED.png,COMPONENT_BOARD,YL-A-024,f0d8a21838930624
YL-A-032-S03_UPLOADING,YL-A-032,ANDROID,输入框,UPLOADING,上传中,显示文件名、进度、取消和后台继续策略。,cancel_or_wait,P03-031|P03-032,P03,P03-W05,YL-A-032-S03_UPLOADING,ui/mockups/android/YL-A-032/YL-A-032-S03_UPLOADING.png,COMPONENT_BOARD,YL-A-024,f0d8a21838930624
YL-A-032-S04_DISABLED,YL-A-032,ANDROID,输入框,DISABLED,不可用,控件不可用并提供原因，不仅降低透明度。,resolve_prerequisite,P03-031|P03-032,P03,P03-W05,YL-A-032-S04_DISABLED,ui/mockups/android/YL-A-032/YL-A-032-S04_DISABLED.png,COMPONENT_BOARD,YL-A-024,f0d8a21838930624
YL-A-032-S05_OFFLINE,YL-A-032,ANDROID,输入框,OFFLINE,离线,说明当前离线；有缓存时显示缓存来源与时间。,retry_when_online,P03-031|P03-032,P03,P03-W05,YL-A-032-S05_OFFLINE,ui/mockups/android/YL-A-032/YL-A-032-S05_OFFLINE.png,COMPONENT_BOARD,YL-A-024,f0d8a21838930624
YL-A-033-S01_POPULATED,YL-A-033,ANDROID,模型选择器,POPULATED,有数据,真实结构化数据已加载。,none,P04-001|P04-002|P04-003,P04,P04-W01,YL-A-033-S01_POPULATED,ui/mockups/android/YL-A-033/YL-A-033-S01_POPULATED.png,OVERLAY,YL-A-023,7d2f682246da6b41
YL-A-033-S02_FILTER_ACTIVE,YL-A-033,ANDROID,模型选择器,FILTER_ACTIVE,筛选生效,清晰展示筛选条件和结果数量。,clear_filter,P04-001|P04-002|P04-003,P04,P04-W01,YL-A-033-S02_FILTER_ACTIVE,ui/mockups/android/YL-A-033/YL-A-033-S02_FILTER_ACTIVE.png,OVERLAY,YL-A-023,7d2f682246da6b41
YL-A-033-S03_EMPTY,YL-A-033,ANDROID,模型选择器,EMPTY,空数据,显示原因、下一步和主操作；不得使用伪造内容填满。,primary_action_or_refresh,P04-001|P04-002|P04-003,P04,P04-W01,YL-A-033-S03_EMPTY,ui/mockups/android/YL-A-033/YL-A-033-S03_EMPTY.png,OVERLAY,YL-A-023,7d2f682246da6b41
YL-A-033-S04_DISABLED,YL-A-033,ANDROID,模型选择器,DISABLED,不可用,控件不可用并提供原因，不仅降低透明度。,resolve_prerequisite,P04-001|P04-002|P04-003,P04,P04-W01,YL-A-033-S04_DISABLED,ui/mockups/android/YL-A-033/YL-A-033-S04_DISABLED.png,OVERLAY,YL-A-023,7d2f682246da6b41
YL-A-033-S05_SERVICE_DEGRADED,YL-A-033,ANDROID,模型选择器,SERVICE_DEGRADED,服务降级,展示受影响能力、替代通道和状态页入口。,choose_alternative_or_retry,P04-001|P04-002|P04-003,P04,P04-W01,YL-A-033-S05_SERVICE_DEGRADED,ui/mockups/android/YL-A-033/YL-A-033-S05_SERVICE_DEGRADED.png,OVERLAY,YL-A-023,7d2f682246da6b41
YL-A-033-S06_SERVER_ERROR,YL-A-033,ANDROID,模型选择器,SERVER_ERROR,服务异常,服务端 5xx，显示请求 ID，不暴露堆栈。,retry_or_status,P04-001|P04-002|P04-003,P04,P04-W01,YL-A-033-S06_SERVER_ERROR,ui/mockups/android/YL-A-033/YL-A-033-S06_SERVER_ERROR.png,OVERLAY,YL-A-023,7d2f682246da6b41
YL-A-034-S01_POPULATED,YL-A-034,ANDROID,推理选择器,POPULATED,有数据,真实结构化数据已加载。,none,P04-005,P04,P04-W01,YL-A-034-S01_POPULATED,ui/mockups/android/YL-A-034/YL-A-034-S01_POPULATED.png,OVERLAY,YL-A-023,c1123b371c4e66c8
YL-A-034-S02_FILTER_ACTIVE,YL-A-034,ANDROID,推理选择器,FILTER_ACTIVE,筛选生效,清晰展示筛选条件和结果数量。,clear_filter,P04-005,P04,P04-W01,YL-A-034-S02_FILTER_ACTIVE,ui/mockups/android/YL-A-034/YL-A-034-S02_FILTER_ACTIVE.png,OVERLAY,YL-A-023,c1123b371c4e66c8
YL-A-034-S03_EMPTY,YL-A-034,ANDROID,推理选择器,EMPTY,空数据,显示原因、下一步和主操作；不得使用伪造内容填满。,primary_action_or_refresh,P04-005,P04,P04-W01,YL-A-034-S03_EMPTY,ui/mockups/android/YL-A-034/YL-A-034-S03_EMPTY.png,OVERLAY,YL-A-023,c1123b371c4e66c8
YL-A-034-S04_DISABLED,YL-A-034,ANDROID,推理选择器,DISABLED,不可用,控件不可用并提供原因，不仅降低透明度。,resolve_prerequisite,P04-005,P04,P04-W01,YL-A-034-S04_DISABLED,ui/mockups/android/YL-A-034/YL-A-034-S04_DISABLED.png,OVERLAY,YL-A-023,c1123b371c4e66c8
YL-A-034-S05_SERVICE_DEGRADED,YL-A-034,ANDROID,推理选择器,SERVICE_DEGRADED,服务降级,展示受影响能力、替代通道和状态页入口。,choose_alternative_or_retry,P04-005,P04,P04-W01,YL-A-034-S05_SERVICE_DEGRADED,ui/mockups/android/YL-A-034/YL-A-034-S05_SERVICE_DEGRADED.png,OVERLAY,YL-A-023,c1123b371c4e66c8
YL-A-034-S06_SERVER_ERROR,YL-A-034,ANDROID,推理选择器,SERVER_ERROR,服务异常,服务端 5xx，显示请求 ID，不暴露堆栈。,retry_or_status,P04-005,P04,P04-W01,YL-A-034-S06_SERVER_ERROR,ui/mockups/android/YL-A-034/YL-A-034-S06_SERVER_ERROR.png,OVERLAY,YL-A-023,c1123b371c4e66c8
YL-A-035-S01_LOADING,YL-A-035,ANDROID,我的/AI设置,LOADING,加载中,使用与最终布局一致的 Skeleton，禁止无限 Loading。,automatic_or_retry,P04-007|P09-016,P04|P09,P04-W02|P09-W04,YL-A-035-S01_LOADING,ui/mockups/android/YL-A-035/YL-A-035-S01_LOADING.png,PAGE,YL-A-086,267baeee5ce22448
YL-A-035-S02_POPULATED,YL-A-035,ANDROID,我的/AI设置,POPULATED,有数据,真实结构化数据已加载。,none,P04-007|P09-016,P04|P09,P04-W02|P09-W04,YL-A-035-S02_POPULATED,ui/mockups/android/YL-A-035/YL-A-035-S02_POPULATED.png,PAGE,YL-A-086,267baeee5ce22448
YL-A-035-S03_EDIT_MODE,YL-A-035,ANDROID,我的/AI设置,EDIT_MODE,编辑状态,可编辑字段与只读字段明显区分。,save_or_cancel,P04-007|P09-016,P04|P09,P04-W02|P09-W04,YL-A-035-S03_EDIT_MODE,ui/mockups/android/YL-A-035/YL-A-035-S03_EDIT_MODE.png,PAGE,YL-A-086,267baeee5ce22448
YL-A-035-S04_DIRTY,YL-A-035,ANDROID,我的/AI设置,DIRTY,存在未保存修改,离开或关闭前必须确认。,save_or_discard,P04-007|P09-016,P04|P09,P04-W02|P09-W04,YL-A-035-S04_DIRTY,ui/mockups/android/YL-A-035/YL-A-035-S04_DIRTY.png,PAGE,YL-A-086,267baeee5ce22448
YL-A-035-S05_SUBMITTING,YL-A-035,ANDROID,我的/AI设置,SUBMITTING,提交中,主按钮保留尺寸并显示进度，禁止重复提交。,wait_or_cancel_if_supported,P04-007|P09-016,P04|P09,P04-W02|P09-W04,YL-A-035-S05_SUBMITTING,ui/mockups/android/YL-A-035/YL-A-035-S05_SUBMITTING.png,PAGE,YL-A-086,267baeee5ce22448
YL-A-035-S06_SAVE_SUCCESS,YL-A-035,ANDROID,我的/AI设置,SAVE_SUCCESS,保存成功,保存结果明确且数据回读一致。,continue,P04-007|P09-016,P04|P09,P04-W02|P09-W04,YL-A-035-S06_SAVE_SUCCESS,ui/mockups/android/YL-A-035/YL-A-035-S06_SAVE_SUCCESS.png,PAGE,YL-A-086,267baeee5ce22448
YL-A-035-S07_SAVE_ERROR,YL-A-035,ANDROID,我的/AI设置,SAVE_ERROR,保存失败,保留用户输入，显示稳定错误码和重试动作。,retry,P04-007|P09-016,P04|P09,P04-W02|P09-W04,YL-A-035-S07_SAVE_ERROR,ui/mockups/android/YL-A-035/YL-A-035-S07_SAVE_ERROR.png,PAGE,YL-A-086,267baeee5ce22448
YL-A-035-S08_OFFLINE,YL-A-035,ANDROID,我的/AI设置,OFFLINE,离线,说明当前离线；有缓存时显示缓存来源与时间。,retry_when_online,P04-007|P09-016,P04|P09,P04-W02|P09-W04,YL-A-035-S08_OFFLINE,ui/mockups/android/YL-A-035/YL-A-035-S08_OFFLINE.png,PAGE,YL-A-086,267baeee5ce22448
YL-A-036-S01_LOADING,YL-A-036,ANDROID,会话设置,LOADING,加载中,使用与最终布局一致的 Skeleton，禁止无限 Loading。,automatic_or_retry,P04-008,P04,P04-W02,YL-A-036-S01_LOADING,ui/mockups/android/YL-A-036/YL-A-036-S01_LOADING.png,PAGE,YL-A-023,1cd42cb74ad54108
YL-A-036-S02_POPULATED,YL-A-036,ANDROID,会话设置,POPULATED,有数据,真实结构化数据已加载。,none,P04-008,P04,P04-W02,YL-A-036-S02_POPULATED,ui/mockups/android/YL-A-036/YL-A-036-S02_POPULATED.png,PAGE,YL-A-023,1cd42cb74ad54108
YL-A-036-S03_EDIT_MODE,YL-A-036,ANDROID,会话设置,EDIT_MODE,编辑状态,可编辑字段与只读字段明显区分。,save_or_cancel,P04-008,P04,P04-W02,YL-A-036-S03_EDIT_MODE,ui/mockups/android/YL-A-036/YL-A-036-S03_EDIT_MODE.png,PAGE,YL-A-023,1cd42cb74ad54108
YL-A-036-S04_DIRTY,YL-A-036,ANDROID,会话设置,DIRTY,存在未保存修改,离开或关闭前必须确认。,save_or_discard,P04-008,P04,P04-W02,YL-A-036-S04_DIRTY,ui/mockups/android/YL-A-036/YL-A-036-S04_DIRTY.png,PAGE,YL-A-023,1cd42cb74ad54108
YL-A-036-S05_SUBMITTING,YL-A-036,ANDROID,会话设置,SUBMITTING,提交中,主按钮保留尺寸并显示进度，禁止重复提交。,wait_or_cancel_if_supported,P04-008,P04,P04-W02,YL-A-036-S05_SUBMITTING,ui/mockups/android/YL-A-036/YL-A-036-S05_SUBMITTING.png,PAGE,YL-A-023,1cd42cb74ad54108
YL-A-036-S06_SAVE_SUCCESS,YL-A-036,ANDROID,会话设置,SAVE_SUCCESS,保存成功,保存结果明确且数据回读一致。,continue,P04-008,P04,P04-W02,YL-A-036-S06_SAVE_SUCCESS,ui/mockups/android/YL-A-036/YL-A-036-S06_SAVE_SUCCESS.png,PAGE,YL-A-023,1cd42cb74ad54108
YL-A-036-S07_SAVE_ERROR,YL-A-036,ANDROID,会话设置,SAVE_ERROR,保存失败,保留用户输入，显示稳定错误码和重试动作。,retry,P04-008,P04,P04-W02,YL-A-036-S07_SAVE_ERROR,ui/mockups/android/YL-A-036/YL-A-036-S07_SAVE_ERROR.png,PAGE,YL-A-023,1cd42cb74ad54108
YL-A-036-S08_OFFLINE,YL-A-036,ANDROID,会话设置,OFFLINE,离线,说明当前离线；有缓存时显示缓存来源与时间。,retry_when_online,P04-008,P04,P04-W02,YL-A-036-S08_OFFLINE,ui/mockups/android/YL-A-036/YL-A-036-S08_OFFLINE.png,PAGE,YL-A-023,1cd42cb74ad54108
YL-A-037-S01_DEFAULT,YL-A-037,ANDROID,输入区模型状态条,DEFAULT,默认/可操作,数据与控件处于正常可操作状态。,none,P04-009,P04,P04-W02,YL-A-037-S01_DEFAULT,ui/mockups/android/YL-A-037/YL-A-037-S01_DEFAULT.png,COMPONENT_BOARD,YL-A-024,01f8b173edd965d9
YL-A-037-S02_SERVICE_DEGRADED,YL-A-037,ANDROID,输入区模型状态条,SERVICE_DEGRADED,服务降级,展示受影响能力、替代通道和状态页入口。,choose_alternative_or_retry,P04-009,P04,P04-W02,YL-A-037-S02_SERVICE_DEGRADED,ui/mockups/android/YL-A-037/YL-A-037-S02_SERVICE_DEGRADED.png,COMPONENT_BOARD,YL-A-024,01f8b173edd965d9
YL-A-037-S03_DISABLED,YL-A-037,ANDROID,输入区模型状态条,DISABLED,不可用,控件不可用并提供原因，不仅降低透明度。,resolve_prerequisite,P04-009,P04,P04-W02,YL-A-037-S03_DISABLED,ui/mockups/android/YL-A-037/YL-A-037-S03_DISABLED.png,COMPONENT_BOARD,YL-A-024,01f8b173edd965d9
YL-A-038-S01_DEFAULT,YL-A-038,ANDROID,AI 回复来源标签,DEFAULT,默认/可操作,数据与控件处于正常可操作状态。,none,P04-010,P04,P04-W02,YL-A-038-S01_DEFAULT,ui/mockups/android/YL-A-038/YL-A-038-S01_DEFAULT.png,COMPONENT_BOARD,YL-A-026,560c2a67edc1280e
YL-A-038-S02_SERVICE_DEGRADED,YL-A-038,ANDROID,AI 回复来源标签,SERVICE_DEGRADED,服务降级,展示受影响能力、替代通道和状态页入口。,choose_alternative_or_retry,P04-010,P04,P04-W02,YL-A-038-S02_SERVICE_DEGRADED,ui/mockups/android/YL-A-038/YL-A-038-S02_SERVICE_DEGRADED.png,COMPONENT_BOARD,YL-A-026,560c2a67edc1280e
YL-A-038-S03_DISABLED,YL-A-038,ANDROID,AI 回复来源标签,DISABLED,不可用,控件不可用并提供原因，不仅降低透明度。,resolve_prerequisite,P04-010,P04,P04-W02,YL-A-038-S03_DISABLED,ui/mockups/android/YL-A-038/YL-A-038-S03_DISABLED.png,COMPONENT_BOARD,YL-A-026,560c2a67edc1280e
YL-A-039-S01_LOADING,YL-A-039,ANDROID,会话分支切换,LOADING,加载中,使用与最终布局一致的 Skeleton，禁止无限 Loading。,automatic_or_retry,P04-013,P04,P04-W03,YL-A-039-S01_LOADING,ui/mockups/android/YL-A-039/YL-A-039-S01_LOADING.png,PAGE,YL-A-023,ca2c786014b5d602
YL-A-039-S02_POPULATED,YL-A-039,ANDROID,会话分支切换,POPULATED,有数据,真实结构化数据已加载。,none,P04-013,P04,P04-W03,YL-A-039-S02_POPULATED,ui/mockups/android/YL-A-039/YL-A-039-S02_POPULATED.png,PAGE,YL-A-023,ca2c786014b5d602
YL-A-039-S03_EMPTY,YL-A-039,ANDROID,会话分支切换,EMPTY,空数据,显示原因、下一步和主操作；不得使用伪造内容填满。,primary_action_or_refresh,P04-013,P04,P04-W03,YL-A-039-S03_EMPTY,ui/mockups/android/YL-A-039/YL-A-039-S03_EMPTY.png,PAGE,YL-A-023,ca2c786014b5d602
YL-A-039-S04_REFRESHING,YL-A-039,ANDROID,会话分支切换,REFRESHING,刷新中,保留已有内容并显示局部刷新，不清空整页。,automatic,P04-013,P04,P04-W03,YL-A-039-S04_REFRESHING,ui/mockups/android/YL-A-039/YL-A-039-S04_REFRESHING.png,PAGE,YL-A-023,ca2c786014b5d602
YL-A-039-S05_FILTER_ACTIVE,YL-A-039,ANDROID,会话分支切换,FILTER_ACTIVE,筛选生效,清晰展示筛选条件和结果数量。,clear_filter,P04-013,P04,P04-W03,YL-A-039-S05_FILTER_ACTIVE,ui/mockups/android/YL-A-039/YL-A-039-S05_FILTER_ACTIVE.png,PAGE,YL-A-023,ca2c786014b5d602
YL-A-039-S06_OFFLINE_CACHE,YL-A-039,ANDROID,会话分支切换,OFFLINE_CACHE,离线缓存,展示可用缓存并明确其不是最新数据。,refresh_when_online,P04-013,P04,P04-W03,YL-A-039-S06_OFFLINE_CACHE,ui/mockups/android/YL-A-039/YL-A-039-S06_OFFLINE_CACHE.png,PAGE,YL-A-023,ca2c786014b5d602
YL-A-039-S07_NETWORK_ERROR,YL-A-039,ANDROID,会话分支切换,NETWORK_ERROR,网络连接失败,网络不可达或 DNS/TLS 失败，提供重试。,retry,P04-013,P04,P04-W03,YL-A-039-S07_NETWORK_ERROR,ui/mockups/android/YL-A-039/YL-A-039-S07_NETWORK_ERROR.png,PAGE,YL-A-023,ca2c786014b5d602
YL-A-039-S08_SERVER_ERROR,YL-A-039,ANDROID,会话分支切换,SERVER_ERROR,服务异常,服务端 5xx，显示请求 ID，不暴露堆栈。,retry_or_status,P04-013,P04,P04-W03,YL-A-039-S08_SERVER_ERROR,ui/mockups/android/YL-A-039/YL-A-039-S08_SERVER_ERROR.png,PAGE,YL-A-023,ca2c786014b5d602
YL-A-039-S09_PERMISSION_DENIED,YL-A-039,ANDROID,会话分支切换,PERMISSION_DENIED,权限不足,不泄露资源存在性，说明所需权限或返回。,back_or_request_access,P04-013,P04,P04-W03,YL-A-039-S09_PERMISSION_DENIED,ui/mockups/android/YL-A-039/YL-A-039-S09_PERMISSION_DENIED.png,PAGE,YL-A-023,ca2c786014b5d602
YL-A-040-S01_DEFAULT,YL-A-040,ANDROID,多模型对比,DEFAULT,默认/可操作,数据与控件处于正常可操作状态。,none,P04-014,P04,P04-W03,YL-A-040-S01_DEFAULT,ui/mockups/android/YL-A-040/YL-A-040-S01_DEFAULT.png,PAGE,YL-A-023,67d11cc38505e69a
YL-A-040-S02_INPUT_FOCUSED,YL-A-040,ANDROID,多模型对比,INPUT_FOCUSED,输入聚焦,键盘弹出、焦点环和辅助文案布局稳定。,none,P04-014,P04,P04-W03,YL-A-040-S02_INPUT_FOCUSED,ui/mockups/android/YL-A-040/YL-A-040-S02_INPUT_FOCUSED.png,PAGE,YL-A-023,67d11cc38505e69a
YL-A-040-S03_VALIDATION_ERROR,YL-A-040,ANDROID,多模型对比,VALIDATION_ERROR,表单校验失败,字段级错误紧邻字段，首个错误获得焦点。,correct_input,P04-014,P04,P04-W03,YL-A-040-S03_VALIDATION_ERROR,ui/mockups/android/YL-A-040/YL-A-040-S03_VALIDATION_ERROR.png,PAGE,YL-A-023,67d11cc38505e69a
YL-A-040-S04_PREPARING,YL-A-040,ANDROID,多模型对比,PREPARING,准备任务,正在验证额度、文件和参数。,cancel_if_supported,P04-014,P04,P04-W03,YL-A-040-S04_PREPARING,ui/mockups/android/YL-A-040/YL-A-040-S04_PREPARING.png,PAGE,YL-A-023,67d11cc38505e69a
YL-A-040-S05_RUNNING,YL-A-040,ANDROID,多模型对比,RUNNING,任务执行中,显示真实阶段和进度来源。,cancel_if_supported,P04-014,P04,P04-W03,YL-A-040-S05_RUNNING,ui/mockups/android/YL-A-040/YL-A-040-S05_RUNNING.png,PAGE,YL-A-023,67d11cc38505e69a
YL-A-040-S06_SUCCESS,YL-A-040,ANDROID,多模型对比,SUCCESS,操作成功,使用 Snackbar、结果页或成功卡，按合同给出下一步。,continue,P04-014,P04,P04-W03,YL-A-040-S06_SUCCESS,ui/mockups/android/YL-A-040/YL-A-040-S06_SUCCESS.png,PAGE,YL-A-023,67d11cc38505e69a
YL-A-040-S07_FAILED,YL-A-040,ANDROID,多模型对比,FAILED,任务失败,显示可理解原因、错误码和可重试条件。,retry_or_edit,P04-014,P04,P04-W03,YL-A-040-S07_FAILED,ui/mockups/android/YL-A-040/YL-A-040-S07_FAILED.png,PAGE,YL-A-023,67d11cc38505e69a
YL-A-040-S08_OFFLINE,YL-A-040,ANDROID,多模型对比,OFFLINE,离线,说明当前离线；有缓存时显示缓存来源与时间。,retry_when_online,P04-014,P04,P04-W03,YL-A-040-S08_OFFLINE,ui/mockups/android/YL-A-040/YL-A-040-S08_OFFLINE.png,PAGE,YL-A-023,67d11cc38505e69a
YL-A-041-S01_LOADING,YL-A-041,ANDROID,对比结果,LOADING,加载中,使用与最终布局一致的 Skeleton，禁止无限 Loading。,automatic_or_retry,P04-015|P04-016|P04-017,P04,P04-W03,YL-A-041-S01_LOADING,ui/mockups/android/YL-A-041/YL-A-041-S01_LOADING.png,PAGE,YL-A-040,8696ff80f270f738
YL-A-041-S02_POPULATED,YL-A-041,ANDROID,对比结果,POPULATED,有数据,真实结构化数据已加载。,none,P04-015|P04-016|P04-017,P04,P04-W03,YL-A-041-S02_POPULATED,ui/mockups/android/YL-A-041/YL-A-041-S02_POPULATED.png,PAGE,YL-A-040,8696ff80f270f738
YL-A-041-S03_NOT_FOUND,YL-A-041,ANDROID,对比结果,NOT_FOUND,内容不存在,资源不存在、已删除或不可访问。,back,P04-015|P04-016|P04-017,P04,P04-W03,YL-A-041-S03_NOT_FOUND,ui/mockups/android/YL-A-041/YL-A-041-S03_NOT_FOUND.png,PAGE,YL-A-040,8696ff80f270f738
YL-A-041-S04_EDIT_MODE,YL-A-041,ANDROID,对比结果,EDIT_MODE,编辑状态,可编辑字段与只读字段明显区分。,save_or_cancel,P04-015|P04-016|P04-017,P04,P04-W03,YL-A-041-S04_EDIT_MODE,ui/mockups/android/YL-A-041/YL-A-041-S04_EDIT_MODE.png,PAGE,YL-A-040,8696ff80f270f738
YL-A-041-S05_DIRTY,YL-A-041,ANDROID,对比结果,DIRTY,存在未保存修改,离开或关闭前必须确认。,save_or_discard,P04-015|P04-016|P04-017,P04,P04-W03,YL-A-041-S05_DIRTY,ui/mockups/android/YL-A-041/YL-A-041-S05_DIRTY.png,PAGE,YL-A-040,8696ff80f270f738
YL-A-041-S06_SAVE_SUCCESS,YL-A-041,ANDROID,对比结果,SAVE_SUCCESS,保存成功,保存结果明确且数据回读一致。,continue,P04-015|P04-016|P04-017,P04,P04-W03,YL-A-041-S06_SAVE_SUCCESS,ui/mockups/android/YL-A-041/YL-A-041-S06_SAVE_SUCCESS.png,PAGE,YL-A-040,8696ff80f270f738
YL-A-041-S07_SAVE_ERROR,YL-A-041,ANDROID,对比结果,SAVE_ERROR,保存失败,保留用户输入，显示稳定错误码和重试动作。,retry,P04-015|P04-016|P04-017,P04,P04-W03,YL-A-041-S07_SAVE_ERROR,ui/mockups/android/YL-A-041/YL-A-041-S07_SAVE_ERROR.png,PAGE,YL-A-040,8696ff80f270f738
YL-A-041-S08_OFFLINE,YL-A-041,ANDROID,对比结果,OFFLINE,离线,说明当前离线；有缓存时显示缓存来源与时间。,retry_when_online,P04-015|P04-016|P04-017,P04,P04-W03,YL-A-041-S08_OFFLINE,ui/mockups/android/YL-A-041/YL-A-041-S08_OFFLINE.png,PAGE,YL-A-040,8696ff80f270f738
YL-A-041-S09_PERMISSION_DENIED,YL-A-041,ANDROID,对比结果,PERMISSION_DENIED,权限不足,不泄露资源存在性，说明所需权限或返回。,back_or_request_access,P04-015|P04-016|P04-017,P04,P04-W03,YL-A-041-S09_PERMISSION_DENIED,ui/mockups/android/YL-A-041/YL-A-041-S09_PERMISSION_DENIED.png,PAGE,YL-A-040,8696ff80f270f738
YL-A-042-S01_DEFAULT,YL-A-042,ANDROID,模型错误弹层,DEFAULT,默认/可操作,数据与控件处于正常可操作状态。,none,P04-018,P04,P04-W03,YL-A-042-S01_DEFAULT,ui/mockups/android/YL-A-042/YL-A-042-S01_DEFAULT.png,OVERLAY,YL-A-023,0e52321370d0fa55
YL-A-042-S02_SUBMITTING,YL-A-042,ANDROID,模型错误弹层,SUBMITTING,提交中,主按钮保留尺寸并显示进度，禁止重复提交。,wait_or_cancel_if_supported,P04-018,P04,P04-W03,YL-A-042-S02_SUBMITTING,ui/mockups/android/YL-A-042/YL-A-042-S02_SUBMITTING.png,OVERLAY,YL-A-023,0e52321370d0fa55
YL-A-042-S03_SUCCESS,YL-A-042,ANDROID,模型错误弹层,SUCCESS,操作成功,使用 Snackbar、结果页或成功卡，按合同给出下一步。,continue,P04-018,P04,P04-W03,YL-A-042-S03_SUCCESS,ui/mockups/android/YL-A-042/YL-A-042-S03_SUCCESS.png,OVERLAY,YL-A-023,0e52321370d0fa55
YL-A-042-S04_SAVE_ERROR,YL-A-042,ANDROID,模型错误弹层,SAVE_ERROR,保存失败,保留用户输入，显示稳定错误码和重试动作。,retry,P04-018,P04,P04-W03,YL-A-042-S04_SAVE_ERROR,ui/mockups/android/YL-A-042/YL-A-042-S04_SAVE_ERROR.png,OVERLAY,YL-A-023,0e52321370d0fa55
YL-A-042-S05_DISABLED,YL-A-042,ANDROID,模型错误弹层,DISABLED,不可用,控件不可用并提供原因，不仅降低透明度。,resolve_prerequisite,P04-018,P04,P04-W03,YL-A-042-S05_DISABLED,ui/mockups/android/YL-A-042/YL-A-042-S05_DISABLED.png,OVERLAY,YL-A-023,0e52321370d0fa55
YL-A-043-S01_LOADING,YL-A-043,ANDROID,我的/服务状态,LOADING,加载中,使用与最终布局一致的 Skeleton，禁止无限 Loading。,automatic_or_retry,P04-030|P09-025,P04|P09,P04-W05|P09-W05,YL-A-043-S01_LOADING,ui/mockups/android/YL-A-043/YL-A-043-S01_LOADING.png,PAGE,YL-A-086,1b176135d06143b0
YL-A-043-S02_POPULATED,YL-A-043,ANDROID,我的/服务状态,POPULATED,有数据,真实结构化数据已加载。,none,P04-030|P09-025,P04|P09,P04-W05|P09-W05,YL-A-043-S02_POPULATED,ui/mockups/android/YL-A-043/YL-A-043-S02_POPULATED.png,PAGE,YL-A-086,1b176135d06143b0
YL-A-043-S03_EMPTY,YL-A-043,ANDROID,我的/服务状态,EMPTY,空数据,显示原因、下一步和主操作；不得使用伪造内容填满。,primary_action_or_refresh,P04-030|P09-025,P04|P09,P04-W05|P09-W05,YL-A-043-S03_EMPTY,ui/mockups/android/YL-A-043/YL-A-043-S03_EMPTY.png,PAGE,YL-A-086,1b176135d06143b0
YL-A-043-S04_REFRESHING,YL-A-043,ANDROID,我的/服务状态,REFRESHING,刷新中,保留已有内容并显示局部刷新，不清空整页。,automatic,P04-030|P09-025,P04|P09,P04-W05|P09-W05,YL-A-043-S04_REFRESHING,ui/mockups/android/YL-A-043/YL-A-043-S04_REFRESHING.png,PAGE,YL-A-086,1b176135d06143b0
YL-A-043-S05_FILTER_ACTIVE,YL-A-043,ANDROID,我的/服务状态,FILTER_ACTIVE,筛选生效,清晰展示筛选条件和结果数量。,clear_filter,P04-030|P09-025,P04|P09,P04-W05|P09-W05,YL-A-043-S05_FILTER_ACTIVE,ui/mockups/android/YL-A-043/YL-A-043-S05_FILTER_ACTIVE.png,PAGE,YL-A-086,1b176135d06143b0
YL-A-043-S06_OFFLINE_CACHE,YL-A-043,ANDROID,我的/服务状态,OFFLINE_CACHE,离线缓存,展示可用缓存并明确其不是最新数据。,refresh_when_online,P04-030|P09-025,P04|P09,P04-W05|P09-W05,YL-A-043-S06_OFFLINE_CACHE,ui/mockups/android/YL-A-043/YL-A-043-S06_OFFLINE_CACHE.png,PAGE,YL-A-086,1b176135d06143b0
YL-A-043-S07_NETWORK_ERROR,YL-A-043,ANDROID,我的/服务状态,NETWORK_ERROR,网络连接失败,网络不可达或 DNS/TLS 失败，提供重试。,retry,P04-030|P09-025,P04|P09,P04-W05|P09-W05,YL-A-043-S07_NETWORK_ERROR,ui/mockups/android/YL-A-043/YL-A-043-S07_NETWORK_ERROR.png,PAGE,YL-A-086,1b176135d06143b0
YL-A-043-S08_SERVER_ERROR,YL-A-043,ANDROID,我的/服务状态,SERVER_ERROR,服务异常,服务端 5xx，显示请求 ID，不暴露堆栈。,retry_or_status,P04-030|P09-025,P04|P09,P04-W05|P09-W05,YL-A-043-S08_SERVER_ERROR,ui/mockups/android/YL-A-043/YL-A-043-S08_SERVER_ERROR.png,PAGE,YL-A-086,1b176135d06143b0
YL-A-043-S09_PERMISSION_DENIED,YL-A-043,ANDROID,我的/服务状态,PERMISSION_DENIED,权限不足,不泄露资源存在性，说明所需权限或返回。,back_or_request_access,P04-030|P09-025,P04|P09,P04-W05|P09-W05,YL-A-043-S09_PERMISSION_DENIED,ui/mockups/android/YL-A-043/YL-A-043-S09_PERMISSION_DENIED.png,PAGE,YL-A-086,1b176135d06143b0
YL-A-044-S01_POPULATED,YL-A-044,ANDROID,附件选择器,POPULATED,有数据,真实结构化数据已加载。,none,P05-001,P05,P05-W01,YL-A-044-S01_POPULATED,ui/mockups/android/YL-A-044/YL-A-044-S01_POPULATED.png,OVERLAY,YL-A-024,cfc99913267440cc
YL-A-044-S02_FILTER_ACTIVE,YL-A-044,ANDROID,附件选择器,FILTER_ACTIVE,筛选生效,清晰展示筛选条件和结果数量。,clear_filter,P05-001,P05,P05-W01,YL-A-044-S02_FILTER_ACTIVE,ui/mockups/android/YL-A-044/YL-A-044-S02_FILTER_ACTIVE.png,OVERLAY,YL-A-024,cfc99913267440cc
YL-A-044-S03_EMPTY,YL-A-044,ANDROID,附件选择器,EMPTY,空数据,显示原因、下一步和主操作；不得使用伪造内容填满。,primary_action_or_refresh,P05-001,P05,P05-W01,YL-A-044-S03_EMPTY,ui/mockups/android/YL-A-044/YL-A-044-S03_EMPTY.png,OVERLAY,YL-A-024,cfc99913267440cc
YL-A-044-S04_DISABLED,YL-A-044,ANDROID,附件选择器,DISABLED,不可用,控件不可用并提供原因，不仅降低透明度。,resolve_prerequisite,P05-001,P05,P05-W01,YL-A-044-S04_DISABLED,ui/mockups/android/YL-A-044/YL-A-044-S04_DISABLED.png,OVERLAY,YL-A-024,cfc99913267440cc
YL-A-044-S05_SERVICE_DEGRADED,YL-A-044,ANDROID,附件选择器,SERVICE_DEGRADED,服务降级,展示受影响能力、替代通道和状态页入口。,choose_alternative_or_retry,P05-001,P05,P05-W01,YL-A-044-S05_SERVICE_DEGRADED,ui/mockups/android/YL-A-044/YL-A-044-S05_SERVICE_DEGRADED.png,OVERLAY,YL-A-024,cfc99913267440cc
YL-A-044-S06_SERVER_ERROR,YL-A-044,ANDROID,附件选择器,SERVER_ERROR,服务异常,服务端 5xx，显示请求 ID，不暴露堆栈。,retry_or_status,P05-001,P05,P05-W01,YL-A-044-S06_SERVER_ERROR,ui/mockups/android/YL-A-044/YL-A-044-S06_SERVER_ERROR.png,OVERLAY,YL-A-024,cfc99913267440cc
YL-A-045-S01_QUEUED,YL-A-045,ANDROID,上传进度,QUEUED,已排队,显示队列状态与提交时间，不伪造精确预计时间。,cancel,P05-002,P05,P05-W01,YL-A-045-S01_QUEUED,ui/mockups/android/YL-A-045/YL-A-045-S01_QUEUED.png,OVERLAY,YL-A-023,3636a3821686daec
YL-A-045-S02_PREPARING,YL-A-045,ANDROID,上传进度,PREPARING,准备任务,正在验证额度、文件和参数。,cancel_if_supported,P05-002,P05,P05-W01,YL-A-045-S02_PREPARING,ui/mockups/android/YL-A-045/YL-A-045-S02_PREPARING.png,OVERLAY,YL-A-023,3636a3821686daec
YL-A-045-S03_RUNNING,YL-A-045,ANDROID,上传进度,RUNNING,任务执行中,显示真实阶段和进度来源。,cancel_if_supported,P05-002,P05,P05-W01,YL-A-045-S03_RUNNING,ui/mockups/android/YL-A-045/YL-A-045-S03_RUNNING.png,OVERLAY,YL-A-023,3636a3821686daec
YL-A-045-S04_CANCEL_CONFIRM,YL-A-045,ANDROID,上传进度,CANCEL_CONFIRM,确认取消,说明取消后的计费和产物处理。,confirm_or_back,P05-002,P05,P05-W01,YL-A-045-S04_CANCEL_CONFIRM,ui/mockups/android/YL-A-045/YL-A-045-S04_CANCEL_CONFIRM.png,OVERLAY,YL-A-023,3636a3821686daec
YL-A-045-S05_CANCELLED,YL-A-045,ANDROID,上传进度,CANCELLED,任务已取消,显示已结算/解冻结果与重试入口。,restart,P05-002,P05,P05-W01,YL-A-045-S05_CANCELLED,ui/mockups/android/YL-A-045/YL-A-045-S05_CANCELLED.png,OVERLAY,YL-A-023,3636a3821686daec
YL-A-045-S06_SUCCESS,YL-A-045,ANDROID,上传进度,SUCCESS,操作成功,使用 Snackbar、结果页或成功卡，按合同给出下一步。,continue,P05-002,P05,P05-W01,YL-A-045-S06_SUCCESS,ui/mockups/android/YL-A-045/YL-A-045-S06_SUCCESS.png,OVERLAY,YL-A-023,3636a3821686daec
YL-A-045-S07_FAILED,YL-A-045,ANDROID,上传进度,FAILED,任务失败,显示可理解原因、错误码和可重试条件。,retry_or_edit,P05-002,P05,P05-W01,YL-A-045-S07_FAILED,ui/mockups/android/YL-A-045/YL-A-045-S07_FAILED.png,OVERLAY,YL-A-023,3636a3821686daec
YL-A-045-S08_RETRYING,YL-A-045,ANDROID,上传进度,RETRYING,任务重试中,显示尝试次数和上限，禁止无限重试。,cancel,P05-002,P05,P05-W01,YL-A-045-S08_RETRYING,ui/mockups/android/YL-A-045/YL-A-045-S08_RETRYING.png,OVERLAY,YL-A-023,3636a3821686daec
YL-A-045-S09_OFFLINE,YL-A-045,ANDROID,上传进度,OFFLINE,离线,说明当前离线；有缓存时显示缓存来源与时间。,retry_when_online,P05-002,P05,P05-W01,YL-A-045-S09_OFFLINE,ui/mockups/android/YL-A-045/YL-A-045-S09_OFFLINE.png,OVERLAY,YL-A-023,3636a3821686daec
YL-A-046-S01_DEFAULT,YL-A-046,ANDROID,会话/图片附件,DEFAULT,默认/可操作,数据与控件处于正常可操作状态。,none,P05-007,P05,P05-W01,YL-A-046-S01_DEFAULT,ui/mockups/android/YL-A-046/YL-A-046-S01_DEFAULT.png,COMPONENT_BOARD,YL-A-023,ecfaf63deea4678a
YL-A-046-S02_UPLOADING,YL-A-046,ANDROID,会话/图片附件,UPLOADING,上传中,显示文件名、进度、取消和后台继续策略。,cancel_or_wait,P05-007,P05,P05-W01,YL-A-046-S02_UPLOADING,ui/mockups/android/YL-A-046/YL-A-046-S02_UPLOADING.png,COMPONENT_BOARD,YL-A-023,ecfaf63deea4678a
YL-A-046-S03_UPLOAD_FAILED,YL-A-046,ANDROID,会话/图片附件,UPLOAD_FAILED,上传失败,保留文件选择并显示可重试原因。,retry,P05-007,P05,P05-W01,YL-A-046-S03_UPLOAD_FAILED,ui/mockups/android/YL-A-046/YL-A-046-S03_UPLOAD_FAILED.png,COMPONENT_BOARD,YL-A-023,ecfaf63deea4678a
YL-A-046-S04_SUCCESS,YL-A-046,ANDROID,会话/图片附件,SUCCESS,操作成功,使用 Snackbar、结果页或成功卡，按合同给出下一步。,continue,P05-007,P05,P05-W01,YL-A-046-S04_SUCCESS,ui/mockups/android/YL-A-046/YL-A-046-S04_SUCCESS.png,COMPONENT_BOARD,YL-A-023,ecfaf63deea4678a
YL-A-047-S01_DEFAULT,YL-A-047,ANDROID,附件卡片,DEFAULT,默认/可操作,数据与控件处于正常可操作状态。,none,P05-013,P05,P05-W02,YL-A-047-S01_DEFAULT,ui/mockups/android/YL-A-047/YL-A-047-S01_DEFAULT.png,COMPONENT_BOARD,YL-A-023,c3cbd873a51f45da
YL-A-047-S02_UPLOADING,YL-A-047,ANDROID,附件卡片,UPLOADING,上传中,显示文件名、进度、取消和后台继续策略。,cancel_or_wait,P05-013,P05,P05-W02,YL-A-047-S02_UPLOADING,ui/mockups/android/YL-A-047/YL-A-047-S02_UPLOADING.png,COMPONENT_BOARD,YL-A-023,c3cbd873a51f45da
YL-A-047-S03_UPLOAD_FAILED,YL-A-047,ANDROID,附件卡片,UPLOAD_FAILED,上传失败,保留文件选择并显示可重试原因。,retry,P05-013,P05,P05-W02,YL-A-047-S03_UPLOAD_FAILED,ui/mockups/android/YL-A-047/YL-A-047-S03_UPLOAD_FAILED.png,COMPONENT_BOARD,YL-A-023,c3cbd873a51f45da
YL-A-047-S04_SUCCESS,YL-A-047,ANDROID,附件卡片,SUCCESS,操作成功,使用 Snackbar、结果页或成功卡，按合同给出下一步。,continue,P05-013,P05,P05-W02,YL-A-047-S04_SUCCESS,ui/mockups/android/YL-A-047/YL-A-047-S04_SUCCESS.png,COMPONENT_BOARD,YL-A-023,c3cbd873a51f45da
YL-A-048-S01_POPULATED,YL-A-048,ANDROID,资料库选择器,POPULATED,有数据,真实结构化数据已加载。,none,P05-014,P05,P05-W03,YL-A-048-S01_POPULATED,ui/mockups/android/YL-A-048/YL-A-048-S01_POPULATED.png,OVERLAY,YL-A-044,56e82896631773c6
YL-A-048-S02_FILTER_ACTIVE,YL-A-048,ANDROID,资料库选择器,FILTER_ACTIVE,筛选生效,清晰展示筛选条件和结果数量。,clear_filter,P05-014,P05,P05-W03,YL-A-048-S02_FILTER_ACTIVE,ui/mockups/android/YL-A-048/YL-A-048-S02_FILTER_ACTIVE.png,OVERLAY,YL-A-044,56e82896631773c6
YL-A-048-S03_EMPTY,YL-A-048,ANDROID,资料库选择器,EMPTY,空数据,显示原因、下一步和主操作；不得使用伪造内容填满。,primary_action_or_refresh,P05-014,P05,P05-W03,YL-A-048-S03_EMPTY,ui/mockups/android/YL-A-048/YL-A-048-S03_EMPTY.png,OVERLAY,YL-A-044,56e82896631773c6
YL-A-048-S04_DISABLED,YL-A-048,ANDROID,资料库选择器,DISABLED,不可用,控件不可用并提供原因，不仅降低透明度。,resolve_prerequisite,P05-014,P05,P05-W03,YL-A-048-S04_DISABLED,ui/mockups/android/YL-A-048/YL-A-048-S04_DISABLED.png,OVERLAY,YL-A-044,56e82896631773c6
YL-A-048-S05_SERVICE_DEGRADED,YL-A-048,ANDROID,资料库选择器,SERVICE_DEGRADED,服务降级,展示受影响能力、替代通道和状态页入口。,choose_alternative_or_retry,P05-014,P05,P05-W03,YL-A-048-S05_SERVICE_DEGRADED,ui/mockups/android/YL-A-048/YL-A-048-S05_SERVICE_DEGRADED.png,OVERLAY,YL-A-044,56e82896631773c6
YL-A-048-S06_SERVER_ERROR,YL-A-048,ANDROID,资料库选择器,SERVER_ERROR,服务异常,服务端 5xx，显示请求 ID，不暴露堆栈。,retry_or_status,P05-014,P05,P05-W03,YL-A-048-S06_SERVER_ERROR,ui/mockups/android/YL-A-048/YL-A-048-S06_SERVER_ERROR.png,OVERLAY,YL-A-044,56e82896631773c6
YL-A-049-S01_LOADING,YL-A-049,ANDROID,工作/文件,LOADING,加载中,使用与最终布局一致的 Skeleton，禁止无限 Loading。,automatic_or_retry,P05-015,P05,P05-W03,YL-A-049-S01_LOADING,ui/mockups/android/YL-A-049/YL-A-049-S01_LOADING.png,PAGE,YL-A-077,95866d825684cbc9
YL-A-049-S02_POPULATED,YL-A-049,ANDROID,工作/文件,POPULATED,有数据,真实结构化数据已加载。,none,P05-015,P05,P05-W03,YL-A-049-S02_POPULATED,ui/mockups/android/YL-A-049/YL-A-049-S02_POPULATED.png,PAGE,YL-A-077,95866d825684cbc9
YL-A-049-S03_EMPTY,YL-A-049,ANDROID,工作/文件,EMPTY,空数据,显示原因、下一步和主操作；不得使用伪造内容填满。,primary_action_or_refresh,P05-015,P05,P05-W03,YL-A-049-S03_EMPTY,ui/mockups/android/YL-A-049/YL-A-049-S03_EMPTY.png,PAGE,YL-A-077,95866d825684cbc9
YL-A-049-S04_REFRESHING,YL-A-049,ANDROID,工作/文件,REFRESHING,刷新中,保留已有内容并显示局部刷新，不清空整页。,automatic,P05-015,P05,P05-W03,YL-A-049-S04_REFRESHING,ui/mockups/android/YL-A-049/YL-A-049-S04_REFRESHING.png,PAGE,YL-A-077,95866d825684cbc9
YL-A-049-S05_FILTER_ACTIVE,YL-A-049,ANDROID,工作/文件,FILTER_ACTIVE,筛选生效,清晰展示筛选条件和结果数量。,clear_filter,P05-015,P05,P05-W03,YL-A-049-S05_FILTER_ACTIVE,ui/mockups/android/YL-A-049/YL-A-049-S05_FILTER_ACTIVE.png,PAGE,YL-A-077,95866d825684cbc9
YL-A-049-S06_OFFLINE_CACHE,YL-A-049,ANDROID,工作/文件,OFFLINE_CACHE,离线缓存,展示可用缓存并明确其不是最新数据。,refresh_when_online,P05-015,P05,P05-W03,YL-A-049-S06_OFFLINE_CACHE,ui/mockups/android/YL-A-049/YL-A-049-S06_OFFLINE_CACHE.png,PAGE,YL-A-077,95866d825684cbc9
YL-A-049-S07_NETWORK_ERROR,YL-A-049,ANDROID,工作/文件,NETWORK_ERROR,网络连接失败,网络不可达或 DNS/TLS 失败，提供重试。,retry,P05-015,P05,P05-W03,YL-A-049-S07_NETWORK_ERROR,ui/mockups/android/YL-A-049/YL-A-049-S07_NETWORK_ERROR.png,PAGE,YL-A-077,95866d825684cbc9
YL-A-049-S08_SERVER_ERROR,YL-A-049,ANDROID,工作/文件,SERVER_ERROR,服务异常,服务端 5xx，显示请求 ID，不暴露堆栈。,retry_or_status,P05-015,P05,P05-W03,YL-A-049-S08_SERVER_ERROR,ui/mockups/android/YL-A-049/YL-A-049-S08_SERVER_ERROR.png,PAGE,YL-A-077,95866d825684cbc9
YL-A-049-S09_PERMISSION_DENIED,YL-A-049,ANDROID,工作/文件,PERMISSION_DENIED,权限不足,不泄露资源存在性，说明所需权限或返回。,back_or_request_access,P05-015,P05,P05-W03,YL-A-049-S09_PERMISSION_DENIED,ui/mockups/android/YL-A-049/YL-A-049-S09_PERMISSION_DENIED.png,PAGE,YL-A-077,95866d825684cbc9
YL-A-050-S01_LOADING,YL-A-050,ANDROID,文件搜索,LOADING,加载中,使用与最终布局一致的 Skeleton，禁止无限 Loading。,automatic_or_retry,P05-016,P05,P05-W03,YL-A-050-S01_LOADING,ui/mockups/android/YL-A-050/YL-A-050-S01_LOADING.png,PAGE,YL-A-049,20735db17c3aeaeb
YL-A-050-S02_POPULATED,YL-A-050,ANDROID,文件搜索,POPULATED,有数据,真实结构化数据已加载。,none,P05-016,P05,P05-W03,YL-A-050-S02_POPULATED,ui/mockups/android/YL-A-050/YL-A-050-S02_POPULATED.png,PAGE,YL-A-049,20735db17c3aeaeb
YL-A-050-S03_EMPTY,YL-A-050,ANDROID,文件搜索,EMPTY,空数据,显示原因、下一步和主操作；不得使用伪造内容填满。,primary_action_or_refresh,P05-016,P05,P05-W03,YL-A-050-S03_EMPTY,ui/mockups/android/YL-A-050/YL-A-050-S03_EMPTY.png,PAGE,YL-A-049,20735db17c3aeaeb
YL-A-050-S04_REFRESHING,YL-A-050,ANDROID,文件搜索,REFRESHING,刷新中,保留已有内容并显示局部刷新，不清空整页。,automatic,P05-016,P05,P05-W03,YL-A-050-S04_REFRESHING,ui/mockups/android/YL-A-050/YL-A-050-S04_REFRESHING.png,PAGE,YL-A-049,20735db17c3aeaeb
YL-A-050-S05_FILTER_ACTIVE,YL-A-050,ANDROID,文件搜索,FILTER_ACTIVE,筛选生效,清晰展示筛选条件和结果数量。,clear_filter,P05-016,P05,P05-W03,YL-A-050-S05_FILTER_ACTIVE,ui/mockups/android/YL-A-050/YL-A-050-S05_FILTER_ACTIVE.png,PAGE,YL-A-049,20735db17c3aeaeb
YL-A-050-S06_OFFLINE_CACHE,YL-A-050,ANDROID,文件搜索,OFFLINE_CACHE,离线缓存,展示可用缓存并明确其不是最新数据。,refresh_when_online,P05-016,P05,P05-W03,YL-A-050-S06_OFFLINE_CACHE,ui/mockups/android/YL-A-050/YL-A-050-S06_OFFLINE_CACHE.png,PAGE,YL-A-049,20735db17c3aeaeb
YL-A-050-S07_NETWORK_ERROR,YL-A-050,ANDROID,文件搜索,NETWORK_ERROR,网络连接失败,网络不可达或 DNS/TLS 失败，提供重试。,retry,P05-016,P05,P05-W03,YL-A-050-S07_NETWORK_ERROR,ui/mockups/android/YL-A-050/YL-A-050-S07_NETWORK_ERROR.png,PAGE,YL-A-049,20735db17c3aeaeb
YL-A-050-S08_SERVER_ERROR,YL-A-050,ANDROID,文件搜索,SERVER_ERROR,服务异常,服务端 5xx，显示请求 ID，不暴露堆栈。,retry_or_status,P05-016,P05,P05-W03,YL-A-050-S08_SERVER_ERROR,ui/mockups/android/YL-A-050/YL-A-050-S08_SERVER_ERROR.png,PAGE,YL-A-049,20735db17c3aeaeb
YL-A-050-S09_PERMISSION_DENIED,YL-A-050,ANDROID,文件搜索,PERMISSION_DENIED,权限不足,不泄露资源存在性，说明所需权限或返回。,back_or_request_access,P05-016,P05,P05-W03,YL-A-050-S09_PERMISSION_DENIED,ui/mockups/android/YL-A-050/YL-A-050-S09_PERMISSION_DENIED.png,PAGE,YL-A-049,20735db17c3aeaeb
YL-A-051-S01_DEFAULT,YL-A-051,ANDROID,文件菜单,DEFAULT,默认/可操作,数据与控件处于正常可操作状态。,none,P05-017|P05-019,P05,P05-W03,YL-A-051-S01_DEFAULT,ui/mockups/android/YL-A-051/YL-A-051-S01_DEFAULT.png,OVERLAY,YL-A-052,0313ef2f5fc02907
YL-A-051-S02_SUBMITTING,YL-A-051,ANDROID,文件菜单,SUBMITTING,提交中,主按钮保留尺寸并显示进度，禁止重复提交。,wait_or_cancel_if_supported,P05-017|P05-019,P05,P05-W03,YL-A-051-S02_SUBMITTING,ui/mockups/android/YL-A-051/YL-A-051-S02_SUBMITTING.png,OVERLAY,YL-A-052,0313ef2f5fc02907
YL-A-051-S03_SUCCESS,YL-A-051,ANDROID,文件菜单,SUCCESS,操作成功,使用 Snackbar、结果页或成功卡，按合同给出下一步。,continue,P05-017|P05-019,P05,P05-W03,YL-A-051-S03_SUCCESS,ui/mockups/android/YL-A-051/YL-A-051-S03_SUCCESS.png,OVERLAY,YL-A-052,0313ef2f5fc02907
YL-A-051-S04_SAVE_ERROR,YL-A-051,ANDROID,文件菜单,SAVE_ERROR,保存失败,保留用户输入，显示稳定错误码和重试动作。,retry,P05-017|P05-019,P05,P05-W03,YL-A-051-S04_SAVE_ERROR,ui/mockups/android/YL-A-051/YL-A-051-S04_SAVE_ERROR.png,OVERLAY,YL-A-052,0313ef2f5fc02907
YL-A-051-S05_DISABLED,YL-A-051,ANDROID,文件菜单,DISABLED,不可用,控件不可用并提供原因，不仅降低透明度。,resolve_prerequisite,P05-017|P05-019,P05,P05-W03,YL-A-051-S05_DISABLED,ui/mockups/android/YL-A-051/YL-A-051-S05_DISABLED.png,OVERLAY,YL-A-052,0313ef2f5fc02907
YL-A-052-S01_LOADING,YL-A-052,ANDROID,文件详情,LOADING,加载中,使用与最终布局一致的 Skeleton，禁止无限 Loading。,automatic_or_retry,P05-018,P05,P05-W03,YL-A-052-S01_LOADING,ui/mockups/android/YL-A-052/YL-A-052-S01_LOADING.png,PAGE,YL-A-049,216cd3daf9dbc52d
YL-A-052-S02_POPULATED,YL-A-052,ANDROID,文件详情,POPULATED,有数据,真实结构化数据已加载。,none,P05-018,P05,P05-W03,YL-A-052-S02_POPULATED,ui/mockups/android/YL-A-052/YL-A-052-S02_POPULATED.png,PAGE,YL-A-049,216cd3daf9dbc52d
YL-A-052-S03_NOT_FOUND,YL-A-052,ANDROID,文件详情,NOT_FOUND,内容不存在,资源不存在、已删除或不可访问。,back,P05-018,P05,P05-W03,YL-A-052-S03_NOT_FOUND,ui/mockups/android/YL-A-052/YL-A-052-S03_NOT_FOUND.png,PAGE,YL-A-049,216cd3daf9dbc52d
YL-A-052-S04_EDIT_MODE,YL-A-052,ANDROID,文件详情,EDIT_MODE,编辑状态,可编辑字段与只读字段明显区分。,save_or_cancel,P05-018,P05,P05-W03,YL-A-052-S04_EDIT_MODE,ui/mockups/android/YL-A-052/YL-A-052-S04_EDIT_MODE.png,PAGE,YL-A-049,216cd3daf9dbc52d
YL-A-052-S05_DIRTY,YL-A-052,ANDROID,文件详情,DIRTY,存在未保存修改,离开或关闭前必须确认。,save_or_discard,P05-018,P05,P05-W03,YL-A-052-S05_DIRTY,ui/mockups/android/YL-A-052/YL-A-052-S05_DIRTY.png,PAGE,YL-A-049,216cd3daf9dbc52d
YL-A-052-S06_SAVE_SUCCESS,YL-A-052,ANDROID,文件详情,SAVE_SUCCESS,保存成功,保存结果明确且数据回读一致。,continue,P05-018,P05,P05-W03,YL-A-052-S06_SAVE_SUCCESS,ui/mockups/android/YL-A-052/YL-A-052-S06_SAVE_SUCCESS.png,PAGE,YL-A-049,216cd3daf9dbc52d
YL-A-052-S07_SAVE_ERROR,YL-A-052,ANDROID,文件详情,SAVE_ERROR,保存失败,保留用户输入，显示稳定错误码和重试动作。,retry,P05-018,P05,P05-W03,YL-A-052-S07_SAVE_ERROR,ui/mockups/android/YL-A-052/YL-A-052-S07_SAVE_ERROR.png,PAGE,YL-A-049,216cd3daf9dbc52d
YL-A-052-S08_OFFLINE,YL-A-052,ANDROID,文件详情,OFFLINE,离线,说明当前离线；有缓存时显示缓存来源与时间。,retry_when_online,P05-018,P05,P05-W03,YL-A-052-S08_OFFLINE,ui/mockups/android/YL-A-052/YL-A-052-S08_OFFLINE.png,PAGE,YL-A-049,216cd3daf9dbc52d
YL-A-052-S09_PERMISSION_DENIED,YL-A-052,ANDROID,文件详情,PERMISSION_DENIED,权限不足,不泄露资源存在性，说明所需权限或返回。,back_or_request_access,P05-018,P05,P05-W03,YL-A-052-S09_PERMISSION_DENIED,ui/mockups/android/YL-A-052/YL-A-052-S09_PERMISSION_DENIED.png,PAGE,YL-A-049,216cd3daf9dbc52d
YL-A-053-S01_LOADING,YL-A-053,ANDROID,工作/项目,LOADING,加载中,使用与最终布局一致的 Skeleton，禁止无限 Loading。,automatic_or_retry,P06-001,P06,P06-W01,YL-A-053-S01_LOADING,ui/mockups/android/YL-A-053/YL-A-053-S01_LOADING.png,PAGE,YL-A-077,1d89c299f7d86957
YL-A-053-S02_POPULATED,YL-A-053,ANDROID,工作/项目,POPULATED,有数据,真实结构化数据已加载。,none,P06-001,P06,P06-W01,YL-A-053-S02_POPULATED,ui/mockups/android/YL-A-053/YL-A-053-S02_POPULATED.png,PAGE,YL-A-077,1d89c299f7d86957
YL-A-053-S03_EMPTY,YL-A-053,ANDROID,工作/项目,EMPTY,空数据,显示原因、下一步和主操作；不得使用伪造内容填满。,primary_action_or_refresh,P06-001,P06,P06-W01,YL-A-053-S03_EMPTY,ui/mockups/android/YL-A-053/YL-A-053-S03_EMPTY.png,PAGE,YL-A-077,1d89c299f7d86957
YL-A-053-S04_REFRESHING,YL-A-053,ANDROID,工作/项目,REFRESHING,刷新中,保留已有内容并显示局部刷新，不清空整页。,automatic,P06-001,P06,P06-W01,YL-A-053-S04_REFRESHING,ui/mockups/android/YL-A-053/YL-A-053-S04_REFRESHING.png,PAGE,YL-A-077,1d89c299f7d86957
YL-A-053-S05_FILTER_ACTIVE,YL-A-053,ANDROID,工作/项目,FILTER_ACTIVE,筛选生效,清晰展示筛选条件和结果数量。,clear_filter,P06-001,P06,P06-W01,YL-A-053-S05_FILTER_ACTIVE,ui/mockups/android/YL-A-053/YL-A-053-S05_FILTER_ACTIVE.png,PAGE,YL-A-077,1d89c299f7d86957
YL-A-053-S06_OFFLINE_CACHE,YL-A-053,ANDROID,工作/项目,OFFLINE_CACHE,离线缓存,展示可用缓存并明确其不是最新数据。,refresh_when_online,P06-001,P06,P06-W01,YL-A-053-S06_OFFLINE_CACHE,ui/mockups/android/YL-A-053/YL-A-053-S06_OFFLINE_CACHE.png,PAGE,YL-A-077,1d89c299f7d86957
YL-A-053-S07_NETWORK_ERROR,YL-A-053,ANDROID,工作/项目,NETWORK_ERROR,网络连接失败,网络不可达或 DNS/TLS 失败，提供重试。,retry,P06-001,P06,P06-W01,YL-A-053-S07_NETWORK_ERROR,ui/mockups/android/YL-A-053/YL-A-053-S07_NETWORK_ERROR.png,PAGE,YL-A-077,1d89c299f7d86957
YL-A-053-S08_SERVER_ERROR,YL-A-053,ANDROID,工作/项目,SERVER_ERROR,服务异常,服务端 5xx，显示请求 ID，不暴露堆栈。,retry_or_status,P06-001,P06,P06-W01,YL-A-053-S08_SERVER_ERROR,ui/mockups/android/YL-A-053/YL-A-053-S08_SERVER_ERROR.png,PAGE,YL-A-077,1d89c299f7d86957
YL-A-053-S09_PERMISSION_DENIED,YL-A-053,ANDROID,工作/项目,PERMISSION_DENIED,权限不足,不泄露资源存在性，说明所需权限或返回。,back_or_request_access,P06-001,P06,P06-W01,YL-A-053-S09_PERMISSION_DENIED,ui/mockups/android/YL-A-053/YL-A-053-S09_PERMISSION_DENIED.png,PAGE,YL-A-077,1d89c299f7d86957
YL-A-054-S01_DEFAULT,YL-A-054,ANDROID,新建项目,DEFAULT,默认/可操作,数据与控件处于正常可操作状态。,none,P06-002,P06,P06-W01,YL-A-054-S01_DEFAULT,ui/mockups/android/YL-A-054/YL-A-054-S01_DEFAULT.png,PAGE,YL-A-053,ec3df510adca1fd4
YL-A-054-S02_INPUT_FOCUSED,YL-A-054,ANDROID,新建项目,INPUT_FOCUSED,输入聚焦,键盘弹出、焦点环和辅助文案布局稳定。,none,P06-002,P06,P06-W01,YL-A-054-S02_INPUT_FOCUSED,ui/mockups/android/YL-A-054/YL-A-054-S02_INPUT_FOCUSED.png,PAGE,YL-A-053,ec3df510adca1fd4
YL-A-054-S03_VALIDATION_ERROR,YL-A-054,ANDROID,新建项目,VALIDATION_ERROR,表单校验失败,字段级错误紧邻字段，首个错误获得焦点。,correct_input,P06-002,P06,P06-W01,YL-A-054-S03_VALIDATION_ERROR,ui/mockups/android/YL-A-054/YL-A-054-S03_VALIDATION_ERROR.png,PAGE,YL-A-053,ec3df510adca1fd4
YL-A-054-S04_SUBMITTING,YL-A-054,ANDROID,新建项目,SUBMITTING,提交中,主按钮保留尺寸并显示进度，禁止重复提交。,wait_or_cancel_if_supported,P06-002,P06,P06-W01,YL-A-054-S04_SUBMITTING,ui/mockups/android/YL-A-054/YL-A-054-S04_SUBMITTING.png,PAGE,YL-A-053,ec3df510adca1fd4
YL-A-054-S05_SUCCESS,YL-A-054,ANDROID,新建项目,SUCCESS,操作成功,使用 Snackbar、结果页或成功卡，按合同给出下一步。,continue,P06-002,P06,P06-W01,YL-A-054-S05_SUCCESS,ui/mockups/android/YL-A-054/YL-A-054-S05_SUCCESS.png,PAGE,YL-A-053,ec3df510adca1fd4
YL-A-054-S06_SAVE_ERROR,YL-A-054,ANDROID,新建项目,SAVE_ERROR,保存失败,保留用户输入，显示稳定错误码和重试动作。,retry,P06-002,P06,P06-W01,YL-A-054-S06_SAVE_ERROR,ui/mockups/android/YL-A-054/YL-A-054-S06_SAVE_ERROR.png,PAGE,YL-A-053,ec3df510adca1fd4
YL-A-054-S07_OFFLINE,YL-A-054,ANDROID,新建项目,OFFLINE,离线,说明当前离线；有缓存时显示缓存来源与时间。,retry_when_online,P06-002,P06,P06-W01,YL-A-054-S07_OFFLINE,ui/mockups/android/YL-A-054/YL-A-054-S07_OFFLINE.png,PAGE,YL-A-053,ec3df510adca1fd4
YL-A-054-S08_DISABLED,YL-A-054,ANDROID,新建项目,DISABLED,不可用,控件不可用并提供原因，不仅降低透明度。,resolve_prerequisite,P06-002,P06,P06-W01,YL-A-054-S08_DISABLED,ui/mockups/android/YL-A-054/YL-A-054-S08_DISABLED.png,PAGE,YL-A-053,ec3df510adca1fd4
YL-A-055-S01_LOADING,YL-A-055,ANDROID,项目详情,LOADING,加载中,使用与最终布局一致的 Skeleton，禁止无限 Loading。,automatic_or_retry,P06-003,P06,P06-W01,YL-A-055-S01_LOADING,ui/mockups/android/YL-A-055/YL-A-055-S01_LOADING.png,PAGE,YL-A-053,96d3fccd96efcb2d
YL-A-055-S02_POPULATED,YL-A-055,ANDROID,项目详情,POPULATED,有数据,真实结构化数据已加载。,none,P06-003,P06,P06-W01,YL-A-055-S02_POPULATED,ui/mockups/android/YL-A-055/YL-A-055-S02_POPULATED.png,PAGE,YL-A-053,96d3fccd96efcb2d
YL-A-055-S03_NOT_FOUND,YL-A-055,ANDROID,项目详情,NOT_FOUND,内容不存在,资源不存在、已删除或不可访问。,back,P06-003,P06,P06-W01,YL-A-055-S03_NOT_FOUND,ui/mockups/android/YL-A-055/YL-A-055-S03_NOT_FOUND.png,PAGE,YL-A-053,96d3fccd96efcb2d
YL-A-055-S04_EDIT_MODE,YL-A-055,ANDROID,项目详情,EDIT_MODE,编辑状态,可编辑字段与只读字段明显区分。,save_or_cancel,P06-003,P06,P06-W01,YL-A-055-S04_EDIT_MODE,ui/mockups/android/YL-A-055/YL-A-055-S04_EDIT_MODE.png,PAGE,YL-A-053,96d3fccd96efcb2d
YL-A-055-S05_DIRTY,YL-A-055,ANDROID,项目详情,DIRTY,存在未保存修改,离开或关闭前必须确认。,save_or_discard,P06-003,P06,P06-W01,YL-A-055-S05_DIRTY,ui/mockups/android/YL-A-055/YL-A-055-S05_DIRTY.png,PAGE,YL-A-053,96d3fccd96efcb2d
YL-A-055-S06_SAVE_SUCCESS,YL-A-055,ANDROID,项目详情,SAVE_SUCCESS,保存成功,保存结果明确且数据回读一致。,continue,P06-003,P06,P06-W01,YL-A-055-S06_SAVE_SUCCESS,ui/mockups/android/YL-A-055/YL-A-055-S06_SAVE_SUCCESS.png,PAGE,YL-A-053,96d3fccd96efcb2d
YL-A-055-S07_SAVE_ERROR,YL-A-055,ANDROID,项目详情,SAVE_ERROR,保存失败,保留用户输入，显示稳定错误码和重试动作。,retry,P06-003,P06,P06-W01,YL-A-055-S07_SAVE_ERROR,ui/mockups/android/YL-A-055/YL-A-055-S07_SAVE_ERROR.png,PAGE,YL-A-053,96d3fccd96efcb2d
YL-A-055-S08_OFFLINE,YL-A-055,ANDROID,项目详情,OFFLINE,离线,说明当前离线；有缓存时显示缓存来源与时间。,retry_when_online,P06-003,P06,P06-W01,YL-A-055-S08_OFFLINE,ui/mockups/android/YL-A-055/YL-A-055-S08_OFFLINE.png,PAGE,YL-A-053,96d3fccd96efcb2d
YL-A-055-S09_PERMISSION_DENIED,YL-A-055,ANDROID,项目详情,PERMISSION_DENIED,权限不足,不泄露资源存在性，说明所需权限或返回。,back_or_request_access,P06-003,P06,P06-W01,YL-A-055-S09_PERMISSION_DENIED,ui/mockups/android/YL-A-055/YL-A-055-S09_PERMISSION_DENIED.png,PAGE,YL-A-053,96d3fccd96efcb2d
YL-A-056-S01_LOADING,YL-A-056,ANDROID,项目设置,LOADING,加载中,使用与最终布局一致的 Skeleton，禁止无限 Loading。,automatic_or_retry,P06-004|P06-005,P06,P06-W01,YL-A-056-S01_LOADING,ui/mockups/android/YL-A-056/YL-A-056-S01_LOADING.png,PAGE,YL-A-055,547c8777bcd7b517
YL-A-056-S02_POPULATED,YL-A-056,ANDROID,项目设置,POPULATED,有数据,真实结构化数据已加载。,none,P06-004|P06-005,P06,P06-W01,YL-A-056-S02_POPULATED,ui/mockups/android/YL-A-056/YL-A-056-S02_POPULATED.png,PAGE,YL-A-055,547c8777bcd7b517
YL-A-056-S03_EDIT_MODE,YL-A-056,ANDROID,项目设置,EDIT_MODE,编辑状态,可编辑字段与只读字段明显区分。,save_or_cancel,P06-004|P06-005,P06,P06-W01,YL-A-056-S03_EDIT_MODE,ui/mockups/android/YL-A-056/YL-A-056-S03_EDIT_MODE.png,PAGE,YL-A-055,547c8777bcd7b517
YL-A-056-S04_DIRTY,YL-A-056,ANDROID,项目设置,DIRTY,存在未保存修改,离开或关闭前必须确认。,save_or_discard,P06-004|P06-005,P06,P06-W01,YL-A-056-S04_DIRTY,ui/mockups/android/YL-A-056/YL-A-056-S04_DIRTY.png,PAGE,YL-A-055,547c8777bcd7b517
YL-A-056-S05_SUBMITTING,YL-A-056,ANDROID,项目设置,SUBMITTING,提交中,主按钮保留尺寸并显示进度，禁止重复提交。,wait_or_cancel_if_supported,P06-004|P06-005,P06,P06-W01,YL-A-056-S05_SUBMITTING,ui/mockups/android/YL-A-056/YL-A-056-S05_SUBMITTING.png,PAGE,YL-A-055,547c8777bcd7b517
YL-A-056-S06_SAVE_SUCCESS,YL-A-056,ANDROID,项目设置,SAVE_SUCCESS,保存成功,保存结果明确且数据回读一致。,continue,P06-004|P06-005,P06,P06-W01,YL-A-056-S06_SAVE_SUCCESS,ui/mockups/android/YL-A-056/YL-A-056-S06_SAVE_SUCCESS.png,PAGE,YL-A-055,547c8777bcd7b517
YL-A-056-S07_SAVE_ERROR,YL-A-056,ANDROID,项目设置,SAVE_ERROR,保存失败,保留用户输入，显示稳定错误码和重试动作。,retry,P06-004|P06-005,P06,P06-W01,YL-A-056-S07_SAVE_ERROR,ui/mockups/android/YL-A-056/YL-A-056-S07_SAVE_ERROR.png,PAGE,YL-A-055,547c8777bcd7b517
YL-A-056-S08_OFFLINE,YL-A-056,ANDROID,项目设置,OFFLINE,离线,说明当前离线；有缓存时显示缓存来源与时间。,retry_when_online,P06-004|P06-005,P06,P06-W01,YL-A-056-S08_OFFLINE,ui/mockups/android/YL-A-056/YL-A-056-S08_OFFLINE.png,PAGE,YL-A-055,547c8777bcd7b517
YL-A-057-S01_LOADING,YL-A-057,ANDROID,项目设置/指令,LOADING,加载中,使用与最终布局一致的 Skeleton，禁止无限 Loading。,automatic_or_retry,P06-006,P06,P06-W02,YL-A-057-S01_LOADING,ui/mockups/android/YL-A-057/YL-A-057-S01_LOADING.png,PAGE,YL-A-055,0b5a9046af5531e1
YL-A-057-S02_POPULATED,YL-A-057,ANDROID,项目设置/指令,POPULATED,有数据,真实结构化数据已加载。,none,P06-006,P06,P06-W02,YL-A-057-S02_POPULATED,ui/mockups/android/YL-A-057/YL-A-057-S02_POPULATED.png,PAGE,YL-A-055,0b5a9046af5531e1
YL-A-057-S03_EDIT_MODE,YL-A-057,ANDROID,项目设置/指令,EDIT_MODE,编辑状态,可编辑字段与只读字段明显区分。,save_or_cancel,P06-006,P06,P06-W02,YL-A-057-S03_EDIT_MODE,ui/mockups/android/YL-A-057/YL-A-057-S03_EDIT_MODE.png,PAGE,YL-A-055,0b5a9046af5531e1
YL-A-057-S04_DIRTY,YL-A-057,ANDROID,项目设置/指令,DIRTY,存在未保存修改,离开或关闭前必须确认。,save_or_discard,P06-006,P06,P06-W02,YL-A-057-S04_DIRTY,ui/mockups/android/YL-A-057/YL-A-057-S04_DIRTY.png,PAGE,YL-A-055,0b5a9046af5531e1
YL-A-057-S05_SUBMITTING,YL-A-057,ANDROID,项目设置/指令,SUBMITTING,提交中,主按钮保留尺寸并显示进度，禁止重复提交。,wait_or_cancel_if_supported,P06-006,P06,P06-W02,YL-A-057-S05_SUBMITTING,ui/mockups/android/YL-A-057/YL-A-057-S05_SUBMITTING.png,PAGE,YL-A-055,0b5a9046af5531e1
YL-A-057-S06_SAVE_SUCCESS,YL-A-057,ANDROID,项目设置/指令,SAVE_SUCCESS,保存成功,保存结果明确且数据回读一致。,continue,P06-006,P06,P06-W02,YL-A-057-S06_SAVE_SUCCESS,ui/mockups/android/YL-A-057/YL-A-057-S06_SAVE_SUCCESS.png,PAGE,YL-A-055,0b5a9046af5531e1
YL-A-057-S07_SAVE_ERROR,YL-A-057,ANDROID,项目设置/指令,SAVE_ERROR,保存失败,保留用户输入，显示稳定错误码和重试动作。,retry,P06-006,P06,P06-W02,YL-A-057-S07_SAVE_ERROR,ui/mockups/android/YL-A-057/YL-A-057-S07_SAVE_ERROR.png,PAGE,YL-A-055,0b5a9046af5531e1
YL-A-057-S08_OFFLINE,YL-A-057,ANDROID,项目设置/指令,OFFLINE,离线,说明当前离线；有缓存时显示缓存来源与时间。,retry_when_online,P06-006,P06,P06-W02,YL-A-057-S08_OFFLINE,ui/mockups/android/YL-A-057/YL-A-057-S08_OFFLINE.png,PAGE,YL-A-055,0b5a9046af5531e1
YL-A-058-S01_LOADING,YL-A-058,ANDROID,项目/资料,LOADING,加载中,使用与最终布局一致的 Skeleton，禁止无限 Loading。,automatic_or_retry,P06-008|P06-015|P06-016,P06,P06-W02|P06-W03|P06-W04,YL-A-058-S01_LOADING,ui/mockups/android/YL-A-058/YL-A-058-S01_LOADING.png,PAGE,YL-A-055,54def2a4e262cd9c
YL-A-058-S02_POPULATED,YL-A-058,ANDROID,项目/资料,POPULATED,有数据,真实结构化数据已加载。,none,P06-008|P06-015|P06-016,P06,P06-W02|P06-W03|P06-W04,YL-A-058-S02_POPULATED,ui/mockups/android/YL-A-058/YL-A-058-S02_POPULATED.png,PAGE,YL-A-055,54def2a4e262cd9c
YL-A-058-S03_EMPTY,YL-A-058,ANDROID,项目/资料,EMPTY,空数据,显示原因、下一步和主操作；不得使用伪造内容填满。,primary_action_or_refresh,P06-008|P06-015|P06-016,P06,P06-W02|P06-W03|P06-W04,YL-A-058-S03_EMPTY,ui/mockups/android/YL-A-058/YL-A-058-S03_EMPTY.png,PAGE,YL-A-055,54def2a4e262cd9c
YL-A-058-S04_REFRESHING,YL-A-058,ANDROID,项目/资料,REFRESHING,刷新中,保留已有内容并显示局部刷新，不清空整页。,automatic,P06-008|P06-015|P06-016,P06,P06-W02|P06-W03|P06-W04,YL-A-058-S04_REFRESHING,ui/mockups/android/YL-A-058/YL-A-058-S04_REFRESHING.png,PAGE,YL-A-055,54def2a4e262cd9c
YL-A-058-S05_FILTER_ACTIVE,YL-A-058,ANDROID,项目/资料,FILTER_ACTIVE,筛选生效,清晰展示筛选条件和结果数量。,clear_filter,P06-008|P06-015|P06-016,P06,P06-W02|P06-W03|P06-W04,YL-A-058-S05_FILTER_ACTIVE,ui/mockups/android/YL-A-058/YL-A-058-S05_FILTER_ACTIVE.png,PAGE,YL-A-055,54def2a4e262cd9c
YL-A-058-S06_OFFLINE_CACHE,YL-A-058,ANDROID,项目/资料,OFFLINE_CACHE,离线缓存,展示可用缓存并明确其不是最新数据。,refresh_when_online,P06-008|P06-015|P06-016,P06,P06-W02|P06-W03|P06-W04,YL-A-058-S06_OFFLINE_CACHE,ui/mockups/android/YL-A-058/YL-A-058-S06_OFFLINE_CACHE.png,PAGE,YL-A-055,54def2a4e262cd9c
YL-A-058-S07_NETWORK_ERROR,YL-A-058,ANDROID,项目/资料,NETWORK_ERROR,网络连接失败,网络不可达或 DNS/TLS 失败，提供重试。,retry,P06-008|P06-015|P06-016,P06,P06-W02|P06-W03|P06-W04,YL-A-058-S07_NETWORK_ERROR,ui/mockups/android/YL-A-058/YL-A-058-S07_NETWORK_ERROR.png,PAGE,YL-A-055,54def2a4e262cd9c
YL-A-058-S08_SERVER_ERROR,YL-A-058,ANDROID,项目/资料,SERVER_ERROR,服务异常,服务端 5xx，显示请求 ID，不暴露堆栈。,retry_or_status,P06-008|P06-015|P06-016,P06,P06-W02|P06-W03|P06-W04,YL-A-058-S08_SERVER_ERROR,ui/mockups/android/YL-A-058/YL-A-058-S08_SERVER_ERROR.png,PAGE,YL-A-055,54def2a4e262cd9c
YL-A-058-S09_PERMISSION_DENIED,YL-A-058,ANDROID,项目/资料,PERMISSION_DENIED,权限不足,不泄露资源存在性，说明所需权限或返回。,back_or_request_access,P06-008|P06-015|P06-016,P06,P06-W02|P06-W03|P06-W04,YL-A-058-S09_PERMISSION_DENIED,ui/mockups/android/YL-A-058/YL-A-058-S09_PERMISSION_DENIED.png,PAGE,YL-A-055,54def2a4e262cd9c
YL-A-059-S01_DEFAULT,YL-A-059,ANDROID,作品菜单,DEFAULT,默认/可操作,数据与控件处于正常可操作状态。,none,P06-009|P09-004,P06|P09,P06-W02|P09-W01,YL-A-059-S01_DEFAULT,ui/mockups/android/YL-A-059/YL-A-059-S01_DEFAULT.png,OVERLAY,YL-A-079,c805ff553084f209
YL-A-059-S02_SUBMITTING,YL-A-059,ANDROID,作品菜单,SUBMITTING,提交中,主按钮保留尺寸并显示进度，禁止重复提交。,wait_or_cancel_if_supported,P06-009|P09-004,P06|P09,P06-W02|P09-W01,YL-A-059-S02_SUBMITTING,ui/mockups/android/YL-A-059/YL-A-059-S02_SUBMITTING.png,OVERLAY,YL-A-079,c805ff553084f209
YL-A-059-S03_SUCCESS,YL-A-059,ANDROID,作品菜单,SUCCESS,操作成功,使用 Snackbar、结果页或成功卡，按合同给出下一步。,continue,P06-009|P09-004,P06|P09,P06-W02|P09-W01,YL-A-059-S03_SUCCESS,ui/mockups/android/YL-A-059/YL-A-059-S03_SUCCESS.png,OVERLAY,YL-A-079,c805ff553084f209
YL-A-059-S04_SAVE_ERROR,YL-A-059,ANDROID,作品菜单,SAVE_ERROR,保存失败,保留用户输入，显示稳定错误码和重试动作。,retry,P06-009|P09-004,P06|P09,P06-W02|P09-W01,YL-A-059-S04_SAVE_ERROR,ui/mockups/android/YL-A-059/YL-A-059-S04_SAVE_ERROR.png,OVERLAY,YL-A-079,c805ff553084f209
YL-A-059-S05_DISABLED,YL-A-059,ANDROID,作品菜单,DISABLED,不可用,控件不可用并提供原因，不仅降低透明度。,resolve_prerequisite,P06-009|P09-004,P06|P09,P06-W02|P09-W01,YL-A-059-S05_DISABLED,ui/mockups/android/YL-A-059/YL-A-059-S05_DISABLED.png,OVERLAY,YL-A-079,c805ff553084f209
YL-A-060-S01_DEFAULT,YL-A-060,ANDROID,项目知识引用组件,DEFAULT,默认/可操作,数据与控件处于正常可操作状态。,none,P06-014,P06,P06-W03,YL-A-060-S01_DEFAULT,ui/mockups/android/YL-A-060/YL-A-060-S01_DEFAULT.png,COMPONENT_BOARD,YL-A-026,45cfce5d491e08fc
YL-A-060-S02_COMPLETED,YL-A-060,ANDROID,项目知识引用组件,COMPLETED,生成完成,完整内容、来源、模型标签和操作栏可见。,continue,P06-014,P06,P06-W03,YL-A-060-S02_COMPLETED,ui/mockups/android/YL-A-060/YL-A-060-S02_COMPLETED.png,COMPONENT_BOARD,YL-A-026,45cfce5d491e08fc
YL-A-060-S03_NOT_FOUND,YL-A-060,ANDROID,项目知识引用组件,NOT_FOUND,内容不存在,资源不存在、已删除或不可访问。,back,P06-014,P06,P06-W03,YL-A-060-S03_NOT_FOUND,ui/mockups/android/YL-A-060/YL-A-060-S03_NOT_FOUND.png,COMPONENT_BOARD,YL-A-026,45cfce5d491e08fc
YL-A-060-S04_OFFLINE,YL-A-060,ANDROID,项目知识引用组件,OFFLINE,离线,说明当前离线；有缓存时显示缓存来源与时间。,retry_when_online,P06-014,P06,P06-W03,YL-A-060-S04_OFFLINE,ui/mockups/android/YL-A-060/YL-A-060-S04_OFFLINE.png,COMPONENT_BOARD,YL-A-026,45cfce5d491e08fc
YL-A-061-S01_LOADING,YL-A-061,ANDROID,工作/搜索,LOADING,加载中,使用与最终布局一致的 Skeleton，禁止无限 Loading。,automatic_or_retry,P06-017,P06,P06-W04,YL-A-061-S01_LOADING,ui/mockups/android/YL-A-061/YL-A-061-S01_LOADING.png,PAGE,YL-A-077,e3d52fe732358383
YL-A-061-S02_POPULATED,YL-A-061,ANDROID,工作/搜索,POPULATED,有数据,真实结构化数据已加载。,none,P06-017,P06,P06-W04,YL-A-061-S02_POPULATED,ui/mockups/android/YL-A-061/YL-A-061-S02_POPULATED.png,PAGE,YL-A-077,e3d52fe732358383
YL-A-061-S03_EMPTY,YL-A-061,ANDROID,工作/搜索,EMPTY,空数据,显示原因、下一步和主操作；不得使用伪造内容填满。,primary_action_or_refresh,P06-017,P06,P06-W04,YL-A-061-S03_EMPTY,ui/mockups/android/YL-A-061/YL-A-061-S03_EMPTY.png,PAGE,YL-A-077,e3d52fe732358383
YL-A-061-S04_REFRESHING,YL-A-061,ANDROID,工作/搜索,REFRESHING,刷新中,保留已有内容并显示局部刷新，不清空整页。,automatic,P06-017,P06,P06-W04,YL-A-061-S04_REFRESHING,ui/mockups/android/YL-A-061/YL-A-061-S04_REFRESHING.png,PAGE,YL-A-077,e3d52fe732358383
YL-A-061-S05_FILTER_ACTIVE,YL-A-061,ANDROID,工作/搜索,FILTER_ACTIVE,筛选生效,清晰展示筛选条件和结果数量。,clear_filter,P06-017,P06,P06-W04,YL-A-061-S05_FILTER_ACTIVE,ui/mockups/android/YL-A-061/YL-A-061-S05_FILTER_ACTIVE.png,PAGE,YL-A-077,e3d52fe732358383
YL-A-061-S06_OFFLINE_CACHE,YL-A-061,ANDROID,工作/搜索,OFFLINE_CACHE,离线缓存,展示可用缓存并明确其不是最新数据。,refresh_when_online,P06-017,P06,P06-W04,YL-A-061-S06_OFFLINE_CACHE,ui/mockups/android/YL-A-061/YL-A-061-S06_OFFLINE_CACHE.png,PAGE,YL-A-077,e3d52fe732358383
YL-A-061-S07_NETWORK_ERROR,YL-A-061,ANDROID,工作/搜索,NETWORK_ERROR,网络连接失败,网络不可达或 DNS/TLS 失败，提供重试。,retry,P06-017,P06,P06-W04,YL-A-061-S07_NETWORK_ERROR,ui/mockups/android/YL-A-061/YL-A-061-S07_NETWORK_ERROR.png,PAGE,YL-A-077,e3d52fe732358383
YL-A-061-S08_SERVER_ERROR,YL-A-061,ANDROID,工作/搜索,SERVER_ERROR,服务异常,服务端 5xx，显示请求 ID，不暴露堆栈。,retry_or_status,P06-017,P06,P06-W04,YL-A-061-S08_SERVER_ERROR,ui/mockups/android/YL-A-061/YL-A-061-S08_SERVER_ERROR.png,PAGE,YL-A-077,e3d52fe732358383
YL-A-061-S09_PERMISSION_DENIED,YL-A-061,ANDROID,工作/搜索,PERMISSION_DENIED,权限不足,不泄露资源存在性，说明所需权限或返回。,back_or_request_access,P06-017,P06,P06-W04,YL-A-061-S09_PERMISSION_DENIED,ui/mockups/android/YL-A-061/YL-A-061-S09_PERMISSION_DENIED.png,PAGE,YL-A-077,e3d52fe732358383
YL-A-062-S01_LOADING,YL-A-062,ANDROID,工作/图片,LOADING,加载中,使用与最终布局一致的 Skeleton，禁止无限 Loading。,automatic_or_retry,P07-001,P07,P07-W01,YL-A-062-S01_LOADING,ui/mockups/android/YL-A-062/YL-A-062-S01_LOADING.png,PAGE,YL-A-077,99ad182223d15edd
YL-A-062-S02_POPULATED,YL-A-062,ANDROID,工作/图片,POPULATED,有数据,真实结构化数据已加载。,none,P07-001,P07,P07-W01,YL-A-062-S02_POPULATED,ui/mockups/android/YL-A-062/YL-A-062-S02_POPULATED.png,PAGE,YL-A-077,99ad182223d15edd
YL-A-062-S03_NOT_FOUND,YL-A-062,ANDROID,工作/图片,NOT_FOUND,内容不存在,资源不存在、已删除或不可访问。,back,P07-001,P07,P07-W01,YL-A-062-S03_NOT_FOUND,ui/mockups/android/YL-A-062/YL-A-062-S03_NOT_FOUND.png,PAGE,YL-A-077,99ad182223d15edd
YL-A-062-S04_EDIT_MODE,YL-A-062,ANDROID,工作/图片,EDIT_MODE,编辑状态,可编辑字段与只读字段明显区分。,save_or_cancel,P07-001,P07,P07-W01,YL-A-062-S04_EDIT_MODE,ui/mockups/android/YL-A-062/YL-A-062-S04_EDIT_MODE.png,PAGE,YL-A-077,99ad182223d15edd
YL-A-062-S05_DIRTY,YL-A-062,ANDROID,工作/图片,DIRTY,存在未保存修改,离开或关闭前必须确认。,save_or_discard,P07-001,P07,P07-W01,YL-A-062-S05_DIRTY,ui/mockups/android/YL-A-062/YL-A-062-S05_DIRTY.png,PAGE,YL-A-077,99ad182223d15edd
YL-A-062-S06_SAVE_SUCCESS,YL-A-062,ANDROID,工作/图片,SAVE_SUCCESS,保存成功,保存结果明确且数据回读一致。,continue,P07-001,P07,P07-W01,YL-A-062-S06_SAVE_SUCCESS,ui/mockups/android/YL-A-062/YL-A-062-S06_SAVE_SUCCESS.png,PAGE,YL-A-077,99ad182223d15edd
YL-A-062-S07_SAVE_ERROR,YL-A-062,ANDROID,工作/图片,SAVE_ERROR,保存失败,保留用户输入，显示稳定错误码和重试动作。,retry,P07-001,P07,P07-W01,YL-A-062-S07_SAVE_ERROR,ui/mockups/android/YL-A-062/YL-A-062-S07_SAVE_ERROR.png,PAGE,YL-A-077,99ad182223d15edd
YL-A-062-S08_OFFLINE,YL-A-062,ANDROID,工作/图片,OFFLINE,离线,说明当前离线；有缓存时显示缓存来源与时间。,retry_when_online,P07-001,P07,P07-W01,YL-A-062-S08_OFFLINE,ui/mockups/android/YL-A-062/YL-A-062-S08_OFFLINE.png,PAGE,YL-A-077,99ad182223d15edd
YL-A-062-S09_PERMISSION_DENIED,YL-A-062,ANDROID,工作/图片,PERMISSION_DENIED,权限不足,不泄露资源存在性，说明所需权限或返回。,back_or_request_access,P07-001,P07,P07-W01,YL-A-062-S09_PERMISSION_DENIED,ui/mockups/android/YL-A-062/YL-A-062-S09_PERMISSION_DENIED.png,PAGE,YL-A-077,99ad182223d15edd
YL-A-063-S01_DEFAULT,YL-A-063,ANDROID,图片工作台,DEFAULT,默认/可操作,数据与控件处于正常可操作状态。,none,P07-002|P07-003|P07-004|P07-005|P07-006|P07-007|P07-008,P07,P07-W01|P07-W02,YL-A-063-S01_DEFAULT,ui/mockups/android/YL-A-063/YL-A-063-S01_DEFAULT.png,PAGE,YL-A-062,48d1081f6c3e5759
YL-A-063-S02_INPUT_FOCUSED,YL-A-063,ANDROID,图片工作台,INPUT_FOCUSED,输入聚焦,键盘弹出、焦点环和辅助文案布局稳定。,none,P07-002|P07-003|P07-004|P07-005|P07-006|P07-007|P07-008,P07,P07-W01|P07-W02,YL-A-063-S02_INPUT_FOCUSED,ui/mockups/android/YL-A-063/YL-A-063-S02_INPUT_FOCUSED.png,PAGE,YL-A-062,48d1081f6c3e5759
YL-A-063-S03_VALIDATION_ERROR,YL-A-063,ANDROID,图片工作台,VALIDATION_ERROR,表单校验失败,字段级错误紧邻字段，首个错误获得焦点。,correct_input,P07-002|P07-003|P07-004|P07-005|P07-006|P07-007|P07-008,P07,P07-W01|P07-W02,YL-A-063-S03_VALIDATION_ERROR,ui/mockups/android/YL-A-063/YL-A-063-S03_VALIDATION_ERROR.png,PAGE,YL-A-062,48d1081f6c3e5759
YL-A-063-S04_PREPARING,YL-A-063,ANDROID,图片工作台,PREPARING,准备任务,正在验证额度、文件和参数。,cancel_if_supported,P07-002|P07-003|P07-004|P07-005|P07-006|P07-007|P07-008,P07,P07-W01|P07-W02,YL-A-063-S04_PREPARING,ui/mockups/android/YL-A-063/YL-A-063-S04_PREPARING.png,PAGE,YL-A-062,48d1081f6c3e5759
YL-A-063-S05_RUNNING,YL-A-063,ANDROID,图片工作台,RUNNING,任务执行中,显示真实阶段和进度来源。,cancel_if_supported,P07-002|P07-003|P07-004|P07-005|P07-006|P07-007|P07-008,P07,P07-W01|P07-W02,YL-A-063-S05_RUNNING,ui/mockups/android/YL-A-063/YL-A-063-S05_RUNNING.png,PAGE,YL-A-062,48d1081f6c3e5759
YL-A-063-S06_SUCCESS,YL-A-063,ANDROID,图片工作台,SUCCESS,操作成功,使用 Snackbar、结果页或成功卡，按合同给出下一步。,continue,P07-002|P07-003|P07-004|P07-005|P07-006|P07-007|P07-008,P07,P07-W01|P07-W02,YL-A-063-S06_SUCCESS,ui/mockups/android/YL-A-063/YL-A-063-S06_SUCCESS.png,PAGE,YL-A-062,48d1081f6c3e5759
YL-A-063-S07_FAILED,YL-A-063,ANDROID,图片工作台,FAILED,任务失败,显示可理解原因、错误码和可重试条件。,retry_or_edit,P07-002|P07-003|P07-004|P07-005|P07-006|P07-007|P07-008,P07,P07-W01|P07-W02,YL-A-063-S07_FAILED,ui/mockups/android/YL-A-063/YL-A-063-S07_FAILED.png,PAGE,YL-A-062,48d1081f6c3e5759
YL-A-063-S08_OFFLINE,YL-A-063,ANDROID,图片工作台,OFFLINE,离线,说明当前离线；有缓存时显示缓存来源与时间。,retry_when_online,P07-002|P07-003|P07-004|P07-005|P07-006|P07-007|P07-008,P07,P07-W01|P07-W02,YL-A-063-S08_OFFLINE,ui/mockups/android/YL-A-063/YL-A-063-S08_OFFLINE.png,PAGE,YL-A-062,48d1081f6c3e5759
YL-A-064-S01_QUEUED,YL-A-064,ANDROID,任务详情,QUEUED,已排队,显示队列状态与提交时间，不伪造精确预计时间。,cancel,P07-010|P07-011|P07-012,P07,P07-W02,YL-A-064-S01_QUEUED,ui/mockups/android/YL-A-064/YL-A-064-S01_QUEUED.png,PAGE,YL-A-063,0a1cc3b2e43a2165
YL-A-064-S02_PREPARING,YL-A-064,ANDROID,任务详情,PREPARING,准备任务,正在验证额度、文件和参数。,cancel_if_supported,P07-010|P07-011|P07-012,P07,P07-W02,YL-A-064-S02_PREPARING,ui/mockups/android/YL-A-064/YL-A-064-S02_PREPARING.png,PAGE,YL-A-063,0a1cc3b2e43a2165
YL-A-064-S03_RUNNING,YL-A-064,ANDROID,任务详情,RUNNING,任务执行中,显示真实阶段和进度来源。,cancel_if_supported,P07-010|P07-011|P07-012,P07,P07-W02,YL-A-064-S03_RUNNING,ui/mockups/android/YL-A-064/YL-A-064-S03_RUNNING.png,PAGE,YL-A-063,0a1cc3b2e43a2165
YL-A-064-S04_CANCEL_CONFIRM,YL-A-064,ANDROID,任务详情,CANCEL_CONFIRM,确认取消,说明取消后的计费和产物处理。,confirm_or_back,P07-010|P07-011|P07-012,P07,P07-W02,YL-A-064-S04_CANCEL_CONFIRM,ui/mockups/android/YL-A-064/YL-A-064-S04_CANCEL_CONFIRM.png,PAGE,YL-A-063,0a1cc3b2e43a2165
YL-A-064-S05_CANCELLED,YL-A-064,ANDROID,任务详情,CANCELLED,任务已取消,显示已结算/解冻结果与重试入口。,restart,P07-010|P07-011|P07-012,P07,P07-W02,YL-A-064-S05_CANCELLED,ui/mockups/android/YL-A-064/YL-A-064-S05_CANCELLED.png,PAGE,YL-A-063,0a1cc3b2e43a2165
YL-A-064-S06_SUCCESS,YL-A-064,ANDROID,任务详情,SUCCESS,操作成功,使用 Snackbar、结果页或成功卡，按合同给出下一步。,continue,P07-010|P07-011|P07-012,P07,P07-W02,YL-A-064-S06_SUCCESS,ui/mockups/android/YL-A-064/YL-A-064-S06_SUCCESS.png,PAGE,YL-A-063,0a1cc3b2e43a2165
YL-A-064-S07_FAILED,YL-A-064,ANDROID,任务详情,FAILED,任务失败,显示可理解原因、错误码和可重试条件。,retry_or_edit,P07-010|P07-011|P07-012,P07,P07-W02,YL-A-064-S07_FAILED,ui/mockups/android/YL-A-064/YL-A-064-S07_FAILED.png,PAGE,YL-A-063,0a1cc3b2e43a2165
YL-A-064-S08_RETRYING,YL-A-064,ANDROID,任务详情,RETRYING,任务重试中,显示尝试次数和上限，禁止无限重试。,cancel,P07-010|P07-011|P07-012,P07,P07-W02,YL-A-064-S08_RETRYING,ui/mockups/android/YL-A-064/YL-A-064-S08_RETRYING.png,PAGE,YL-A-063,0a1cc3b2e43a2165
YL-A-064-S09_OFFLINE,YL-A-064,ANDROID,任务详情,OFFLINE,离线,说明当前离线；有缓存时显示缓存来源与时间。,retry_when_online,P07-010|P07-011|P07-012,P07,P07-W02,YL-A-064-S09_OFFLINE,ui/mockups/android/YL-A-064/YL-A-064-S09_OFFLINE.png,PAGE,YL-A-063,0a1cc3b2e43a2165
YL-A-065-S01_LOADING,YL-A-065,ANDROID,图片生成结果,LOADING,加载中,使用与最终布局一致的 Skeleton，禁止无限 Loading。,automatic_or_retry,P07-015,P07,P07-W03,YL-A-065-S01_LOADING,ui/mockups/android/YL-A-065/YL-A-065-S01_LOADING.png,PAGE,YL-A-064,ce1cd1b6671ddcaf
YL-A-065-S02_POPULATED,YL-A-065,ANDROID,图片生成结果,POPULATED,有数据,真实结构化数据已加载。,none,P07-015,P07,P07-W03,YL-A-065-S02_POPULATED,ui/mockups/android/YL-A-065/YL-A-065-S02_POPULATED.png,PAGE,YL-A-064,ce1cd1b6671ddcaf
YL-A-065-S03_EDIT_MODE,YL-A-065,ANDROID,图片生成结果,EDIT_MODE,编辑状态,可编辑字段与只读字段明显区分。,save_or_cancel,P07-015,P07,P07-W03,YL-A-065-S03_EDIT_MODE,ui/mockups/android/YL-A-065/YL-A-065-S03_EDIT_MODE.png,PAGE,YL-A-064,ce1cd1b6671ddcaf
YL-A-065-S04_DOWNLOADING,YL-A-065,ANDROID,图片生成结果,DOWNLOADING,下载更新,显示真实进度、网络策略和取消规则。,cancel_or_wait,P07-015,P07,P07-W03,YL-A-065-S04_DOWNLOADING,ui/mockups/android/YL-A-065/YL-A-065-S04_DOWNLOADING.png,PAGE,YL-A-064,ce1cd1b6671ddcaf
YL-A-065-S05_SUCCESS,YL-A-065,ANDROID,图片生成结果,SUCCESS,操作成功,使用 Snackbar、结果页或成功卡，按合同给出下一步。,continue,P07-015,P07,P07-W03,YL-A-065-S05_SUCCESS,ui/mockups/android/YL-A-065/YL-A-065-S05_SUCCESS.png,PAGE,YL-A-064,ce1cd1b6671ddcaf
YL-A-065-S06_SERVER_ERROR,YL-A-065,ANDROID,图片生成结果,SERVER_ERROR,服务异常,服务端 5xx，显示请求 ID，不暴露堆栈。,retry_or_status,P07-015,P07,P07-W03,YL-A-065-S06_SERVER_ERROR,ui/mockups/android/YL-A-065/YL-A-065-S06_SERVER_ERROR.png,PAGE,YL-A-064,ce1cd1b6671ddcaf
YL-A-065-S07_OFFLINE,YL-A-065,ANDROID,图片生成结果,OFFLINE,离线,说明当前离线；有缓存时显示缓存来源与时间。,retry_when_online,P07-015,P07,P07-W03,YL-A-065-S07_OFFLINE,ui/mockups/android/YL-A-065/YL-A-065-S07_OFFLINE.png,PAGE,YL-A-064,ce1cd1b6671ddcaf
YL-A-066-S01_LOADING,YL-A-066,ANDROID,图片作品详情,LOADING,加载中,使用与最终布局一致的 Skeleton，禁止无限 Loading。,automatic_or_retry,P07-016|P07-017,P07,P07-W03,YL-A-066-S01_LOADING,ui/mockups/android/YL-A-066/YL-A-066-S01_LOADING.png,PAGE,YL-A-065,d928d3ecbdfd76ef
YL-A-066-S02_POPULATED,YL-A-066,ANDROID,图片作品详情,POPULATED,有数据,真实结构化数据已加载。,none,P07-016|P07-017,P07,P07-W03,YL-A-066-S02_POPULATED,ui/mockups/android/YL-A-066/YL-A-066-S02_POPULATED.png,PAGE,YL-A-065,d928d3ecbdfd76ef
YL-A-066-S03_EDIT_MODE,YL-A-066,ANDROID,图片作品详情,EDIT_MODE,编辑状态,可编辑字段与只读字段明显区分。,save_or_cancel,P07-016|P07-017,P07,P07-W03,YL-A-066-S03_EDIT_MODE,ui/mockups/android/YL-A-066/YL-A-066-S03_EDIT_MODE.png,PAGE,YL-A-065,d928d3ecbdfd76ef
YL-A-066-S04_DOWNLOADING,YL-A-066,ANDROID,图片作品详情,DOWNLOADING,下载更新,显示真实进度、网络策略和取消规则。,cancel_or_wait,P07-016|P07-017,P07,P07-W03,YL-A-066-S04_DOWNLOADING,ui/mockups/android/YL-A-066/YL-A-066-S04_DOWNLOADING.png,PAGE,YL-A-065,d928d3ecbdfd76ef
YL-A-066-S05_SUCCESS,YL-A-066,ANDROID,图片作品详情,SUCCESS,操作成功,使用 Snackbar、结果页或成功卡，按合同给出下一步。,continue,P07-016|P07-017,P07,P07-W03,YL-A-066-S05_SUCCESS,ui/mockups/android/YL-A-066/YL-A-066-S05_SUCCESS.png,PAGE,YL-A-065,d928d3ecbdfd76ef
YL-A-066-S06_SERVER_ERROR,YL-A-066,ANDROID,图片作品详情,SERVER_ERROR,服务异常,服务端 5xx，显示请求 ID，不暴露堆栈。,retry_or_status,P07-016|P07-017,P07,P07-W03,YL-A-066-S06_SERVER_ERROR,ui/mockups/android/YL-A-066/YL-A-066-S06_SERVER_ERROR.png,PAGE,YL-A-065,d928d3ecbdfd76ef
YL-A-066-S07_OFFLINE,YL-A-066,ANDROID,图片作品详情,OFFLINE,离线,说明当前离线；有缓存时显示缓存来源与时间。,retry_when_online,P07-016|P07-017,P07,P07-W03,YL-A-066-S07_OFFLINE,ui/mockups/android/YL-A-066/YL-A-066-S07_OFFLINE.png,PAGE,YL-A-065,d928d3ecbdfd76ef
YL-A-067-S01_DEFAULT,YL-A-067,ANDROID,工作/PPT向导,DEFAULT,默认/可操作,数据与控件处于正常可操作状态。,none,P08-001,P08,P08-W01,YL-A-067-S01_DEFAULT,ui/mockups/android/YL-A-067/YL-A-067-S01_DEFAULT.png,PAGE,YL-A-077,c1c33b4868582636
YL-A-067-S02_INPUT_FOCUSED,YL-A-067,ANDROID,工作/PPT向导,INPUT_FOCUSED,输入聚焦,键盘弹出、焦点环和辅助文案布局稳定。,none,P08-001,P08,P08-W01,YL-A-067-S02_INPUT_FOCUSED,ui/mockups/android/YL-A-067/YL-A-067-S02_INPUT_FOCUSED.png,PAGE,YL-A-077,c1c33b4868582636
YL-A-067-S03_VALIDATION_ERROR,YL-A-067,ANDROID,工作/PPT向导,VALIDATION_ERROR,表单校验失败,字段级错误紧邻字段，首个错误获得焦点。,correct_input,P08-001,P08,P08-W01,YL-A-067-S03_VALIDATION_ERROR,ui/mockups/android/YL-A-067/YL-A-067-S03_VALIDATION_ERROR.png,PAGE,YL-A-077,c1c33b4868582636
YL-A-067-S04_PREPARING,YL-A-067,ANDROID,工作/PPT向导,PREPARING,准备任务,正在验证额度、文件和参数。,cancel_if_supported,P08-001,P08,P08-W01,YL-A-067-S04_PREPARING,ui/mockups/android/YL-A-067/YL-A-067-S04_PREPARING.png,PAGE,YL-A-077,c1c33b4868582636
YL-A-067-S05_RUNNING,YL-A-067,ANDROID,工作/PPT向导,RUNNING,任务执行中,显示真实阶段和进度来源。,cancel_if_supported,P08-001,P08,P08-W01,YL-A-067-S05_RUNNING,ui/mockups/android/YL-A-067/YL-A-067-S05_RUNNING.png,PAGE,YL-A-077,c1c33b4868582636
YL-A-067-S06_SUCCESS,YL-A-067,ANDROID,工作/PPT向导,SUCCESS,操作成功,使用 Snackbar、结果页或成功卡，按合同给出下一步。,continue,P08-001,P08,P08-W01,YL-A-067-S06_SUCCESS,ui/mockups/android/YL-A-067/YL-A-067-S06_SUCCESS.png,PAGE,YL-A-077,c1c33b4868582636
YL-A-067-S07_FAILED,YL-A-067,ANDROID,工作/PPT向导,FAILED,任务失败,显示可理解原因、错误码和可重试条件。,retry_or_edit,P08-001,P08,P08-W01,YL-A-067-S07_FAILED,ui/mockups/android/YL-A-067/YL-A-067-S07_FAILED.png,PAGE,YL-A-077,c1c33b4868582636
YL-A-067-S08_OFFLINE,YL-A-067,ANDROID,工作/PPT向导,OFFLINE,离线,说明当前离线；有缓存时显示缓存来源与时间。,retry_when_online,P08-001,P08,P08-W01,YL-A-067-S08_OFFLINE,ui/mockups/android/YL-A-067/YL-A-067-S08_OFFLINE.png,PAGE,YL-A-077,c1c33b4868582636
YL-A-068-S01_DEFAULT,YL-A-068,ANDROID,PPT向导/基本信息,DEFAULT,默认/可操作,数据与控件处于正常可操作状态。,none,P08-002,P08,P08-W01,YL-A-068-S01_DEFAULT,ui/mockups/android/YL-A-068/YL-A-068-S01_DEFAULT.png,PAGE,YL-A-067,35a0e8f94627e984
YL-A-068-S02_INPUT_FOCUSED,YL-A-068,ANDROID,PPT向导/基本信息,INPUT_FOCUSED,输入聚焦,键盘弹出、焦点环和辅助文案布局稳定。,none,P08-002,P08,P08-W01,YL-A-068-S02_INPUT_FOCUSED,ui/mockups/android/YL-A-068/YL-A-068-S02_INPUT_FOCUSED.png,PAGE,YL-A-067,35a0e8f94627e984
YL-A-068-S03_VALIDATION_ERROR,YL-A-068,ANDROID,PPT向导/基本信息,VALIDATION_ERROR,表单校验失败,字段级错误紧邻字段，首个错误获得焦点。,correct_input,P08-002,P08,P08-W01,YL-A-068-S03_VALIDATION_ERROR,ui/mockups/android/YL-A-068/YL-A-068-S03_VALIDATION_ERROR.png,PAGE,YL-A-067,35a0e8f94627e984
YL-A-068-S04_PREPARING,YL-A-068,ANDROID,PPT向导/基本信息,PREPARING,准备任务,正在验证额度、文件和参数。,cancel_if_supported,P08-002,P08,P08-W01,YL-A-068-S04_PREPARING,ui/mockups/android/YL-A-068/YL-A-068-S04_PREPARING.png,PAGE,YL-A-067,35a0e8f94627e984
YL-A-068-S05_RUNNING,YL-A-068,ANDROID,PPT向导/基本信息,RUNNING,任务执行中,显示真实阶段和进度来源。,cancel_if_supported,P08-002,P08,P08-W01,YL-A-068-S05_RUNNING,ui/mockups/android/YL-A-068/YL-A-068-S05_RUNNING.png,PAGE,YL-A-067,35a0e8f94627e984
YL-A-068-S06_SUCCESS,YL-A-068,ANDROID,PPT向导/基本信息,SUCCESS,操作成功,使用 Snackbar、结果页或成功卡，按合同给出下一步。,continue,P08-002,P08,P08-W01,YL-A-068-S06_SUCCESS,ui/mockups/android/YL-A-068/YL-A-068-S06_SUCCESS.png,PAGE,YL-A-067,35a0e8f94627e984
YL-A-068-S07_FAILED,YL-A-068,ANDROID,PPT向导/基本信息,FAILED,任务失败,显示可理解原因、错误码和可重试条件。,retry_or_edit,P08-002,P08,P08-W01,YL-A-068-S07_FAILED,ui/mockups/android/YL-A-068/YL-A-068-S07_FAILED.png,PAGE,YL-A-067,35a0e8f94627e984
YL-A-068-S08_OFFLINE,YL-A-068,ANDROID,PPT向导/基本信息,OFFLINE,离线,说明当前离线；有缓存时显示缓存来源与时间。,retry_when_online,P08-002,P08,P08-W01,YL-A-068-S08_OFFLINE,ui/mockups/android/YL-A-068/YL-A-068-S08_OFFLINE.png,PAGE,YL-A-067,35a0e8f94627e984
YL-A-069-S01_DEFAULT,YL-A-069,ANDROID,PPT向导/资料,DEFAULT,默认/可操作,数据与控件处于正常可操作状态。,none,P08-003,P08,P08-W01,YL-A-069-S01_DEFAULT,ui/mockups/android/YL-A-069/YL-A-069-S01_DEFAULT.png,PAGE,YL-A-067,478eb31029ab9af7
YL-A-069-S02_INPUT_FOCUSED,YL-A-069,ANDROID,PPT向导/资料,INPUT_FOCUSED,输入聚焦,键盘弹出、焦点环和辅助文案布局稳定。,none,P08-003,P08,P08-W01,YL-A-069-S02_INPUT_FOCUSED,ui/mockups/android/YL-A-069/YL-A-069-S02_INPUT_FOCUSED.png,PAGE,YL-A-067,478eb31029ab9af7
YL-A-069-S03_VALIDATION_ERROR,YL-A-069,ANDROID,PPT向导/资料,VALIDATION_ERROR,表单校验失败,字段级错误紧邻字段，首个错误获得焦点。,correct_input,P08-003,P08,P08-W01,YL-A-069-S03_VALIDATION_ERROR,ui/mockups/android/YL-A-069/YL-A-069-S03_VALIDATION_ERROR.png,PAGE,YL-A-067,478eb31029ab9af7
YL-A-069-S04_PREPARING,YL-A-069,ANDROID,PPT向导/资料,PREPARING,准备任务,正在验证额度、文件和参数。,cancel_if_supported,P08-003,P08,P08-W01,YL-A-069-S04_PREPARING,ui/mockups/android/YL-A-069/YL-A-069-S04_PREPARING.png,PAGE,YL-A-067,478eb31029ab9af7
YL-A-069-S05_RUNNING,YL-A-069,ANDROID,PPT向导/资料,RUNNING,任务执行中,显示真实阶段和进度来源。,cancel_if_supported,P08-003,P08,P08-W01,YL-A-069-S05_RUNNING,ui/mockups/android/YL-A-069/YL-A-069-S05_RUNNING.png,PAGE,YL-A-067,478eb31029ab9af7
YL-A-069-S06_SUCCESS,YL-A-069,ANDROID,PPT向导/资料,SUCCESS,操作成功,使用 Snackbar、结果页或成功卡，按合同给出下一步。,continue,P08-003,P08,P08-W01,YL-A-069-S06_SUCCESS,ui/mockups/android/YL-A-069/YL-A-069-S06_SUCCESS.png,PAGE,YL-A-067,478eb31029ab9af7
YL-A-069-S07_FAILED,YL-A-069,ANDROID,PPT向导/资料,FAILED,任务失败,显示可理解原因、错误码和可重试条件。,retry_or_edit,P08-003,P08,P08-W01,YL-A-069-S07_FAILED,ui/mockups/android/YL-A-069/YL-A-069-S07_FAILED.png,PAGE,YL-A-067,478eb31029ab9af7
YL-A-069-S08_OFFLINE,YL-A-069,ANDROID,PPT向导/资料,OFFLINE,离线,说明当前离线；有缓存时显示缓存来源与时间。,retry_when_online,P08-003,P08,P08-W01,YL-A-069-S08_OFFLINE,ui/mockups/android/YL-A-069/YL-A-069-S08_OFFLINE.png,PAGE,YL-A-067,478eb31029ab9af7
YL-A-070-S01_DEFAULT,YL-A-070,ANDROID,PPT向导/模板,DEFAULT,默认/可操作,数据与控件处于正常可操作状态。,none,P08-004,P08,P08-W01,YL-A-070-S01_DEFAULT,ui/mockups/android/YL-A-070/YL-A-070-S01_DEFAULT.png,PAGE,YL-A-067,841efb4aa6916caf
YL-A-070-S02_INPUT_FOCUSED,YL-A-070,ANDROID,PPT向导/模板,INPUT_FOCUSED,输入聚焦,键盘弹出、焦点环和辅助文案布局稳定。,none,P08-004,P08,P08-W01,YL-A-070-S02_INPUT_FOCUSED,ui/mockups/android/YL-A-070/YL-A-070-S02_INPUT_FOCUSED.png,PAGE,YL-A-067,841efb4aa6916caf
YL-A-070-S03_VALIDATION_ERROR,YL-A-070,ANDROID,PPT向导/模板,VALIDATION_ERROR,表单校验失败,字段级错误紧邻字段，首个错误获得焦点。,correct_input,P08-004,P08,P08-W01,YL-A-070-S03_VALIDATION_ERROR,ui/mockups/android/YL-A-070/YL-A-070-S03_VALIDATION_ERROR.png,PAGE,YL-A-067,841efb4aa6916caf
YL-A-070-S04_PREPARING,YL-A-070,ANDROID,PPT向导/模板,PREPARING,准备任务,正在验证额度、文件和参数。,cancel_if_supported,P08-004,P08,P08-W01,YL-A-070-S04_PREPARING,ui/mockups/android/YL-A-070/YL-A-070-S04_PREPARING.png,PAGE,YL-A-067,841efb4aa6916caf
YL-A-070-S05_RUNNING,YL-A-070,ANDROID,PPT向导/模板,RUNNING,任务执行中,显示真实阶段和进度来源。,cancel_if_supported,P08-004,P08,P08-W01,YL-A-070-S05_RUNNING,ui/mockups/android/YL-A-070/YL-A-070-S05_RUNNING.png,PAGE,YL-A-067,841efb4aa6916caf
YL-A-070-S06_SUCCESS,YL-A-070,ANDROID,PPT向导/模板,SUCCESS,操作成功,使用 Snackbar、结果页或成功卡，按合同给出下一步。,continue,P08-004,P08,P08-W01,YL-A-070-S06_SUCCESS,ui/mockups/android/YL-A-070/YL-A-070-S06_SUCCESS.png,PAGE,YL-A-067,841efb4aa6916caf
YL-A-070-S07_FAILED,YL-A-070,ANDROID,PPT向导/模板,FAILED,任务失败,显示可理解原因、错误码和可重试条件。,retry_or_edit,P08-004,P08,P08-W01,YL-A-070-S07_FAILED,ui/mockups/android/YL-A-070/YL-A-070-S07_FAILED.png,PAGE,YL-A-067,841efb4aa6916caf
YL-A-070-S08_OFFLINE,YL-A-070,ANDROID,PPT向导/模板,OFFLINE,离线,说明当前离线；有缓存时显示缓存来源与时间。,retry_when_online,P08-004,P08,P08-W01,YL-A-070-S08_OFFLINE,ui/mockups/android/YL-A-070/YL-A-070-S08_OFFLINE.png,PAGE,YL-A-067,841efb4aa6916caf
YL-A-071-S01_DEFAULT,YL-A-071,ANDROID,PPT向导/大纲,DEFAULT,默认/可操作,数据与控件处于正常可操作状态。,none,P08-005,P08,P08-W01,YL-A-071-S01_DEFAULT,ui/mockups/android/YL-A-071/YL-A-071-S01_DEFAULT.png,PAGE,YL-A-067,257f3d7c5e5c98ad
YL-A-071-S02_INPUT_FOCUSED,YL-A-071,ANDROID,PPT向导/大纲,INPUT_FOCUSED,输入聚焦,键盘弹出、焦点环和辅助文案布局稳定。,none,P08-005,P08,P08-W01,YL-A-071-S02_INPUT_FOCUSED,ui/mockups/android/YL-A-071/YL-A-071-S02_INPUT_FOCUSED.png,PAGE,YL-A-067,257f3d7c5e5c98ad
YL-A-071-S03_VALIDATION_ERROR,YL-A-071,ANDROID,PPT向导/大纲,VALIDATION_ERROR,表单校验失败,字段级错误紧邻字段，首个错误获得焦点。,correct_input,P08-005,P08,P08-W01,YL-A-071-S03_VALIDATION_ERROR,ui/mockups/android/YL-A-071/YL-A-071-S03_VALIDATION_ERROR.png,PAGE,YL-A-067,257f3d7c5e5c98ad
YL-A-071-S04_PREPARING,YL-A-071,ANDROID,PPT向导/大纲,PREPARING,准备任务,正在验证额度、文件和参数。,cancel_if_supported,P08-005,P08,P08-W01,YL-A-071-S04_PREPARING,ui/mockups/android/YL-A-071/YL-A-071-S04_PREPARING.png,PAGE,YL-A-067,257f3d7c5e5c98ad
YL-A-071-S05_RUNNING,YL-A-071,ANDROID,PPT向导/大纲,RUNNING,任务执行中,显示真实阶段和进度来源。,cancel_if_supported,P08-005,P08,P08-W01,YL-A-071-S05_RUNNING,ui/mockups/android/YL-A-071/YL-A-071-S05_RUNNING.png,PAGE,YL-A-067,257f3d7c5e5c98ad
YL-A-071-S06_SUCCESS,YL-A-071,ANDROID,PPT向导/大纲,SUCCESS,操作成功,使用 Snackbar、结果页或成功卡，按合同给出下一步。,continue,P08-005,P08,P08-W01,YL-A-071-S06_SUCCESS,ui/mockups/android/YL-A-071/YL-A-071-S06_SUCCESS.png,PAGE,YL-A-067,257f3d7c5e5c98ad
YL-A-071-S07_FAILED,YL-A-071,ANDROID,PPT向导/大纲,FAILED,任务失败,显示可理解原因、错误码和可重试条件。,retry_or_edit,P08-005,P08,P08-W01,YL-A-071-S07_FAILED,ui/mockups/android/YL-A-071/YL-A-071-S07_FAILED.png,PAGE,YL-A-067,257f3d7c5e5c98ad
YL-A-071-S08_OFFLINE,YL-A-071,ANDROID,PPT向导/大纲,OFFLINE,离线,说明当前离线；有缓存时显示缓存来源与时间。,retry_when_online,P08-005,P08,P08-W01,YL-A-071-S08_OFFLINE,ui/mockups/android/YL-A-071/YL-A-071-S08_OFFLINE.png,PAGE,YL-A-067,257f3d7c5e5c98ad
YL-A-072-S01_DEFAULT,YL-A-072,ANDROID,PPT大纲编辑,DEFAULT,默认/可操作,数据与控件处于正常可操作状态。,none,P08-006|P08-007,P08,P08-W01,YL-A-072-S01_DEFAULT,ui/mockups/android/YL-A-072/YL-A-072-S01_DEFAULT.png,PAGE,YL-A-071,6d74db9a0366e2d0
YL-A-072-S02_INPUT_FOCUSED,YL-A-072,ANDROID,PPT大纲编辑,INPUT_FOCUSED,输入聚焦,键盘弹出、焦点环和辅助文案布局稳定。,none,P08-006|P08-007,P08,P08-W01,YL-A-072-S02_INPUT_FOCUSED,ui/mockups/android/YL-A-072/YL-A-072-S02_INPUT_FOCUSED.png,PAGE,YL-A-071,6d74db9a0366e2d0
YL-A-072-S03_VALIDATION_ERROR,YL-A-072,ANDROID,PPT大纲编辑,VALIDATION_ERROR,表单校验失败,字段级错误紧邻字段，首个错误获得焦点。,correct_input,P08-006|P08-007,P08,P08-W01,YL-A-072-S03_VALIDATION_ERROR,ui/mockups/android/YL-A-072/YL-A-072-S03_VALIDATION_ERROR.png,PAGE,YL-A-071,6d74db9a0366e2d0
YL-A-072-S04_PREPARING,YL-A-072,ANDROID,PPT大纲编辑,PREPARING,准备任务,正在验证额度、文件和参数。,cancel_if_supported,P08-006|P08-007,P08,P08-W01,YL-A-072-S04_PREPARING,ui/mockups/android/YL-A-072/YL-A-072-S04_PREPARING.png,PAGE,YL-A-071,6d74db9a0366e2d0
YL-A-072-S05_RUNNING,YL-A-072,ANDROID,PPT大纲编辑,RUNNING,任务执行中,显示真实阶段和进度来源。,cancel_if_supported,P08-006|P08-007,P08,P08-W01,YL-A-072-S05_RUNNING,ui/mockups/android/YL-A-072/YL-A-072-S05_RUNNING.png,PAGE,YL-A-071,6d74db9a0366e2d0
YL-A-072-S06_SUCCESS,YL-A-072,ANDROID,PPT大纲编辑,SUCCESS,操作成功,使用 Snackbar、结果页或成功卡，按合同给出下一步。,continue,P08-006|P08-007,P08,P08-W01,YL-A-072-S06_SUCCESS,ui/mockups/android/YL-A-072/YL-A-072-S06_SUCCESS.png,PAGE,YL-A-071,6d74db9a0366e2d0
YL-A-072-S07_FAILED,YL-A-072,ANDROID,PPT大纲编辑,FAILED,任务失败,显示可理解原因、错误码和可重试条件。,retry_or_edit,P08-006|P08-007,P08,P08-W01,YL-A-072-S07_FAILED,ui/mockups/android/YL-A-072/YL-A-072-S07_FAILED.png,PAGE,YL-A-071,6d74db9a0366e2d0
YL-A-072-S08_OFFLINE,YL-A-072,ANDROID,PPT大纲编辑,OFFLINE,离线,说明当前离线；有缓存时显示缓存来源与时间。,retry_when_online,P08-006|P08-007,P08,P08-W01,YL-A-072-S08_OFFLINE,ui/mockups/android/YL-A-072/YL-A-072-S08_OFFLINE.png,PAGE,YL-A-071,6d74db9a0366e2d0
YL-A-073-S01_QUEUED,YL-A-073,ANDROID,PPT任务详情,QUEUED,已排队,显示队列状态与提交时间，不伪造精确预计时间。,cancel,P08-013,P08,P08-W02,YL-A-073-S01_QUEUED,ui/mockups/android/YL-A-073/YL-A-073-S01_QUEUED.png,PAGE,YL-A-072,090b546345cea9cd
YL-A-073-S02_PREPARING,YL-A-073,ANDROID,PPT任务详情,PREPARING,准备任务,正在验证额度、文件和参数。,cancel_if_supported,P08-013,P08,P08-W02,YL-A-073-S02_PREPARING,ui/mockups/android/YL-A-073/YL-A-073-S02_PREPARING.png,PAGE,YL-A-072,090b546345cea9cd
YL-A-073-S03_RUNNING,YL-A-073,ANDROID,PPT任务详情,RUNNING,任务执行中,显示真实阶段和进度来源。,cancel_if_supported,P08-013,P08,P08-W02,YL-A-073-S03_RUNNING,ui/mockups/android/YL-A-073/YL-A-073-S03_RUNNING.png,PAGE,YL-A-072,090b546345cea9cd
YL-A-073-S04_CANCEL_CONFIRM,YL-A-073,ANDROID,PPT任务详情,CANCEL_CONFIRM,确认取消,说明取消后的计费和产物处理。,confirm_or_back,P08-013,P08,P08-W02,YL-A-073-S04_CANCEL_CONFIRM,ui/mockups/android/YL-A-073/YL-A-073-S04_CANCEL_CONFIRM.png,PAGE,YL-A-072,090b546345cea9cd
YL-A-073-S05_CANCELLED,YL-A-073,ANDROID,PPT任务详情,CANCELLED,任务已取消,显示已结算/解冻结果与重试入口。,restart,P08-013,P08,P08-W02,YL-A-073-S05_CANCELLED,ui/mockups/android/YL-A-073/YL-A-073-S05_CANCELLED.png,PAGE,YL-A-072,090b546345cea9cd
YL-A-073-S06_SUCCESS,YL-A-073,ANDROID,PPT任务详情,SUCCESS,操作成功,使用 Snackbar、结果页或成功卡，按合同给出下一步。,continue,P08-013,P08,P08-W02,YL-A-073-S06_SUCCESS,ui/mockups/android/YL-A-073/YL-A-073-S06_SUCCESS.png,PAGE,YL-A-072,090b546345cea9cd
YL-A-073-S07_FAILED,YL-A-073,ANDROID,PPT任务详情,FAILED,任务失败,显示可理解原因、错误码和可重试条件。,retry_or_edit,P08-013,P08,P08-W02,YL-A-073-S07_FAILED,ui/mockups/android/YL-A-073/YL-A-073-S07_FAILED.png,PAGE,YL-A-072,090b546345cea9cd
YL-A-073-S08_RETRYING,YL-A-073,ANDROID,PPT任务详情,RETRYING,任务重试中,显示尝试次数和上限，禁止无限重试。,cancel,P08-013,P08,P08-W02,YL-A-073-S08_RETRYING,ui/mockups/android/YL-A-073/YL-A-073-S08_RETRYING.png,PAGE,YL-A-072,090b546345cea9cd
YL-A-073-S09_OFFLINE,YL-A-073,ANDROID,PPT任务详情,OFFLINE,离线,说明当前离线；有缓存时显示缓存来源与时间。,retry_when_online,P08-013,P08,P08-W02,YL-A-073-S09_OFFLINE,ui/mockups/android/YL-A-073/YL-A-073-S09_OFFLINE.png,PAGE,YL-A-072,090b546345cea9cd
YL-A-074-S01_LOADING,YL-A-074,ANDROID,PPT 预览编辑,LOADING,加载中,使用与最终布局一致的 Skeleton，禁止无限 Loading。,automatic_or_retry,P08-014|P08-015,P08,P08-W03,YL-A-074-S01_LOADING,ui/mockups/android/YL-A-074/YL-A-074-S01_LOADING.png,PAGE,YL-A-073,c09f40dc11767d15
YL-A-074-S02_POPULATED,YL-A-074,ANDROID,PPT 预览编辑,POPULATED,有数据,真实结构化数据已加载。,none,P08-014|P08-015,P08,P08-W03,YL-A-074-S02_POPULATED,ui/mockups/android/YL-A-074/YL-A-074-S02_POPULATED.png,PAGE,YL-A-073,c09f40dc11767d15
YL-A-074-S03_EDIT_MODE,YL-A-074,ANDROID,PPT 预览编辑,EDIT_MODE,编辑状态,可编辑字段与只读字段明显区分。,save_or_cancel,P08-014|P08-015,P08,P08-W03,YL-A-074-S03_EDIT_MODE,ui/mockups/android/YL-A-074/YL-A-074-S03_EDIT_MODE.png,PAGE,YL-A-073,c09f40dc11767d15
YL-A-074-S04_DOWNLOADING,YL-A-074,ANDROID,PPT 预览编辑,DOWNLOADING,下载更新,显示真实进度、网络策略和取消规则。,cancel_or_wait,P08-014|P08-015,P08,P08-W03,YL-A-074-S04_DOWNLOADING,ui/mockups/android/YL-A-074/YL-A-074-S04_DOWNLOADING.png,PAGE,YL-A-073,c09f40dc11767d15
YL-A-074-S05_SUCCESS,YL-A-074,ANDROID,PPT 预览编辑,SUCCESS,操作成功,使用 Snackbar、结果页或成功卡，按合同给出下一步。,continue,P08-014|P08-015,P08,P08-W03,YL-A-074-S05_SUCCESS,ui/mockups/android/YL-A-074/YL-A-074-S05_SUCCESS.png,PAGE,YL-A-073,c09f40dc11767d15
YL-A-074-S06_SERVER_ERROR,YL-A-074,ANDROID,PPT 预览编辑,SERVER_ERROR,服务异常,服务端 5xx，显示请求 ID，不暴露堆栈。,retry_or_status,P08-014|P08-015,P08,P08-W03,YL-A-074-S06_SERVER_ERROR,ui/mockups/android/YL-A-074/YL-A-074-S06_SERVER_ERROR.png,PAGE,YL-A-073,c09f40dc11767d15
YL-A-074-S07_OFFLINE,YL-A-074,ANDROID,PPT 预览编辑,OFFLINE,离线,说明当前离线；有缓存时显示缓存来源与时间。,retry_when_online,P08-014|P08-015,P08,P08-W03,YL-A-074-S07_OFFLINE,ui/mockups/android/YL-A-074/YL-A-074-S07_OFFLINE.png,PAGE,YL-A-073,c09f40dc11767d15
YL-A-075-S01_DEFAULT,YL-A-075,ANDROID,PPT单页编辑,DEFAULT,默认/可操作,数据与控件处于正常可操作状态。,none,P08-016|P08-017|P08-018,P08,P08-W03,YL-A-075-S01_DEFAULT,ui/mockups/android/YL-A-075/YL-A-075-S01_DEFAULT.png,PAGE,YL-A-074,7bea2e894c9b9b80
YL-A-075-S02_INPUT_FOCUSED,YL-A-075,ANDROID,PPT单页编辑,INPUT_FOCUSED,输入聚焦,键盘弹出、焦点环和辅助文案布局稳定。,none,P08-016|P08-017|P08-018,P08,P08-W03,YL-A-075-S02_INPUT_FOCUSED,ui/mockups/android/YL-A-075/YL-A-075-S02_INPUT_FOCUSED.png,PAGE,YL-A-074,7bea2e894c9b9b80
YL-A-075-S03_VALIDATION_ERROR,YL-A-075,ANDROID,PPT单页编辑,VALIDATION_ERROR,表单校验失败,字段级错误紧邻字段，首个错误获得焦点。,correct_input,P08-016|P08-017|P08-018,P08,P08-W03,YL-A-075-S03_VALIDATION_ERROR,ui/mockups/android/YL-A-075/YL-A-075-S03_VALIDATION_ERROR.png,PAGE,YL-A-074,7bea2e894c9b9b80
YL-A-075-S04_SUBMITTING,YL-A-075,ANDROID,PPT单页编辑,SUBMITTING,提交中,主按钮保留尺寸并显示进度，禁止重复提交。,wait_or_cancel_if_supported,P08-016|P08-017|P08-018,P08,P08-W03,YL-A-075-S04_SUBMITTING,ui/mockups/android/YL-A-075/YL-A-075-S04_SUBMITTING.png,PAGE,YL-A-074,7bea2e894c9b9b80
YL-A-075-S05_SUCCESS,YL-A-075,ANDROID,PPT单页编辑,SUCCESS,操作成功,使用 Snackbar、结果页或成功卡，按合同给出下一步。,continue,P08-016|P08-017|P08-018,P08,P08-W03,YL-A-075-S05_SUCCESS,ui/mockups/android/YL-A-075/YL-A-075-S05_SUCCESS.png,PAGE,YL-A-074,7bea2e894c9b9b80
YL-A-075-S06_SAVE_ERROR,YL-A-075,ANDROID,PPT单页编辑,SAVE_ERROR,保存失败,保留用户输入，显示稳定错误码和重试动作。,retry,P08-016|P08-017|P08-018,P08,P08-W03,YL-A-075-S06_SAVE_ERROR,ui/mockups/android/YL-A-075/YL-A-075-S06_SAVE_ERROR.png,PAGE,YL-A-074,7bea2e894c9b9b80
YL-A-075-S07_OFFLINE,YL-A-075,ANDROID,PPT单页编辑,OFFLINE,离线,说明当前离线；有缓存时显示缓存来源与时间。,retry_when_online,P08-016|P08-017|P08-018,P08,P08-W03,YL-A-075-S07_OFFLINE,ui/mockups/android/YL-A-075/YL-A-075-S07_OFFLINE.png,PAGE,YL-A-074,7bea2e894c9b9b80
YL-A-075-S08_DISABLED,YL-A-075,ANDROID,PPT单页编辑,DISABLED,不可用,控件不可用并提供原因，不仅降低透明度。,resolve_prerequisite,P08-016|P08-017|P08-018,P08,P08-W03,YL-A-075-S08_DISABLED,ui/mockups/android/YL-A-075/YL-A-075-S08_DISABLED.png,PAGE,YL-A-074,7bea2e894c9b9b80
YL-A-076-S01_LOADING,YL-A-076,ANDROID,PPT 作品详情,LOADING,加载中,使用与最终布局一致的 Skeleton，禁止无限 Loading。,automatic_or_retry,P08-020|P08-021,P08,P08-W04,YL-A-076-S01_LOADING,ui/mockups/android/YL-A-076/YL-A-076-S01_LOADING.png,PAGE,YL-A-074,ca2db578910fc388
YL-A-076-S02_POPULATED,YL-A-076,ANDROID,PPT 作品详情,POPULATED,有数据,真实结构化数据已加载。,none,P08-020|P08-021,P08,P08-W04,YL-A-076-S02_POPULATED,ui/mockups/android/YL-A-076/YL-A-076-S02_POPULATED.png,PAGE,YL-A-074,ca2db578910fc388
YL-A-076-S03_EDIT_MODE,YL-A-076,ANDROID,PPT 作品详情,EDIT_MODE,编辑状态,可编辑字段与只读字段明显区分。,save_or_cancel,P08-020|P08-021,P08,P08-W04,YL-A-076-S03_EDIT_MODE,ui/mockups/android/YL-A-076/YL-A-076-S03_EDIT_MODE.png,PAGE,YL-A-074,ca2db578910fc388
YL-A-076-S04_DOWNLOADING,YL-A-076,ANDROID,PPT 作品详情,DOWNLOADING,下载更新,显示真实进度、网络策略和取消规则。,cancel_or_wait,P08-020|P08-021,P08,P08-W04,YL-A-076-S04_DOWNLOADING,ui/mockups/android/YL-A-076/YL-A-076-S04_DOWNLOADING.png,PAGE,YL-A-074,ca2db578910fc388
YL-A-076-S05_SUCCESS,YL-A-076,ANDROID,PPT 作品详情,SUCCESS,操作成功,使用 Snackbar、结果页或成功卡，按合同给出下一步。,continue,P08-020|P08-021,P08,P08-W04,YL-A-076-S05_SUCCESS,ui/mockups/android/YL-A-076/YL-A-076-S05_SUCCESS.png,PAGE,YL-A-074,ca2db578910fc388
YL-A-076-S06_SERVER_ERROR,YL-A-076,ANDROID,PPT 作品详情,SERVER_ERROR,服务异常,服务端 5xx，显示请求 ID，不暴露堆栈。,retry_or_status,P08-020|P08-021,P08,P08-W04,YL-A-076-S06_SERVER_ERROR,ui/mockups/android/YL-A-076/YL-A-076-S06_SERVER_ERROR.png,PAGE,YL-A-074,ca2db578910fc388
YL-A-076-S07_OFFLINE,YL-A-076,ANDROID,PPT 作品详情,OFFLINE,离线,说明当前离线；有缓存时显示缓存来源与时间。,retry_when_online,P08-020|P08-021,P08,P08-W04,YL-A-076-S07_OFFLINE,ui/mockups/android/YL-A-076/YL-A-076-S07_OFFLINE.png,PAGE,YL-A-074,ca2db578910fc388
YL-A-077-S01_LOADING,YL-A-077,ANDROID,工作首页,LOADING,加载中,使用与最终布局一致的 Skeleton，禁止无限 Loading。,automatic_or_retry,P09-001,P09,P09-W01,YL-A-077-S01_LOADING,ui/mockups/android/YL-A-077/YL-A-077-S01_LOADING.png,PAGE,,cdc63752f83f1c3a
YL-A-077-S02_POPULATED,YL-A-077,ANDROID,工作首页,POPULATED,有数据,真实结构化数据已加载。,none,P09-001,P09,P09-W01,YL-A-077-S02_POPULATED,ui/mockups/android/YL-A-077/YL-A-077-S02_POPULATED.png,PAGE,,cdc63752f83f1c3a
YL-A-077-S03_EMPTY,YL-A-077,ANDROID,工作首页,EMPTY,空数据,显示原因、下一步和主操作；不得使用伪造内容填满。,primary_action_or_refresh,P09-001,P09,P09-W01,YL-A-077-S03_EMPTY,ui/mockups/android/YL-A-077/YL-A-077-S03_EMPTY.png,PAGE,,cdc63752f83f1c3a
YL-A-077-S04_REFRESHING,YL-A-077,ANDROID,工作首页,REFRESHING,刷新中,保留已有内容并显示局部刷新，不清空整页。,automatic,P09-001,P09,P09-W01,YL-A-077-S04_REFRESHING,ui/mockups/android/YL-A-077/YL-A-077-S04_REFRESHING.png,PAGE,,cdc63752f83f1c3a
YL-A-077-S05_OFFLINE_CACHE,YL-A-077,ANDROID,工作首页,OFFLINE_CACHE,离线缓存,展示可用缓存并明确其不是最新数据。,refresh_when_online,P09-001,P09,P09-W01,YL-A-077-S05_OFFLINE_CACHE,ui/mockups/android/YL-A-077/YL-A-077-S05_OFFLINE_CACHE.png,PAGE,,cdc63752f83f1c3a
YL-A-077-S06_NETWORK_ERROR,YL-A-077,ANDROID,工作首页,NETWORK_ERROR,网络连接失败,网络不可达或 DNS/TLS 失败，提供重试。,retry,P09-001,P09,P09-W01,YL-A-077-S06_NETWORK_ERROR,ui/mockups/android/YL-A-077/YL-A-077-S06_NETWORK_ERROR.png,PAGE,,cdc63752f83f1c3a
YL-A-077-S07_SERVICE_DEGRADED,YL-A-077,ANDROID,工作首页,SERVICE_DEGRADED,服务降级,展示受影响能力、替代通道和状态页入口。,choose_alternative_or_retry,P09-001,P09,P09-W01,YL-A-077-S07_SERVICE_DEGRADED,ui/mockups/android/YL-A-077/YL-A-077-S07_SERVICE_DEGRADED.png,PAGE,,cdc63752f83f1c3a
YL-A-078-S01_LOADING,YL-A-078,ANDROID,AI 工具目录,LOADING,加载中,使用与最终布局一致的 Skeleton，禁止无限 Loading。,automatic_or_retry,P09-002,P09,P09-W01,YL-A-078-S01_LOADING,ui/mockups/android/YL-A-078/YL-A-078-S01_LOADING.png,PAGE,YL-A-077,fce93be6cca23954
YL-A-078-S02_POPULATED,YL-A-078,ANDROID,AI 工具目录,POPULATED,有数据,真实结构化数据已加载。,none,P09-002,P09,P09-W01,YL-A-078-S02_POPULATED,ui/mockups/android/YL-A-078/YL-A-078-S02_POPULATED.png,PAGE,YL-A-077,fce93be6cca23954
YL-A-078-S03_EMPTY,YL-A-078,ANDROID,AI 工具目录,EMPTY,空数据,显示原因、下一步和主操作；不得使用伪造内容填满。,primary_action_or_refresh,P09-002,P09,P09-W01,YL-A-078-S03_EMPTY,ui/mockups/android/YL-A-078/YL-A-078-S03_EMPTY.png,PAGE,YL-A-077,fce93be6cca23954
YL-A-078-S04_REFRESHING,YL-A-078,ANDROID,AI 工具目录,REFRESHING,刷新中,保留已有内容并显示局部刷新，不清空整页。,automatic,P09-002,P09,P09-W01,YL-A-078-S04_REFRESHING,ui/mockups/android/YL-A-078/YL-A-078-S04_REFRESHING.png,PAGE,YL-A-077,fce93be6cca23954
YL-A-078-S05_OFFLINE_CACHE,YL-A-078,ANDROID,AI 工具目录,OFFLINE_CACHE,离线缓存,展示可用缓存并明确其不是最新数据。,refresh_when_online,P09-002,P09,P09-W01,YL-A-078-S05_OFFLINE_CACHE,ui/mockups/android/YL-A-078/YL-A-078-S05_OFFLINE_CACHE.png,PAGE,YL-A-077,fce93be6cca23954
YL-A-078-S06_NETWORK_ERROR,YL-A-078,ANDROID,AI 工具目录,NETWORK_ERROR,网络连接失败,网络不可达或 DNS/TLS 失败，提供重试。,retry,P09-002,P09,P09-W01,YL-A-078-S06_NETWORK_ERROR,ui/mockups/android/YL-A-078/YL-A-078-S06_NETWORK_ERROR.png,PAGE,YL-A-077,fce93be6cca23954
YL-A-078-S07_SERVICE_DEGRADED,YL-A-078,ANDROID,AI 工具目录,SERVICE_DEGRADED,服务降级,展示受影响能力、替代通道和状态页入口。,choose_alternative_or_retry,P09-002,P09,P09-W01,YL-A-078-S07_SERVICE_DEGRADED,ui/mockups/android/YL-A-078/YL-A-078-S07_SERVICE_DEGRADED.png,PAGE,YL-A-077,fce93be6cca23954
YL-A-079-S01_LOADING,YL-A-079,ANDROID,工作/作品,LOADING,加载中,使用与最终布局一致的 Skeleton，禁止无限 Loading。,automatic_or_retry,P09-003,P09,P09-W01,YL-A-079-S01_LOADING,ui/mockups/android/YL-A-079/YL-A-079-S01_LOADING.png,PAGE,YL-A-077,768a217a9a52b880
YL-A-079-S02_POPULATED,YL-A-079,ANDROID,工作/作品,POPULATED,有数据,真实结构化数据已加载。,none,P09-003,P09,P09-W01,YL-A-079-S02_POPULATED,ui/mockups/android/YL-A-079/YL-A-079-S02_POPULATED.png,PAGE,YL-A-077,768a217a9a52b880
YL-A-079-S03_EMPTY,YL-A-079,ANDROID,工作/作品,EMPTY,空数据,显示原因、下一步和主操作；不得使用伪造内容填满。,primary_action_or_refresh,P09-003,P09,P09-W01,YL-A-079-S03_EMPTY,ui/mockups/android/YL-A-079/YL-A-079-S03_EMPTY.png,PAGE,YL-A-077,768a217a9a52b880
YL-A-079-S04_REFRESHING,YL-A-079,ANDROID,工作/作品,REFRESHING,刷新中,保留已有内容并显示局部刷新，不清空整页。,automatic,P09-003,P09,P09-W01,YL-A-079-S04_REFRESHING,ui/mockups/android/YL-A-079/YL-A-079-S04_REFRESHING.png,PAGE,YL-A-077,768a217a9a52b880
YL-A-079-S05_FILTER_ACTIVE,YL-A-079,ANDROID,工作/作品,FILTER_ACTIVE,筛选生效,清晰展示筛选条件和结果数量。,clear_filter,P09-003,P09,P09-W01,YL-A-079-S05_FILTER_ACTIVE,ui/mockups/android/YL-A-079/YL-A-079-S05_FILTER_ACTIVE.png,PAGE,YL-A-077,768a217a9a52b880
YL-A-079-S06_OFFLINE_CACHE,YL-A-079,ANDROID,工作/作品,OFFLINE_CACHE,离线缓存,展示可用缓存并明确其不是最新数据。,refresh_when_online,P09-003,P09,P09-W01,YL-A-079-S06_OFFLINE_CACHE,ui/mockups/android/YL-A-079/YL-A-079-S06_OFFLINE_CACHE.png,PAGE,YL-A-077,768a217a9a52b880
YL-A-079-S07_NETWORK_ERROR,YL-A-079,ANDROID,工作/作品,NETWORK_ERROR,网络连接失败,网络不可达或 DNS/TLS 失败，提供重试。,retry,P09-003,P09,P09-W01,YL-A-079-S07_NETWORK_ERROR,ui/mockups/android/YL-A-079/YL-A-079-S07_NETWORK_ERROR.png,PAGE,YL-A-077,768a217a9a52b880
YL-A-079-S08_SERVER_ERROR,YL-A-079,ANDROID,工作/作品,SERVER_ERROR,服务异常,服务端 5xx，显示请求 ID，不暴露堆栈。,retry_or_status,P09-003,P09,P09-W01,YL-A-079-S08_SERVER_ERROR,ui/mockups/android/YL-A-079/YL-A-079-S08_SERVER_ERROR.png,PAGE,YL-A-077,768a217a9a52b880
YL-A-079-S09_PERMISSION_DENIED,YL-A-079,ANDROID,工作/作品,PERMISSION_DENIED,权限不足,不泄露资源存在性，说明所需权限或返回。,back_or_request_access,P09-003,P09,P09-W01,YL-A-079-S09_PERMISSION_DENIED,ui/mockups/android/YL-A-079/YL-A-079-S09_PERMISSION_DENIED.png,PAGE,YL-A-077,768a217a9a52b880
YL-A-080-S01_QUEUED,YL-A-080,ANDROID,工作/任务,QUEUED,已排队,显示队列状态与提交时间，不伪造精确预计时间。,cancel,P09-005,P09,P09-W01,YL-A-080-S01_QUEUED,ui/mockups/android/YL-A-080/YL-A-080-S01_QUEUED.png,PAGE,YL-A-077,0298a10efbea93ef
YL-A-080-S02_PREPARING,YL-A-080,ANDROID,工作/任务,PREPARING,准备任务,正在验证额度、文件和参数。,cancel_if_supported,P09-005,P09,P09-W01,YL-A-080-S02_PREPARING,ui/mockups/android/YL-A-080/YL-A-080-S02_PREPARING.png,PAGE,YL-A-077,0298a10efbea93ef
YL-A-080-S03_RUNNING,YL-A-080,ANDROID,工作/任务,RUNNING,任务执行中,显示真实阶段和进度来源。,cancel_if_supported,P09-005,P09,P09-W01,YL-A-080-S03_RUNNING,ui/mockups/android/YL-A-080/YL-A-080-S03_RUNNING.png,PAGE,YL-A-077,0298a10efbea93ef
YL-A-080-S04_CANCEL_CONFIRM,YL-A-080,ANDROID,工作/任务,CANCEL_CONFIRM,确认取消,说明取消后的计费和产物处理。,confirm_or_back,P09-005,P09,P09-W01,YL-A-080-S04_CANCEL_CONFIRM,ui/mockups/android/YL-A-080/YL-A-080-S04_CANCEL_CONFIRM.png,PAGE,YL-A-077,0298a10efbea93ef
YL-A-080-S05_CANCELLED,YL-A-080,ANDROID,工作/任务,CANCELLED,任务已取消,显示已结算/解冻结果与重试入口。,restart,P09-005,P09,P09-W01,YL-A-080-S05_CANCELLED,ui/mockups/android/YL-A-080/YL-A-080-S05_CANCELLED.png,PAGE,YL-A-077,0298a10efbea93ef
YL-A-080-S06_SUCCESS,YL-A-080,ANDROID,工作/任务,SUCCESS,操作成功,使用 Snackbar、结果页或成功卡，按合同给出下一步。,continue,P09-005,P09,P09-W01,YL-A-080-S06_SUCCESS,ui/mockups/android/YL-A-080/YL-A-080-S06_SUCCESS.png,PAGE,YL-A-077,0298a10efbea93ef
YL-A-080-S07_FAILED,YL-A-080,ANDROID,工作/任务,FAILED,任务失败,显示可理解原因、错误码和可重试条件。,retry_or_edit,P09-005,P09,P09-W01,YL-A-080-S07_FAILED,ui/mockups/android/YL-A-080/YL-A-080-S07_FAILED.png,PAGE,YL-A-077,0298a10efbea93ef
YL-A-080-S08_RETRYING,YL-A-080,ANDROID,工作/任务,RETRYING,任务重试中,显示尝试次数和上限，禁止无限重试。,cancel,P09-005,P09,P09-W01,YL-A-080-S08_RETRYING,ui/mockups/android/YL-A-080/YL-A-080-S08_RETRYING.png,PAGE,YL-A-077,0298a10efbea93ef
YL-A-080-S09_OFFLINE,YL-A-080,ANDROID,工作/任务,OFFLINE,离线,说明当前离线；有缓存时显示缓存来源与时间。,retry_when_online,P09-005,P09,P09-W01,YL-A-080-S09_OFFLINE,ui/mockups/android/YL-A-080/YL-A-080-S09_OFFLINE.png,PAGE,YL-A-077,0298a10efbea93ef
YL-A-081-S01_LOADING,YL-A-081,ANDROID,发现,LOADING,加载中,使用与最终布局一致的 Skeleton，禁止无限 Loading。,automatic_or_retry,P09-006,P09,P09-W02,YL-A-081-S01_LOADING,ui/mockups/android/YL-A-081/YL-A-081-S01_LOADING.png,PAGE,,a394bfa350011600
YL-A-081-S02_POPULATED,YL-A-081,ANDROID,发现,POPULATED,有数据,真实结构化数据已加载。,none,P09-006,P09,P09-W02,YL-A-081-S02_POPULATED,ui/mockups/android/YL-A-081/YL-A-081-S02_POPULATED.png,PAGE,,a394bfa350011600
YL-A-081-S03_EMPTY,YL-A-081,ANDROID,发现,EMPTY,空数据,显示原因、下一步和主操作；不得使用伪造内容填满。,primary_action_or_refresh,P09-006,P09,P09-W02,YL-A-081-S03_EMPTY,ui/mockups/android/YL-A-081/YL-A-081-S03_EMPTY.png,PAGE,,a394bfa350011600
YL-A-081-S04_REFRESHING,YL-A-081,ANDROID,发现,REFRESHING,刷新中,保留已有内容并显示局部刷新，不清空整页。,automatic,P09-006,P09,P09-W02,YL-A-081-S04_REFRESHING,ui/mockups/android/YL-A-081/YL-A-081-S04_REFRESHING.png,PAGE,,a394bfa350011600
YL-A-081-S05_OFFLINE_CACHE,YL-A-081,ANDROID,发现,OFFLINE_CACHE,离线缓存,展示可用缓存并明确其不是最新数据。,refresh_when_online,P09-006,P09,P09-W02,YL-A-081-S05_OFFLINE_CACHE,ui/mockups/android/YL-A-081/YL-A-081-S05_OFFLINE_CACHE.png,PAGE,,a394bfa350011600
YL-A-081-S06_NETWORK_ERROR,YL-A-081,ANDROID,发现,NETWORK_ERROR,网络连接失败,网络不可达或 DNS/TLS 失败，提供重试。,retry,P09-006,P09,P09-W02,YL-A-081-S06_NETWORK_ERROR,ui/mockups/android/YL-A-081/YL-A-081-S06_NETWORK_ERROR.png,PAGE,,a394bfa350011600
YL-A-081-S07_SERVICE_DEGRADED,YL-A-081,ANDROID,发现,SERVICE_DEGRADED,服务降级,展示受影响能力、替代通道和状态页入口。,choose_alternative_or_retry,P09-006,P09,P09-W02,YL-A-081-S07_SERVICE_DEGRADED,ui/mockups/android/YL-A-081/YL-A-081-S07_SERVICE_DEGRADED.png,PAGE,,a394bfa350011600
YL-A-082-S01_LOADING,YL-A-082,ANDROID,发现/分类,LOADING,加载中,使用与最终布局一致的 Skeleton，禁止无限 Loading。,automatic_or_retry,P09-007,P09,P09-W02,YL-A-082-S01_LOADING,ui/mockups/android/YL-A-082/YL-A-082-S01_LOADING.png,PAGE,YL-A-081,26a0905ff1c79e02
YL-A-082-S02_POPULATED,YL-A-082,ANDROID,发现/分类,POPULATED,有数据,真实结构化数据已加载。,none,P09-007,P09,P09-W02,YL-A-082-S02_POPULATED,ui/mockups/android/YL-A-082/YL-A-082-S02_POPULATED.png,PAGE,YL-A-081,26a0905ff1c79e02
YL-A-082-S03_EMPTY,YL-A-082,ANDROID,发现/分类,EMPTY,空数据,显示原因、下一步和主操作；不得使用伪造内容填满。,primary_action_or_refresh,P09-007,P09,P09-W02,YL-A-082-S03_EMPTY,ui/mockups/android/YL-A-082/YL-A-082-S03_EMPTY.png,PAGE,YL-A-081,26a0905ff1c79e02
YL-A-082-S04_REFRESHING,YL-A-082,ANDROID,发现/分类,REFRESHING,刷新中,保留已有内容并显示局部刷新，不清空整页。,automatic,P09-007,P09,P09-W02,YL-A-082-S04_REFRESHING,ui/mockups/android/YL-A-082/YL-A-082-S04_REFRESHING.png,PAGE,YL-A-081,26a0905ff1c79e02
YL-A-082-S05_FILTER_ACTIVE,YL-A-082,ANDROID,发现/分类,FILTER_ACTIVE,筛选生效,清晰展示筛选条件和结果数量。,clear_filter,P09-007,P09,P09-W02,YL-A-082-S05_FILTER_ACTIVE,ui/mockups/android/YL-A-082/YL-A-082-S05_FILTER_ACTIVE.png,PAGE,YL-A-081,26a0905ff1c79e02
YL-A-082-S06_OFFLINE_CACHE,YL-A-082,ANDROID,发现/分类,OFFLINE_CACHE,离线缓存,展示可用缓存并明确其不是最新数据。,refresh_when_online,P09-007,P09,P09-W02,YL-A-082-S06_OFFLINE_CACHE,ui/mockups/android/YL-A-082/YL-A-082-S06_OFFLINE_CACHE.png,PAGE,YL-A-081,26a0905ff1c79e02
YL-A-082-S07_NETWORK_ERROR,YL-A-082,ANDROID,发现/分类,NETWORK_ERROR,网络连接失败,网络不可达或 DNS/TLS 失败，提供重试。,retry,P09-007,P09,P09-W02,YL-A-082-S07_NETWORK_ERROR,ui/mockups/android/YL-A-082/YL-A-082-S07_NETWORK_ERROR.png,PAGE,YL-A-081,26a0905ff1c79e02
YL-A-082-S08_SERVER_ERROR,YL-A-082,ANDROID,发现/分类,SERVER_ERROR,服务异常,服务端 5xx，显示请求 ID，不暴露堆栈。,retry_or_status,P09-007,P09,P09-W02,YL-A-082-S08_SERVER_ERROR,ui/mockups/android/YL-A-082/YL-A-082-S08_SERVER_ERROR.png,PAGE,YL-A-081,26a0905ff1c79e02
YL-A-082-S09_PERMISSION_DENIED,YL-A-082,ANDROID,发现/分类,PERMISSION_DENIED,权限不足,不泄露资源存在性，说明所需权限或返回。,back_or_request_access,P09-007,P09,P09-W02,YL-A-082-S09_PERMISSION_DENIED,ui/mockups/android/YL-A-082/YL-A-082-S09_PERMISSION_DENIED.png,PAGE,YL-A-081,26a0905ff1c79e02
YL-A-083-S01_LOADING,YL-A-083,ANDROID,发现/Prompt模板,LOADING,加载中,使用与最终布局一致的 Skeleton，禁止无限 Loading。,automatic_or_retry,P09-008,P09,P09-W02,YL-A-083-S01_LOADING,ui/mockups/android/YL-A-083/YL-A-083-S01_LOADING.png,PAGE,YL-A-081,d17adc6ce7bb30d3
YL-A-083-S02_POPULATED,YL-A-083,ANDROID,发现/Prompt模板,POPULATED,有数据,真实结构化数据已加载。,none,P09-008,P09,P09-W02,YL-A-083-S02_POPULATED,ui/mockups/android/YL-A-083/YL-A-083-S02_POPULATED.png,PAGE,YL-A-081,d17adc6ce7bb30d3
YL-A-083-S03_EMPTY,YL-A-083,ANDROID,发现/Prompt模板,EMPTY,空数据,显示原因、下一步和主操作；不得使用伪造内容填满。,primary_action_or_refresh,P09-008,P09,P09-W02,YL-A-083-S03_EMPTY,ui/mockups/android/YL-A-083/YL-A-083-S03_EMPTY.png,PAGE,YL-A-081,d17adc6ce7bb30d3
YL-A-083-S04_REFRESHING,YL-A-083,ANDROID,发现/Prompt模板,REFRESHING,刷新中,保留已有内容并显示局部刷新，不清空整页。,automatic,P09-008,P09,P09-W02,YL-A-083-S04_REFRESHING,ui/mockups/android/YL-A-083/YL-A-083-S04_REFRESHING.png,PAGE,YL-A-081,d17adc6ce7bb30d3
YL-A-083-S05_FILTER_ACTIVE,YL-A-083,ANDROID,发现/Prompt模板,FILTER_ACTIVE,筛选生效,清晰展示筛选条件和结果数量。,clear_filter,P09-008,P09,P09-W02,YL-A-083-S05_FILTER_ACTIVE,ui/mockups/android/YL-A-083/YL-A-083-S05_FILTER_ACTIVE.png,PAGE,YL-A-081,d17adc6ce7bb30d3
YL-A-083-S06_OFFLINE_CACHE,YL-A-083,ANDROID,发现/Prompt模板,OFFLINE_CACHE,离线缓存,展示可用缓存并明确其不是最新数据。,refresh_when_online,P09-008,P09,P09-W02,YL-A-083-S06_OFFLINE_CACHE,ui/mockups/android/YL-A-083/YL-A-083-S06_OFFLINE_CACHE.png,PAGE,YL-A-081,d17adc6ce7bb30d3
YL-A-083-S07_NETWORK_ERROR,YL-A-083,ANDROID,发现/Prompt模板,NETWORK_ERROR,网络连接失败,网络不可达或 DNS/TLS 失败，提供重试。,retry,P09-008,P09,P09-W02,YL-A-083-S07_NETWORK_ERROR,ui/mockups/android/YL-A-083/YL-A-083-S07_NETWORK_ERROR.png,PAGE,YL-A-081,d17adc6ce7bb30d3
YL-A-083-S08_SERVER_ERROR,YL-A-083,ANDROID,发现/Prompt模板,SERVER_ERROR,服务异常,服务端 5xx，显示请求 ID，不暴露堆栈。,retry_or_status,P09-008,P09,P09-W02,YL-A-083-S08_SERVER_ERROR,ui/mockups/android/YL-A-083/YL-A-083-S08_SERVER_ERROR.png,PAGE,YL-A-081,d17adc6ce7bb30d3
YL-A-083-S09_PERMISSION_DENIED,YL-A-083,ANDROID,发现/Prompt模板,PERMISSION_DENIED,权限不足,不泄露资源存在性，说明所需权限或返回。,back_or_request_access,P09-008,P09,P09-W02,YL-A-083-S09_PERMISSION_DENIED,ui/mockups/android/YL-A-083/YL-A-083-S09_PERMISSION_DENIED.png,PAGE,YL-A-081,d17adc6ce7bb30d3
YL-A-084-S01_LOADING,YL-A-084,ANDROID,发现/模型实验室,LOADING,加载中,使用与最终布局一致的 Skeleton，禁止无限 Loading。,automatic_or_retry,P09-009,P09,P09-W02,YL-A-084-S01_LOADING,ui/mockups/android/YL-A-084/YL-A-084-S01_LOADING.png,PAGE,YL-A-081,921459f16d719332
YL-A-084-S02_POPULATED,YL-A-084,ANDROID,发现/模型实验室,POPULATED,有数据,真实结构化数据已加载。,none,P09-009,P09,P09-W02,YL-A-084-S02_POPULATED,ui/mockups/android/YL-A-084/YL-A-084-S02_POPULATED.png,PAGE,YL-A-081,921459f16d719332
YL-A-084-S03_EMPTY,YL-A-084,ANDROID,发现/模型实验室,EMPTY,空数据,显示原因、下一步和主操作；不得使用伪造内容填满。,primary_action_or_refresh,P09-009,P09,P09-W02,YL-A-084-S03_EMPTY,ui/mockups/android/YL-A-084/YL-A-084-S03_EMPTY.png,PAGE,YL-A-081,921459f16d719332
YL-A-084-S04_REFRESHING,YL-A-084,ANDROID,发现/模型实验室,REFRESHING,刷新中,保留已有内容并显示局部刷新，不清空整页。,automatic,P09-009,P09,P09-W02,YL-A-084-S04_REFRESHING,ui/mockups/android/YL-A-084/YL-A-084-S04_REFRESHING.png,PAGE,YL-A-081,921459f16d719332
YL-A-084-S05_FILTER_ACTIVE,YL-A-084,ANDROID,发现/模型实验室,FILTER_ACTIVE,筛选生效,清晰展示筛选条件和结果数量。,clear_filter,P09-009,P09,P09-W02,YL-A-084-S05_FILTER_ACTIVE,ui/mockups/android/YL-A-084/YL-A-084-S05_FILTER_ACTIVE.png,PAGE,YL-A-081,921459f16d719332
YL-A-084-S06_OFFLINE_CACHE,YL-A-084,ANDROID,发现/模型实验室,OFFLINE_CACHE,离线缓存,展示可用缓存并明确其不是最新数据。,refresh_when_online,P09-009,P09,P09-W02,YL-A-084-S06_OFFLINE_CACHE,ui/mockups/android/YL-A-084/YL-A-084-S06_OFFLINE_CACHE.png,PAGE,YL-A-081,921459f16d719332
YL-A-084-S07_NETWORK_ERROR,YL-A-084,ANDROID,发现/模型实验室,NETWORK_ERROR,网络连接失败,网络不可达或 DNS/TLS 失败，提供重试。,retry,P09-009,P09,P09-W02,YL-A-084-S07_NETWORK_ERROR,ui/mockups/android/YL-A-084/YL-A-084-S07_NETWORK_ERROR.png,PAGE,YL-A-081,921459f16d719332
YL-A-084-S08_SERVER_ERROR,YL-A-084,ANDROID,发现/模型实验室,SERVER_ERROR,服务异常,服务端 5xx，显示请求 ID，不暴露堆栈。,retry_or_status,P09-009,P09,P09-W02,YL-A-084-S08_SERVER_ERROR,ui/mockups/android/YL-A-084/YL-A-084-S08_SERVER_ERROR.png,PAGE,YL-A-081,921459f16d719332
YL-A-084-S09_PERMISSION_DENIED,YL-A-084,ANDROID,发现/模型实验室,PERMISSION_DENIED,权限不足,不泄露资源存在性，说明所需权限或返回。,back_or_request_access,P09-009,P09,P09-W02,YL-A-084-S09_PERMISSION_DENIED,ui/mockups/android/YL-A-084/YL-A-084-S09_PERMISSION_DENIED.png,PAGE,YL-A-081,921459f16d719332
YL-A-085-S01_LOADING,YL-A-085,ANDROID,发现/公告,LOADING,加载中,使用与最终布局一致的 Skeleton，禁止无限 Loading。,automatic_or_retry,P09-010,P09,P09-W02,YL-A-085-S01_LOADING,ui/mockups/android/YL-A-085/YL-A-085-S01_LOADING.png,PAGE,YL-A-081,1c750b24df13d37d
YL-A-085-S02_POPULATED,YL-A-085,ANDROID,发现/公告,POPULATED,有数据,真实结构化数据已加载。,none,P09-010,P09,P09-W02,YL-A-085-S02_POPULATED,ui/mockups/android/YL-A-085/YL-A-085-S02_POPULATED.png,PAGE,YL-A-081,1c750b24df13d37d
YL-A-085-S03_EMPTY,YL-A-085,ANDROID,发现/公告,EMPTY,空数据,显示原因、下一步和主操作；不得使用伪造内容填满。,primary_action_or_refresh,P09-010,P09,P09-W02,YL-A-085-S03_EMPTY,ui/mockups/android/YL-A-085/YL-A-085-S03_EMPTY.png,PAGE,YL-A-081,1c750b24df13d37d
YL-A-085-S04_REFRESHING,YL-A-085,ANDROID,发现/公告,REFRESHING,刷新中,保留已有内容并显示局部刷新，不清空整页。,automatic,P09-010,P09,P09-W02,YL-A-085-S04_REFRESHING,ui/mockups/android/YL-A-085/YL-A-085-S04_REFRESHING.png,PAGE,YL-A-081,1c750b24df13d37d
YL-A-085-S05_FILTER_ACTIVE,YL-A-085,ANDROID,发现/公告,FILTER_ACTIVE,筛选生效,清晰展示筛选条件和结果数量。,clear_filter,P09-010,P09,P09-W02,YL-A-085-S05_FILTER_ACTIVE,ui/mockups/android/YL-A-085/YL-A-085-S05_FILTER_ACTIVE.png,PAGE,YL-A-081,1c750b24df13d37d
YL-A-085-S06_OFFLINE_CACHE,YL-A-085,ANDROID,发现/公告,OFFLINE_CACHE,离线缓存,展示可用缓存并明确其不是最新数据。,refresh_when_online,P09-010,P09,P09-W02,YL-A-085-S06_OFFLINE_CACHE,ui/mockups/android/YL-A-085/YL-A-085-S06_OFFLINE_CACHE.png,PAGE,YL-A-081,1c750b24df13d37d
YL-A-085-S07_NETWORK_ERROR,YL-A-085,ANDROID,发现/公告,NETWORK_ERROR,网络连接失败,网络不可达或 DNS/TLS 失败，提供重试。,retry,P09-010,P09,P09-W02,YL-A-085-S07_NETWORK_ERROR,ui/mockups/android/YL-A-085/YL-A-085-S07_NETWORK_ERROR.png,PAGE,YL-A-081,1c750b24df13d37d
YL-A-085-S08_SERVER_ERROR,YL-A-085,ANDROID,发现/公告,SERVER_ERROR,服务异常,服务端 5xx，显示请求 ID，不暴露堆栈。,retry_or_status,P09-010,P09,P09-W02,YL-A-085-S08_SERVER_ERROR,ui/mockups/android/YL-A-085/YL-A-085-S08_SERVER_ERROR.png,PAGE,YL-A-081,1c750b24df13d37d
YL-A-085-S09_PERMISSION_DENIED,YL-A-085,ANDROID,发现/公告,PERMISSION_DENIED,权限不足,不泄露资源存在性，说明所需权限或返回。,back_or_request_access,P09-010,P09,P09-W02,YL-A-085-S09_PERMISSION_DENIED,ui/mockups/android/YL-A-085/YL-A-085-S09_PERMISSION_DENIED.png,PAGE,YL-A-081,1c750b24df13d37d
YL-A-086-S01_LOADING,YL-A-086,ANDROID,我的,LOADING,加载中,使用与最终布局一致的 Skeleton，禁止无限 Loading。,automatic_or_retry,P09-012|P09-014,P09,P09-W03,YL-A-086-S01_LOADING,ui/mockups/android/YL-A-086/YL-A-086-S01_LOADING.png,PAGE,,cdc95d3fc1ee8455
YL-A-086-S02_POPULATED,YL-A-086,ANDROID,我的,POPULATED,有数据,真实结构化数据已加载。,none,P09-012|P09-014,P09,P09-W03,YL-A-086-S02_POPULATED,ui/mockups/android/YL-A-086/YL-A-086-S02_POPULATED.png,PAGE,,cdc95d3fc1ee8455
YL-A-086-S03_EMPTY,YL-A-086,ANDROID,我的,EMPTY,空数据,显示原因、下一步和主操作；不得使用伪造内容填满。,primary_action_or_refresh,P09-012|P09-014,P09,P09-W03,YL-A-086-S03_EMPTY,ui/mockups/android/YL-A-086/YL-A-086-S03_EMPTY.png,PAGE,,cdc95d3fc1ee8455
YL-A-086-S04_REFRESHING,YL-A-086,ANDROID,我的,REFRESHING,刷新中,保留已有内容并显示局部刷新，不清空整页。,automatic,P09-012|P09-014,P09,P09-W03,YL-A-086-S04_REFRESHING,ui/mockups/android/YL-A-086/YL-A-086-S04_REFRESHING.png,PAGE,,cdc95d3fc1ee8455
YL-A-086-S05_OFFLINE_CACHE,YL-A-086,ANDROID,我的,OFFLINE_CACHE,离线缓存,展示可用缓存并明确其不是最新数据。,refresh_when_online,P09-012|P09-014,P09,P09-W03,YL-A-086-S05_OFFLINE_CACHE,ui/mockups/android/YL-A-086/YL-A-086-S05_OFFLINE_CACHE.png,PAGE,,cdc95d3fc1ee8455
YL-A-086-S06_NETWORK_ERROR,YL-A-086,ANDROID,我的,NETWORK_ERROR,网络连接失败,网络不可达或 DNS/TLS 失败，提供重试。,retry,P09-012|P09-014,P09,P09-W03,YL-A-086-S06_NETWORK_ERROR,ui/mockups/android/YL-A-086/YL-A-086-S06_NETWORK_ERROR.png,PAGE,,cdc95d3fc1ee8455
YL-A-086-S07_SERVICE_DEGRADED,YL-A-086,ANDROID,我的,SERVICE_DEGRADED,服务降级,展示受影响能力、替代通道和状态页入口。,choose_alternative_or_retry,P09-012|P09-014,P09,P09-W03,YL-A-086-S07_SERVICE_DEGRADED,ui/mockups/android/YL-A-086/YL-A-086-S07_SERVICE_DEGRADED.png,PAGE,,cdc95d3fc1ee8455
YL-A-087-S01_LOADING,YL-A-087,ANDROID,我的/个人资料,LOADING,加载中,使用与最终布局一致的 Skeleton，禁止无限 Loading。,automatic_or_retry,P09-013,P09,P09-W03,YL-A-087-S01_LOADING,ui/mockups/android/YL-A-087/YL-A-087-S01_LOADING.png,PAGE,YL-A-086,2a0dca80bdf352df
YL-A-087-S02_POPULATED,YL-A-087,ANDROID,我的/个人资料,POPULATED,有数据,真实结构化数据已加载。,none,P09-013,P09,P09-W03,YL-A-087-S02_POPULATED,ui/mockups/android/YL-A-087/YL-A-087-S02_POPULATED.png,PAGE,YL-A-086,2a0dca80bdf352df
YL-A-087-S03_EDIT_MODE,YL-A-087,ANDROID,我的/个人资料,EDIT_MODE,编辑状态,可编辑字段与只读字段明显区分。,save_or_cancel,P09-013,P09,P09-W03,YL-A-087-S03_EDIT_MODE,ui/mockups/android/YL-A-087/YL-A-087-S03_EDIT_MODE.png,PAGE,YL-A-086,2a0dca80bdf352df
YL-A-087-S04_DIRTY,YL-A-087,ANDROID,我的/个人资料,DIRTY,存在未保存修改,离开或关闭前必须确认。,save_or_discard,P09-013,P09,P09-W03,YL-A-087-S04_DIRTY,ui/mockups/android/YL-A-087/YL-A-087-S04_DIRTY.png,PAGE,YL-A-086,2a0dca80bdf352df
YL-A-087-S05_SUBMITTING,YL-A-087,ANDROID,我的/个人资料,SUBMITTING,提交中,主按钮保留尺寸并显示进度，禁止重复提交。,wait_or_cancel_if_supported,P09-013,P09,P09-W03,YL-A-087-S05_SUBMITTING,ui/mockups/android/YL-A-087/YL-A-087-S05_SUBMITTING.png,PAGE,YL-A-086,2a0dca80bdf352df
YL-A-087-S06_SAVE_SUCCESS,YL-A-087,ANDROID,我的/个人资料,SAVE_SUCCESS,保存成功,保存结果明确且数据回读一致。,continue,P09-013,P09,P09-W03,YL-A-087-S06_SAVE_SUCCESS,ui/mockups/android/YL-A-087/YL-A-087-S06_SAVE_SUCCESS.png,PAGE,YL-A-086,2a0dca80bdf352df
YL-A-087-S07_SAVE_ERROR,YL-A-087,ANDROID,我的/个人资料,SAVE_ERROR,保存失败,保留用户输入，显示稳定错误码和重试动作。,retry,P09-013,P09,P09-W03,YL-A-087-S07_SAVE_ERROR,ui/mockups/android/YL-A-087/YL-A-087-S07_SAVE_ERROR.png,PAGE,YL-A-086,2a0dca80bdf352df
YL-A-087-S08_OFFLINE,YL-A-087,ANDROID,我的/个人资料,OFFLINE,离线,说明当前离线；有缓存时显示缓存来源与时间。,retry_when_online,P09-013,P09,P09-W03,YL-A-087-S08_OFFLINE,ui/mockups/android/YL-A-087/YL-A-087-S08_OFFLINE.png,PAGE,YL-A-086,2a0dca80bdf352df
YL-A-088-S01_LOADING,YL-A-088,ANDROID,我的/收藏,LOADING,加载中,使用与最终布局一致的 Skeleton，禁止无限 Loading。,automatic_or_retry,P09-015,P09,P09-W03,YL-A-088-S01_LOADING,ui/mockups/android/YL-A-088/YL-A-088-S01_LOADING.png,PAGE,YL-A-086,7f5d64a0a88fef34
YL-A-088-S02_POPULATED,YL-A-088,ANDROID,我的/收藏,POPULATED,有数据,真实结构化数据已加载。,none,P09-015,P09,P09-W03,YL-A-088-S02_POPULATED,ui/mockups/android/YL-A-088/YL-A-088-S02_POPULATED.png,PAGE,YL-A-086,7f5d64a0a88fef34
YL-A-088-S03_EMPTY,YL-A-088,ANDROID,我的/收藏,EMPTY,空数据,显示原因、下一步和主操作；不得使用伪造内容填满。,primary_action_or_refresh,P09-015,P09,P09-W03,YL-A-088-S03_EMPTY,ui/mockups/android/YL-A-088/YL-A-088-S03_EMPTY.png,PAGE,YL-A-086,7f5d64a0a88fef34
YL-A-088-S04_REFRESHING,YL-A-088,ANDROID,我的/收藏,REFRESHING,刷新中,保留已有内容并显示局部刷新，不清空整页。,automatic,P09-015,P09,P09-W03,YL-A-088-S04_REFRESHING,ui/mockups/android/YL-A-088/YL-A-088-S04_REFRESHING.png,PAGE,YL-A-086,7f5d64a0a88fef34
YL-A-088-S05_FILTER_ACTIVE,YL-A-088,ANDROID,我的/收藏,FILTER_ACTIVE,筛选生效,清晰展示筛选条件和结果数量。,clear_filter,P09-015,P09,P09-W03,YL-A-088-S05_FILTER_ACTIVE,ui/mockups/android/YL-A-088/YL-A-088-S05_FILTER_ACTIVE.png,PAGE,YL-A-086,7f5d64a0a88fef34
YL-A-088-S06_OFFLINE_CACHE,YL-A-088,ANDROID,我的/收藏,OFFLINE_CACHE,离线缓存,展示可用缓存并明确其不是最新数据。,refresh_when_online,P09-015,P09,P09-W03,YL-A-088-S06_OFFLINE_CACHE,ui/mockups/android/YL-A-088/YL-A-088-S06_OFFLINE_CACHE.png,PAGE,YL-A-086,7f5d64a0a88fef34
YL-A-088-S07_NETWORK_ERROR,YL-A-088,ANDROID,我的/收藏,NETWORK_ERROR,网络连接失败,网络不可达或 DNS/TLS 失败，提供重试。,retry,P09-015,P09,P09-W03,YL-A-088-S07_NETWORK_ERROR,ui/mockups/android/YL-A-088/YL-A-088-S07_NETWORK_ERROR.png,PAGE,YL-A-086,7f5d64a0a88fef34
YL-A-088-S08_SERVER_ERROR,YL-A-088,ANDROID,我的/收藏,SERVER_ERROR,服务异常,服务端 5xx，显示请求 ID，不暴露堆栈。,retry_or_status,P09-015,P09,P09-W03,YL-A-088-S08_SERVER_ERROR,ui/mockups/android/YL-A-088/YL-A-088-S08_SERVER_ERROR.png,PAGE,YL-A-086,7f5d64a0a88fef34
YL-A-088-S09_PERMISSION_DENIED,YL-A-088,ANDROID,我的/收藏,PERMISSION_DENIED,权限不足,不泄露资源存在性，说明所需权限或返回。,back_or_request_access,P09-015,P09,P09-W03,YL-A-088-S09_PERMISSION_DENIED,ui/mockups/android/YL-A-088/YL-A-088-S09_PERMISSION_DENIED.png,PAGE,YL-A-086,7f5d64a0a88fef34
YL-A-089-S01_LOADING,YL-A-089,ANDROID,我的/自定义指令,LOADING,加载中,使用与最终布局一致的 Skeleton，禁止无限 Loading。,automatic_or_retry,P09-017,P09,P09-W04,YL-A-089-S01_LOADING,ui/mockups/android/YL-A-089/YL-A-089-S01_LOADING.png,PAGE,YL-A-086,fbdc32717e935c00
YL-A-089-S02_POPULATED,YL-A-089,ANDROID,我的/自定义指令,POPULATED,有数据,真实结构化数据已加载。,none,P09-017,P09,P09-W04,YL-A-089-S02_POPULATED,ui/mockups/android/YL-A-089/YL-A-089-S02_POPULATED.png,PAGE,YL-A-086,fbdc32717e935c00
YL-A-089-S03_NOT_FOUND,YL-A-089,ANDROID,我的/自定义指令,NOT_FOUND,内容不存在,资源不存在、已删除或不可访问。,back,P09-017,P09,P09-W04,YL-A-089-S03_NOT_FOUND,ui/mockups/android/YL-A-089/YL-A-089-S03_NOT_FOUND.png,PAGE,YL-A-086,fbdc32717e935c00
YL-A-089-S04_EDIT_MODE,YL-A-089,ANDROID,我的/自定义指令,EDIT_MODE,编辑状态,可编辑字段与只读字段明显区分。,save_or_cancel,P09-017,P09,P09-W04,YL-A-089-S04_EDIT_MODE,ui/mockups/android/YL-A-089/YL-A-089-S04_EDIT_MODE.png,PAGE,YL-A-086,fbdc32717e935c00
YL-A-089-S05_DIRTY,YL-A-089,ANDROID,我的/自定义指令,DIRTY,存在未保存修改,离开或关闭前必须确认。,save_or_discard,P09-017,P09,P09-W04,YL-A-089-S05_DIRTY,ui/mockups/android/YL-A-089/YL-A-089-S05_DIRTY.png,PAGE,YL-A-086,fbdc32717e935c00
YL-A-089-S06_SAVE_SUCCESS,YL-A-089,ANDROID,我的/自定义指令,SAVE_SUCCESS,保存成功,保存结果明确且数据回读一致。,continue,P09-017,P09,P09-W04,YL-A-089-S06_SAVE_SUCCESS,ui/mockups/android/YL-A-089/YL-A-089-S06_SAVE_SUCCESS.png,PAGE,YL-A-086,fbdc32717e935c00
YL-A-089-S07_SAVE_ERROR,YL-A-089,ANDROID,我的/自定义指令,SAVE_ERROR,保存失败,保留用户输入，显示稳定错误码和重试动作。,retry,P09-017,P09,P09-W04,YL-A-089-S07_SAVE_ERROR,ui/mockups/android/YL-A-089/YL-A-089-S07_SAVE_ERROR.png,PAGE,YL-A-086,fbdc32717e935c00
YL-A-089-S08_OFFLINE,YL-A-089,ANDROID,我的/自定义指令,OFFLINE,离线,说明当前离线；有缓存时显示缓存来源与时间。,retry_when_online,P09-017,P09,P09-W04,YL-A-089-S08_OFFLINE,ui/mockups/android/YL-A-089/YL-A-089-S08_OFFLINE.png,PAGE,YL-A-086,fbdc32717e935c00
YL-A-089-S09_PERMISSION_DENIED,YL-A-089,ANDROID,我的/自定义指令,PERMISSION_DENIED,权限不足,不泄露资源存在性，说明所需权限或返回。,back_or_request_access,P09-017,P09,P09-W04,YL-A-089-S09_PERMISSION_DENIED,ui/mockups/android/YL-A-089/YL-A-089-S09_PERMISSION_DENIED.png,PAGE,YL-A-086,fbdc32717e935c00
YL-A-090-S01_LOADING,YL-A-090,ANDROID,我的/个人记忆,LOADING,加载中,使用与最终布局一致的 Skeleton，禁止无限 Loading。,automatic_or_retry,P09-018,P09,P09-W04,YL-A-090-S01_LOADING,ui/mockups/android/YL-A-090/YL-A-090-S01_LOADING.png,PAGE,YL-A-086,d09221edefc48667
YL-A-090-S02_POPULATED,YL-A-090,ANDROID,我的/个人记忆,POPULATED,有数据,真实结构化数据已加载。,none,P09-018,P09,P09-W04,YL-A-090-S02_POPULATED,ui/mockups/android/YL-A-090/YL-A-090-S02_POPULATED.png,PAGE,YL-A-086,d09221edefc48667
YL-A-090-S03_EDIT_MODE,YL-A-090,ANDROID,我的/个人记忆,EDIT_MODE,编辑状态,可编辑字段与只读字段明显区分。,save_or_cancel,P09-018,P09,P09-W04,YL-A-090-S03_EDIT_MODE,ui/mockups/android/YL-A-090/YL-A-090-S03_EDIT_MODE.png,PAGE,YL-A-086,d09221edefc48667
YL-A-090-S04_DIRTY,YL-A-090,ANDROID,我的/个人记忆,DIRTY,存在未保存修改,离开或关闭前必须确认。,save_or_discard,P09-018,P09,P09-W04,YL-A-090-S04_DIRTY,ui/mockups/android/YL-A-090/YL-A-090-S04_DIRTY.png,PAGE,YL-A-086,d09221edefc48667
YL-A-090-S05_SUBMITTING,YL-A-090,ANDROID,我的/个人记忆,SUBMITTING,提交中,主按钮保留尺寸并显示进度，禁止重复提交。,wait_or_cancel_if_supported,P09-018,P09,P09-W04,YL-A-090-S05_SUBMITTING,ui/mockups/android/YL-A-090/YL-A-090-S05_SUBMITTING.png,PAGE,YL-A-086,d09221edefc48667
YL-A-090-S06_SAVE_SUCCESS,YL-A-090,ANDROID,我的/个人记忆,SAVE_SUCCESS,保存成功,保存结果明确且数据回读一致。,continue,P09-018,P09,P09-W04,YL-A-090-S06_SAVE_SUCCESS,ui/mockups/android/YL-A-090/YL-A-090-S06_SAVE_SUCCESS.png,PAGE,YL-A-086,d09221edefc48667
YL-A-090-S07_SAVE_ERROR,YL-A-090,ANDROID,我的/个人记忆,SAVE_ERROR,保存失败,保留用户输入，显示稳定错误码和重试动作。,retry,P09-018,P09,P09-W04,YL-A-090-S07_SAVE_ERROR,ui/mockups/android/YL-A-090/YL-A-090-S07_SAVE_ERROR.png,PAGE,YL-A-086,d09221edefc48667
YL-A-090-S08_OFFLINE,YL-A-090,ANDROID,我的/个人记忆,OFFLINE,离线,说明当前离线；有缓存时显示缓存来源与时间。,retry_when_online,P09-018,P09,P09-W04,YL-A-090-S08_OFFLINE,ui/mockups/android/YL-A-090/YL-A-090-S08_OFFLINE.png,PAGE,YL-A-086,d09221edefc48667
YL-A-091-S01_LOADING,YL-A-091,ANDROID,我的/通知设置,LOADING,加载中,使用与最终布局一致的 Skeleton，禁止无限 Loading。,automatic_or_retry,P09-019,P09,P09-W04,YL-A-091-S01_LOADING,ui/mockups/android/YL-A-091/YL-A-091-S01_LOADING.png,PAGE,YL-A-086,ac684a86eeae40bc
YL-A-091-S02_POPULATED,YL-A-091,ANDROID,我的/通知设置,POPULATED,有数据,真实结构化数据已加载。,none,P09-019,P09,P09-W04,YL-A-091-S02_POPULATED,ui/mockups/android/YL-A-091/YL-A-091-S02_POPULATED.png,PAGE,YL-A-086,ac684a86eeae40bc
YL-A-091-S03_EDIT_MODE,YL-A-091,ANDROID,我的/通知设置,EDIT_MODE,编辑状态,可编辑字段与只读字段明显区分。,save_or_cancel,P09-019,P09,P09-W04,YL-A-091-S03_EDIT_MODE,ui/mockups/android/YL-A-091/YL-A-091-S03_EDIT_MODE.png,PAGE,YL-A-086,ac684a86eeae40bc
YL-A-091-S04_DIRTY,YL-A-091,ANDROID,我的/通知设置,DIRTY,存在未保存修改,离开或关闭前必须确认。,save_or_discard,P09-019,P09,P09-W04,YL-A-091-S04_DIRTY,ui/mockups/android/YL-A-091/YL-A-091-S04_DIRTY.png,PAGE,YL-A-086,ac684a86eeae40bc
YL-A-091-S05_SUBMITTING,YL-A-091,ANDROID,我的/通知设置,SUBMITTING,提交中,主按钮保留尺寸并显示进度，禁止重复提交。,wait_or_cancel_if_supported,P09-019,P09,P09-W04,YL-A-091-S05_SUBMITTING,ui/mockups/android/YL-A-091/YL-A-091-S05_SUBMITTING.png,PAGE,YL-A-086,ac684a86eeae40bc
YL-A-091-S06_SAVE_SUCCESS,YL-A-091,ANDROID,我的/通知设置,SAVE_SUCCESS,保存成功,保存结果明确且数据回读一致。,continue,P09-019,P09,P09-W04,YL-A-091-S06_SAVE_SUCCESS,ui/mockups/android/YL-A-091/YL-A-091-S06_SAVE_SUCCESS.png,PAGE,YL-A-086,ac684a86eeae40bc
YL-A-091-S07_SAVE_ERROR,YL-A-091,ANDROID,我的/通知设置,SAVE_ERROR,保存失败,保留用户输入，显示稳定错误码和重试动作。,retry,P09-019,P09,P09-W04,YL-A-091-S07_SAVE_ERROR,ui/mockups/android/YL-A-091/YL-A-091-S07_SAVE_ERROR.png,PAGE,YL-A-086,ac684a86eeae40bc
YL-A-091-S08_OFFLINE,YL-A-091,ANDROID,我的/通知设置,OFFLINE,离线,说明当前离线；有缓存时显示缓存来源与时间。,retry_when_online,P09-019,P09,P09-W04,YL-A-091-S08_OFFLINE,ui/mockups/android/YL-A-091/YL-A-091-S08_OFFLINE.png,PAGE,YL-A-086,ac684a86eeae40bc
YL-A-092-S01_LOADING,YL-A-092,ANDROID,我的/外观与语言,LOADING,加载中,使用与最终布局一致的 Skeleton，禁止无限 Loading。,automatic_or_retry,P09-020,P09,P09-W04,YL-A-092-S01_LOADING,ui/mockups/android/YL-A-092/YL-A-092-S01_LOADING.png,PAGE,YL-A-086,678e6568c9effb90
YL-A-092-S02_POPULATED,YL-A-092,ANDROID,我的/外观与语言,POPULATED,有数据,真实结构化数据已加载。,none,P09-020,P09,P09-W04,YL-A-092-S02_POPULATED,ui/mockups/android/YL-A-092/YL-A-092-S02_POPULATED.png,PAGE,YL-A-086,678e6568c9effb90
YL-A-092-S03_EDIT_MODE,YL-A-092,ANDROID,我的/外观与语言,EDIT_MODE,编辑状态,可编辑字段与只读字段明显区分。,save_or_cancel,P09-020,P09,P09-W04,YL-A-092-S03_EDIT_MODE,ui/mockups/android/YL-A-092/YL-A-092-S03_EDIT_MODE.png,PAGE,YL-A-086,678e6568c9effb90
YL-A-092-S04_DIRTY,YL-A-092,ANDROID,我的/外观与语言,DIRTY,存在未保存修改,离开或关闭前必须确认。,save_or_discard,P09-020,P09,P09-W04,YL-A-092-S04_DIRTY,ui/mockups/android/YL-A-092/YL-A-092-S04_DIRTY.png,PAGE,YL-A-086,678e6568c9effb90
YL-A-092-S05_SUBMITTING,YL-A-092,ANDROID,我的/外观与语言,SUBMITTING,提交中,主按钮保留尺寸并显示进度，禁止重复提交。,wait_or_cancel_if_supported,P09-020,P09,P09-W04,YL-A-092-S05_SUBMITTING,ui/mockups/android/YL-A-092/YL-A-092-S05_SUBMITTING.png,PAGE,YL-A-086,678e6568c9effb90
YL-A-092-S06_SAVE_SUCCESS,YL-A-092,ANDROID,我的/外观与语言,SAVE_SUCCESS,保存成功,保存结果明确且数据回读一致。,continue,P09-020,P09,P09-W04,YL-A-092-S06_SAVE_SUCCESS,ui/mockups/android/YL-A-092/YL-A-092-S06_SAVE_SUCCESS.png,PAGE,YL-A-086,678e6568c9effb90
YL-A-092-S07_SAVE_ERROR,YL-A-092,ANDROID,我的/外观与语言,SAVE_ERROR,保存失败,保留用户输入，显示稳定错误码和重试动作。,retry,P09-020,P09,P09-W04,YL-A-092-S07_SAVE_ERROR,ui/mockups/android/YL-A-092/YL-A-092-S07_SAVE_ERROR.png,PAGE,YL-A-086,678e6568c9effb90
YL-A-092-S08_OFFLINE,YL-A-092,ANDROID,我的/外观与语言,OFFLINE,离线,说明当前离线；有缓存时显示缓存来源与时间。,retry_when_online,P09-020,P09,P09-W04,YL-A-092-S08_OFFLINE,ui/mockups/android/YL-A-092/YL-A-092-S08_OFFLINE.png,PAGE,YL-A-086,678e6568c9effb90
YL-A-093-S01_LOADING,YL-A-093,ANDROID,我的/数据与隐私,LOADING,加载中,使用与最终布局一致的 Skeleton，禁止无限 Loading。,automatic_or_retry,P09-021|P09-022,P09,P09-W05,YL-A-093-S01_LOADING,ui/mockups/android/YL-A-093/YL-A-093-S01_LOADING.png,PAGE,YL-A-086,9046b7a6b6a7e894
YL-A-093-S02_POPULATED,YL-A-093,ANDROID,我的/数据与隐私,POPULATED,有数据,真实结构化数据已加载。,none,P09-021|P09-022,P09,P09-W05,YL-A-093-S02_POPULATED,ui/mockups/android/YL-A-093/YL-A-093-S02_POPULATED.png,PAGE,YL-A-086,9046b7a6b6a7e894
YL-A-093-S03_EDIT_MODE,YL-A-093,ANDROID,我的/数据与隐私,EDIT_MODE,编辑状态,可编辑字段与只读字段明显区分。,save_or_cancel,P09-021|P09-022,P09,P09-W05,YL-A-093-S03_EDIT_MODE,ui/mockups/android/YL-A-093/YL-A-093-S03_EDIT_MODE.png,PAGE,YL-A-086,9046b7a6b6a7e894
YL-A-093-S04_DIRTY,YL-A-093,ANDROID,我的/数据与隐私,DIRTY,存在未保存修改,离开或关闭前必须确认。,save_or_discard,P09-021|P09-022,P09,P09-W05,YL-A-093-S04_DIRTY,ui/mockups/android/YL-A-093/YL-A-093-S04_DIRTY.png,PAGE,YL-A-086,9046b7a6b6a7e894
YL-A-093-S05_SUBMITTING,YL-A-093,ANDROID,我的/数据与隐私,SUBMITTING,提交中,主按钮保留尺寸并显示进度，禁止重复提交。,wait_or_cancel_if_supported,P09-021|P09-022,P09,P09-W05,YL-A-093-S05_SUBMITTING,ui/mockups/android/YL-A-093/YL-A-093-S05_SUBMITTING.png,PAGE,YL-A-086,9046b7a6b6a7e894
YL-A-093-S06_SAVE_SUCCESS,YL-A-093,ANDROID,我的/数据与隐私,SAVE_SUCCESS,保存成功,保存结果明确且数据回读一致。,continue,P09-021|P09-022,P09,P09-W05,YL-A-093-S06_SAVE_SUCCESS,ui/mockups/android/YL-A-093/YL-A-093-S06_SAVE_SUCCESS.png,PAGE,YL-A-086,9046b7a6b6a7e894
YL-A-093-S07_SAVE_ERROR,YL-A-093,ANDROID,我的/数据与隐私,SAVE_ERROR,保存失败,保留用户输入，显示稳定错误码和重试动作。,retry,P09-021|P09-022,P09,P09-W05,YL-A-093-S07_SAVE_ERROR,ui/mockups/android/YL-A-093/YL-A-093-S07_SAVE_ERROR.png,PAGE,YL-A-086,9046b7a6b6a7e894
YL-A-093-S08_OFFLINE,YL-A-093,ANDROID,我的/数据与隐私,OFFLINE,离线,说明当前离线；有缓存时显示缓存来源与时间。,retry_when_online,P09-021|P09-022,P09,P09-W05,YL-A-093-S08_OFFLINE,ui/mockups/android/YL-A-093/YL-A-093-S08_OFFLINE.png,PAGE,YL-A-086,9046b7a6b6a7e894
YL-A-094-S01_LOADING,YL-A-094,ANDROID,我的/检查更新,LOADING,加载中,使用与最终布局一致的 Skeleton，禁止无限 Loading。,automatic_or_retry,P09-023,P09,P09-W05,YL-A-094-S01_LOADING,ui/mockups/android/YL-A-094/YL-A-094-S01_LOADING.png,PAGE,YL-A-086,d90546bbe1768186
YL-A-094-S02_POPULATED,YL-A-094,ANDROID,我的/检查更新,POPULATED,有数据,真实结构化数据已加载。,none,P09-023,P09,P09-W05,YL-A-094-S02_POPULATED,ui/mockups/android/YL-A-094/YL-A-094-S02_POPULATED.png,PAGE,YL-A-086,d90546bbe1768186
YL-A-094-S03_NOT_FOUND,YL-A-094,ANDROID,我的/检查更新,NOT_FOUND,内容不存在,资源不存在、已删除或不可访问。,back,P09-023,P09,P09-W05,YL-A-094-S03_NOT_FOUND,ui/mockups/android/YL-A-094/YL-A-094-S03_NOT_FOUND.png,PAGE,YL-A-086,d90546bbe1768186
YL-A-094-S04_EDIT_MODE,YL-A-094,ANDROID,我的/检查更新,EDIT_MODE,编辑状态,可编辑字段与只读字段明显区分。,save_or_cancel,P09-023,P09,P09-W05,YL-A-094-S04_EDIT_MODE,ui/mockups/android/YL-A-094/YL-A-094-S04_EDIT_MODE.png,PAGE,YL-A-086,d90546bbe1768186
YL-A-094-S05_DIRTY,YL-A-094,ANDROID,我的/检查更新,DIRTY,存在未保存修改,离开或关闭前必须确认。,save_or_discard,P09-023,P09,P09-W05,YL-A-094-S05_DIRTY,ui/mockups/android/YL-A-094/YL-A-094-S05_DIRTY.png,PAGE,YL-A-086,d90546bbe1768186
YL-A-094-S06_SAVE_SUCCESS,YL-A-094,ANDROID,我的/检查更新,SAVE_SUCCESS,保存成功,保存结果明确且数据回读一致。,continue,P09-023,P09,P09-W05,YL-A-094-S06_SAVE_SUCCESS,ui/mockups/android/YL-A-094/YL-A-094-S06_SAVE_SUCCESS.png,PAGE,YL-A-086,d90546bbe1768186
YL-A-094-S07_SAVE_ERROR,YL-A-094,ANDROID,我的/检查更新,SAVE_ERROR,保存失败,保留用户输入，显示稳定错误码和重试动作。,retry,P09-023,P09,P09-W05,YL-A-094-S07_SAVE_ERROR,ui/mockups/android/YL-A-094/YL-A-094-S07_SAVE_ERROR.png,PAGE,YL-A-086,d90546bbe1768186
YL-A-094-S08_OFFLINE,YL-A-094,ANDROID,我的/检查更新,OFFLINE,离线,说明当前离线；有缓存时显示缓存来源与时间。,retry_when_online,P09-023,P09,P09-W05,YL-A-094-S08_OFFLINE,ui/mockups/android/YL-A-094/YL-A-094-S08_OFFLINE.png,PAGE,YL-A-086,d90546bbe1768186
YL-A-094-S09_PERMISSION_DENIED,YL-A-094,ANDROID,我的/检查更新,PERMISSION_DENIED,权限不足,不泄露资源存在性，说明所需权限或返回。,back_or_request_access,P09-023,P09,P09-W05,YL-A-094-S09_PERMISSION_DENIED,ui/mockups/android/YL-A-094/YL-A-094-S09_PERMISSION_DENIED.png,PAGE,YL-A-086,d90546bbe1768186
YL-A-095-S01_LOADING,YL-A-095,ANDROID,我的/帮助与反馈,LOADING,加载中,使用与最终布局一致的 Skeleton，禁止无限 Loading。,automatic_or_retry,P09-024,P09,P09-W05,YL-A-095-S01_LOADING,ui/mockups/android/YL-A-095/YL-A-095-S01_LOADING.png,PAGE,YL-A-086,859fda08f504fa40
YL-A-095-S02_POPULATED,YL-A-095,ANDROID,我的/帮助与反馈,POPULATED,有数据,真实结构化数据已加载。,none,P09-024,P09,P09-W05,YL-A-095-S02_POPULATED,ui/mockups/android/YL-A-095/YL-A-095-S02_POPULATED.png,PAGE,YL-A-086,859fda08f504fa40
YL-A-095-S03_NOT_FOUND,YL-A-095,ANDROID,我的/帮助与反馈,NOT_FOUND,内容不存在,资源不存在、已删除或不可访问。,back,P09-024,P09,P09-W05,YL-A-095-S03_NOT_FOUND,ui/mockups/android/YL-A-095/YL-A-095-S03_NOT_FOUND.png,PAGE,YL-A-086,859fda08f504fa40
YL-A-095-S04_EDIT_MODE,YL-A-095,ANDROID,我的/帮助与反馈,EDIT_MODE,编辑状态,可编辑字段与只读字段明显区分。,save_or_cancel,P09-024,P09,P09-W05,YL-A-095-S04_EDIT_MODE,ui/mockups/android/YL-A-095/YL-A-095-S04_EDIT_MODE.png,PAGE,YL-A-086,859fda08f504fa40
YL-A-095-S05_DIRTY,YL-A-095,ANDROID,我的/帮助与反馈,DIRTY,存在未保存修改,离开或关闭前必须确认。,save_or_discard,P09-024,P09,P09-W05,YL-A-095-S05_DIRTY,ui/mockups/android/YL-A-095/YL-A-095-S05_DIRTY.png,PAGE,YL-A-086,859fda08f504fa40
YL-A-095-S06_SAVE_SUCCESS,YL-A-095,ANDROID,我的/帮助与反馈,SAVE_SUCCESS,保存成功,保存结果明确且数据回读一致。,continue,P09-024,P09,P09-W05,YL-A-095-S06_SAVE_SUCCESS,ui/mockups/android/YL-A-095/YL-A-095-S06_SAVE_SUCCESS.png,PAGE,YL-A-086,859fda08f504fa40
YL-A-095-S07_SAVE_ERROR,YL-A-095,ANDROID,我的/帮助与反馈,SAVE_ERROR,保存失败,保留用户输入，显示稳定错误码和重试动作。,retry,P09-024,P09,P09-W05,YL-A-095-S07_SAVE_ERROR,ui/mockups/android/YL-A-095/YL-A-095-S07_SAVE_ERROR.png,PAGE,YL-A-086,859fda08f504fa40
YL-A-095-S08_OFFLINE,YL-A-095,ANDROID,我的/帮助与反馈,OFFLINE,离线,说明当前离线；有缓存时显示缓存来源与时间。,retry_when_online,P09-024,P09,P09-W05,YL-A-095-S08_OFFLINE,ui/mockups/android/YL-A-095/YL-A-095-S08_OFFLINE.png,PAGE,YL-A-086,859fda08f504fa40
YL-A-095-S09_PERMISSION_DENIED,YL-A-095,ANDROID,我的/帮助与反馈,PERMISSION_DENIED,权限不足,不泄露资源存在性，说明所需权限或返回。,back_or_request_access,P09-024,P09,P09-W05,YL-A-095-S09_PERMISSION_DENIED,ui/mockups/android/YL-A-095/YL-A-095-S09_PERMISSION_DENIED.png,PAGE,YL-A-086,859fda08f504fa40
YL-A-096-S01_LOADING,YL-A-096,ANDROID,我的/套餐与会员,LOADING,加载中,使用与最终布局一致的 Skeleton，禁止无限 Loading。,automatic_or_retry,P10-002,P10,P10-W01,YL-A-096-S01_LOADING,ui/mockups/android/YL-A-096/YL-A-096-S01_LOADING.png,PAGE,YL-A-086,2a208c0e21a3d8f2
YL-A-096-S02_POPULATED,YL-A-096,ANDROID,我的/套餐与会员,POPULATED,有数据,真实结构化数据已加载。,none,P10-002,P10,P10-W01,YL-A-096-S02_POPULATED,ui/mockups/android/YL-A-096/YL-A-096-S02_POPULATED.png,PAGE,YL-A-086,2a208c0e21a3d8f2
YL-A-096-S03_EMPTY,YL-A-096,ANDROID,我的/套餐与会员,EMPTY,空数据,显示原因、下一步和主操作；不得使用伪造内容填满。,primary_action_or_refresh,P10-002,P10,P10-W01,YL-A-096-S03_EMPTY,ui/mockups/android/YL-A-096/YL-A-096-S03_EMPTY.png,PAGE,YL-A-086,2a208c0e21a3d8f2
YL-A-096-S04_PAYMENT_PENDING,YL-A-096,ANDROID,我的/套餐与会员,PAYMENT_PENDING,支付待确认,订单已创建或支付结果回调中，禁止重复付款。,refresh_status,P10-002,P10,P10-W01,YL-A-096-S04_PAYMENT_PENDING,ui/mockups/android/YL-A-096/YL-A-096-S04_PAYMENT_PENDING.png,PAGE,YL-A-086,2a208c0e21a3d8f2
YL-A-096-S05_CREDIT_PENDING,YL-A-096,ANDROID,我的/套餐与会员,CREDIT_PENDING,到账同步中,支付成功但额度投影尚未完成，自动重试。,automatic_or_support,P10-002,P10,P10-W01,YL-A-096-S05_CREDIT_PENDING,ui/mockups/android/YL-A-096/YL-A-096-S05_CREDIT_PENDING.png,PAGE,YL-A-086,2a208c0e21a3d8f2
YL-A-096-S06_REFUND_PENDING,YL-A-096,ANDROID,我的/套餐与会员,REFUND_PENDING,退款处理中,展示退款阶段、金额和预计规则，不伪造到账时间。,refresh_status,P10-002,P10,P10-W01,YL-A-096-S06_REFUND_PENDING,ui/mockups/android/YL-A-096/YL-A-096-S06_REFUND_PENDING.png,PAGE,YL-A-086,2a208c0e21a3d8f2
YL-A-096-S07_BUDGET_EXHAUSTED,YL-A-096,ANDROID,我的/套餐与会员,BUDGET_EXHAUSTED,预算耗尽,停止收费调用并给出充值或调整预算入口。,recharge_or_adjust,P10-002,P10,P10-W01,YL-A-096-S07_BUDGET_EXHAUSTED,ui/mockups/android/YL-A-096/YL-A-096-S07_BUDGET_EXHAUSTED.png,PAGE,YL-A-086,2a208c0e21a3d8f2
YL-A-096-S08_SUCCESS,YL-A-096,ANDROID,我的/套餐与会员,SUCCESS,操作成功,使用 Snackbar、结果页或成功卡，按合同给出下一步。,continue,P10-002,P10,P10-W01,YL-A-096-S08_SUCCESS,ui/mockups/android/YL-A-096/YL-A-096-S08_SUCCESS.png,PAGE,YL-A-086,2a208c0e21a3d8f2
YL-A-096-S09_SERVER_ERROR,YL-A-096,ANDROID,我的/套餐与会员,SERVER_ERROR,服务异常,服务端 5xx，显示请求 ID，不暴露堆栈。,retry_or_status,P10-002,P10,P10-W01,YL-A-096-S09_SERVER_ERROR,ui/mockups/android/YL-A-096/YL-A-096-S09_SERVER_ERROR.png,PAGE,YL-A-086,2a208c0e21a3d8f2
YL-A-096-S10_OFFLINE,YL-A-096,ANDROID,我的/套餐与会员,OFFLINE,离线,说明当前离线；有缓存时显示缓存来源与时间。,retry_when_online,P10-002,P10,P10-W01,YL-A-096-S10_OFFLINE,ui/mockups/android/YL-A-096/YL-A-096-S10_OFFLINE.png,PAGE,YL-A-086,2a208c0e21a3d8f2
YL-A-097-S01_LOADING,YL-A-097,ANDROID,套餐确认,LOADING,加载中,使用与最终布局一致的 Skeleton，禁止无限 Loading。,automatic_or_retry,P10-003,P10,P10-W01,YL-A-097-S01_LOADING,ui/mockups/android/YL-A-097/YL-A-097-S01_LOADING.png,PAGE,YL-A-096,82708712c7396bbe
YL-A-097-S02_POPULATED,YL-A-097,ANDROID,套餐确认,POPULATED,有数据,真实结构化数据已加载。,none,P10-003,P10,P10-W01,YL-A-097-S02_POPULATED,ui/mockups/android/YL-A-097/YL-A-097-S02_POPULATED.png,PAGE,YL-A-096,82708712c7396bbe
YL-A-097-S03_EMPTY,YL-A-097,ANDROID,套餐确认,EMPTY,空数据,显示原因、下一步和主操作；不得使用伪造内容填满。,primary_action_or_refresh,P10-003,P10,P10-W01,YL-A-097-S03_EMPTY,ui/mockups/android/YL-A-097/YL-A-097-S03_EMPTY.png,PAGE,YL-A-096,82708712c7396bbe
YL-A-097-S04_PAYMENT_PENDING,YL-A-097,ANDROID,套餐确认,PAYMENT_PENDING,支付待确认,订单已创建或支付结果回调中，禁止重复付款。,refresh_status,P10-003,P10,P10-W01,YL-A-097-S04_PAYMENT_PENDING,ui/mockups/android/YL-A-097/YL-A-097-S04_PAYMENT_PENDING.png,PAGE,YL-A-096,82708712c7396bbe
YL-A-097-S05_CREDIT_PENDING,YL-A-097,ANDROID,套餐确认,CREDIT_PENDING,到账同步中,支付成功但额度投影尚未完成，自动重试。,automatic_or_support,P10-003,P10,P10-W01,YL-A-097-S05_CREDIT_PENDING,ui/mockups/android/YL-A-097/YL-A-097-S05_CREDIT_PENDING.png,PAGE,YL-A-096,82708712c7396bbe
YL-A-097-S06_REFUND_PENDING,YL-A-097,ANDROID,套餐确认,REFUND_PENDING,退款处理中,展示退款阶段、金额和预计规则，不伪造到账时间。,refresh_status,P10-003,P10,P10-W01,YL-A-097-S06_REFUND_PENDING,ui/mockups/android/YL-A-097/YL-A-097-S06_REFUND_PENDING.png,PAGE,YL-A-096,82708712c7396bbe
YL-A-097-S07_BUDGET_EXHAUSTED,YL-A-097,ANDROID,套餐确认,BUDGET_EXHAUSTED,预算耗尽,停止收费调用并给出充值或调整预算入口。,recharge_or_adjust,P10-003,P10,P10-W01,YL-A-097-S07_BUDGET_EXHAUSTED,ui/mockups/android/YL-A-097/YL-A-097-S07_BUDGET_EXHAUSTED.png,PAGE,YL-A-096,82708712c7396bbe
YL-A-097-S08_SUCCESS,YL-A-097,ANDROID,套餐确认,SUCCESS,操作成功,使用 Snackbar、结果页或成功卡，按合同给出下一步。,continue,P10-003,P10,P10-W01,YL-A-097-S08_SUCCESS,ui/mockups/android/YL-A-097/YL-A-097-S08_SUCCESS.png,PAGE,YL-A-096,82708712c7396bbe
YL-A-097-S09_SERVER_ERROR,YL-A-097,ANDROID,套餐确认,SERVER_ERROR,服务异常,服务端 5xx，显示请求 ID，不暴露堆栈。,retry_or_status,P10-003,P10,P10-W01,YL-A-097-S09_SERVER_ERROR,ui/mockups/android/YL-A-097/YL-A-097-S09_SERVER_ERROR.png,PAGE,YL-A-096,82708712c7396bbe
YL-A-097-S10_OFFLINE,YL-A-097,ANDROID,套餐确认,OFFLINE,离线,说明当前离线；有缓存时显示缓存来源与时间。,retry_when_online,P10-003,P10,P10-W01,YL-A-097-S10_OFFLINE,ui/mockups/android/YL-A-097/YL-A-097-S10_OFFLINE.png,PAGE,YL-A-096,82708712c7396bbe
YL-A-098-S01_LOADING,YL-A-098,ANDROID,我的/钱包,LOADING,加载中,使用与最终布局一致的 Skeleton，禁止无限 Loading。,automatic_or_retry,P10-009,P10,P10-W02,YL-A-098-S01_LOADING,ui/mockups/android/YL-A-098/YL-A-098-S01_LOADING.png,PAGE,YL-A-086,1f95644ec458f796
YL-A-098-S02_POPULATED,YL-A-098,ANDROID,我的/钱包,POPULATED,有数据,真实结构化数据已加载。,none,P10-009,P10,P10-W02,YL-A-098-S02_POPULATED,ui/mockups/android/YL-A-098/YL-A-098-S02_POPULATED.png,PAGE,YL-A-086,1f95644ec458f796
YL-A-098-S03_EMPTY,YL-A-098,ANDROID,我的/钱包,EMPTY,空数据,显示原因、下一步和主操作；不得使用伪造内容填满。,primary_action_or_refresh,P10-009,P10,P10-W02,YL-A-098-S03_EMPTY,ui/mockups/android/YL-A-098/YL-A-098-S03_EMPTY.png,PAGE,YL-A-086,1f95644ec458f796
YL-A-098-S04_PAYMENT_PENDING,YL-A-098,ANDROID,我的/钱包,PAYMENT_PENDING,支付待确认,订单已创建或支付结果回调中，禁止重复付款。,refresh_status,P10-009,P10,P10-W02,YL-A-098-S04_PAYMENT_PENDING,ui/mockups/android/YL-A-098/YL-A-098-S04_PAYMENT_PENDING.png,PAGE,YL-A-086,1f95644ec458f796
YL-A-098-S05_CREDIT_PENDING,YL-A-098,ANDROID,我的/钱包,CREDIT_PENDING,到账同步中,支付成功但额度投影尚未完成，自动重试。,automatic_or_support,P10-009,P10,P10-W02,YL-A-098-S05_CREDIT_PENDING,ui/mockups/android/YL-A-098/YL-A-098-S05_CREDIT_PENDING.png,PAGE,YL-A-086,1f95644ec458f796
YL-A-098-S06_REFUND_PENDING,YL-A-098,ANDROID,我的/钱包,REFUND_PENDING,退款处理中,展示退款阶段、金额和预计规则，不伪造到账时间。,refresh_status,P10-009,P10,P10-W02,YL-A-098-S06_REFUND_PENDING,ui/mockups/android/YL-A-098/YL-A-098-S06_REFUND_PENDING.png,PAGE,YL-A-086,1f95644ec458f796
YL-A-098-S07_BUDGET_EXHAUSTED,YL-A-098,ANDROID,我的/钱包,BUDGET_EXHAUSTED,预算耗尽,停止收费调用并给出充值或调整预算入口。,recharge_or_adjust,P10-009,P10,P10-W02,YL-A-098-S07_BUDGET_EXHAUSTED,ui/mockups/android/YL-A-098/YL-A-098-S07_BUDGET_EXHAUSTED.png,PAGE,YL-A-086,1f95644ec458f796
YL-A-098-S08_SUCCESS,YL-A-098,ANDROID,我的/钱包,SUCCESS,操作成功,使用 Snackbar、结果页或成功卡，按合同给出下一步。,continue,P10-009,P10,P10-W02,YL-A-098-S08_SUCCESS,ui/mockups/android/YL-A-098/YL-A-098-S08_SUCCESS.png,PAGE,YL-A-086,1f95644ec458f796
YL-A-098-S09_SERVER_ERROR,YL-A-098,ANDROID,我的/钱包,SERVER_ERROR,服务异常,服务端 5xx，显示请求 ID，不暴露堆栈。,retry_or_status,P10-009,P10,P10-W02,YL-A-098-S09_SERVER_ERROR,ui/mockups/android/YL-A-098/YL-A-098-S09_SERVER_ERROR.png,PAGE,YL-A-086,1f95644ec458f796
YL-A-098-S10_OFFLINE,YL-A-098,ANDROID,我的/钱包,OFFLINE,离线,说明当前离线；有缓存时显示缓存来源与时间。,retry_when_online,P10-009,P10,P10-W02,YL-A-098-S10_OFFLINE,ui/mockups/android/YL-A-098/YL-A-098-S10_OFFLINE.png,PAGE,YL-A-086,1f95644ec458f796
YL-A-099-S01_LOADING,YL-A-099,ANDROID,我的/账单,LOADING,加载中,使用与最终布局一致的 Skeleton，禁止无限 Loading。,automatic_or_retry,P10-010,P10,P10-W02,YL-A-099-S01_LOADING,ui/mockups/android/YL-A-099/YL-A-099-S01_LOADING.png,PAGE,YL-A-098,2e8e1c2106775d18
YL-A-099-S02_POPULATED,YL-A-099,ANDROID,我的/账单,POPULATED,有数据,真实结构化数据已加载。,none,P10-010,P10,P10-W02,YL-A-099-S02_POPULATED,ui/mockups/android/YL-A-099/YL-A-099-S02_POPULATED.png,PAGE,YL-A-098,2e8e1c2106775d18
YL-A-099-S03_EMPTY,YL-A-099,ANDROID,我的/账单,EMPTY,空数据,显示原因、下一步和主操作；不得使用伪造内容填满。,primary_action_or_refresh,P10-010,P10,P10-W02,YL-A-099-S03_EMPTY,ui/mockups/android/YL-A-099/YL-A-099-S03_EMPTY.png,PAGE,YL-A-098,2e8e1c2106775d18
YL-A-099-S04_PAYMENT_PENDING,YL-A-099,ANDROID,我的/账单,PAYMENT_PENDING,支付待确认,订单已创建或支付结果回调中，禁止重复付款。,refresh_status,P10-010,P10,P10-W02,YL-A-099-S04_PAYMENT_PENDING,ui/mockups/android/YL-A-099/YL-A-099-S04_PAYMENT_PENDING.png,PAGE,YL-A-098,2e8e1c2106775d18
YL-A-099-S05_CREDIT_PENDING,YL-A-099,ANDROID,我的/账单,CREDIT_PENDING,到账同步中,支付成功但额度投影尚未完成，自动重试。,automatic_or_support,P10-010,P10,P10-W02,YL-A-099-S05_CREDIT_PENDING,ui/mockups/android/YL-A-099/YL-A-099-S05_CREDIT_PENDING.png,PAGE,YL-A-098,2e8e1c2106775d18
YL-A-099-S06_REFUND_PENDING,YL-A-099,ANDROID,我的/账单,REFUND_PENDING,退款处理中,展示退款阶段、金额和预计规则，不伪造到账时间。,refresh_status,P10-010,P10,P10-W02,YL-A-099-S06_REFUND_PENDING,ui/mockups/android/YL-A-099/YL-A-099-S06_REFUND_PENDING.png,PAGE,YL-A-098,2e8e1c2106775d18
YL-A-099-S07_BUDGET_EXHAUSTED,YL-A-099,ANDROID,我的/账单,BUDGET_EXHAUSTED,预算耗尽,停止收费调用并给出充值或调整预算入口。,recharge_or_adjust,P10-010,P10,P10-W02,YL-A-099-S07_BUDGET_EXHAUSTED,ui/mockups/android/YL-A-099/YL-A-099-S07_BUDGET_EXHAUSTED.png,PAGE,YL-A-098,2e8e1c2106775d18
YL-A-099-S08_SUCCESS,YL-A-099,ANDROID,我的/账单,SUCCESS,操作成功,使用 Snackbar、结果页或成功卡，按合同给出下一步。,continue,P10-010,P10,P10-W02,YL-A-099-S08_SUCCESS,ui/mockups/android/YL-A-099/YL-A-099-S08_SUCCESS.png,PAGE,YL-A-098,2e8e1c2106775d18
YL-A-099-S09_SERVER_ERROR,YL-A-099,ANDROID,我的/账单,SERVER_ERROR,服务异常,服务端 5xx，显示请求 ID，不暴露堆栈。,retry_or_status,P10-010,P10,P10-W02,YL-A-099-S09_SERVER_ERROR,ui/mockups/android/YL-A-099/YL-A-099-S09_SERVER_ERROR.png,PAGE,YL-A-098,2e8e1c2106775d18
YL-A-099-S10_OFFLINE,YL-A-099,ANDROID,我的/账单,OFFLINE,离线,说明当前离线；有缓存时显示缓存来源与时间。,retry_when_online,P10-010,P10,P10-W02,YL-A-099-S10_OFFLINE,ui/mockups/android/YL-A-099/YL-A-099-S10_OFFLINE.png,PAGE,YL-A-098,2e8e1c2106775d18
YL-A-100-S01_LOADING,YL-A-100,ANDROID,我的/用量中心,LOADING,加载中,使用与最终布局一致的 Skeleton，禁止无限 Loading。,automatic_or_retry,P10-016,P10,P10-W03,YL-A-100-S01_LOADING,ui/mockups/android/YL-A-100/YL-A-100-S01_LOADING.png,PAGE,YL-A-086,125a81a3b75445e2
YL-A-100-S02_POPULATED,YL-A-100,ANDROID,我的/用量中心,POPULATED,有数据,真实结构化数据已加载。,none,P10-016,P10,P10-W03,YL-A-100-S02_POPULATED,ui/mockups/android/YL-A-100/YL-A-100-S02_POPULATED.png,PAGE,YL-A-086,125a81a3b75445e2
YL-A-100-S03_EMPTY,YL-A-100,ANDROID,我的/用量中心,EMPTY,空数据,显示原因、下一步和主操作；不得使用伪造内容填满。,primary_action_or_refresh,P10-016,P10,P10-W03,YL-A-100-S03_EMPTY,ui/mockups/android/YL-A-100/YL-A-100-S03_EMPTY.png,PAGE,YL-A-086,125a81a3b75445e2
YL-A-100-S04_PAYMENT_PENDING,YL-A-100,ANDROID,我的/用量中心,PAYMENT_PENDING,支付待确认,订单已创建或支付结果回调中，禁止重复付款。,refresh_status,P10-016,P10,P10-W03,YL-A-100-S04_PAYMENT_PENDING,ui/mockups/android/YL-A-100/YL-A-100-S04_PAYMENT_PENDING.png,PAGE,YL-A-086,125a81a3b75445e2
YL-A-100-S05_CREDIT_PENDING,YL-A-100,ANDROID,我的/用量中心,CREDIT_PENDING,到账同步中,支付成功但额度投影尚未完成，自动重试。,automatic_or_support,P10-016,P10,P10-W03,YL-A-100-S05_CREDIT_PENDING,ui/mockups/android/YL-A-100/YL-A-100-S05_CREDIT_PENDING.png,PAGE,YL-A-086,125a81a3b75445e2
YL-A-100-S06_REFUND_PENDING,YL-A-100,ANDROID,我的/用量中心,REFUND_PENDING,退款处理中,展示退款阶段、金额和预计规则，不伪造到账时间。,refresh_status,P10-016,P10,P10-W03,YL-A-100-S06_REFUND_PENDING,ui/mockups/android/YL-A-100/YL-A-100-S06_REFUND_PENDING.png,PAGE,YL-A-086,125a81a3b75445e2
YL-A-100-S07_BUDGET_EXHAUSTED,YL-A-100,ANDROID,我的/用量中心,BUDGET_EXHAUSTED,预算耗尽,停止收费调用并给出充值或调整预算入口。,recharge_or_adjust,P10-016,P10,P10-W03,YL-A-100-S07_BUDGET_EXHAUSTED,ui/mockups/android/YL-A-100/YL-A-100-S07_BUDGET_EXHAUSTED.png,PAGE,YL-A-086,125a81a3b75445e2
YL-A-100-S08_SUCCESS,YL-A-100,ANDROID,我的/用量中心,SUCCESS,操作成功,使用 Snackbar、结果页或成功卡，按合同给出下一步。,continue,P10-016,P10,P10-W03,YL-A-100-S08_SUCCESS,ui/mockups/android/YL-A-100/YL-A-100-S08_SUCCESS.png,PAGE,YL-A-086,125a81a3b75445e2
YL-A-100-S09_SERVER_ERROR,YL-A-100,ANDROID,我的/用量中心,SERVER_ERROR,服务异常,服务端 5xx，显示请求 ID，不暴露堆栈。,retry_or_status,P10-016,P10,P10-W03,YL-A-100-S09_SERVER_ERROR,ui/mockups/android/YL-A-100/YL-A-100-S09_SERVER_ERROR.png,PAGE,YL-A-086,125a81a3b75445e2
YL-A-100-S10_OFFLINE,YL-A-100,ANDROID,我的/用量中心,OFFLINE,离线,说明当前离线；有缓存时显示缓存来源与时间。,retry_when_online,P10-016,P10,P10-W03,YL-A-100-S10_OFFLINE,ui/mockups/android/YL-A-100/YL-A-100-S10_OFFLINE.png,PAGE,YL-A-086,125a81a3b75445e2
YL-M-001-S01_LOADING,YL-M-001,ADMIN,系统设置/工程信息,LOADING,加载中,使用与最终布局一致的 Skeleton，禁止无限 Loading。,automatic_or_retry,P00-001,P00,P00-W01,YL-M-001-S01_LOADING,ui/mockups/admin/YL-M-001/YL-M-001-S01_LOADING.png,PAGE,,f2ab3e4be3493ec2
YL-M-001-S02_POPULATED,YL-M-001,ADMIN,系统设置/工程信息,POPULATED,有数据,真实结构化数据已加载。,none,P00-001,P00,P00-W01,YL-M-001-S02_POPULATED,ui/mockups/admin/YL-M-001/YL-M-001-S02_POPULATED.png,PAGE,,f2ab3e4be3493ec2
YL-M-001-S03_EMPTY,YL-M-001,ADMIN,系统设置/工程信息,EMPTY,空数据,显示原因、下一步和主操作；不得使用伪造内容填满。,primary_action_or_refresh,P00-001,P00,P00-W01,YL-M-001-S03_EMPTY,ui/mockups/admin/YL-M-001/YL-M-001-S03_EMPTY.png,PAGE,,f2ab3e4be3493ec2
YL-M-001-S04_FILTER_ACTIVE,YL-M-001,ADMIN,系统设置/工程信息,FILTER_ACTIVE,筛选生效,清晰展示筛选条件和结果数量。,clear_filter,P00-001,P00,P00-W01,YL-M-001-S04_FILTER_ACTIVE,ui/mockups/admin/YL-M-001/YL-M-001-S04_FILTER_ACTIVE.png,PAGE,,f2ab3e4be3493ec2
YL-M-001-S05_BULK_SELECTED,YL-M-001,ADMIN,系统设置/工程信息,BULK_SELECTED,批量选择,显示已选数量和允许的批量动作。,clear_selection,P00-001,P00,P00-W01,YL-M-001-S05_BULK_SELECTED,ui/mockups/admin/YL-M-001/YL-M-001-S05_BULK_SELECTED.png,PAGE,,f2ab3e4be3493ec2
YL-M-001-S06_PERMISSION_DENIED,YL-M-001,ADMIN,系统设置/工程信息,PERMISSION_DENIED,权限不足,不泄露资源存在性，说明所需权限或返回。,back_or_request_access,P00-001,P00,P00-W01,YL-M-001-S06_PERMISSION_DENIED,ui/mockups/admin/YL-M-001/YL-M-001-S06_PERMISSION_DENIED.png,PAGE,,f2ab3e4be3493ec2
YL-M-001-S07_NETWORK_ERROR,YL-M-001,ADMIN,系统设置/工程信息,NETWORK_ERROR,网络连接失败,网络不可达或 DNS/TLS 失败，提供重试。,retry,P00-001,P00,P00-W01,YL-M-001-S07_NETWORK_ERROR,ui/mockups/admin/YL-M-001/YL-M-001-S07_NETWORK_ERROR.png,PAGE,,f2ab3e4be3493ec2
YL-M-001-S08_SERVER_ERROR,YL-M-001,ADMIN,系统设置/工程信息,SERVER_ERROR,服务异常,服务端 5xx，显示请求 ID，不暴露堆栈。,retry_or_status,P00-001,P00,P00-W01,YL-M-001-S08_SERVER_ERROR,ui/mockups/admin/YL-M-001/YL-M-001-S08_SERVER_ERROR.png,PAGE,,f2ab3e4be3493ec2
YL-M-002-S01_LOADING,YL-M-002,ADMIN,系统设置/环境配置,LOADING,加载中,使用与最终布局一致的 Skeleton，禁止无限 Loading。,automatic_or_retry,P00-002,P00,P00-W01,YL-M-002-S01_LOADING,ui/mockups/admin/YL-M-002/YL-M-002-S01_LOADING.png,PAGE,,7314362a5543abc2
YL-M-002-S02_POPULATED,YL-M-002,ADMIN,系统设置/环境配置,POPULATED,有数据,真实结构化数据已加载。,none,P00-002,P00,P00-W01,YL-M-002-S02_POPULATED,ui/mockups/admin/YL-M-002/YL-M-002-S02_POPULATED.png,PAGE,,7314362a5543abc2
YL-M-002-S03_EDIT_MODE,YL-M-002,ADMIN,系统设置/环境配置,EDIT_MODE,编辑状态,可编辑字段与只读字段明显区分。,save_or_cancel,P00-002,P00,P00-W01,YL-M-002-S03_EDIT_MODE,ui/mockups/admin/YL-M-002/YL-M-002-S03_EDIT_MODE.png,PAGE,,7314362a5543abc2
YL-M-002-S04_VALIDATION_ERROR,YL-M-002,ADMIN,系统设置/环境配置,VALIDATION_ERROR,表单校验失败,字段级错误紧邻字段，首个错误获得焦点。,correct_input,P00-002,P00,P00-W01,YL-M-002-S04_VALIDATION_ERROR,ui/mockups/admin/YL-M-002/YL-M-002-S04_VALIDATION_ERROR.png,PAGE,,7314362a5543abc2
YL-M-002-S05_DIRTY,YL-M-002,ADMIN,系统设置/环境配置,DIRTY,存在未保存修改,离开或关闭前必须确认。,save_or_discard,P00-002,P00,P00-W01,YL-M-002-S05_DIRTY,ui/mockups/admin/YL-M-002/YL-M-002-S05_DIRTY.png,PAGE,,7314362a5543abc2
YL-M-002-S06_SUBMITTING,YL-M-002,ADMIN,系统设置/环境配置,SUBMITTING,提交中,主按钮保留尺寸并显示进度，禁止重复提交。,wait_or_cancel_if_supported,P00-002,P00,P00-W01,YL-M-002-S06_SUBMITTING,ui/mockups/admin/YL-M-002/YL-M-002-S06_SUBMITTING.png,PAGE,,7314362a5543abc2
YL-M-002-S07_SAVE_SUCCESS,YL-M-002,ADMIN,系统设置/环境配置,SAVE_SUCCESS,保存成功,保存结果明确且数据回读一致。,continue,P00-002,P00,P00-W01,YL-M-002-S07_SAVE_SUCCESS,ui/mockups/admin/YL-M-002/YL-M-002-S07_SAVE_SUCCESS.png,PAGE,,7314362a5543abc2
YL-M-002-S08_VERSION_CONFLICT,YL-M-002,ADMIN,系统设置/环境配置,VERSION_CONFLICT,版本冲突,显示当前版本与服务器版本，禁止静默覆盖。,reload_compare_or_force_with_permission,P00-002,P00,P00-W01,YL-M-002-S08_VERSION_CONFLICT,ui/mockups/admin/YL-M-002/YL-M-002-S08_VERSION_CONFLICT.png,PAGE,,7314362a5543abc2
YL-M-002-S09_ROLLBACK_CONFIRM,YL-M-002,ADMIN,系统设置/环境配置,ROLLBACK_CONFIRM,确认回滚,列出目标版本、影响和审计原因。,confirm_or_cancel,P00-002,P00,P00-W01,YL-M-002-S09_ROLLBACK_CONFIRM,ui/mockups/admin/YL-M-002/YL-M-002-S09_ROLLBACK_CONFIRM.png,PAGE,,7314362a5543abc2
YL-M-002-S10_PERMISSION_DENIED,YL-M-002,ADMIN,系统设置/环境配置,PERMISSION_DENIED,权限不足,不泄露资源存在性，说明所需权限或返回。,back_or_request_access,P00-002,P00,P00-W01,YL-M-002-S10_PERMISSION_DENIED,ui/mockups/admin/YL-M-002/YL-M-002-S10_PERMISSION_DENIED.png,PAGE,,7314362a5543abc2
YL-M-002-S11_SERVER_ERROR,YL-M-002,ADMIN,系统设置/环境配置,SERVER_ERROR,服务异常,服务端 5xx，显示请求 ID，不暴露堆栈。,retry_or_status,P00-002,P00,P00-W01,YL-M-002-S11_SERVER_ERROR,ui/mockups/admin/YL-M-002/YL-M-002-S11_SERVER_ERROR.png,PAGE,,7314362a5543abc2
YL-M-003-S01_LOADING,YL-M-003,ADMIN,App发布/构建记录,LOADING,加载中,使用与最终布局一致的 Skeleton，禁止无限 Loading。,automatic_or_retry,P00-003,P00,P00-W01,YL-M-003-S01_LOADING,ui/mockups/admin/YL-M-003/YL-M-003-S01_LOADING.png,PAGE,,a0a53e17432bdcf1
YL-M-003-S02_POPULATED,YL-M-003,ADMIN,App发布/构建记录,POPULATED,有数据,真实结构化数据已加载。,none,P00-003,P00,P00-W01,YL-M-003-S02_POPULATED,ui/mockups/admin/YL-M-003/YL-M-003-S02_POPULATED.png,PAGE,,a0a53e17432bdcf1
YL-M-003-S03_EMPTY,YL-M-003,ADMIN,App发布/构建记录,EMPTY,空数据,显示原因、下一步和主操作；不得使用伪造内容填满。,primary_action_or_refresh,P00-003,P00,P00-W01,YL-M-003-S03_EMPTY,ui/mockups/admin/YL-M-003/YL-M-003-S03_EMPTY.png,PAGE,,a0a53e17432bdcf1
YL-M-003-S04_FILTER_ACTIVE,YL-M-003,ADMIN,App发布/构建记录,FILTER_ACTIVE,筛选生效,清晰展示筛选条件和结果数量。,clear_filter,P00-003,P00,P00-W01,YL-M-003-S04_FILTER_ACTIVE,ui/mockups/admin/YL-M-003/YL-M-003-S04_FILTER_ACTIVE.png,PAGE,,a0a53e17432bdcf1
YL-M-003-S05_BULK_SELECTED,YL-M-003,ADMIN,App发布/构建记录,BULK_SELECTED,批量选择,显示已选数量和允许的批量动作。,clear_selection,P00-003,P00,P00-W01,YL-M-003-S05_BULK_SELECTED,ui/mockups/admin/YL-M-003/YL-M-003-S05_BULK_SELECTED.png,PAGE,,a0a53e17432bdcf1
YL-M-003-S06_PERMISSION_DENIED,YL-M-003,ADMIN,App发布/构建记录,PERMISSION_DENIED,权限不足,不泄露资源存在性，说明所需权限或返回。,back_or_request_access,P00-003,P00,P00-W01,YL-M-003-S06_PERMISSION_DENIED,ui/mockups/admin/YL-M-003/YL-M-003-S06_PERMISSION_DENIED.png,PAGE,,a0a53e17432bdcf1
YL-M-003-S07_NETWORK_ERROR,YL-M-003,ADMIN,App发布/构建记录,NETWORK_ERROR,网络连接失败,网络不可达或 DNS/TLS 失败，提供重试。,retry,P00-003,P00,P00-W01,YL-M-003-S07_NETWORK_ERROR,ui/mockups/admin/YL-M-003/YL-M-003-S07_NETWORK_ERROR.png,PAGE,,a0a53e17432bdcf1
YL-M-003-S08_SERVER_ERROR,YL-M-003,ADMIN,App发布/构建记录,SERVER_ERROR,服务异常,服务端 5xx，显示请求 ID，不暴露堆栈。,retry_or_status,P00-003,P00,P00-W01,YL-M-003-S08_SERVER_ERROR,ui/mockups/admin/YL-M-003/YL-M-003-S08_SERVER_ERROR.png,PAGE,,a0a53e17432bdcf1
YL-M-004-S01_LOADING,YL-M-004,ADMIN,内容运营/设计配置,LOADING,加载中,使用与最终布局一致的 Skeleton，禁止无限 Loading。,automatic_or_retry,P00-004,P00,P00-W01,YL-M-004-S01_LOADING,ui/mockups/admin/YL-M-004/YL-M-004-S01_LOADING.png,PAGE,,af0a950ea858bb12
YL-M-004-S02_POPULATED,YL-M-004,ADMIN,内容运营/设计配置,POPULATED,有数据,真实结构化数据已加载。,none,P00-004,P00,P00-W01,YL-M-004-S02_POPULATED,ui/mockups/admin/YL-M-004/YL-M-004-S02_POPULATED.png,PAGE,,af0a950ea858bb12
YL-M-004-S03_EDIT_MODE,YL-M-004,ADMIN,内容运营/设计配置,EDIT_MODE,编辑状态,可编辑字段与只读字段明显区分。,save_or_cancel,P00-004,P00,P00-W01,YL-M-004-S03_EDIT_MODE,ui/mockups/admin/YL-M-004/YL-M-004-S03_EDIT_MODE.png,PAGE,,af0a950ea858bb12
YL-M-004-S04_VALIDATION_ERROR,YL-M-004,ADMIN,内容运营/设计配置,VALIDATION_ERROR,表单校验失败,字段级错误紧邻字段，首个错误获得焦点。,correct_input,P00-004,P00,P00-W01,YL-M-004-S04_VALIDATION_ERROR,ui/mockups/admin/YL-M-004/YL-M-004-S04_VALIDATION_ERROR.png,PAGE,,af0a950ea858bb12
YL-M-004-S05_DIRTY,YL-M-004,ADMIN,内容运营/设计配置,DIRTY,存在未保存修改,离开或关闭前必须确认。,save_or_discard,P00-004,P00,P00-W01,YL-M-004-S05_DIRTY,ui/mockups/admin/YL-M-004/YL-M-004-S05_DIRTY.png,PAGE,,af0a950ea858bb12
YL-M-004-S06_SUBMITTING,YL-M-004,ADMIN,内容运营/设计配置,SUBMITTING,提交中,主按钮保留尺寸并显示进度，禁止重复提交。,wait_or_cancel_if_supported,P00-004,P00,P00-W01,YL-M-004-S06_SUBMITTING,ui/mockups/admin/YL-M-004/YL-M-004-S06_SUBMITTING.png,PAGE,,af0a950ea858bb12
YL-M-004-S07_SAVE_SUCCESS,YL-M-004,ADMIN,内容运营/设计配置,SAVE_SUCCESS,保存成功,保存结果明确且数据回读一致。,continue,P00-004,P00,P00-W01,YL-M-004-S07_SAVE_SUCCESS,ui/mockups/admin/YL-M-004/YL-M-004-S07_SAVE_SUCCESS.png,PAGE,,af0a950ea858bb12
YL-M-004-S08_VERSION_CONFLICT,YL-M-004,ADMIN,内容运营/设计配置,VERSION_CONFLICT,版本冲突,显示当前版本与服务器版本，禁止静默覆盖。,reload_compare_or_force_with_permission,P00-004,P00,P00-W01,YL-M-004-S08_VERSION_CONFLICT,ui/mockups/admin/YL-M-004/YL-M-004-S08_VERSION_CONFLICT.png,PAGE,,af0a950ea858bb12
YL-M-004-S09_ROLLBACK_CONFIRM,YL-M-004,ADMIN,内容运营/设计配置,ROLLBACK_CONFIRM,确认回滚,列出目标版本、影响和审计原因。,confirm_or_cancel,P00-004,P00,P00-W01,YL-M-004-S09_ROLLBACK_CONFIRM,ui/mockups/admin/YL-M-004/YL-M-004-S09_ROLLBACK_CONFIRM.png,PAGE,,af0a950ea858bb12
YL-M-004-S10_PERMISSION_DENIED,YL-M-004,ADMIN,内容运营/设计配置,PERMISSION_DENIED,权限不足,不泄露资源存在性，说明所需权限或返回。,back_or_request_access,P00-004,P00,P00-W01,YL-M-004-S10_PERMISSION_DENIED,ui/mockups/admin/YL-M-004/YL-M-004-S10_PERMISSION_DENIED.png,PAGE,,af0a950ea858bb12
YL-M-004-S11_SERVER_ERROR,YL-M-004,ADMIN,内容运营/设计配置,SERVER_ERROR,服务异常,服务端 5xx，显示请求 ID，不暴露堆栈。,retry_or_status,P00-004,P00,P00-W01,YL-M-004-S11_SERVER_ERROR,ui/mockups/admin/YL-M-004/YL-M-004-S11_SERVER_ERROR.png,PAGE,,af0a950ea858bb12
YL-M-005-S01_LOADING,YL-M-005,ADMIN,发现与首页/导航配置,LOADING,加载中,使用与最终布局一致的 Skeleton，禁止无限 Loading。,automatic_or_retry,P00-005,P00,P00-W01,YL-M-005-S01_LOADING,ui/mockups/admin/YL-M-005/YL-M-005-S01_LOADING.png,PAGE,,73b06a82bfebeea3
YL-M-005-S02_POPULATED,YL-M-005,ADMIN,发现与首页/导航配置,POPULATED,有数据,真实结构化数据已加载。,none,P00-005,P00,P00-W01,YL-M-005-S02_POPULATED,ui/mockups/admin/YL-M-005/YL-M-005-S02_POPULATED.png,PAGE,,73b06a82bfebeea3
YL-M-005-S03_EDIT_MODE,YL-M-005,ADMIN,发现与首页/导航配置,EDIT_MODE,编辑状态,可编辑字段与只读字段明显区分。,save_or_cancel,P00-005,P00,P00-W01,YL-M-005-S03_EDIT_MODE,ui/mockups/admin/YL-M-005/YL-M-005-S03_EDIT_MODE.png,PAGE,,73b06a82bfebeea3
YL-M-005-S04_VALIDATION_ERROR,YL-M-005,ADMIN,发现与首页/导航配置,VALIDATION_ERROR,表单校验失败,字段级错误紧邻字段，首个错误获得焦点。,correct_input,P00-005,P00,P00-W01,YL-M-005-S04_VALIDATION_ERROR,ui/mockups/admin/YL-M-005/YL-M-005-S04_VALIDATION_ERROR.png,PAGE,,73b06a82bfebeea3
YL-M-005-S05_DIRTY,YL-M-005,ADMIN,发现与首页/导航配置,DIRTY,存在未保存修改,离开或关闭前必须确认。,save_or_discard,P00-005,P00,P00-W01,YL-M-005-S05_DIRTY,ui/mockups/admin/YL-M-005/YL-M-005-S05_DIRTY.png,PAGE,,73b06a82bfebeea3
YL-M-005-S06_SUBMITTING,YL-M-005,ADMIN,发现与首页/导航配置,SUBMITTING,提交中,主按钮保留尺寸并显示进度，禁止重复提交。,wait_or_cancel_if_supported,P00-005,P00,P00-W01,YL-M-005-S06_SUBMITTING,ui/mockups/admin/YL-M-005/YL-M-005-S06_SUBMITTING.png,PAGE,,73b06a82bfebeea3
YL-M-005-S07_SAVE_SUCCESS,YL-M-005,ADMIN,发现与首页/导航配置,SAVE_SUCCESS,保存成功,保存结果明确且数据回读一致。,continue,P00-005,P00,P00-W01,YL-M-005-S07_SAVE_SUCCESS,ui/mockups/admin/YL-M-005/YL-M-005-S07_SAVE_SUCCESS.png,PAGE,,73b06a82bfebeea3
YL-M-005-S08_VERSION_CONFLICT,YL-M-005,ADMIN,发现与首页/导航配置,VERSION_CONFLICT,版本冲突,显示当前版本与服务器版本，禁止静默覆盖。,reload_compare_or_force_with_permission,P00-005,P00,P00-W01,YL-M-005-S08_VERSION_CONFLICT,ui/mockups/admin/YL-M-005/YL-M-005-S08_VERSION_CONFLICT.png,PAGE,,73b06a82bfebeea3
YL-M-005-S09_ROLLBACK_CONFIRM,YL-M-005,ADMIN,发现与首页/导航配置,ROLLBACK_CONFIRM,确认回滚,列出目标版本、影响和审计原因。,confirm_or_cancel,P00-005,P00,P00-W01,YL-M-005-S09_ROLLBACK_CONFIRM,ui/mockups/admin/YL-M-005/YL-M-005-S09_ROLLBACK_CONFIRM.png,PAGE,,73b06a82bfebeea3
YL-M-005-S10_PERMISSION_DENIED,YL-M-005,ADMIN,发现与首页/导航配置,PERMISSION_DENIED,权限不足,不泄露资源存在性，说明所需权限或返回。,back_or_request_access,P00-005,P00,P00-W01,YL-M-005-S10_PERMISSION_DENIED,ui/mockups/admin/YL-M-005/YL-M-005-S10_PERMISSION_DENIED.png,PAGE,,73b06a82bfebeea3
YL-M-005-S11_SERVER_ERROR,YL-M-005,ADMIN,发现与首页/导航配置,SERVER_ERROR,服务异常,服务端 5xx，显示请求 ID，不暴露堆栈。,retry_or_status,P00-005,P00,P00-W01,YL-M-005-S11_SERVER_ERROR,ui/mockups/admin/YL-M-005/YL-M-005-S11_SERVER_ERROR.png,PAGE,,73b06a82bfebeea3
YL-M-006-S01_LOADING,YL-M-006,ADMIN,运维/服务健康,LOADING,加载中,使用与最终布局一致的 Skeleton，禁止无限 Loading。,automatic_or_retry,P00-006|P00-007|P00-008,P00,P00-W02,YL-M-006-S01_LOADING,ui/mockups/admin/YL-M-006/YL-M-006-S01_LOADING.png,PAGE,,248c1da86030f0f2
YL-M-006-S02_POPULATED,YL-M-006,ADMIN,运维/服务健康,POPULATED,有数据,真实结构化数据已加载。,none,P00-006|P00-007|P00-008,P00,P00-W02,YL-M-006-S02_POPULATED,ui/mockups/admin/YL-M-006/YL-M-006-S02_POPULATED.png,PAGE,,248c1da86030f0f2
YL-M-006-S03_EMPTY,YL-M-006,ADMIN,运维/服务健康,EMPTY,空数据,显示原因、下一步和主操作；不得使用伪造内容填满。,primary_action_or_refresh,P00-006|P00-007|P00-008,P00,P00-W02,YL-M-006-S03_EMPTY,ui/mockups/admin/YL-M-006/YL-M-006-S03_EMPTY.png,PAGE,,248c1da86030f0f2
YL-M-006-S04_FILTER_ACTIVE,YL-M-006,ADMIN,运维/服务健康,FILTER_ACTIVE,筛选生效,清晰展示筛选条件和结果数量。,clear_filter,P00-006|P00-007|P00-008,P00,P00-W02,YL-M-006-S04_FILTER_ACTIVE,ui/mockups/admin/YL-M-006/YL-M-006-S04_FILTER_ACTIVE.png,PAGE,,248c1da86030f0f2
YL-M-006-S05_PARTIAL_DATA,YL-M-006,ADMIN,运维/服务健康,PARTIAL_DATA,部分数据,明确哪些数据源不可用以及统计截止时间。,retry_source,P00-006|P00-007|P00-008,P00,P00-W02,YL-M-006-S05_PARTIAL_DATA,ui/mockups/admin/YL-M-006/YL-M-006-S05_PARTIAL_DATA.png,PAGE,,248c1da86030f0f2
YL-M-006-S06_PERMISSION_DENIED,YL-M-006,ADMIN,运维/服务健康,PERMISSION_DENIED,权限不足,不泄露资源存在性，说明所需权限或返回。,back_or_request_access,P00-006|P00-007|P00-008,P00,P00-W02,YL-M-006-S06_PERMISSION_DENIED,ui/mockups/admin/YL-M-006/YL-M-006-S06_PERMISSION_DENIED.png,PAGE,,248c1da86030f0f2
YL-M-006-S07_SERVER_ERROR,YL-M-006,ADMIN,运维/服务健康,SERVER_ERROR,服务异常,服务端 5xx，显示请求 ID，不暴露堆栈。,retry_or_status,P00-006|P00-007|P00-008,P00,P00-W02,YL-M-006-S07_SERVER_ERROR,ui/mockups/admin/YL-M-006/YL-M-006-S07_SERVER_ERROR.png,PAGE,,248c1da86030f0f2
YL-M-007-S01_LOADING,YL-M-007,ADMIN,运维/任务队列,LOADING,加载中,使用与最终布局一致的 Skeleton，禁止无限 Loading。,automatic_or_retry,P00-009|P09-005|P12-016,P00|P09|P12,P00-W02|P09-W01|P12-W04,YL-M-007-S01_LOADING,ui/mockups/admin/YL-M-007/YL-M-007-S01_LOADING.png,PAGE,,ef1f51110fe2a864
YL-M-007-S02_POPULATED,YL-M-007,ADMIN,运维/任务队列,POPULATED,有数据,真实结构化数据已加载。,none,P00-009|P09-005|P12-016,P00|P09|P12,P00-W02|P09-W01|P12-W04,YL-M-007-S02_POPULATED,ui/mockups/admin/YL-M-007/YL-M-007-S02_POPULATED.png,PAGE,,ef1f51110fe2a864
YL-M-007-S03_EMPTY,YL-M-007,ADMIN,运维/任务队列,EMPTY,空数据,显示原因、下一步和主操作；不得使用伪造内容填满。,primary_action_or_refresh,P00-009|P09-005|P12-016,P00|P09|P12,P00-W02|P09-W01|P12-W04,YL-M-007-S03_EMPTY,ui/mockups/admin/YL-M-007/YL-M-007-S03_EMPTY.png,PAGE,,ef1f51110fe2a864
YL-M-007-S04_FILTER_ACTIVE,YL-M-007,ADMIN,运维/任务队列,FILTER_ACTIVE,筛选生效,清晰展示筛选条件和结果数量。,clear_filter,P00-009|P09-005|P12-016,P00|P09|P12,P00-W02|P09-W01|P12-W04,YL-M-007-S04_FILTER_ACTIVE,ui/mockups/admin/YL-M-007/YL-M-007-S04_FILTER_ACTIVE.png,PAGE,,ef1f51110fe2a864
YL-M-007-S05_BULK_SELECTED,YL-M-007,ADMIN,运维/任务队列,BULK_SELECTED,批量选择,显示已选数量和允许的批量动作。,clear_selection,P00-009|P09-005|P12-016,P00|P09|P12,P00-W02|P09-W01|P12-W04,YL-M-007-S05_BULK_SELECTED,ui/mockups/admin/YL-M-007/YL-M-007-S05_BULK_SELECTED.png,PAGE,,ef1f51110fe2a864
YL-M-007-S06_PERMISSION_DENIED,YL-M-007,ADMIN,运维/任务队列,PERMISSION_DENIED,权限不足,不泄露资源存在性，说明所需权限或返回。,back_or_request_access,P00-009|P09-005|P12-016,P00|P09|P12,P00-W02|P09-W01|P12-W04,YL-M-007-S06_PERMISSION_DENIED,ui/mockups/admin/YL-M-007/YL-M-007-S06_PERMISSION_DENIED.png,PAGE,,ef1f51110fe2a864
YL-M-007-S07_NETWORK_ERROR,YL-M-007,ADMIN,运维/任务队列,NETWORK_ERROR,网络连接失败,网络不可达或 DNS/TLS 失败，提供重试。,retry,P00-009|P09-005|P12-016,P00|P09|P12,P00-W02|P09-W01|P12-W04,YL-M-007-S07_NETWORK_ERROR,ui/mockups/admin/YL-M-007/YL-M-007-S07_NETWORK_ERROR.png,PAGE,,ef1f51110fe2a864
YL-M-007-S08_SERVER_ERROR,YL-M-007,ADMIN,运维/任务队列,SERVER_ERROR,服务异常,服务端 5xx，显示请求 ID，不暴露堆栈。,retry_or_status,P00-009|P09-005|P12-016,P00|P09|P12,P00-W02|P09-W01|P12-W04,YL-M-007-S08_SERVER_ERROR,ui/mockups/admin/YL-M-007/YL-M-007-S08_SERVER_ERROR.png,PAGE,,ef1f51110fe2a864
YL-M-008-S01_LOADING,YL-M-008,ADMIN,运维/定时任务,LOADING,加载中,使用与最终布局一致的 Skeleton，禁止无限 Loading。,automatic_or_retry,P00-010,P00,P00-W02,YL-M-008-S01_LOADING,ui/mockups/admin/YL-M-008/YL-M-008-S01_LOADING.png,PAGE,,70ac87dca2fef07c
YL-M-008-S02_POPULATED,YL-M-008,ADMIN,运维/定时任务,POPULATED,有数据,真实结构化数据已加载。,none,P00-010,P00,P00-W02,YL-M-008-S02_POPULATED,ui/mockups/admin/YL-M-008/YL-M-008-S02_POPULATED.png,PAGE,,70ac87dca2fef07c
YL-M-008-S03_EMPTY,YL-M-008,ADMIN,运维/定时任务,EMPTY,空数据,显示原因、下一步和主操作；不得使用伪造内容填满。,primary_action_or_refresh,P00-010,P00,P00-W02,YL-M-008-S03_EMPTY,ui/mockups/admin/YL-M-008/YL-M-008-S03_EMPTY.png,PAGE,,70ac87dca2fef07c
YL-M-008-S04_FILTER_ACTIVE,YL-M-008,ADMIN,运维/定时任务,FILTER_ACTIVE,筛选生效,清晰展示筛选条件和结果数量。,clear_filter,P00-010,P00,P00-W02,YL-M-008-S04_FILTER_ACTIVE,ui/mockups/admin/YL-M-008/YL-M-008-S04_FILTER_ACTIVE.png,PAGE,,70ac87dca2fef07c
YL-M-008-S05_BULK_SELECTED,YL-M-008,ADMIN,运维/定时任务,BULK_SELECTED,批量选择,显示已选数量和允许的批量动作。,clear_selection,P00-010,P00,P00-W02,YL-M-008-S05_BULK_SELECTED,ui/mockups/admin/YL-M-008/YL-M-008-S05_BULK_SELECTED.png,PAGE,,70ac87dca2fef07c
YL-M-008-S06_PERMISSION_DENIED,YL-M-008,ADMIN,运维/定时任务,PERMISSION_DENIED,权限不足,不泄露资源存在性，说明所需权限或返回。,back_or_request_access,P00-010,P00,P00-W02,YL-M-008-S06_PERMISSION_DENIED,ui/mockups/admin/YL-M-008/YL-M-008-S06_PERMISSION_DENIED.png,PAGE,,70ac87dca2fef07c
YL-M-008-S07_NETWORK_ERROR,YL-M-008,ADMIN,运维/定时任务,NETWORK_ERROR,网络连接失败,网络不可达或 DNS/TLS 失败，提供重试。,retry,P00-010,P00,P00-W02,YL-M-008-S07_NETWORK_ERROR,ui/mockups/admin/YL-M-008/YL-M-008-S07_NETWORK_ERROR.png,PAGE,,70ac87dca2fef07c
YL-M-008-S08_SERVER_ERROR,YL-M-008,ADMIN,运维/定时任务,SERVER_ERROR,服务异常,服务端 5xx，显示请求 ID，不暴露堆栈。,retry_or_status,P00-010,P00,P00-W02,YL-M-008-S08_SERVER_ERROR,ui/mockups/admin/YL-M-008/YL-M-008-S08_SERVER_ERROR.png,PAGE,,70ac87dca2fef07c
YL-M-009-S01_LOADING,YL-M-009,ADMIN,运维/数据库迁移,LOADING,加载中,使用与最终布局一致的 Skeleton，禁止无限 Loading。,automatic_or_retry,P00-011|P13-004,P00|P13,P00-W03|P13-W01,YL-M-009-S01_LOADING,ui/mockups/admin/YL-M-009/YL-M-009-S01_LOADING.png,PAGE,,dfd24de41a722b44
YL-M-009-S02_POPULATED,YL-M-009,ADMIN,运维/数据库迁移,POPULATED,有数据,真实结构化数据已加载。,none,P00-011|P13-004,P00|P13,P00-W03|P13-W01,YL-M-009-S02_POPULATED,ui/mockups/admin/YL-M-009/YL-M-009-S02_POPULATED.png,PAGE,,dfd24de41a722b44
YL-M-009-S03_EMPTY,YL-M-009,ADMIN,运维/数据库迁移,EMPTY,空数据,显示原因、下一步和主操作；不得使用伪造内容填满。,primary_action_or_refresh,P00-011|P13-004,P00|P13,P00-W03|P13-W01,YL-M-009-S03_EMPTY,ui/mockups/admin/YL-M-009/YL-M-009-S03_EMPTY.png,PAGE,,dfd24de41a722b44
YL-M-009-S04_FILTER_ACTIVE,YL-M-009,ADMIN,运维/数据库迁移,FILTER_ACTIVE,筛选生效,清晰展示筛选条件和结果数量。,clear_filter,P00-011|P13-004,P00|P13,P00-W03|P13-W01,YL-M-009-S04_FILTER_ACTIVE,ui/mockups/admin/YL-M-009/YL-M-009-S04_FILTER_ACTIVE.png,PAGE,,dfd24de41a722b44
YL-M-009-S05_BULK_SELECTED,YL-M-009,ADMIN,运维/数据库迁移,BULK_SELECTED,批量选择,显示已选数量和允许的批量动作。,clear_selection,P00-011|P13-004,P00|P13,P00-W03|P13-W01,YL-M-009-S05_BULK_SELECTED,ui/mockups/admin/YL-M-009/YL-M-009-S05_BULK_SELECTED.png,PAGE,,dfd24de41a722b44
YL-M-009-S06_PERMISSION_DENIED,YL-M-009,ADMIN,运维/数据库迁移,PERMISSION_DENIED,权限不足,不泄露资源存在性，说明所需权限或返回。,back_or_request_access,P00-011|P13-004,P00|P13,P00-W03|P13-W01,YL-M-009-S06_PERMISSION_DENIED,ui/mockups/admin/YL-M-009/YL-M-009-S06_PERMISSION_DENIED.png,PAGE,,dfd24de41a722b44
YL-M-009-S07_NETWORK_ERROR,YL-M-009,ADMIN,运维/数据库迁移,NETWORK_ERROR,网络连接失败,网络不可达或 DNS/TLS 失败，提供重试。,retry,P00-011|P13-004,P00|P13,P00-W03|P13-W01,YL-M-009-S07_NETWORK_ERROR,ui/mockups/admin/YL-M-009/YL-M-009-S07_NETWORK_ERROR.png,PAGE,,dfd24de41a722b44
YL-M-009-S08_SERVER_ERROR,YL-M-009,ADMIN,运维/数据库迁移,SERVER_ERROR,服务异常,服务端 5xx，显示请求 ID，不暴露堆栈。,retry_or_status,P00-011|P13-004,P00|P13,P00-W03|P13-W01,YL-M-009-S08_SERVER_ERROR,ui/mockups/admin/YL-M-009/YL-M-009-S08_SERVER_ERROR.png,PAGE,,dfd24de41a722b44
YL-M-010-S01_LOADING,YL-M-010,ADMIN,运维/Redis,LOADING,加载中,使用与最终布局一致的 Skeleton，禁止无限 Loading。,automatic_or_retry,P00-012,P00,P00-W03,YL-M-010-S01_LOADING,ui/mockups/admin/YL-M-010/YL-M-010-S01_LOADING.png,PAGE,,94b2eb59b247313c
YL-M-010-S02_POPULATED,YL-M-010,ADMIN,运维/Redis,POPULATED,有数据,真实结构化数据已加载。,none,P00-012,P00,P00-W03,YL-M-010-S02_POPULATED,ui/mockups/admin/YL-M-010/YL-M-010-S02_POPULATED.png,PAGE,,94b2eb59b247313c
YL-M-010-S03_EMPTY,YL-M-010,ADMIN,运维/Redis,EMPTY,空数据,显示原因、下一步和主操作；不得使用伪造内容填满。,primary_action_or_refresh,P00-012,P00,P00-W03,YL-M-010-S03_EMPTY,ui/mockups/admin/YL-M-010/YL-M-010-S03_EMPTY.png,PAGE,,94b2eb59b247313c
YL-M-010-S04_FILTER_ACTIVE,YL-M-010,ADMIN,运维/Redis,FILTER_ACTIVE,筛选生效,清晰展示筛选条件和结果数量。,clear_filter,P00-012,P00,P00-W03,YL-M-010-S04_FILTER_ACTIVE,ui/mockups/admin/YL-M-010/YL-M-010-S04_FILTER_ACTIVE.png,PAGE,,94b2eb59b247313c
YL-M-010-S05_BULK_SELECTED,YL-M-010,ADMIN,运维/Redis,BULK_SELECTED,批量选择,显示已选数量和允许的批量动作。,clear_selection,P00-012,P00,P00-W03,YL-M-010-S05_BULK_SELECTED,ui/mockups/admin/YL-M-010/YL-M-010-S05_BULK_SELECTED.png,PAGE,,94b2eb59b247313c
YL-M-010-S06_PERMISSION_DENIED,YL-M-010,ADMIN,运维/Redis,PERMISSION_DENIED,权限不足,不泄露资源存在性，说明所需权限或返回。,back_or_request_access,P00-012,P00,P00-W03,YL-M-010-S06_PERMISSION_DENIED,ui/mockups/admin/YL-M-010/YL-M-010-S06_PERMISSION_DENIED.png,PAGE,,94b2eb59b247313c
YL-M-010-S07_NETWORK_ERROR,YL-M-010,ADMIN,运维/Redis,NETWORK_ERROR,网络连接失败,网络不可达或 DNS/TLS 失败，提供重试。,retry,P00-012,P00,P00-W03,YL-M-010-S07_NETWORK_ERROR,ui/mockups/admin/YL-M-010/YL-M-010-S07_NETWORK_ERROR.png,PAGE,,94b2eb59b247313c
YL-M-010-S08_SERVER_ERROR,YL-M-010,ADMIN,运维/Redis,SERVER_ERROR,服务异常,服务端 5xx，显示请求 ID，不暴露堆栈。,retry_or_status,P00-012,P00,P00-W03,YL-M-010-S08_SERVER_ERROR,ui/mockups/admin/YL-M-010/YL-M-010-S08_SERVER_ERROR.png,PAGE,,94b2eb59b247313c
YL-M-011-S01_LOADING,YL-M-011,ADMIN,运维/事件流,LOADING,加载中,使用与最终布局一致的 Skeleton，禁止无限 Loading。,automatic_or_retry,P00-013,P00,P00-W03,YL-M-011-S01_LOADING,ui/mockups/admin/YL-M-011/YL-M-011-S01_LOADING.png,PAGE,,534093cc4c342664
YL-M-011-S02_POPULATED,YL-M-011,ADMIN,运维/事件流,POPULATED,有数据,真实结构化数据已加载。,none,P00-013,P00,P00-W03,YL-M-011-S02_POPULATED,ui/mockups/admin/YL-M-011/YL-M-011-S02_POPULATED.png,PAGE,,534093cc4c342664
YL-M-011-S03_EMPTY,YL-M-011,ADMIN,运维/事件流,EMPTY,空数据,显示原因、下一步和主操作；不得使用伪造内容填满。,primary_action_or_refresh,P00-013,P00,P00-W03,YL-M-011-S03_EMPTY,ui/mockups/admin/YL-M-011/YL-M-011-S03_EMPTY.png,PAGE,,534093cc4c342664
YL-M-011-S04_FILTER_ACTIVE,YL-M-011,ADMIN,运维/事件流,FILTER_ACTIVE,筛选生效,清晰展示筛选条件和结果数量。,clear_filter,P00-013,P00,P00-W03,YL-M-011-S04_FILTER_ACTIVE,ui/mockups/admin/YL-M-011/YL-M-011-S04_FILTER_ACTIVE.png,PAGE,,534093cc4c342664
YL-M-011-S05_BULK_SELECTED,YL-M-011,ADMIN,运维/事件流,BULK_SELECTED,批量选择,显示已选数量和允许的批量动作。,clear_selection,P00-013,P00,P00-W03,YL-M-011-S05_BULK_SELECTED,ui/mockups/admin/YL-M-011/YL-M-011-S05_BULK_SELECTED.png,PAGE,,534093cc4c342664
YL-M-011-S06_PERMISSION_DENIED,YL-M-011,ADMIN,运维/事件流,PERMISSION_DENIED,权限不足,不泄露资源存在性，说明所需权限或返回。,back_or_request_access,P00-013,P00,P00-W03,YL-M-011-S06_PERMISSION_DENIED,ui/mockups/admin/YL-M-011/YL-M-011-S06_PERMISSION_DENIED.png,PAGE,,534093cc4c342664
YL-M-011-S07_NETWORK_ERROR,YL-M-011,ADMIN,运维/事件流,NETWORK_ERROR,网络连接失败,网络不可达或 DNS/TLS 失败，提供重试。,retry,P00-013,P00,P00-W03,YL-M-011-S07_NETWORK_ERROR,ui/mockups/admin/YL-M-011/YL-M-011-S07_NETWORK_ERROR.png,PAGE,,534093cc4c342664
YL-M-011-S08_SERVER_ERROR,YL-M-011,ADMIN,运维/事件流,SERVER_ERROR,服务异常,服务端 5xx，显示请求 ID，不暴露堆栈。,retry_or_status,P00-013,P00,P00-W03,YL-M-011-S08_SERVER_ERROR,ui/mockups/admin/YL-M-011/YL-M-011-S08_SERVER_ERROR.png,PAGE,,534093cc4c342664
YL-M-012-S01_LOADING,YL-M-012,ADMIN,文件与存储/存储配置,LOADING,加载中,使用与最终布局一致的 Skeleton，禁止无限 Loading。,automatic_or_retry,P00-014,P00,P00-W03,YL-M-012-S01_LOADING,ui/mockups/admin/YL-M-012/YL-M-012-S01_LOADING.png,PAGE,,01ca93d18e20102f
YL-M-012-S02_POPULATED,YL-M-012,ADMIN,文件与存储/存储配置,POPULATED,有数据,真实结构化数据已加载。,none,P00-014,P00,P00-W03,YL-M-012-S02_POPULATED,ui/mockups/admin/YL-M-012/YL-M-012-S02_POPULATED.png,PAGE,,01ca93d18e20102f
YL-M-012-S03_EDIT_MODE,YL-M-012,ADMIN,文件与存储/存储配置,EDIT_MODE,编辑状态,可编辑字段与只读字段明显区分。,save_or_cancel,P00-014,P00,P00-W03,YL-M-012-S03_EDIT_MODE,ui/mockups/admin/YL-M-012/YL-M-012-S03_EDIT_MODE.png,PAGE,,01ca93d18e20102f
YL-M-012-S04_VALIDATION_ERROR,YL-M-012,ADMIN,文件与存储/存储配置,VALIDATION_ERROR,表单校验失败,字段级错误紧邻字段，首个错误获得焦点。,correct_input,P00-014,P00,P00-W03,YL-M-012-S04_VALIDATION_ERROR,ui/mockups/admin/YL-M-012/YL-M-012-S04_VALIDATION_ERROR.png,PAGE,,01ca93d18e20102f
YL-M-012-S05_DIRTY,YL-M-012,ADMIN,文件与存储/存储配置,DIRTY,存在未保存修改,离开或关闭前必须确认。,save_or_discard,P00-014,P00,P00-W03,YL-M-012-S05_DIRTY,ui/mockups/admin/YL-M-012/YL-M-012-S05_DIRTY.png,PAGE,,01ca93d18e20102f
YL-M-012-S06_SUBMITTING,YL-M-012,ADMIN,文件与存储/存储配置,SUBMITTING,提交中,主按钮保留尺寸并显示进度，禁止重复提交。,wait_or_cancel_if_supported,P00-014,P00,P00-W03,YL-M-012-S06_SUBMITTING,ui/mockups/admin/YL-M-012/YL-M-012-S06_SUBMITTING.png,PAGE,,01ca93d18e20102f
YL-M-012-S07_SAVE_SUCCESS,YL-M-012,ADMIN,文件与存储/存储配置,SAVE_SUCCESS,保存成功,保存结果明确且数据回读一致。,continue,P00-014,P00,P00-W03,YL-M-012-S07_SAVE_SUCCESS,ui/mockups/admin/YL-M-012/YL-M-012-S07_SAVE_SUCCESS.png,PAGE,,01ca93d18e20102f
YL-M-012-S08_VERSION_CONFLICT,YL-M-012,ADMIN,文件与存储/存储配置,VERSION_CONFLICT,版本冲突,显示当前版本与服务器版本，禁止静默覆盖。,reload_compare_or_force_with_permission,P00-014,P00,P00-W03,YL-M-012-S08_VERSION_CONFLICT,ui/mockups/admin/YL-M-012/YL-M-012-S08_VERSION_CONFLICT.png,PAGE,,01ca93d18e20102f
YL-M-012-S09_ROLLBACK_CONFIRM,YL-M-012,ADMIN,文件与存储/存储配置,ROLLBACK_CONFIRM,确认回滚,列出目标版本、影响和审计原因。,confirm_or_cancel,P00-014,P00,P00-W03,YL-M-012-S09_ROLLBACK_CONFIRM,ui/mockups/admin/YL-M-012/YL-M-012-S09_ROLLBACK_CONFIRM.png,PAGE,,01ca93d18e20102f
YL-M-012-S10_PERMISSION_DENIED,YL-M-012,ADMIN,文件与存储/存储配置,PERMISSION_DENIED,权限不足,不泄露资源存在性，说明所需权限或返回。,back_or_request_access,P00-014,P00,P00-W03,YL-M-012-S10_PERMISSION_DENIED,ui/mockups/admin/YL-M-012/YL-M-012-S10_PERMISSION_DENIED.png,PAGE,,01ca93d18e20102f
YL-M-012-S11_SERVER_ERROR,YL-M-012,ADMIN,文件与存储/存储配置,SERVER_ERROR,服务异常,服务端 5xx，显示请求 ID，不暴露堆栈。,retry_or_status,P00-014,P00,P00-W03,YL-M-012-S11_SERVER_ERROR,ui/mockups/admin/YL-M-012/YL-M-012-S11_SERVER_ERROR.png,PAGE,,01ca93d18e20102f
YL-M-013-S01_LOADING,YL-M-013,ADMIN,系统设置/API版本,LOADING,加载中,使用与最终布局一致的 Skeleton，禁止无限 Loading。,automatic_or_retry,P00-015,P00,P00-W03,YL-M-013-S01_LOADING,ui/mockups/admin/YL-M-013/YL-M-013-S01_LOADING.png,PAGE,,da7469e110c1b1de
YL-M-013-S02_POPULATED,YL-M-013,ADMIN,系统设置/API版本,POPULATED,有数据,真实结构化数据已加载。,none,P00-015,P00,P00-W03,YL-M-013-S02_POPULATED,ui/mockups/admin/YL-M-013/YL-M-013-S02_POPULATED.png,PAGE,,da7469e110c1b1de
YL-M-013-S03_EDIT_MODE,YL-M-013,ADMIN,系统设置/API版本,EDIT_MODE,编辑状态,可编辑字段与只读字段明显区分。,save_or_cancel,P00-015,P00,P00-W03,YL-M-013-S03_EDIT_MODE,ui/mockups/admin/YL-M-013/YL-M-013-S03_EDIT_MODE.png,PAGE,,da7469e110c1b1de
YL-M-013-S04_VALIDATION_ERROR,YL-M-013,ADMIN,系统设置/API版本,VALIDATION_ERROR,表单校验失败,字段级错误紧邻字段，首个错误获得焦点。,correct_input,P00-015,P00,P00-W03,YL-M-013-S04_VALIDATION_ERROR,ui/mockups/admin/YL-M-013/YL-M-013-S04_VALIDATION_ERROR.png,PAGE,,da7469e110c1b1de
YL-M-013-S05_DIRTY,YL-M-013,ADMIN,系统设置/API版本,DIRTY,存在未保存修改,离开或关闭前必须确认。,save_or_discard,P00-015,P00,P00-W03,YL-M-013-S05_DIRTY,ui/mockups/admin/YL-M-013/YL-M-013-S05_DIRTY.png,PAGE,,da7469e110c1b1de
YL-M-013-S06_SUBMITTING,YL-M-013,ADMIN,系统设置/API版本,SUBMITTING,提交中,主按钮保留尺寸并显示进度，禁止重复提交。,wait_or_cancel_if_supported,P00-015,P00,P00-W03,YL-M-013-S06_SUBMITTING,ui/mockups/admin/YL-M-013/YL-M-013-S06_SUBMITTING.png,PAGE,,da7469e110c1b1de
YL-M-013-S07_SAVE_SUCCESS,YL-M-013,ADMIN,系统设置/API版本,SAVE_SUCCESS,保存成功,保存结果明确且数据回读一致。,continue,P00-015,P00,P00-W03,YL-M-013-S07_SAVE_SUCCESS,ui/mockups/admin/YL-M-013/YL-M-013-S07_SAVE_SUCCESS.png,PAGE,,da7469e110c1b1de
YL-M-013-S08_VERSION_CONFLICT,YL-M-013,ADMIN,系统设置/API版本,VERSION_CONFLICT,版本冲突,显示当前版本与服务器版本，禁止静默覆盖。,reload_compare_or_force_with_permission,P00-015,P00,P00-W03,YL-M-013-S08_VERSION_CONFLICT,ui/mockups/admin/YL-M-013/YL-M-013-S08_VERSION_CONFLICT.png,PAGE,,da7469e110c1b1de
YL-M-013-S09_ROLLBACK_CONFIRM,YL-M-013,ADMIN,系统设置/API版本,ROLLBACK_CONFIRM,确认回滚,列出目标版本、影响和审计原因。,confirm_or_cancel,P00-015,P00,P00-W03,YL-M-013-S09_ROLLBACK_CONFIRM,ui/mockups/admin/YL-M-013/YL-M-013-S09_ROLLBACK_CONFIRM.png,PAGE,,da7469e110c1b1de
YL-M-013-S10_PERMISSION_DENIED,YL-M-013,ADMIN,系统设置/API版本,PERMISSION_DENIED,权限不足,不泄露资源存在性，说明所需权限或返回。,back_or_request_access,P00-015,P00,P00-W03,YL-M-013-S10_PERMISSION_DENIED,ui/mockups/admin/YL-M-013/YL-M-013-S10_PERMISSION_DENIED.png,PAGE,,da7469e110c1b1de
YL-M-013-S11_SERVER_ERROR,YL-M-013,ADMIN,系统设置/API版本,SERVER_ERROR,服务异常,服务端 5xx，显示请求 ID，不暴露堆栈。,retry_or_status,P00-015,P00,P00-W03,YL-M-013-S11_SERVER_ERROR,ui/mockups/admin/YL-M-013/YL-M-013-S11_SERVER_ERROR.png,PAGE,,da7469e110c1b1de
YL-M-014-S01_LOADING,YL-M-014,ADMIN,系统设置/功能追踪,LOADING,加载中,使用与最终布局一致的 Skeleton，禁止无限 Loading。,automatic_or_retry,P00-016,P00,P00-W04,YL-M-014-S01_LOADING,ui/mockups/admin/YL-M-014/YL-M-014-S01_LOADING.png,PAGE,,b6add7953daaaa4c
YL-M-014-S02_POPULATED,YL-M-014,ADMIN,系统设置/功能追踪,POPULATED,有数据,真实结构化数据已加载。,none,P00-016,P00,P00-W04,YL-M-014-S02_POPULATED,ui/mockups/admin/YL-M-014/YL-M-014-S02_POPULATED.png,PAGE,,b6add7953daaaa4c
YL-M-014-S03_EMPTY,YL-M-014,ADMIN,系统设置/功能追踪,EMPTY,空数据,显示原因、下一步和主操作；不得使用伪造内容填满。,primary_action_or_refresh,P00-016,P00,P00-W04,YL-M-014-S03_EMPTY,ui/mockups/admin/YL-M-014/YL-M-014-S03_EMPTY.png,PAGE,,b6add7953daaaa4c
YL-M-014-S04_FILTER_ACTIVE,YL-M-014,ADMIN,系统设置/功能追踪,FILTER_ACTIVE,筛选生效,清晰展示筛选条件和结果数量。,clear_filter,P00-016,P00,P00-W04,YL-M-014-S04_FILTER_ACTIVE,ui/mockups/admin/YL-M-014/YL-M-014-S04_FILTER_ACTIVE.png,PAGE,,b6add7953daaaa4c
YL-M-014-S05_BULK_SELECTED,YL-M-014,ADMIN,系统设置/功能追踪,BULK_SELECTED,批量选择,显示已选数量和允许的批量动作。,clear_selection,P00-016,P00,P00-W04,YL-M-014-S05_BULK_SELECTED,ui/mockups/admin/YL-M-014/YL-M-014-S05_BULK_SELECTED.png,PAGE,,b6add7953daaaa4c
YL-M-014-S06_PERMISSION_DENIED,YL-M-014,ADMIN,系统设置/功能追踪,PERMISSION_DENIED,权限不足,不泄露资源存在性，说明所需权限或返回。,back_or_request_access,P00-016,P00,P00-W04,YL-M-014-S06_PERMISSION_DENIED,ui/mockups/admin/YL-M-014/YL-M-014-S06_PERMISSION_DENIED.png,PAGE,,b6add7953daaaa4c
YL-M-014-S07_NETWORK_ERROR,YL-M-014,ADMIN,系统设置/功能追踪,NETWORK_ERROR,网络连接失败,网络不可达或 DNS/TLS 失败，提供重试。,retry,P00-016,P00,P00-W04,YL-M-014-S07_NETWORK_ERROR,ui/mockups/admin/YL-M-014/YL-M-014-S07_NETWORK_ERROR.png,PAGE,,b6add7953daaaa4c
YL-M-014-S08_SERVER_ERROR,YL-M-014,ADMIN,系统设置/功能追踪,SERVER_ERROR,服务异常,服务端 5xx，显示请求 ID，不暴露堆栈。,retry_or_status,P00-016,P00,P00-W04,YL-M-014-S08_SERVER_ERROR,ui/mockups/admin/YL-M-014/YL-M-014-S08_SERVER_ERROR.png,PAGE,,b6add7953daaaa4c
YL-M-015-S01_LOADING,YL-M-015,ADMIN,可观测性/总览,LOADING,加载中,使用与最终布局一致的 Skeleton，禁止无限 Loading。,automatic_or_retry,P00-017,P00,P00-W04,YL-M-015-S01_LOADING,ui/mockups/admin/YL-M-015/YL-M-015-S01_LOADING.png,PAGE,,f3ccd9d5db130a44
YL-M-015-S02_POPULATED,YL-M-015,ADMIN,可观测性/总览,POPULATED,有数据,真实结构化数据已加载。,none,P00-017,P00,P00-W04,YL-M-015-S02_POPULATED,ui/mockups/admin/YL-M-015/YL-M-015-S02_POPULATED.png,PAGE,,f3ccd9d5db130a44
YL-M-015-S03_EMPTY,YL-M-015,ADMIN,可观测性/总览,EMPTY,空数据,显示原因、下一步和主操作；不得使用伪造内容填满。,primary_action_or_refresh,P00-017,P00,P00-W04,YL-M-015-S03_EMPTY,ui/mockups/admin/YL-M-015/YL-M-015-S03_EMPTY.png,PAGE,,f3ccd9d5db130a44
YL-M-015-S04_FILTER_ACTIVE,YL-M-015,ADMIN,可观测性/总览,FILTER_ACTIVE,筛选生效,清晰展示筛选条件和结果数量。,clear_filter,P00-017,P00,P00-W04,YL-M-015-S04_FILTER_ACTIVE,ui/mockups/admin/YL-M-015/YL-M-015-S04_FILTER_ACTIVE.png,PAGE,,f3ccd9d5db130a44
YL-M-015-S05_PARTIAL_DATA,YL-M-015,ADMIN,可观测性/总览,PARTIAL_DATA,部分数据,明确哪些数据源不可用以及统计截止时间。,retry_source,P00-017,P00,P00-W04,YL-M-015-S05_PARTIAL_DATA,ui/mockups/admin/YL-M-015/YL-M-015-S05_PARTIAL_DATA.png,PAGE,,f3ccd9d5db130a44
YL-M-015-S06_PERMISSION_DENIED,YL-M-015,ADMIN,可观测性/总览,PERMISSION_DENIED,权限不足,不泄露资源存在性，说明所需权限或返回。,back_or_request_access,P00-017,P00,P00-W04,YL-M-015-S06_PERMISSION_DENIED,ui/mockups/admin/YL-M-015/YL-M-015-S06_PERMISSION_DENIED.png,PAGE,,f3ccd9d5db130a44
YL-M-015-S07_SERVER_ERROR,YL-M-015,ADMIN,可观测性/总览,SERVER_ERROR,服务异常,服务端 5xx，显示请求 ID，不暴露堆栈。,retry_or_status,P00-017,P00,P00-W04,YL-M-015-S07_SERVER_ERROR,ui/mockups/admin/YL-M-015/YL-M-015-S07_SERVER_ERROR.png,PAGE,,f3ccd9d5db130a44
YL-M-016-S01_LOADING,YL-M-016,ADMIN,运维/构建记录,LOADING,加载中,使用与最终布局一致的 Skeleton，禁止无限 Loading。,automatic_or_retry,P00-018,P00,P00-W04,YL-M-016-S01_LOADING,ui/mockups/admin/YL-M-016/YL-M-016-S01_LOADING.png,PAGE,,7e00f81afe5982e1
YL-M-016-S02_POPULATED,YL-M-016,ADMIN,运维/构建记录,POPULATED,有数据,真实结构化数据已加载。,none,P00-018,P00,P00-W04,YL-M-016-S02_POPULATED,ui/mockups/admin/YL-M-016/YL-M-016-S02_POPULATED.png,PAGE,,7e00f81afe5982e1
YL-M-016-S03_EMPTY,YL-M-016,ADMIN,运维/构建记录,EMPTY,空数据,显示原因、下一步和主操作；不得使用伪造内容填满。,primary_action_or_refresh,P00-018,P00,P00-W04,YL-M-016-S03_EMPTY,ui/mockups/admin/YL-M-016/YL-M-016-S03_EMPTY.png,PAGE,,7e00f81afe5982e1
YL-M-016-S04_FILTER_ACTIVE,YL-M-016,ADMIN,运维/构建记录,FILTER_ACTIVE,筛选生效,清晰展示筛选条件和结果数量。,clear_filter,P00-018,P00,P00-W04,YL-M-016-S04_FILTER_ACTIVE,ui/mockups/admin/YL-M-016/YL-M-016-S04_FILTER_ACTIVE.png,PAGE,,7e00f81afe5982e1
YL-M-016-S05_BULK_SELECTED,YL-M-016,ADMIN,运维/构建记录,BULK_SELECTED,批量选择,显示已选数量和允许的批量动作。,clear_selection,P00-018,P00,P00-W04,YL-M-016-S05_BULK_SELECTED,ui/mockups/admin/YL-M-016/YL-M-016-S05_BULK_SELECTED.png,PAGE,,7e00f81afe5982e1
YL-M-016-S06_PERMISSION_DENIED,YL-M-016,ADMIN,运维/构建记录,PERMISSION_DENIED,权限不足,不泄露资源存在性，说明所需权限或返回。,back_or_request_access,P00-018,P00,P00-W04,YL-M-016-S06_PERMISSION_DENIED,ui/mockups/admin/YL-M-016/YL-M-016-S06_PERMISSION_DENIED.png,PAGE,,7e00f81afe5982e1
YL-M-016-S07_NETWORK_ERROR,YL-M-016,ADMIN,运维/构建记录,NETWORK_ERROR,网络连接失败,网络不可达或 DNS/TLS 失败，提供重试。,retry,P00-018,P00,P00-W04,YL-M-016-S07_NETWORK_ERROR,ui/mockups/admin/YL-M-016/YL-M-016-S07_NETWORK_ERROR.png,PAGE,,7e00f81afe5982e1
YL-M-016-S08_SERVER_ERROR,YL-M-016,ADMIN,运维/构建记录,SERVER_ERROR,服务异常,服务端 5xx，显示请求 ID，不暴露堆栈。,retry_or_status,P00-018,P00,P00-W04,YL-M-016-S08_SERVER_ERROR,ui/mockups/admin/YL-M-016/YL-M-016-S08_SERVER_ERROR.png,PAGE,,7e00f81afe5982e1
YL-M-017-S01_LOADING,YL-M-017,ADMIN,App发布/阶段交付,LOADING,加载中,使用与最终布局一致的 Skeleton，禁止无限 Loading。,automatic_or_retry,P00-019,P00,P00-W04,YL-M-017-S01_LOADING,ui/mockups/admin/YL-M-017/YL-M-017-S01_LOADING.png,PAGE,,0a04fade7807309f
YL-M-017-S02_POPULATED,YL-M-017,ADMIN,App发布/阶段交付,POPULATED,有数据,真实结构化数据已加载。,none,P00-019,P00,P00-W04,YL-M-017-S02_POPULATED,ui/mockups/admin/YL-M-017/YL-M-017-S02_POPULATED.png,PAGE,,0a04fade7807309f
YL-M-017-S03_EMPTY,YL-M-017,ADMIN,App发布/阶段交付,EMPTY,空数据,显示原因、下一步和主操作；不得使用伪造内容填满。,primary_action_or_refresh,P00-019,P00,P00-W04,YL-M-017-S03_EMPTY,ui/mockups/admin/YL-M-017/YL-M-017-S03_EMPTY.png,PAGE,,0a04fade7807309f
YL-M-017-S04_FILTER_ACTIVE,YL-M-017,ADMIN,App发布/阶段交付,FILTER_ACTIVE,筛选生效,清晰展示筛选条件和结果数量。,clear_filter,P00-019,P00,P00-W04,YL-M-017-S04_FILTER_ACTIVE,ui/mockups/admin/YL-M-017/YL-M-017-S04_FILTER_ACTIVE.png,PAGE,,0a04fade7807309f
YL-M-017-S05_BULK_SELECTED,YL-M-017,ADMIN,App发布/阶段交付,BULK_SELECTED,批量选择,显示已选数量和允许的批量动作。,clear_selection,P00-019,P00,P00-W04,YL-M-017-S05_BULK_SELECTED,ui/mockups/admin/YL-M-017/YL-M-017-S05_BULK_SELECTED.png,PAGE,,0a04fade7807309f
YL-M-017-S06_PERMISSION_DENIED,YL-M-017,ADMIN,App发布/阶段交付,PERMISSION_DENIED,权限不足,不泄露资源存在性，说明所需权限或返回。,back_or_request_access,P00-019,P00,P00-W04,YL-M-017-S06_PERMISSION_DENIED,ui/mockups/admin/YL-M-017/YL-M-017-S06_PERMISSION_DENIED.png,PAGE,,0a04fade7807309f
YL-M-017-S07_NETWORK_ERROR,YL-M-017,ADMIN,App发布/阶段交付,NETWORK_ERROR,网络连接失败,网络不可达或 DNS/TLS 失败，提供重试。,retry,P00-019,P00,P00-W04,YL-M-017-S07_NETWORK_ERROR,ui/mockups/admin/YL-M-017/YL-M-017-S07_NETWORK_ERROR.png,PAGE,,0a04fade7807309f
YL-M-017-S08_SERVER_ERROR,YL-M-017,ADMIN,App发布/阶段交付,SERVER_ERROR,服务异常,服务端 5xx，显示请求 ID，不暴露堆栈。,retry_or_status,P00-019,P00,P00-W04,YL-M-017-S08_SERVER_ERROR,ui/mockups/admin/YL-M-017/YL-M-017-S08_SERVER_ERROR.png,PAGE,,0a04fade7807309f
YL-M-018-S01_LOADING,YL-M-018,ADMIN,模型与供应商/能力探测,LOADING,加载中,使用与最终布局一致的 Skeleton，禁止无限 Loading。,automatic_or_retry,P00-020|P00-021|P04-004|P04-026,P00|P04,P00-W04|P00-W05|P04-W01|P04-W05,YL-M-018-S01_LOADING,ui/mockups/admin/YL-M-018/YL-M-018-S01_LOADING.png,PAGE,,4a1a46b47871d65f
YL-M-018-S02_POPULATED,YL-M-018,ADMIN,模型与供应商/能力探测,POPULATED,有数据,真实结构化数据已加载。,none,P00-020|P00-021|P04-004|P04-026,P00|P04,P00-W04|P00-W05|P04-W01|P04-W05,YL-M-018-S02_POPULATED,ui/mockups/admin/YL-M-018/YL-M-018-S02_POPULATED.png,PAGE,,4a1a46b47871d65f
YL-M-018-S03_EDIT_MODE,YL-M-018,ADMIN,模型与供应商/能力探测,EDIT_MODE,编辑状态,可编辑字段与只读字段明显区分。,save_or_cancel,P00-020|P00-021|P04-004|P04-026,P00|P04,P00-W04|P00-W05|P04-W01|P04-W05,YL-M-018-S03_EDIT_MODE,ui/mockups/admin/YL-M-018/YL-M-018-S03_EDIT_MODE.png,PAGE,,4a1a46b47871d65f
YL-M-018-S04_VALIDATION_ERROR,YL-M-018,ADMIN,模型与供应商/能力探测,VALIDATION_ERROR,表单校验失败,字段级错误紧邻字段，首个错误获得焦点。,correct_input,P00-020|P00-021|P04-004|P04-026,P00|P04,P00-W04|P00-W05|P04-W01|P04-W05,YL-M-018-S04_VALIDATION_ERROR,ui/mockups/admin/YL-M-018/YL-M-018-S04_VALIDATION_ERROR.png,PAGE,,4a1a46b47871d65f
YL-M-018-S05_DIRTY,YL-M-018,ADMIN,模型与供应商/能力探测,DIRTY,存在未保存修改,离开或关闭前必须确认。,save_or_discard,P00-020|P00-021|P04-004|P04-026,P00|P04,P00-W04|P00-W05|P04-W01|P04-W05,YL-M-018-S05_DIRTY,ui/mockups/admin/YL-M-018/YL-M-018-S05_DIRTY.png,PAGE,,4a1a46b47871d65f
YL-M-018-S06_SUBMITTING,YL-M-018,ADMIN,模型与供应商/能力探测,SUBMITTING,提交中,主按钮保留尺寸并显示进度，禁止重复提交。,wait_or_cancel_if_supported,P00-020|P00-021|P04-004|P04-026,P00|P04,P00-W04|P00-W05|P04-W01|P04-W05,YL-M-018-S06_SUBMITTING,ui/mockups/admin/YL-M-018/YL-M-018-S06_SUBMITTING.png,PAGE,,4a1a46b47871d65f
YL-M-018-S07_SAVE_SUCCESS,YL-M-018,ADMIN,模型与供应商/能力探测,SAVE_SUCCESS,保存成功,保存结果明确且数据回读一致。,continue,P00-020|P00-021|P04-004|P04-026,P00|P04,P00-W04|P00-W05|P04-W01|P04-W05,YL-M-018-S07_SAVE_SUCCESS,ui/mockups/admin/YL-M-018/YL-M-018-S07_SAVE_SUCCESS.png,PAGE,,4a1a46b47871d65f
YL-M-018-S08_VERSION_CONFLICT,YL-M-018,ADMIN,模型与供应商/能力探测,VERSION_CONFLICT,版本冲突,显示当前版本与服务器版本，禁止静默覆盖。,reload_compare_or_force_with_permission,P00-020|P00-021|P04-004|P04-026,P00|P04,P00-W04|P00-W05|P04-W01|P04-W05,YL-M-018-S08_VERSION_CONFLICT,ui/mockups/admin/YL-M-018/YL-M-018-S08_VERSION_CONFLICT.png,PAGE,,4a1a46b47871d65f
YL-M-018-S09_ROLLBACK_CONFIRM,YL-M-018,ADMIN,模型与供应商/能力探测,ROLLBACK_CONFIRM,确认回滚,列出目标版本、影响和审计原因。,confirm_or_cancel,P00-020|P00-021|P04-004|P04-026,P00|P04,P00-W04|P00-W05|P04-W01|P04-W05,YL-M-018-S09_ROLLBACK_CONFIRM,ui/mockups/admin/YL-M-018/YL-M-018-S09_ROLLBACK_CONFIRM.png,PAGE,,4a1a46b47871d65f
YL-M-018-S10_PERMISSION_DENIED,YL-M-018,ADMIN,模型与供应商/能力探测,PERMISSION_DENIED,权限不足,不泄露资源存在性，说明所需权限或返回。,back_or_request_access,P00-020|P00-021|P04-004|P04-026,P00|P04,P00-W04|P00-W05|P04-W01|P04-W05,YL-M-018-S10_PERMISSION_DENIED,ui/mockups/admin/YL-M-018/YL-M-018-S10_PERMISSION_DENIED.png,PAGE,,4a1a46b47871d65f
YL-M-018-S11_SERVER_ERROR,YL-M-018,ADMIN,模型与供应商/能力探测,SERVER_ERROR,服务异常,服务端 5xx，显示请求 ID，不暴露堆栈。,retry_or_status,P00-020|P00-021|P04-004|P04-026,P00|P04,P00-W04|P00-W05|P04-W01|P04-W05,YL-M-018-S11_SERVER_ERROR,ui/mockups/admin/YL-M-018/YL-M-018-S11_SERVER_ERROR.png,PAGE,,4a1a46b47871d65f
YL-M-019-S01_LOADING,YL-M-019,ADMIN,安全与审计/秘密状态,LOADING,加载中,使用与最终布局一致的 Skeleton，禁止无限 Loading。,automatic_or_retry,P00-022,P00,P00-W05,YL-M-019-S01_LOADING,ui/mockups/admin/YL-M-019/YL-M-019-S01_LOADING.png,PAGE,,9c7cd3732ad498ef
YL-M-019-S02_POPULATED,YL-M-019,ADMIN,安全与审计/秘密状态,POPULATED,有数据,真实结构化数据已加载。,none,P00-022,P00,P00-W05,YL-M-019-S02_POPULATED,ui/mockups/admin/YL-M-019/YL-M-019-S02_POPULATED.png,PAGE,,9c7cd3732ad498ef
YL-M-019-S03_EMPTY,YL-M-019,ADMIN,安全与审计/秘密状态,EMPTY,空数据,显示原因、下一步和主操作；不得使用伪造内容填满。,primary_action_or_refresh,P00-022,P00,P00-W05,YL-M-019-S03_EMPTY,ui/mockups/admin/YL-M-019/YL-M-019-S03_EMPTY.png,PAGE,,9c7cd3732ad498ef
YL-M-019-S04_BULK_SELECTED,YL-M-019,ADMIN,安全与审计/秘密状态,BULK_SELECTED,批量选择,显示已选数量和允许的批量动作。,clear_selection,P00-022,P00,P00-W05,YL-M-019-S04_BULK_SELECTED,ui/mockups/admin/YL-M-019/YL-M-019-S04_BULK_SELECTED.png,PAGE,,9c7cd3732ad498ef
YL-M-019-S05_SUBMITTING,YL-M-019,ADMIN,安全与审计/秘密状态,SUBMITTING,提交中,主按钮保留尺寸并显示进度，禁止重复提交。,wait_or_cancel_if_supported,P00-022,P00,P00-W05,YL-M-019-S05_SUBMITTING,ui/mockups/admin/YL-M-019/YL-M-019-S05_SUBMITTING.png,PAGE,,9c7cd3732ad498ef
YL-M-019-S06_SUCCESS,YL-M-019,ADMIN,安全与审计/秘密状态,SUCCESS,操作成功,使用 Snackbar、结果页或成功卡，按合同给出下一步。,continue,P00-022,P00,P00-W05,YL-M-019-S06_SUCCESS,ui/mockups/admin/YL-M-019/YL-M-019-S06_SUCCESS.png,PAGE,,9c7cd3732ad498ef
YL-M-019-S07_PERMISSION_DENIED,YL-M-019,ADMIN,安全与审计/秘密状态,PERMISSION_DENIED,权限不足,不泄露资源存在性，说明所需权限或返回。,back_or_request_access,P00-022,P00,P00-W05,YL-M-019-S07_PERMISSION_DENIED,ui/mockups/admin/YL-M-019/YL-M-019-S07_PERMISSION_DENIED.png,PAGE,,9c7cd3732ad498ef
YL-M-019-S08_SERVER_ERROR,YL-M-019,ADMIN,安全与审计/秘密状态,SERVER_ERROR,服务异常,服务端 5xx，显示请求 ID，不暴露堆栈。,retry_or_status,P00-022,P00,P00-W05,YL-M-019-S08_SERVER_ERROR,ui/mockups/admin/YL-M-019/YL-M-019-S08_SERVER_ERROR.png,PAGE,,9c7cd3732ad498ef
YL-M-020-S01_LOADING,YL-M-020,ADMIN,管理员与权限/菜单,LOADING,加载中,使用与最终布局一致的 Skeleton，禁止无限 Loading。,automatic_or_retry,P00-023,P00,P00-W05,YL-M-020-S01_LOADING,ui/mockups/admin/YL-M-020/YL-M-020-S01_LOADING.png,PAGE,,5d512e683ecacb8c
YL-M-020-S02_POPULATED,YL-M-020,ADMIN,管理员与权限/菜单,POPULATED,有数据,真实结构化数据已加载。,none,P00-023,P00,P00-W05,YL-M-020-S02_POPULATED,ui/mockups/admin/YL-M-020/YL-M-020-S02_POPULATED.png,PAGE,,5d512e683ecacb8c
YL-M-020-S03_EMPTY,YL-M-020,ADMIN,管理员与权限/菜单,EMPTY,空数据,显示原因、下一步和主操作；不得使用伪造内容填满。,primary_action_or_refresh,P00-023,P00,P00-W05,YL-M-020-S03_EMPTY,ui/mockups/admin/YL-M-020/YL-M-020-S03_EMPTY.png,PAGE,,5d512e683ecacb8c
YL-M-020-S04_FILTER_ACTIVE,YL-M-020,ADMIN,管理员与权限/菜单,FILTER_ACTIVE,筛选生效,清晰展示筛选条件和结果数量。,clear_filter,P00-023,P00,P00-W05,YL-M-020-S04_FILTER_ACTIVE,ui/mockups/admin/YL-M-020/YL-M-020-S04_FILTER_ACTIVE.png,PAGE,,5d512e683ecacb8c
YL-M-020-S05_BULK_SELECTED,YL-M-020,ADMIN,管理员与权限/菜单,BULK_SELECTED,批量选择,显示已选数量和允许的批量动作。,clear_selection,P00-023,P00,P00-W05,YL-M-020-S05_BULK_SELECTED,ui/mockups/admin/YL-M-020/YL-M-020-S05_BULK_SELECTED.png,PAGE,,5d512e683ecacb8c
YL-M-020-S06_PERMISSION_DENIED,YL-M-020,ADMIN,管理员与权限/菜单,PERMISSION_DENIED,权限不足,不泄露资源存在性，说明所需权限或返回。,back_or_request_access,P00-023,P00,P00-W05,YL-M-020-S06_PERMISSION_DENIED,ui/mockups/admin/YL-M-020/YL-M-020-S06_PERMISSION_DENIED.png,PAGE,,5d512e683ecacb8c
YL-M-020-S07_NETWORK_ERROR,YL-M-020,ADMIN,管理员与权限/菜单,NETWORK_ERROR,网络连接失败,网络不可达或 DNS/TLS 失败，提供重试。,retry,P00-023,P00,P00-W05,YL-M-020-S07_NETWORK_ERROR,ui/mockups/admin/YL-M-020/YL-M-020-S07_NETWORK_ERROR.png,PAGE,,5d512e683ecacb8c
YL-M-020-S08_SERVER_ERROR,YL-M-020,ADMIN,管理员与权限/菜单,SERVER_ERROR,服务异常,服务端 5xx，显示请求 ID，不暴露堆栈。,retry_or_status,P00-023,P00,P00-W05,YL-M-020-S08_SERVER_ERROR,ui/mockups/admin/YL-M-020/YL-M-020-S08_SERVER_ERROR.png,PAGE,,5d512e683ecacb8c
YL-M-021-S01_LOADING,YL-M-021,ADMIN,开发者平台/门户配置,LOADING,加载中,使用与最终布局一致的 Skeleton，禁止无限 Loading。,automatic_or_retry,P00-024,P00,P00-W05,YL-M-021-S01_LOADING,ui/mockups/admin/YL-M-021/YL-M-021-S01_LOADING.png,PAGE,,53dc38127246c6af
YL-M-021-S02_POPULATED,YL-M-021,ADMIN,开发者平台/门户配置,POPULATED,有数据,真实结构化数据已加载。,none,P00-024,P00,P00-W05,YL-M-021-S02_POPULATED,ui/mockups/admin/YL-M-021/YL-M-021-S02_POPULATED.png,PAGE,,53dc38127246c6af
YL-M-021-S03_EDIT_MODE,YL-M-021,ADMIN,开发者平台/门户配置,EDIT_MODE,编辑状态,可编辑字段与只读字段明显区分。,save_or_cancel,P00-024,P00,P00-W05,YL-M-021-S03_EDIT_MODE,ui/mockups/admin/YL-M-021/YL-M-021-S03_EDIT_MODE.png,PAGE,,53dc38127246c6af
YL-M-021-S04_VALIDATION_ERROR,YL-M-021,ADMIN,开发者平台/门户配置,VALIDATION_ERROR,表单校验失败,字段级错误紧邻字段，首个错误获得焦点。,correct_input,P00-024,P00,P00-W05,YL-M-021-S04_VALIDATION_ERROR,ui/mockups/admin/YL-M-021/YL-M-021-S04_VALIDATION_ERROR.png,PAGE,,53dc38127246c6af
YL-M-021-S05_DIRTY,YL-M-021,ADMIN,开发者平台/门户配置,DIRTY,存在未保存修改,离开或关闭前必须确认。,save_or_discard,P00-024,P00,P00-W05,YL-M-021-S05_DIRTY,ui/mockups/admin/YL-M-021/YL-M-021-S05_DIRTY.png,PAGE,,53dc38127246c6af
YL-M-021-S06_SUBMITTING,YL-M-021,ADMIN,开发者平台/门户配置,SUBMITTING,提交中,主按钮保留尺寸并显示进度，禁止重复提交。,wait_or_cancel_if_supported,P00-024,P00,P00-W05,YL-M-021-S06_SUBMITTING,ui/mockups/admin/YL-M-021/YL-M-021-S06_SUBMITTING.png,PAGE,,53dc38127246c6af
YL-M-021-S07_SAVE_SUCCESS,YL-M-021,ADMIN,开发者平台/门户配置,SAVE_SUCCESS,保存成功,保存结果明确且数据回读一致。,continue,P00-024,P00,P00-W05,YL-M-021-S07_SAVE_SUCCESS,ui/mockups/admin/YL-M-021/YL-M-021-S07_SAVE_SUCCESS.png,PAGE,,53dc38127246c6af
YL-M-021-S08_VERSION_CONFLICT,YL-M-021,ADMIN,开发者平台/门户配置,VERSION_CONFLICT,版本冲突,显示当前版本与服务器版本，禁止静默覆盖。,reload_compare_or_force_with_permission,P00-024,P00,P00-W05,YL-M-021-S08_VERSION_CONFLICT,ui/mockups/admin/YL-M-021/YL-M-021-S08_VERSION_CONFLICT.png,PAGE,,53dc38127246c6af
YL-M-021-S09_ROLLBACK_CONFIRM,YL-M-021,ADMIN,开发者平台/门户配置,ROLLBACK_CONFIRM,确认回滚,列出目标版本、影响和审计原因。,confirm_or_cancel,P00-024,P00,P00-W05,YL-M-021-S09_ROLLBACK_CONFIRM,ui/mockups/admin/YL-M-021/YL-M-021-S09_ROLLBACK_CONFIRM.png,PAGE,,53dc38127246c6af
YL-M-021-S10_PERMISSION_DENIED,YL-M-021,ADMIN,开发者平台/门户配置,PERMISSION_DENIED,权限不足,不泄露资源存在性，说明所需权限或返回。,back_or_request_access,P00-024,P00,P00-W05,YL-M-021-S10_PERMISSION_DENIED,ui/mockups/admin/YL-M-021/YL-M-021-S10_PERMISSION_DENIED.png,PAGE,,53dc38127246c6af
YL-M-021-S11_SERVER_ERROR,YL-M-021,ADMIN,开发者平台/门户配置,SERVER_ERROR,服务异常,服务端 5xx，显示请求 ID，不暴露堆栈。,retry_or_status,P00-024,P00,P00-W05,YL-M-021-S11_SERVER_ERROR,ui/mockups/admin/YL-M-021/YL-M-021-S11_SERVER_ERROR.png,PAGE,,53dc38127246c6af
YL-M-022-S01_LOADING,YL-M-022,ADMIN,认证与用户/认证策略,LOADING,加载中,使用与最终布局一致的 Skeleton，禁止无限 Loading。,automatic_or_retry,P01-001,P01,P01-W01,YL-M-022-S01_LOADING,ui/mockups/admin/YL-M-022/YL-M-022-S01_LOADING.png,PAGE,,737adb322c5f3fc5
YL-M-022-S02_POPULATED,YL-M-022,ADMIN,认证与用户/认证策略,POPULATED,有数据,真实结构化数据已加载。,none,P01-001,P01,P01-W01,YL-M-022-S02_POPULATED,ui/mockups/admin/YL-M-022/YL-M-022-S02_POPULATED.png,PAGE,,737adb322c5f3fc5
YL-M-022-S03_EDIT_MODE,YL-M-022,ADMIN,认证与用户/认证策略,EDIT_MODE,编辑状态,可编辑字段与只读字段明显区分。,save_or_cancel,P01-001,P01,P01-W01,YL-M-022-S03_EDIT_MODE,ui/mockups/admin/YL-M-022/YL-M-022-S03_EDIT_MODE.png,PAGE,,737adb322c5f3fc5
YL-M-022-S04_VALIDATION_ERROR,YL-M-022,ADMIN,认证与用户/认证策略,VALIDATION_ERROR,表单校验失败,字段级错误紧邻字段，首个错误获得焦点。,correct_input,P01-001,P01,P01-W01,YL-M-022-S04_VALIDATION_ERROR,ui/mockups/admin/YL-M-022/YL-M-022-S04_VALIDATION_ERROR.png,PAGE,,737adb322c5f3fc5
YL-M-022-S05_DIRTY,YL-M-022,ADMIN,认证与用户/认证策略,DIRTY,存在未保存修改,离开或关闭前必须确认。,save_or_discard,P01-001,P01,P01-W01,YL-M-022-S05_DIRTY,ui/mockups/admin/YL-M-022/YL-M-022-S05_DIRTY.png,PAGE,,737adb322c5f3fc5
YL-M-022-S06_SUBMITTING,YL-M-022,ADMIN,认证与用户/认证策略,SUBMITTING,提交中,主按钮保留尺寸并显示进度，禁止重复提交。,wait_or_cancel_if_supported,P01-001,P01,P01-W01,YL-M-022-S06_SUBMITTING,ui/mockups/admin/YL-M-022/YL-M-022-S06_SUBMITTING.png,PAGE,,737adb322c5f3fc5
YL-M-022-S07_SAVE_SUCCESS,YL-M-022,ADMIN,认证与用户/认证策略,SAVE_SUCCESS,保存成功,保存结果明确且数据回读一致。,continue,P01-001,P01,P01-W01,YL-M-022-S07_SAVE_SUCCESS,ui/mockups/admin/YL-M-022/YL-M-022-S07_SAVE_SUCCESS.png,PAGE,,737adb322c5f3fc5
YL-M-022-S08_VERSION_CONFLICT,YL-M-022,ADMIN,认证与用户/认证策略,VERSION_CONFLICT,版本冲突,显示当前版本与服务器版本，禁止静默覆盖。,reload_compare_or_force_with_permission,P01-001,P01,P01-W01,YL-M-022-S08_VERSION_CONFLICT,ui/mockups/admin/YL-M-022/YL-M-022-S08_VERSION_CONFLICT.png,PAGE,,737adb322c5f3fc5
YL-M-022-S09_ROLLBACK_CONFIRM,YL-M-022,ADMIN,认证与用户/认证策略,ROLLBACK_CONFIRM,确认回滚,列出目标版本、影响和审计原因。,confirm_or_cancel,P01-001,P01,P01-W01,YL-M-022-S09_ROLLBACK_CONFIRM,ui/mockups/admin/YL-M-022/YL-M-022-S09_ROLLBACK_CONFIRM.png,PAGE,,737adb322c5f3fc5
YL-M-022-S10_PERMISSION_DENIED,YL-M-022,ADMIN,认证与用户/认证策略,PERMISSION_DENIED,权限不足,不泄露资源存在性，说明所需权限或返回。,back_or_request_access,P01-001,P01,P01-W01,YL-M-022-S10_PERMISSION_DENIED,ui/mockups/admin/YL-M-022/YL-M-022-S10_PERMISSION_DENIED.png,PAGE,,737adb322c5f3fc5
YL-M-022-S11_SERVER_ERROR,YL-M-022,ADMIN,认证与用户/认证策略,SERVER_ERROR,服务异常,服务端 5xx，显示请求 ID，不暴露堆栈。,retry_or_status,P01-001,P01,P01-W01,YL-M-022-S11_SERVER_ERROR,ui/mockups/admin/YL-M-022/YL-M-022-S11_SERVER_ERROR.png,PAGE,,737adb322c5f3fc5
YL-M-023-S01_LOADING,YL-M-023,ADMIN,认证与用户/安全验证,LOADING,加载中,使用与最终布局一致的 Skeleton，禁止无限 Loading。,automatic_or_retry,P01-002|P01-008|P02-004|P02-013|P02-022,P01|P02,P01-W01|P01-W02|P02-W01|P02-W03|P02-W05,YL-M-023-S01_LOADING,ui/mockups/admin/YL-M-023/YL-M-023-S01_LOADING.png,PAGE,,3bcc46735e068b6c
YL-M-023-S02_POPULATED,YL-M-023,ADMIN,认证与用户/安全验证,POPULATED,有数据,真实结构化数据已加载。,none,P01-002|P01-008|P02-004|P02-013|P02-022,P01|P02,P01-W01|P01-W02|P02-W01|P02-W03|P02-W05,YL-M-023-S02_POPULATED,ui/mockups/admin/YL-M-023/YL-M-023-S02_POPULATED.png,PAGE,,3bcc46735e068b6c
YL-M-023-S03_EMPTY,YL-M-023,ADMIN,认证与用户/安全验证,EMPTY,空数据,显示原因、下一步和主操作；不得使用伪造内容填满。,primary_action_or_refresh,P01-002|P01-008|P02-004|P02-013|P02-022,P01|P02,P01-W01|P01-W02|P02-W01|P02-W03|P02-W05,YL-M-023-S03_EMPTY,ui/mockups/admin/YL-M-023/YL-M-023-S03_EMPTY.png,PAGE,,3bcc46735e068b6c
YL-M-023-S04_FILTER_ACTIVE,YL-M-023,ADMIN,认证与用户/安全验证,FILTER_ACTIVE,筛选生效,清晰展示筛选条件和结果数量。,clear_filter,P01-002|P01-008|P02-004|P02-013|P02-022,P01|P02,P01-W01|P01-W02|P02-W01|P02-W03|P02-W05,YL-M-023-S04_FILTER_ACTIVE,ui/mockups/admin/YL-M-023/YL-M-023-S04_FILTER_ACTIVE.png,PAGE,,3bcc46735e068b6c
YL-M-023-S05_BULK_SELECTED,YL-M-023,ADMIN,认证与用户/安全验证,BULK_SELECTED,批量选择,显示已选数量和允许的批量动作。,clear_selection,P01-002|P01-008|P02-004|P02-013|P02-022,P01|P02,P01-W01|P01-W02|P02-W01|P02-W03|P02-W05,YL-M-023-S05_BULK_SELECTED,ui/mockups/admin/YL-M-023/YL-M-023-S05_BULK_SELECTED.png,PAGE,,3bcc46735e068b6c
YL-M-023-S06_PERMISSION_DENIED,YL-M-023,ADMIN,认证与用户/安全验证,PERMISSION_DENIED,权限不足,不泄露资源存在性，说明所需权限或返回。,back_or_request_access,P01-002|P01-008|P02-004|P02-013|P02-022,P01|P02,P01-W01|P01-W02|P02-W01|P02-W03|P02-W05,YL-M-023-S06_PERMISSION_DENIED,ui/mockups/admin/YL-M-023/YL-M-023-S06_PERMISSION_DENIED.png,PAGE,,3bcc46735e068b6c
YL-M-023-S07_NETWORK_ERROR,YL-M-023,ADMIN,认证与用户/安全验证,NETWORK_ERROR,网络连接失败,网络不可达或 DNS/TLS 失败，提供重试。,retry,P01-002|P01-008|P02-004|P02-013|P02-022,P01|P02,P01-W01|P01-W02|P02-W01|P02-W03|P02-W05,YL-M-023-S07_NETWORK_ERROR,ui/mockups/admin/YL-M-023/YL-M-023-S07_NETWORK_ERROR.png,PAGE,,3bcc46735e068b6c
YL-M-023-S08_SERVER_ERROR,YL-M-023,ADMIN,认证与用户/安全验证,SERVER_ERROR,服务异常,服务端 5xx，显示请求 ID，不暴露堆栈。,retry_or_status,P01-002|P01-008|P02-004|P02-013|P02-022,P01|P02,P01-W01|P01-W02|P02-W01|P02-W03|P02-W05,YL-M-023-S08_SERVER_ERROR,ui/mockups/admin/YL-M-023/YL-M-023-S08_SERVER_ERROR.png,PAGE,,3bcc46735e068b6c
YL-M-024-S01_LOADING,YL-M-024,ADMIN,认证与用户/Turnstile配置,LOADING,加载中,使用与最终布局一致的 Skeleton，禁止无限 Loading。,automatic_or_retry,P01-003|P02-005,P01|P02,P01-W01|P02-W01,YL-M-024-S01_LOADING,ui/mockups/admin/YL-M-024/YL-M-024-S01_LOADING.png,PAGE,,ed898e2533628b30
YL-M-024-S02_POPULATED,YL-M-024,ADMIN,认证与用户/Turnstile配置,POPULATED,有数据,真实结构化数据已加载。,none,P01-003|P02-005,P01|P02,P01-W01|P02-W01,YL-M-024-S02_POPULATED,ui/mockups/admin/YL-M-024/YL-M-024-S02_POPULATED.png,PAGE,,ed898e2533628b30
YL-M-024-S03_EDIT_MODE,YL-M-024,ADMIN,认证与用户/Turnstile配置,EDIT_MODE,编辑状态,可编辑字段与只读字段明显区分。,save_or_cancel,P01-003|P02-005,P01|P02,P01-W01|P02-W01,YL-M-024-S03_EDIT_MODE,ui/mockups/admin/YL-M-024/YL-M-024-S03_EDIT_MODE.png,PAGE,,ed898e2533628b30
YL-M-024-S04_VALIDATION_ERROR,YL-M-024,ADMIN,认证与用户/Turnstile配置,VALIDATION_ERROR,表单校验失败,字段级错误紧邻字段，首个错误获得焦点。,correct_input,P01-003|P02-005,P01|P02,P01-W01|P02-W01,YL-M-024-S04_VALIDATION_ERROR,ui/mockups/admin/YL-M-024/YL-M-024-S04_VALIDATION_ERROR.png,PAGE,,ed898e2533628b30
YL-M-024-S05_DIRTY,YL-M-024,ADMIN,认证与用户/Turnstile配置,DIRTY,存在未保存修改,离开或关闭前必须确认。,save_or_discard,P01-003|P02-005,P01|P02,P01-W01|P02-W01,YL-M-024-S05_DIRTY,ui/mockups/admin/YL-M-024/YL-M-024-S05_DIRTY.png,PAGE,,ed898e2533628b30
YL-M-024-S06_SUBMITTING,YL-M-024,ADMIN,认证与用户/Turnstile配置,SUBMITTING,提交中,主按钮保留尺寸并显示进度，禁止重复提交。,wait_or_cancel_if_supported,P01-003|P02-005,P01|P02,P01-W01|P02-W01,YL-M-024-S06_SUBMITTING,ui/mockups/admin/YL-M-024/YL-M-024-S06_SUBMITTING.png,PAGE,,ed898e2533628b30
YL-M-024-S07_SAVE_SUCCESS,YL-M-024,ADMIN,认证与用户/Turnstile配置,SAVE_SUCCESS,保存成功,保存结果明确且数据回读一致。,continue,P01-003|P02-005,P01|P02,P01-W01|P02-W01,YL-M-024-S07_SAVE_SUCCESS,ui/mockups/admin/YL-M-024/YL-M-024-S07_SAVE_SUCCESS.png,PAGE,,ed898e2533628b30
YL-M-024-S08_VERSION_CONFLICT,YL-M-024,ADMIN,认证与用户/Turnstile配置,VERSION_CONFLICT,版本冲突,显示当前版本与服务器版本，禁止静默覆盖。,reload_compare_or_force_with_permission,P01-003|P02-005,P01|P02,P01-W01|P02-W01,YL-M-024-S08_VERSION_CONFLICT,ui/mockups/admin/YL-M-024/YL-M-024-S08_VERSION_CONFLICT.png,PAGE,,ed898e2533628b30
YL-M-024-S09_ROLLBACK_CONFIRM,YL-M-024,ADMIN,认证与用户/Turnstile配置,ROLLBACK_CONFIRM,确认回滚,列出目标版本、影响和审计原因。,confirm_or_cancel,P01-003|P02-005,P01|P02,P01-W01|P02-W01,YL-M-024-S09_ROLLBACK_CONFIRM,ui/mockups/admin/YL-M-024/YL-M-024-S09_ROLLBACK_CONFIRM.png,PAGE,,ed898e2533628b30
YL-M-024-S10_PERMISSION_DENIED,YL-M-024,ADMIN,认证与用户/Turnstile配置,PERMISSION_DENIED,权限不足,不泄露资源存在性，说明所需权限或返回。,back_or_request_access,P01-003|P02-005,P01|P02,P01-W01|P02-W01,YL-M-024-S10_PERMISSION_DENIED,ui/mockups/admin/YL-M-024/YL-M-024-S10_PERMISSION_DENIED.png,PAGE,,ed898e2533628b30
YL-M-024-S11_SERVER_ERROR,YL-M-024,ADMIN,认证与用户/Turnstile配置,SERVER_ERROR,服务异常,服务端 5xx，显示请求 ID，不暴露堆栈。,retry_or_status,P01-003|P02-005,P01|P02,P01-W01|P02-W01,YL-M-024-S11_SERVER_ERROR,ui/mockups/admin/YL-M-024/YL-M-024-S11_SERVER_ERROR.png,PAGE,,ed898e2533628b30
YL-M-025-S01_LOADING,YL-M-025,ADMIN,认证与用户/邮件配置,LOADING,加载中,使用与最终布局一致的 Skeleton，禁止无限 Loading。,automatic_or_retry,P01-004,P01,P01-W01,YL-M-025-S01_LOADING,ui/mockups/admin/YL-M-025/YL-M-025-S01_LOADING.png,PAGE,,32ee132a1ff035db
YL-M-025-S02_POPULATED,YL-M-025,ADMIN,认证与用户/邮件配置,POPULATED,有数据,真实结构化数据已加载。,none,P01-004,P01,P01-W01,YL-M-025-S02_POPULATED,ui/mockups/admin/YL-M-025/YL-M-025-S02_POPULATED.png,PAGE,,32ee132a1ff035db
YL-M-025-S03_EDIT_MODE,YL-M-025,ADMIN,认证与用户/邮件配置,EDIT_MODE,编辑状态,可编辑字段与只读字段明显区分。,save_or_cancel,P01-004,P01,P01-W01,YL-M-025-S03_EDIT_MODE,ui/mockups/admin/YL-M-025/YL-M-025-S03_EDIT_MODE.png,PAGE,,32ee132a1ff035db
YL-M-025-S04_VALIDATION_ERROR,YL-M-025,ADMIN,认证与用户/邮件配置,VALIDATION_ERROR,表单校验失败,字段级错误紧邻字段，首个错误获得焦点。,correct_input,P01-004,P01,P01-W01,YL-M-025-S04_VALIDATION_ERROR,ui/mockups/admin/YL-M-025/YL-M-025-S04_VALIDATION_ERROR.png,PAGE,,32ee132a1ff035db
YL-M-025-S05_DIRTY,YL-M-025,ADMIN,认证与用户/邮件配置,DIRTY,存在未保存修改,离开或关闭前必须确认。,save_or_discard,P01-004,P01,P01-W01,YL-M-025-S05_DIRTY,ui/mockups/admin/YL-M-025/YL-M-025-S05_DIRTY.png,PAGE,,32ee132a1ff035db
YL-M-025-S06_SUBMITTING,YL-M-025,ADMIN,认证与用户/邮件配置,SUBMITTING,提交中,主按钮保留尺寸并显示进度，禁止重复提交。,wait_or_cancel_if_supported,P01-004,P01,P01-W01,YL-M-025-S06_SUBMITTING,ui/mockups/admin/YL-M-025/YL-M-025-S06_SUBMITTING.png,PAGE,,32ee132a1ff035db
YL-M-025-S07_SAVE_SUCCESS,YL-M-025,ADMIN,认证与用户/邮件配置,SAVE_SUCCESS,保存成功,保存结果明确且数据回读一致。,continue,P01-004,P01,P01-W01,YL-M-025-S07_SAVE_SUCCESS,ui/mockups/admin/YL-M-025/YL-M-025-S07_SAVE_SUCCESS.png,PAGE,,32ee132a1ff035db
YL-M-025-S08_VERSION_CONFLICT,YL-M-025,ADMIN,认证与用户/邮件配置,VERSION_CONFLICT,版本冲突,显示当前版本与服务器版本，禁止静默覆盖。,reload_compare_or_force_with_permission,P01-004,P01,P01-W01,YL-M-025-S08_VERSION_CONFLICT,ui/mockups/admin/YL-M-025/YL-M-025-S08_VERSION_CONFLICT.png,PAGE,,32ee132a1ff035db
YL-M-025-S09_ROLLBACK_CONFIRM,YL-M-025,ADMIN,认证与用户/邮件配置,ROLLBACK_CONFIRM,确认回滚,列出目标版本、影响和审计原因。,confirm_or_cancel,P01-004,P01,P01-W01,YL-M-025-S09_ROLLBACK_CONFIRM,ui/mockups/admin/YL-M-025/YL-M-025-S09_ROLLBACK_CONFIRM.png,PAGE,,32ee132a1ff035db
YL-M-025-S10_PERMISSION_DENIED,YL-M-025,ADMIN,认证与用户/邮件配置,PERMISSION_DENIED,权限不足,不泄露资源存在性，说明所需权限或返回。,back_or_request_access,P01-004,P01,P01-W01,YL-M-025-S10_PERMISSION_DENIED,ui/mockups/admin/YL-M-025/YL-M-025-S10_PERMISSION_DENIED.png,PAGE,,32ee132a1ff035db
YL-M-025-S11_SERVER_ERROR,YL-M-025,ADMIN,认证与用户/邮件配置,SERVER_ERROR,服务异常,服务端 5xx，显示请求 ID，不暴露堆栈。,retry_or_status,P01-004,P01,P01-W01,YL-M-025-S11_SERVER_ERROR,ui/mockups/admin/YL-M-025/YL-M-025-S11_SERVER_ERROR.png,PAGE,,32ee132a1ff035db
YL-M-026-S01_LOADING,YL-M-026,ADMIN,认证与用户/验证码策略,LOADING,加载中,使用与最终布局一致的 Skeleton，禁止无限 Loading。,automatic_or_retry,P01-005|P01-009|P01-021|P02-006|P02-008|P02-014,P01|P02,P01-W01|P01-W02|P01-W04|P02-W01|P02-W02|P02-W03,YL-M-026-S01_LOADING,ui/mockups/admin/YL-M-026/YL-M-026-S01_LOADING.png,PAGE,,dc1259eb9b5aaa12
YL-M-026-S02_POPULATED,YL-M-026,ADMIN,认证与用户/验证码策略,POPULATED,有数据,真实结构化数据已加载。,none,P01-005|P01-009|P01-021|P02-006|P02-008|P02-014,P01|P02,P01-W01|P01-W02|P01-W04|P02-W01|P02-W02|P02-W03,YL-M-026-S02_POPULATED,ui/mockups/admin/YL-M-026/YL-M-026-S02_POPULATED.png,PAGE,,dc1259eb9b5aaa12
YL-M-026-S03_EDIT_MODE,YL-M-026,ADMIN,认证与用户/验证码策略,EDIT_MODE,编辑状态,可编辑字段与只读字段明显区分。,save_or_cancel,P01-005|P01-009|P01-021|P02-006|P02-008|P02-014,P01|P02,P01-W01|P01-W02|P01-W04|P02-W01|P02-W02|P02-W03,YL-M-026-S03_EDIT_MODE,ui/mockups/admin/YL-M-026/YL-M-026-S03_EDIT_MODE.png,PAGE,,dc1259eb9b5aaa12
YL-M-026-S04_VALIDATION_ERROR,YL-M-026,ADMIN,认证与用户/验证码策略,VALIDATION_ERROR,表单校验失败,字段级错误紧邻字段，首个错误获得焦点。,correct_input,P01-005|P01-009|P01-021|P02-006|P02-008|P02-014,P01|P02,P01-W01|P01-W02|P01-W04|P02-W01|P02-W02|P02-W03,YL-M-026-S04_VALIDATION_ERROR,ui/mockups/admin/YL-M-026/YL-M-026-S04_VALIDATION_ERROR.png,PAGE,,dc1259eb9b5aaa12
YL-M-026-S05_DIRTY,YL-M-026,ADMIN,认证与用户/验证码策略,DIRTY,存在未保存修改,离开或关闭前必须确认。,save_or_discard,P01-005|P01-009|P01-021|P02-006|P02-008|P02-014,P01|P02,P01-W01|P01-W02|P01-W04|P02-W01|P02-W02|P02-W03,YL-M-026-S05_DIRTY,ui/mockups/admin/YL-M-026/YL-M-026-S05_DIRTY.png,PAGE,,dc1259eb9b5aaa12
YL-M-026-S06_SUBMITTING,YL-M-026,ADMIN,认证与用户/验证码策略,SUBMITTING,提交中,主按钮保留尺寸并显示进度，禁止重复提交。,wait_or_cancel_if_supported,P01-005|P01-009|P01-021|P02-006|P02-008|P02-014,P01|P02,P01-W01|P01-W02|P01-W04|P02-W01|P02-W02|P02-W03,YL-M-026-S06_SUBMITTING,ui/mockups/admin/YL-M-026/YL-M-026-S06_SUBMITTING.png,PAGE,,dc1259eb9b5aaa12
YL-M-026-S07_SAVE_SUCCESS,YL-M-026,ADMIN,认证与用户/验证码策略,SAVE_SUCCESS,保存成功,保存结果明确且数据回读一致。,continue,P01-005|P01-009|P01-021|P02-006|P02-008|P02-014,P01|P02,P01-W01|P01-W02|P01-W04|P02-W01|P02-W02|P02-W03,YL-M-026-S07_SAVE_SUCCESS,ui/mockups/admin/YL-M-026/YL-M-026-S07_SAVE_SUCCESS.png,PAGE,,dc1259eb9b5aaa12
YL-M-026-S08_VERSION_CONFLICT,YL-M-026,ADMIN,认证与用户/验证码策略,VERSION_CONFLICT,版本冲突,显示当前版本与服务器版本，禁止静默覆盖。,reload_compare_or_force_with_permission,P01-005|P01-009|P01-021|P02-006|P02-008|P02-014,P01|P02,P01-W01|P01-W02|P01-W04|P02-W01|P02-W02|P02-W03,YL-M-026-S08_VERSION_CONFLICT,ui/mockups/admin/YL-M-026/YL-M-026-S08_VERSION_CONFLICT.png,PAGE,,dc1259eb9b5aaa12
YL-M-026-S09_ROLLBACK_CONFIRM,YL-M-026,ADMIN,认证与用户/验证码策略,ROLLBACK_CONFIRM,确认回滚,列出目标版本、影响和审计原因。,confirm_or_cancel,P01-005|P01-009|P01-021|P02-006|P02-008|P02-014,P01|P02,P01-W01|P01-W02|P01-W04|P02-W01|P02-W02|P02-W03,YL-M-026-S09_ROLLBACK_CONFIRM,ui/mockups/admin/YL-M-026/YL-M-026-S09_ROLLBACK_CONFIRM.png,PAGE,,dc1259eb9b5aaa12
YL-M-026-S10_PERMISSION_DENIED,YL-M-026,ADMIN,认证与用户/验证码策略,PERMISSION_DENIED,权限不足,不泄露资源存在性，说明所需权限或返回。,back_or_request_access,P01-005|P01-009|P01-021|P02-006|P02-008|P02-014,P01|P02,P01-W01|P01-W02|P01-W04|P02-W01|P02-W02|P02-W03,YL-M-026-S10_PERMISSION_DENIED,ui/mockups/admin/YL-M-026/YL-M-026-S10_PERMISSION_DENIED.png,PAGE,,dc1259eb9b5aaa12
YL-M-026-S11_SERVER_ERROR,YL-M-026,ADMIN,认证与用户/验证码策略,SERVER_ERROR,服务异常,服务端 5xx，显示请求 ID，不暴露堆栈。,retry_or_status,P01-005|P01-009|P01-021|P02-006|P02-008|P02-014,P01|P02,P01-W01|P01-W02|P01-W04|P02-W01|P02-W02|P02-W03,YL-M-026-S11_SERVER_ERROR,ui/mockups/admin/YL-M-026/YL-M-026-S11_SERVER_ERROR.png,PAGE,,dc1259eb9b5aaa12
YL-M-027-S01_LOADING,YL-M-027,ADMIN,认证与用户/用户列表,LOADING,加载中,使用与最终布局一致的 Skeleton，禁止无限 Loading。,automatic_or_retry,P01-006|P01-022|P01-024|P02-015,P01|P02,P01-W01|P01-W04|P01-W05|P02-W03,YL-M-027-S01_LOADING,ui/mockups/admin/YL-M-027/YL-M-027-S01_LOADING.png,PAGE,,dfab2555b4e3d6a2
YL-M-027-S02_POPULATED,YL-M-027,ADMIN,认证与用户/用户列表,POPULATED,有数据,真实结构化数据已加载。,none,P01-006|P01-022|P01-024|P02-015,P01|P02,P01-W01|P01-W04|P01-W05|P02-W03,YL-M-027-S02_POPULATED,ui/mockups/admin/YL-M-027/YL-M-027-S02_POPULATED.png,PAGE,,dfab2555b4e3d6a2
YL-M-027-S03_EMPTY,YL-M-027,ADMIN,认证与用户/用户列表,EMPTY,空数据,显示原因、下一步和主操作；不得使用伪造内容填满。,primary_action_or_refresh,P01-006|P01-022|P01-024|P02-015,P01|P02,P01-W01|P01-W04|P01-W05|P02-W03,YL-M-027-S03_EMPTY,ui/mockups/admin/YL-M-027/YL-M-027-S03_EMPTY.png,PAGE,,dfab2555b4e3d6a2
YL-M-027-S04_FILTER_ACTIVE,YL-M-027,ADMIN,认证与用户/用户列表,FILTER_ACTIVE,筛选生效,清晰展示筛选条件和结果数量。,clear_filter,P01-006|P01-022|P01-024|P02-015,P01|P02,P01-W01|P01-W04|P01-W05|P02-W03,YL-M-027-S04_FILTER_ACTIVE,ui/mockups/admin/YL-M-027/YL-M-027-S04_FILTER_ACTIVE.png,PAGE,,dfab2555b4e3d6a2
YL-M-027-S05_BULK_SELECTED,YL-M-027,ADMIN,认证与用户/用户列表,BULK_SELECTED,批量选择,显示已选数量和允许的批量动作。,clear_selection,P01-006|P01-022|P01-024|P02-015,P01|P02,P01-W01|P01-W04|P01-W05|P02-W03,YL-M-027-S05_BULK_SELECTED,ui/mockups/admin/YL-M-027/YL-M-027-S05_BULK_SELECTED.png,PAGE,,dfab2555b4e3d6a2
YL-M-027-S06_PERMISSION_DENIED,YL-M-027,ADMIN,认证与用户/用户列表,PERMISSION_DENIED,权限不足,不泄露资源存在性，说明所需权限或返回。,back_or_request_access,P01-006|P01-022|P01-024|P02-015,P01|P02,P01-W01|P01-W04|P01-W05|P02-W03,YL-M-027-S06_PERMISSION_DENIED,ui/mockups/admin/YL-M-027/YL-M-027-S06_PERMISSION_DENIED.png,PAGE,,dfab2555b4e3d6a2
YL-M-027-S07_NETWORK_ERROR,YL-M-027,ADMIN,认证与用户/用户列表,NETWORK_ERROR,网络连接失败,网络不可达或 DNS/TLS 失败，提供重试。,retry,P01-006|P01-022|P01-024|P02-015,P01|P02,P01-W01|P01-W04|P01-W05|P02-W03,YL-M-027-S07_NETWORK_ERROR,ui/mockups/admin/YL-M-027/YL-M-027-S07_NETWORK_ERROR.png,PAGE,,dfab2555b4e3d6a2
YL-M-027-S08_SERVER_ERROR,YL-M-027,ADMIN,认证与用户/用户列表,SERVER_ERROR,服务异常,服务端 5xx，显示请求 ID，不暴露堆栈。,retry_or_status,P01-006|P01-022|P01-024|P02-015,P01|P02,P01-W01|P01-W04|P01-W05|P02-W03,YL-M-027-S08_SERVER_ERROR,ui/mockups/admin/YL-M-027/YL-M-027-S08_SERVER_ERROR.png,PAGE,,dfab2555b4e3d6a2
YL-M-028-S01_LOADING,YL-M-028,ADMIN,认证与用户/异常注册,LOADING,加载中,使用与最终布局一致的 Skeleton，禁止无限 Loading。,automatic_or_retry,P01-007,P01,P01-W02,YL-M-028-S01_LOADING,ui/mockups/admin/YL-M-028/YL-M-028-S01_LOADING.png,PAGE,,67c9128f87b19d38
YL-M-028-S02_POPULATED,YL-M-028,ADMIN,认证与用户/异常注册,POPULATED,有数据,真实结构化数据已加载。,none,P01-007,P01,P01-W02,YL-M-028-S02_POPULATED,ui/mockups/admin/YL-M-028/YL-M-028-S02_POPULATED.png,PAGE,,67c9128f87b19d38
YL-M-028-S03_EMPTY,YL-M-028,ADMIN,认证与用户/异常注册,EMPTY,空数据,显示原因、下一步和主操作；不得使用伪造内容填满。,primary_action_or_refresh,P01-007,P01,P01-W02,YL-M-028-S03_EMPTY,ui/mockups/admin/YL-M-028/YL-M-028-S03_EMPTY.png,PAGE,,67c9128f87b19d38
YL-M-028-S04_FILTER_ACTIVE,YL-M-028,ADMIN,认证与用户/异常注册,FILTER_ACTIVE,筛选生效,清晰展示筛选条件和结果数量。,clear_filter,P01-007,P01,P01-W02,YL-M-028-S04_FILTER_ACTIVE,ui/mockups/admin/YL-M-028/YL-M-028-S04_FILTER_ACTIVE.png,PAGE,,67c9128f87b19d38
YL-M-028-S05_BULK_SELECTED,YL-M-028,ADMIN,认证与用户/异常注册,BULK_SELECTED,批量选择,显示已选数量和允许的批量动作。,clear_selection,P01-007,P01,P01-W02,YL-M-028-S05_BULK_SELECTED,ui/mockups/admin/YL-M-028/YL-M-028-S05_BULK_SELECTED.png,PAGE,,67c9128f87b19d38
YL-M-028-S06_PERMISSION_DENIED,YL-M-028,ADMIN,认证与用户/异常注册,PERMISSION_DENIED,权限不足,不泄露资源存在性，说明所需权限或返回。,back_or_request_access,P01-007,P01,P01-W02,YL-M-028-S06_PERMISSION_DENIED,ui/mockups/admin/YL-M-028/YL-M-028-S06_PERMISSION_DENIED.png,PAGE,,67c9128f87b19d38
YL-M-028-S07_NETWORK_ERROR,YL-M-028,ADMIN,认证与用户/异常注册,NETWORK_ERROR,网络连接失败,网络不可达或 DNS/TLS 失败，提供重试。,retry,P01-007,P01,P01-W02,YL-M-028-S07_NETWORK_ERROR,ui/mockups/admin/YL-M-028/YL-M-028-S07_NETWORK_ERROR.png,PAGE,,67c9128f87b19d38
YL-M-028-S08_SERVER_ERROR,YL-M-028,ADMIN,认证与用户/异常注册,SERVER_ERROR,服务异常,服务端 5xx，显示请求 ID，不暴露堆栈。,retry_or_status,P01-007,P01,P01-W02,YL-M-028-S08_SERVER_ERROR,ui/mockups/admin/YL-M-028/YL-M-028-S08_SERVER_ERROR.png,PAGE,,67c9128f87b19d38
YL-M-029-S01_LOADING,YL-M-029,ADMIN,认证与用户/登录日志,LOADING,加载中,使用与最终布局一致的 Skeleton，禁止无限 Loading。,automatic_or_retry,P01-010|P02-007,P01|P02,P01-W02|P02-W02,YL-M-029-S01_LOADING,ui/mockups/admin/YL-M-029/YL-M-029-S01_LOADING.png,PAGE,,64e0d895791b65a4
YL-M-029-S02_POPULATED,YL-M-029,ADMIN,认证与用户/登录日志,POPULATED,有数据,真实结构化数据已加载。,none,P01-010|P02-007,P01|P02,P01-W02|P02-W02,YL-M-029-S02_POPULATED,ui/mockups/admin/YL-M-029/YL-M-029-S02_POPULATED.png,PAGE,,64e0d895791b65a4
YL-M-029-S03_EMPTY,YL-M-029,ADMIN,认证与用户/登录日志,EMPTY,空数据,显示原因、下一步和主操作；不得使用伪造内容填满。,primary_action_or_refresh,P01-010|P02-007,P01|P02,P01-W02|P02-W02,YL-M-029-S03_EMPTY,ui/mockups/admin/YL-M-029/YL-M-029-S03_EMPTY.png,PAGE,,64e0d895791b65a4
YL-M-029-S04_FILTER_ACTIVE,YL-M-029,ADMIN,认证与用户/登录日志,FILTER_ACTIVE,筛选生效,清晰展示筛选条件和结果数量。,clear_filter,P01-010|P02-007,P01|P02,P01-W02|P02-W02,YL-M-029-S04_FILTER_ACTIVE,ui/mockups/admin/YL-M-029/YL-M-029-S04_FILTER_ACTIVE.png,PAGE,,64e0d895791b65a4
YL-M-029-S05_PARTIAL_DATA,YL-M-029,ADMIN,认证与用户/登录日志,PARTIAL_DATA,部分数据,明确哪些数据源不可用以及统计截止时间。,retry_source,P01-010|P02-007,P01|P02,P01-W02|P02-W02,YL-M-029-S05_PARTIAL_DATA,ui/mockups/admin/YL-M-029/YL-M-029-S05_PARTIAL_DATA.png,PAGE,,64e0d895791b65a4
YL-M-029-S06_PERMISSION_DENIED,YL-M-029,ADMIN,认证与用户/登录日志,PERMISSION_DENIED,权限不足,不泄露资源存在性，说明所需权限或返回。,back_or_request_access,P01-010|P02-007,P01|P02,P01-W02|P02-W02,YL-M-029-S06_PERMISSION_DENIED,ui/mockups/admin/YL-M-029/YL-M-029-S06_PERMISSION_DENIED.png,PAGE,,64e0d895791b65a4
YL-M-029-S07_SERVER_ERROR,YL-M-029,ADMIN,认证与用户/登录日志,SERVER_ERROR,服务异常,服务端 5xx，显示请求 ID，不暴露堆栈。,retry_or_status,P01-010|P02-007,P01|P02,P01-W02|P02-W02,YL-M-029-S07_SERVER_ERROR,ui/mockups/admin/YL-M-029/YL-M-029-S07_SERVER_ERROR.png,PAGE,,64e0d895791b65a4
YL-M-030-S01_LOADING,YL-M-030,ADMIN,认证与用户/会话管理,LOADING,加载中,使用与最终布局一致的 Skeleton，禁止无限 Loading。,automatic_or_retry,P01-011|P01-012|P01-013|P02-001|P02-009|P02-017|P02-019,P01|P02,P01-W02|P01-W03|P02-W01|P02-W02|P02-W04,YL-M-030-S01_LOADING,ui/mockups/admin/YL-M-030/YL-M-030-S01_LOADING.png,PAGE,,f969b2d266f2a22a
YL-M-030-S02_POPULATED,YL-M-030,ADMIN,认证与用户/会话管理,POPULATED,有数据,真实结构化数据已加载。,none,P01-011|P01-012|P01-013|P02-001|P02-009|P02-017|P02-019,P01|P02,P01-W02|P01-W03|P02-W01|P02-W02|P02-W04,YL-M-030-S02_POPULATED,ui/mockups/admin/YL-M-030/YL-M-030-S02_POPULATED.png,PAGE,,f969b2d266f2a22a
YL-M-030-S03_EMPTY,YL-M-030,ADMIN,认证与用户/会话管理,EMPTY,空数据,显示原因、下一步和主操作；不得使用伪造内容填满。,primary_action_or_refresh,P01-011|P01-012|P01-013|P02-001|P02-009|P02-017|P02-019,P01|P02,P01-W02|P01-W03|P02-W01|P02-W02|P02-W04,YL-M-030-S03_EMPTY,ui/mockups/admin/YL-M-030/YL-M-030-S03_EMPTY.png,PAGE,,f969b2d266f2a22a
YL-M-030-S04_FILTER_ACTIVE,YL-M-030,ADMIN,认证与用户/会话管理,FILTER_ACTIVE,筛选生效,清晰展示筛选条件和结果数量。,clear_filter,P01-011|P01-012|P01-013|P02-001|P02-009|P02-017|P02-019,P01|P02,P01-W02|P01-W03|P02-W01|P02-W02|P02-W04,YL-M-030-S04_FILTER_ACTIVE,ui/mockups/admin/YL-M-030/YL-M-030-S04_FILTER_ACTIVE.png,PAGE,,f969b2d266f2a22a
YL-M-030-S05_BULK_SELECTED,YL-M-030,ADMIN,认证与用户/会话管理,BULK_SELECTED,批量选择,显示已选数量和允许的批量动作。,clear_selection,P01-011|P01-012|P01-013|P02-001|P02-009|P02-017|P02-019,P01|P02,P01-W02|P01-W03|P02-W01|P02-W02|P02-W04,YL-M-030-S05_BULK_SELECTED,ui/mockups/admin/YL-M-030/YL-M-030-S05_BULK_SELECTED.png,PAGE,,f969b2d266f2a22a
YL-M-030-S06_PERMISSION_DENIED,YL-M-030,ADMIN,认证与用户/会话管理,PERMISSION_DENIED,权限不足,不泄露资源存在性，说明所需权限或返回。,back_or_request_access,P01-011|P01-012|P01-013|P02-001|P02-009|P02-017|P02-019,P01|P02,P01-W02|P01-W03|P02-W01|P02-W02|P02-W04,YL-M-030-S06_PERMISSION_DENIED,ui/mockups/admin/YL-M-030/YL-M-030-S06_PERMISSION_DENIED.png,PAGE,,f969b2d266f2a22a
YL-M-030-S07_NETWORK_ERROR,YL-M-030,ADMIN,认证与用户/会话管理,NETWORK_ERROR,网络连接失败,网络不可达或 DNS/TLS 失败，提供重试。,retry,P01-011|P01-012|P01-013|P02-001|P02-009|P02-017|P02-019,P01|P02,P01-W02|P01-W03|P02-W01|P02-W02|P02-W04,YL-M-030-S07_NETWORK_ERROR,ui/mockups/admin/YL-M-030/YL-M-030-S07_NETWORK_ERROR.png,PAGE,,f969b2d266f2a22a
YL-M-030-S08_SERVER_ERROR,YL-M-030,ADMIN,认证与用户/会话管理,SERVER_ERROR,服务异常,服务端 5xx，显示请求 ID，不暴露堆栈。,retry_or_status,P01-011|P01-012|P01-013|P02-001|P02-009|P02-017|P02-019,P01|P02,P01-W02|P01-W03|P02-W01|P02-W02|P02-W04,YL-M-030-S08_SERVER_ERROR,ui/mockups/admin/YL-M-030/YL-M-030-S08_SERVER_ERROR.png,PAGE,,f969b2d266f2a22a
YL-M-031-S01_LOADING,YL-M-031,ADMIN,认证与用户/设备管理,LOADING,加载中,使用与最终布局一致的 Skeleton，禁止无限 Loading。,automatic_or_retry,P01-014|P01-015|P01-016|P02-020|P02-021,P01|P02,P01-W03|P02-W04,YL-M-031-S01_LOADING,ui/mockups/admin/YL-M-031/YL-M-031-S01_LOADING.png,PAGE,,a3e335a2253a65c0
YL-M-031-S02_POPULATED,YL-M-031,ADMIN,认证与用户/设备管理,POPULATED,有数据,真实结构化数据已加载。,none,P01-014|P01-015|P01-016|P02-020|P02-021,P01|P02,P01-W03|P02-W04,YL-M-031-S02_POPULATED,ui/mockups/admin/YL-M-031/YL-M-031-S02_POPULATED.png,PAGE,,a3e335a2253a65c0
YL-M-031-S03_EMPTY,YL-M-031,ADMIN,认证与用户/设备管理,EMPTY,空数据,显示原因、下一步和主操作；不得使用伪造内容填满。,primary_action_or_refresh,P01-014|P01-015|P01-016|P02-020|P02-021,P01|P02,P01-W03|P02-W04,YL-M-031-S03_EMPTY,ui/mockups/admin/YL-M-031/YL-M-031-S03_EMPTY.png,PAGE,,a3e335a2253a65c0
YL-M-031-S04_FILTER_ACTIVE,YL-M-031,ADMIN,认证与用户/设备管理,FILTER_ACTIVE,筛选生效,清晰展示筛选条件和结果数量。,clear_filter,P01-014|P01-015|P01-016|P02-020|P02-021,P01|P02,P01-W03|P02-W04,YL-M-031-S04_FILTER_ACTIVE,ui/mockups/admin/YL-M-031/YL-M-031-S04_FILTER_ACTIVE.png,PAGE,,a3e335a2253a65c0
YL-M-031-S05_BULK_SELECTED,YL-M-031,ADMIN,认证与用户/设备管理,BULK_SELECTED,批量选择,显示已选数量和允许的批量动作。,clear_selection,P01-014|P01-015|P01-016|P02-020|P02-021,P01|P02,P01-W03|P02-W04,YL-M-031-S05_BULK_SELECTED,ui/mockups/admin/YL-M-031/YL-M-031-S05_BULK_SELECTED.png,PAGE,,a3e335a2253a65c0
YL-M-031-S06_PERMISSION_DENIED,YL-M-031,ADMIN,认证与用户/设备管理,PERMISSION_DENIED,权限不足,不泄露资源存在性，说明所需权限或返回。,back_or_request_access,P01-014|P01-015|P01-016|P02-020|P02-021,P01|P02,P01-W03|P02-W04,YL-M-031-S06_PERMISSION_DENIED,ui/mockups/admin/YL-M-031/YL-M-031-S06_PERMISSION_DENIED.png,PAGE,,a3e335a2253a65c0
YL-M-031-S07_NETWORK_ERROR,YL-M-031,ADMIN,认证与用户/设备管理,NETWORK_ERROR,网络连接失败,网络不可达或 DNS/TLS 失败，提供重试。,retry,P01-014|P01-015|P01-016|P02-020|P02-021,P01|P02,P01-W03|P02-W04,YL-M-031-S07_NETWORK_ERROR,ui/mockups/admin/YL-M-031/YL-M-031-S07_NETWORK_ERROR.png,PAGE,,a3e335a2253a65c0
YL-M-031-S08_SERVER_ERROR,YL-M-031,ADMIN,认证与用户/设备管理,SERVER_ERROR,服务异常,服务端 5xx，显示请求 ID，不暴露堆栈。,retry_or_status,P01-014|P01-015|P01-016|P02-020|P02-021,P01|P02,P01-W03|P02-W04,YL-M-031-S08_SERVER_ERROR,ui/mockups/admin/YL-M-031/YL-M-031-S08_SERVER_ERROR.png,PAGE,,a3e335a2253a65c0
YL-M-032-S01_LOADING,YL-M-032,ADMIN,安全与审计/风控规则,LOADING,加载中,使用与最终布局一致的 Skeleton，禁止无限 Loading。,automatic_or_retry,P01-017,P01,P01-W03,YL-M-032-S01_LOADING,ui/mockups/admin/YL-M-032/YL-M-032-S01_LOADING.png,PAGE,,6c1494fa670e850f
YL-M-032-S02_POPULATED,YL-M-032,ADMIN,安全与审计/风控规则,POPULATED,有数据,真实结构化数据已加载。,none,P01-017,P01,P01-W03,YL-M-032-S02_POPULATED,ui/mockups/admin/YL-M-032/YL-M-032-S02_POPULATED.png,PAGE,,6c1494fa670e850f
YL-M-032-S03_EMPTY,YL-M-032,ADMIN,安全与审计/风控规则,EMPTY,空数据,显示原因、下一步和主操作；不得使用伪造内容填满。,primary_action_or_refresh,P01-017,P01,P01-W03,YL-M-032-S03_EMPTY,ui/mockups/admin/YL-M-032/YL-M-032-S03_EMPTY.png,PAGE,,6c1494fa670e850f
YL-M-032-S04_BULK_SELECTED,YL-M-032,ADMIN,安全与审计/风控规则,BULK_SELECTED,批量选择,显示已选数量和允许的批量动作。,clear_selection,P01-017,P01,P01-W03,YL-M-032-S04_BULK_SELECTED,ui/mockups/admin/YL-M-032/YL-M-032-S04_BULK_SELECTED.png,PAGE,,6c1494fa670e850f
YL-M-032-S05_SUBMITTING,YL-M-032,ADMIN,安全与审计/风控规则,SUBMITTING,提交中,主按钮保留尺寸并显示进度，禁止重复提交。,wait_or_cancel_if_supported,P01-017,P01,P01-W03,YL-M-032-S05_SUBMITTING,ui/mockups/admin/YL-M-032/YL-M-032-S05_SUBMITTING.png,PAGE,,6c1494fa670e850f
YL-M-032-S06_SUCCESS,YL-M-032,ADMIN,安全与审计/风控规则,SUCCESS,操作成功,使用 Snackbar、结果页或成功卡，按合同给出下一步。,continue,P01-017,P01,P01-W03,YL-M-032-S06_SUCCESS,ui/mockups/admin/YL-M-032/YL-M-032-S06_SUCCESS.png,PAGE,,6c1494fa670e850f
YL-M-032-S07_PERMISSION_DENIED,YL-M-032,ADMIN,安全与审计/风控规则,PERMISSION_DENIED,权限不足,不泄露资源存在性，说明所需权限或返回。,back_or_request_access,P01-017,P01,P01-W03,YL-M-032-S07_PERMISSION_DENIED,ui/mockups/admin/YL-M-032/YL-M-032-S07_PERMISSION_DENIED.png,PAGE,,6c1494fa670e850f
YL-M-032-S08_SERVER_ERROR,YL-M-032,ADMIN,安全与审计/风控规则,SERVER_ERROR,服务异常,服务端 5xx，显示请求 ID，不暴露堆栈。,retry_or_status,P01-017,P01,P01-W03,YL-M-032-S08_SERVER_ERROR,ui/mockups/admin/YL-M-032/YL-M-032-S08_SERVER_ERROR.png,PAGE,,6c1494fa670e850f
YL-M-033-S01_LOADING,YL-M-033,ADMIN,安全与审计/认证事件,LOADING,加载中,使用与最终布局一致的 Skeleton，禁止无限 Loading。,automatic_or_retry,P01-018,P01,P01-W03,YL-M-033-S01_LOADING,ui/mockups/admin/YL-M-033/YL-M-033-S01_LOADING.png,PAGE,,e2bd2df74ccda34f
YL-M-033-S02_POPULATED,YL-M-033,ADMIN,安全与审计/认证事件,POPULATED,有数据,真实结构化数据已加载。,none,P01-018,P01,P01-W03,YL-M-033-S02_POPULATED,ui/mockups/admin/YL-M-033/YL-M-033-S02_POPULATED.png,PAGE,,e2bd2df74ccda34f
YL-M-033-S03_EMPTY,YL-M-033,ADMIN,安全与审计/认证事件,EMPTY,空数据,显示原因、下一步和主操作；不得使用伪造内容填满。,primary_action_or_refresh,P01-018,P01,P01-W03,YL-M-033-S03_EMPTY,ui/mockups/admin/YL-M-033/YL-M-033-S03_EMPTY.png,PAGE,,e2bd2df74ccda34f
YL-M-033-S04_BULK_SELECTED,YL-M-033,ADMIN,安全与审计/认证事件,BULK_SELECTED,批量选择,显示已选数量和允许的批量动作。,clear_selection,P01-018,P01,P01-W03,YL-M-033-S04_BULK_SELECTED,ui/mockups/admin/YL-M-033/YL-M-033-S04_BULK_SELECTED.png,PAGE,,e2bd2df74ccda34f
YL-M-033-S05_SUBMITTING,YL-M-033,ADMIN,安全与审计/认证事件,SUBMITTING,提交中,主按钮保留尺寸并显示进度，禁止重复提交。,wait_or_cancel_if_supported,P01-018,P01,P01-W03,YL-M-033-S05_SUBMITTING,ui/mockups/admin/YL-M-033/YL-M-033-S05_SUBMITTING.png,PAGE,,e2bd2df74ccda34f
YL-M-033-S06_SUCCESS,YL-M-033,ADMIN,安全与审计/认证事件,SUCCESS,操作成功,使用 Snackbar、结果页或成功卡，按合同给出下一步。,continue,P01-018,P01,P01-W03,YL-M-033-S06_SUCCESS,ui/mockups/admin/YL-M-033/YL-M-033-S06_SUCCESS.png,PAGE,,e2bd2df74ccda34f
YL-M-033-S07_PERMISSION_DENIED,YL-M-033,ADMIN,安全与审计/认证事件,PERMISSION_DENIED,权限不足,不泄露资源存在性，说明所需权限或返回。,back_or_request_access,P01-018,P01,P01-W03,YL-M-033-S07_PERMISSION_DENIED,ui/mockups/admin/YL-M-033/YL-M-033-S07_PERMISSION_DENIED.png,PAGE,,e2bd2df74ccda34f
YL-M-033-S08_SERVER_ERROR,YL-M-033,ADMIN,安全与审计/认证事件,SERVER_ERROR,服务异常,服务端 5xx，显示请求 ID，不暴露堆栈。,retry_or_status,P01-018,P01,P01-W03,YL-M-033-S08_SERVER_ERROR,ui/mockups/admin/YL-M-033/YL-M-033-S08_SERVER_ERROR.png,PAGE,,e2bd2df74ccda34f
YL-M-034-S01_LOADING,YL-M-034,ADMIN,系统设置/邮件服务,LOADING,加载中,使用与最终布局一致的 Skeleton，禁止无限 Loading。,automatic_or_retry,P01-019,P01,P01-W04,YL-M-034-S01_LOADING,ui/mockups/admin/YL-M-034/YL-M-034-S01_LOADING.png,PAGE,,5dec22542c0030f3
YL-M-034-S02_POPULATED,YL-M-034,ADMIN,系统设置/邮件服务,POPULATED,有数据,真实结构化数据已加载。,none,P01-019,P01,P01-W04,YL-M-034-S02_POPULATED,ui/mockups/admin/YL-M-034/YL-M-034-S02_POPULATED.png,PAGE,,5dec22542c0030f3
YL-M-034-S03_EDIT_MODE,YL-M-034,ADMIN,系统设置/邮件服务,EDIT_MODE,编辑状态,可编辑字段与只读字段明显区分。,save_or_cancel,P01-019,P01,P01-W04,YL-M-034-S03_EDIT_MODE,ui/mockups/admin/YL-M-034/YL-M-034-S03_EDIT_MODE.png,PAGE,,5dec22542c0030f3
YL-M-034-S04_VALIDATION_ERROR,YL-M-034,ADMIN,系统设置/邮件服务,VALIDATION_ERROR,表单校验失败,字段级错误紧邻字段，首个错误获得焦点。,correct_input,P01-019,P01,P01-W04,YL-M-034-S04_VALIDATION_ERROR,ui/mockups/admin/YL-M-034/YL-M-034-S04_VALIDATION_ERROR.png,PAGE,,5dec22542c0030f3
YL-M-034-S05_DIRTY,YL-M-034,ADMIN,系统设置/邮件服务,DIRTY,存在未保存修改,离开或关闭前必须确认。,save_or_discard,P01-019,P01,P01-W04,YL-M-034-S05_DIRTY,ui/mockups/admin/YL-M-034/YL-M-034-S05_DIRTY.png,PAGE,,5dec22542c0030f3
YL-M-034-S06_SUBMITTING,YL-M-034,ADMIN,系统设置/邮件服务,SUBMITTING,提交中,主按钮保留尺寸并显示进度，禁止重复提交。,wait_or_cancel_if_supported,P01-019,P01,P01-W04,YL-M-034-S06_SUBMITTING,ui/mockups/admin/YL-M-034/YL-M-034-S06_SUBMITTING.png,PAGE,,5dec22542c0030f3
YL-M-034-S07_SAVE_SUCCESS,YL-M-034,ADMIN,系统设置/邮件服务,SAVE_SUCCESS,保存成功,保存结果明确且数据回读一致。,continue,P01-019,P01,P01-W04,YL-M-034-S07_SAVE_SUCCESS,ui/mockups/admin/YL-M-034/YL-M-034-S07_SAVE_SUCCESS.png,PAGE,,5dec22542c0030f3
YL-M-034-S08_VERSION_CONFLICT,YL-M-034,ADMIN,系统设置/邮件服务,VERSION_CONFLICT,版本冲突,显示当前版本与服务器版本，禁止静默覆盖。,reload_compare_or_force_with_permission,P01-019,P01,P01-W04,YL-M-034-S08_VERSION_CONFLICT,ui/mockups/admin/YL-M-034/YL-M-034-S08_VERSION_CONFLICT.png,PAGE,,5dec22542c0030f3
YL-M-034-S09_ROLLBACK_CONFIRM,YL-M-034,ADMIN,系统设置/邮件服务,ROLLBACK_CONFIRM,确认回滚,列出目标版本、影响和审计原因。,confirm_or_cancel,P01-019,P01,P01-W04,YL-M-034-S09_ROLLBACK_CONFIRM,ui/mockups/admin/YL-M-034/YL-M-034-S09_ROLLBACK_CONFIRM.png,PAGE,,5dec22542c0030f3
YL-M-034-S10_PERMISSION_DENIED,YL-M-034,ADMIN,系统设置/邮件服务,PERMISSION_DENIED,权限不足,不泄露资源存在性，说明所需权限或返回。,back_or_request_access,P01-019,P01,P01-W04,YL-M-034-S10_PERMISSION_DENIED,ui/mockups/admin/YL-M-034/YL-M-034-S10_PERMISSION_DENIED.png,PAGE,,5dec22542c0030f3
YL-M-034-S11_SERVER_ERROR,YL-M-034,ADMIN,系统设置/邮件服务,SERVER_ERROR,服务异常,服务端 5xx，显示请求 ID，不暴露堆栈。,retry_or_status,P01-019,P01,P01-W04,YL-M-034-S11_SERVER_ERROR,ui/mockups/admin/YL-M-034/YL-M-034-S11_SERVER_ERROR.png,PAGE,,5dec22542c0030f3
YL-M-035-S01_LOADING,YL-M-035,ADMIN,系统设置/Turnstile,LOADING,加载中,使用与最终布局一致的 Skeleton，禁止无限 Loading。,automatic_or_retry,P01-020,P01,P01-W04,YL-M-035-S01_LOADING,ui/mockups/admin/YL-M-035/YL-M-035-S01_LOADING.png,PAGE,,d8ac2cfab7bfff57
YL-M-035-S02_POPULATED,YL-M-035,ADMIN,系统设置/Turnstile,POPULATED,有数据,真实结构化数据已加载。,none,P01-020,P01,P01-W04,YL-M-035-S02_POPULATED,ui/mockups/admin/YL-M-035/YL-M-035-S02_POPULATED.png,PAGE,,d8ac2cfab7bfff57
YL-M-035-S03_EDIT_MODE,YL-M-035,ADMIN,系统设置/Turnstile,EDIT_MODE,编辑状态,可编辑字段与只读字段明显区分。,save_or_cancel,P01-020,P01,P01-W04,YL-M-035-S03_EDIT_MODE,ui/mockups/admin/YL-M-035/YL-M-035-S03_EDIT_MODE.png,PAGE,,d8ac2cfab7bfff57
YL-M-035-S04_VALIDATION_ERROR,YL-M-035,ADMIN,系统设置/Turnstile,VALIDATION_ERROR,表单校验失败,字段级错误紧邻字段，首个错误获得焦点。,correct_input,P01-020,P01,P01-W04,YL-M-035-S04_VALIDATION_ERROR,ui/mockups/admin/YL-M-035/YL-M-035-S04_VALIDATION_ERROR.png,PAGE,,d8ac2cfab7bfff57
YL-M-035-S05_DIRTY,YL-M-035,ADMIN,系统设置/Turnstile,DIRTY,存在未保存修改,离开或关闭前必须确认。,save_or_discard,P01-020,P01,P01-W04,YL-M-035-S05_DIRTY,ui/mockups/admin/YL-M-035/YL-M-035-S05_DIRTY.png,PAGE,,d8ac2cfab7bfff57
YL-M-035-S06_SUBMITTING,YL-M-035,ADMIN,系统设置/Turnstile,SUBMITTING,提交中,主按钮保留尺寸并显示进度，禁止重复提交。,wait_or_cancel_if_supported,P01-020,P01,P01-W04,YL-M-035-S06_SUBMITTING,ui/mockups/admin/YL-M-035/YL-M-035-S06_SUBMITTING.png,PAGE,,d8ac2cfab7bfff57
YL-M-035-S07_SAVE_SUCCESS,YL-M-035,ADMIN,系统设置/Turnstile,SAVE_SUCCESS,保存成功,保存结果明确且数据回读一致。,continue,P01-020,P01,P01-W04,YL-M-035-S07_SAVE_SUCCESS,ui/mockups/admin/YL-M-035/YL-M-035-S07_SAVE_SUCCESS.png,PAGE,,d8ac2cfab7bfff57
YL-M-035-S08_VERSION_CONFLICT,YL-M-035,ADMIN,系统设置/Turnstile,VERSION_CONFLICT,版本冲突,显示当前版本与服务器版本，禁止静默覆盖。,reload_compare_or_force_with_permission,P01-020,P01,P01-W04,YL-M-035-S08_VERSION_CONFLICT,ui/mockups/admin/YL-M-035/YL-M-035-S08_VERSION_CONFLICT.png,PAGE,,d8ac2cfab7bfff57
YL-M-035-S09_ROLLBACK_CONFIRM,YL-M-035,ADMIN,系统设置/Turnstile,ROLLBACK_CONFIRM,确认回滚,列出目标版本、影响和审计原因。,confirm_or_cancel,P01-020,P01,P01-W04,YL-M-035-S09_ROLLBACK_CONFIRM,ui/mockups/admin/YL-M-035/YL-M-035-S09_ROLLBACK_CONFIRM.png,PAGE,,d8ac2cfab7bfff57
YL-M-035-S10_PERMISSION_DENIED,YL-M-035,ADMIN,系统设置/Turnstile,PERMISSION_DENIED,权限不足,不泄露资源存在性，说明所需权限或返回。,back_or_request_access,P01-020,P01,P01-W04,YL-M-035-S10_PERMISSION_DENIED,ui/mockups/admin/YL-M-035/YL-M-035-S10_PERMISSION_DENIED.png,PAGE,,d8ac2cfab7bfff57
YL-M-035-S11_SERVER_ERROR,YL-M-035,ADMIN,系统设置/Turnstile,SERVER_ERROR,服务异常,服务端 5xx，显示请求 ID，不暴露堆栈。,retry_or_status,P01-020,P01,P01-W04,YL-M-035-S11_SERVER_ERROR,ui/mockups/admin/YL-M-035/YL-M-035-S11_SERVER_ERROR.png,PAGE,,d8ac2cfab7bfff57
YL-M-036-S01_LOADING,YL-M-036,ADMIN,认证与用户/用户详情,LOADING,加载中,使用与最终布局一致的 Skeleton，禁止无限 Loading。,automatic_or_retry,P01-023|P02-016|P09-012|P09-013,P01|P02|P09,P01-W04|P02-W03|P09-W03,YL-M-036-S01_LOADING,ui/mockups/admin/YL-M-036/YL-M-036-S01_LOADING.png,PAGE,,7fbfc6e91f2fe779
YL-M-036-S02_POPULATED,YL-M-036,ADMIN,认证与用户/用户详情,POPULATED,有数据,真实结构化数据已加载。,none,P01-023|P02-016|P09-012|P09-013,P01|P02|P09,P01-W04|P02-W03|P09-W03,YL-M-036-S02_POPULATED,ui/mockups/admin/YL-M-036/YL-M-036-S02_POPULATED.png,PAGE,,7fbfc6e91f2fe779
YL-M-036-S03_NOT_FOUND,YL-M-036,ADMIN,认证与用户/用户详情,NOT_FOUND,内容不存在,资源不存在、已删除或不可访问。,back,P01-023|P02-016|P09-012|P09-013,P01|P02|P09,P01-W04|P02-W03|P09-W03,YL-M-036-S03_NOT_FOUND,ui/mockups/admin/YL-M-036/YL-M-036-S03_NOT_FOUND.png,PAGE,,7fbfc6e91f2fe779
YL-M-036-S04_EDIT_MODE,YL-M-036,ADMIN,认证与用户/用户详情,EDIT_MODE,编辑状态,可编辑字段与只读字段明显区分。,save_or_cancel,P01-023|P02-016|P09-012|P09-013,P01|P02|P09,P01-W04|P02-W03|P09-W03,YL-M-036-S04_EDIT_MODE,ui/mockups/admin/YL-M-036/YL-M-036-S04_EDIT_MODE.png,PAGE,,7fbfc6e91f2fe779
YL-M-036-S05_DIRTY,YL-M-036,ADMIN,认证与用户/用户详情,DIRTY,存在未保存修改,离开或关闭前必须确认。,save_or_discard,P01-023|P02-016|P09-012|P09-013,P01|P02|P09,P01-W04|P02-W03|P09-W03,YL-M-036-S05_DIRTY,ui/mockups/admin/YL-M-036/YL-M-036-S05_DIRTY.png,PAGE,,7fbfc6e91f2fe779
YL-M-036-S06_SUBMITTING,YL-M-036,ADMIN,认证与用户/用户详情,SUBMITTING,提交中,主按钮保留尺寸并显示进度，禁止重复提交。,wait_or_cancel_if_supported,P01-023|P02-016|P09-012|P09-013,P01|P02|P09,P01-W04|P02-W03|P09-W03,YL-M-036-S06_SUBMITTING,ui/mockups/admin/YL-M-036/YL-M-036-S06_SUBMITTING.png,PAGE,,7fbfc6e91f2fe779
YL-M-036-S07_SAVE_SUCCESS,YL-M-036,ADMIN,认证与用户/用户详情,SAVE_SUCCESS,保存成功,保存结果明确且数据回读一致。,continue,P01-023|P02-016|P09-012|P09-013,P01|P02|P09,P01-W04|P02-W03|P09-W03,YL-M-036-S07_SAVE_SUCCESS,ui/mockups/admin/YL-M-036/YL-M-036-S07_SAVE_SUCCESS.png,PAGE,,7fbfc6e91f2fe779
YL-M-036-S08_VALIDATION_ERROR,YL-M-036,ADMIN,认证与用户/用户详情,VALIDATION_ERROR,表单校验失败,字段级错误紧邻字段，首个错误获得焦点。,correct_input,P01-023|P02-016|P09-012|P09-013,P01|P02|P09,P01-W04|P02-W03|P09-W03,YL-M-036-S08_VALIDATION_ERROR,ui/mockups/admin/YL-M-036/YL-M-036-S08_VALIDATION_ERROR.png,PAGE,,7fbfc6e91f2fe779
YL-M-036-S09_VERSION_CONFLICT,YL-M-036,ADMIN,认证与用户/用户详情,VERSION_CONFLICT,版本冲突,显示当前版本与服务器版本，禁止静默覆盖。,reload_compare_or_force_with_permission,P01-023|P02-016|P09-012|P09-013,P01|P02|P09,P01-W04|P02-W03|P09-W03,YL-M-036-S09_VERSION_CONFLICT,ui/mockups/admin/YL-M-036/YL-M-036-S09_VERSION_CONFLICT.png,PAGE,,7fbfc6e91f2fe779
YL-M-036-S10_PERMISSION_DENIED,YL-M-036,ADMIN,认证与用户/用户详情,PERMISSION_DENIED,权限不足,不泄露资源存在性，说明所需权限或返回。,back_or_request_access,P01-023|P02-016|P09-012|P09-013,P01|P02|P09,P01-W04|P02-W03|P09-W03,YL-M-036-S10_PERMISSION_DENIED,ui/mockups/admin/YL-M-036/YL-M-036-S10_PERMISSION_DENIED.png,PAGE,,7fbfc6e91f2fe779
YL-M-036-S11_SERVER_ERROR,YL-M-036,ADMIN,认证与用户/用户详情,SERVER_ERROR,服务异常,服务端 5xx，显示请求 ID，不暴露堆栈。,retry_or_status,P01-023|P02-016|P09-012|P09-013,P01|P02|P09,P01-W04|P02-W03|P09-W03,YL-M-036-S11_SERVER_ERROR,ui/mockups/admin/YL-M-036/YL-M-036-S11_SERVER_ERROR.png,PAGE,,7fbfc6e91f2fe779
YL-M-037-S01_LOADING,YL-M-037,ADMIN,管理员与权限/角色,LOADING,加载中,使用与最终布局一致的 Skeleton，禁止无限 Loading。,automatic_or_retry,P01-025,P01,P01-W05,YL-M-037-S01_LOADING,ui/mockups/admin/YL-M-037/YL-M-037-S01_LOADING.png,PAGE,,23e9e29ac840eb0c
YL-M-037-S02_POPULATED,YL-M-037,ADMIN,管理员与权限/角色,POPULATED,有数据,真实结构化数据已加载。,none,P01-025,P01,P01-W05,YL-M-037-S02_POPULATED,ui/mockups/admin/YL-M-037/YL-M-037-S02_POPULATED.png,PAGE,,23e9e29ac840eb0c
YL-M-037-S03_EMPTY,YL-M-037,ADMIN,管理员与权限/角色,EMPTY,空数据,显示原因、下一步和主操作；不得使用伪造内容填满。,primary_action_or_refresh,P01-025,P01,P01-W05,YL-M-037-S03_EMPTY,ui/mockups/admin/YL-M-037/YL-M-037-S03_EMPTY.png,PAGE,,23e9e29ac840eb0c
YL-M-037-S04_FILTER_ACTIVE,YL-M-037,ADMIN,管理员与权限/角色,FILTER_ACTIVE,筛选生效,清晰展示筛选条件和结果数量。,clear_filter,P01-025,P01,P01-W05,YL-M-037-S04_FILTER_ACTIVE,ui/mockups/admin/YL-M-037/YL-M-037-S04_FILTER_ACTIVE.png,PAGE,,23e9e29ac840eb0c
YL-M-037-S05_BULK_SELECTED,YL-M-037,ADMIN,管理员与权限/角色,BULK_SELECTED,批量选择,显示已选数量和允许的批量动作。,clear_selection,P01-025,P01,P01-W05,YL-M-037-S05_BULK_SELECTED,ui/mockups/admin/YL-M-037/YL-M-037-S05_BULK_SELECTED.png,PAGE,,23e9e29ac840eb0c
YL-M-037-S06_PERMISSION_DENIED,YL-M-037,ADMIN,管理员与权限/角色,PERMISSION_DENIED,权限不足,不泄露资源存在性，说明所需权限或返回。,back_or_request_access,P01-025,P01,P01-W05,YL-M-037-S06_PERMISSION_DENIED,ui/mockups/admin/YL-M-037/YL-M-037-S06_PERMISSION_DENIED.png,PAGE,,23e9e29ac840eb0c
YL-M-037-S07_NETWORK_ERROR,YL-M-037,ADMIN,管理员与权限/角色,NETWORK_ERROR,网络连接失败,网络不可达或 DNS/TLS 失败，提供重试。,retry,P01-025,P01,P01-W05,YL-M-037-S07_NETWORK_ERROR,ui/mockups/admin/YL-M-037/YL-M-037-S07_NETWORK_ERROR.png,PAGE,,23e9e29ac840eb0c
YL-M-037-S08_SERVER_ERROR,YL-M-037,ADMIN,管理员与权限/角色,SERVER_ERROR,服务异常,服务端 5xx，显示请求 ID，不暴露堆栈。,retry_or_status,P01-025,P01,P01-W05,YL-M-037-S08_SERVER_ERROR,ui/mockups/admin/YL-M-037/YL-M-037-S08_SERVER_ERROR.png,PAGE,,23e9e29ac840eb0c
YL-M-038-S01_LOADING,YL-M-038,ADMIN,管理员与权限/管理员,LOADING,加载中,使用与最终布局一致的 Skeleton，禁止无限 Loading。,automatic_or_retry,P01-026,P01,P01-W05,YL-M-038-S01_LOADING,ui/mockups/admin/YL-M-038/YL-M-038-S01_LOADING.png,PAGE,,6f60e6529baf651a
YL-M-038-S02_POPULATED,YL-M-038,ADMIN,管理员与权限/管理员,POPULATED,有数据,真实结构化数据已加载。,none,P01-026,P01,P01-W05,YL-M-038-S02_POPULATED,ui/mockups/admin/YL-M-038/YL-M-038-S02_POPULATED.png,PAGE,,6f60e6529baf651a
YL-M-038-S03_EMPTY,YL-M-038,ADMIN,管理员与权限/管理员,EMPTY,空数据,显示原因、下一步和主操作；不得使用伪造内容填满。,primary_action_or_refresh,P01-026,P01,P01-W05,YL-M-038-S03_EMPTY,ui/mockups/admin/YL-M-038/YL-M-038-S03_EMPTY.png,PAGE,,6f60e6529baf651a
YL-M-038-S04_FILTER_ACTIVE,YL-M-038,ADMIN,管理员与权限/管理员,FILTER_ACTIVE,筛选生效,清晰展示筛选条件和结果数量。,clear_filter,P01-026,P01,P01-W05,YL-M-038-S04_FILTER_ACTIVE,ui/mockups/admin/YL-M-038/YL-M-038-S04_FILTER_ACTIVE.png,PAGE,,6f60e6529baf651a
YL-M-038-S05_BULK_SELECTED,YL-M-038,ADMIN,管理员与权限/管理员,BULK_SELECTED,批量选择,显示已选数量和允许的批量动作。,clear_selection,P01-026,P01,P01-W05,YL-M-038-S05_BULK_SELECTED,ui/mockups/admin/YL-M-038/YL-M-038-S05_BULK_SELECTED.png,PAGE,,6f60e6529baf651a
YL-M-038-S06_PERMISSION_DENIED,YL-M-038,ADMIN,管理员与权限/管理员,PERMISSION_DENIED,权限不足,不泄露资源存在性，说明所需权限或返回。,back_or_request_access,P01-026,P01,P01-W05,YL-M-038-S06_PERMISSION_DENIED,ui/mockups/admin/YL-M-038/YL-M-038-S06_PERMISSION_DENIED.png,PAGE,,6f60e6529baf651a
YL-M-038-S07_NETWORK_ERROR,YL-M-038,ADMIN,管理员与权限/管理员,NETWORK_ERROR,网络连接失败,网络不可达或 DNS/TLS 失败，提供重试。,retry,P01-026,P01,P01-W05,YL-M-038-S07_NETWORK_ERROR,ui/mockups/admin/YL-M-038/YL-M-038-S07_NETWORK_ERROR.png,PAGE,,6f60e6529baf651a
YL-M-038-S08_SERVER_ERROR,YL-M-038,ADMIN,管理员与权限/管理员,SERVER_ERROR,服务异常,服务端 5xx，显示请求 ID，不暴露堆栈。,retry_or_status,P01-026,P01,P01-W05,YL-M-038-S08_SERVER_ERROR,ui/mockups/admin/YL-M-038/YL-M-038-S08_SERVER_ERROR.png,PAGE,,6f60e6529baf651a
YL-M-039-S01_LOADING,YL-M-039,ADMIN,安全与审计/高风险操作,LOADING,加载中,使用与最终布局一致的 Skeleton，禁止无限 Loading。,automatic_or_retry,P01-027,P01,P01-W05,YL-M-039-S01_LOADING,ui/mockups/admin/YL-M-039/YL-M-039-S01_LOADING.png,PAGE,,cc08a3325c07dc87
YL-M-039-S02_POPULATED,YL-M-039,ADMIN,安全与审计/高风险操作,POPULATED,有数据,真实结构化数据已加载。,none,P01-027,P01,P01-W05,YL-M-039-S02_POPULATED,ui/mockups/admin/YL-M-039/YL-M-039-S02_POPULATED.png,PAGE,,cc08a3325c07dc87
YL-M-039-S03_EMPTY,YL-M-039,ADMIN,安全与审计/高风险操作,EMPTY,空数据,显示原因、下一步和主操作；不得使用伪造内容填满。,primary_action_or_refresh,P01-027,P01,P01-W05,YL-M-039-S03_EMPTY,ui/mockups/admin/YL-M-039/YL-M-039-S03_EMPTY.png,PAGE,,cc08a3325c07dc87
YL-M-039-S04_BULK_SELECTED,YL-M-039,ADMIN,安全与审计/高风险操作,BULK_SELECTED,批量选择,显示已选数量和允许的批量动作。,clear_selection,P01-027,P01,P01-W05,YL-M-039-S04_BULK_SELECTED,ui/mockups/admin/YL-M-039/YL-M-039-S04_BULK_SELECTED.png,PAGE,,cc08a3325c07dc87
YL-M-039-S05_SUBMITTING,YL-M-039,ADMIN,安全与审计/高风险操作,SUBMITTING,提交中,主按钮保留尺寸并显示进度，禁止重复提交。,wait_or_cancel_if_supported,P01-027,P01,P01-W05,YL-M-039-S05_SUBMITTING,ui/mockups/admin/YL-M-039/YL-M-039-S05_SUBMITTING.png,PAGE,,cc08a3325c07dc87
YL-M-039-S06_SUCCESS,YL-M-039,ADMIN,安全与审计/高风险操作,SUCCESS,操作成功,使用 Snackbar、结果页或成功卡，按合同给出下一步。,continue,P01-027,P01,P01-W05,YL-M-039-S06_SUCCESS,ui/mockups/admin/YL-M-039/YL-M-039-S06_SUCCESS.png,PAGE,,cc08a3325c07dc87
YL-M-039-S07_PERMISSION_DENIED,YL-M-039,ADMIN,安全与审计/高风险操作,PERMISSION_DENIED,权限不足,不泄露资源存在性，说明所需权限或返回。,back_or_request_access,P01-027,P01,P01-W05,YL-M-039-S07_PERMISSION_DENIED,ui/mockups/admin/YL-M-039/YL-M-039-S07_PERMISSION_DENIED.png,PAGE,,cc08a3325c07dc87
YL-M-039-S08_SERVER_ERROR,YL-M-039,ADMIN,安全与审计/高风险操作,SERVER_ERROR,服务异常,服务端 5xx，显示请求 ID，不暴露堆栈。,retry_or_status,P01-027,P01,P01-W05,YL-M-039-S08_SERVER_ERROR,ui/mockups/admin/YL-M-039/YL-M-039-S08_SERVER_ERROR.png,PAGE,,cc08a3325c07dc87
YL-M-040-S01_LOADING,YL-M-040,ADMIN,通知中心/邮件模板,LOADING,加载中,使用与最终布局一致的 Skeleton，禁止无限 Loading。,automatic_or_retry,P01-028,P01,P01-W05,YL-M-040-S01_LOADING,ui/mockups/admin/YL-M-040/YL-M-040-S01_LOADING.png,PAGE,,fd7697e9dfed94f5
YL-M-040-S02_POPULATED,YL-M-040,ADMIN,通知中心/邮件模板,POPULATED,有数据,真实结构化数据已加载。,none,P01-028,P01,P01-W05,YL-M-040-S02_POPULATED,ui/mockups/admin/YL-M-040/YL-M-040-S02_POPULATED.png,PAGE,,fd7697e9dfed94f5
YL-M-040-S03_EDIT_MODE,YL-M-040,ADMIN,通知中心/邮件模板,EDIT_MODE,编辑状态,可编辑字段与只读字段明显区分。,save_or_cancel,P01-028,P01,P01-W05,YL-M-040-S03_EDIT_MODE,ui/mockups/admin/YL-M-040/YL-M-040-S03_EDIT_MODE.png,PAGE,,fd7697e9dfed94f5
YL-M-040-S04_VALIDATION_ERROR,YL-M-040,ADMIN,通知中心/邮件模板,VALIDATION_ERROR,表单校验失败,字段级错误紧邻字段，首个错误获得焦点。,correct_input,P01-028,P01,P01-W05,YL-M-040-S04_VALIDATION_ERROR,ui/mockups/admin/YL-M-040/YL-M-040-S04_VALIDATION_ERROR.png,PAGE,,fd7697e9dfed94f5
YL-M-040-S05_DIRTY,YL-M-040,ADMIN,通知中心/邮件模板,DIRTY,存在未保存修改,离开或关闭前必须确认。,save_or_discard,P01-028,P01,P01-W05,YL-M-040-S05_DIRTY,ui/mockups/admin/YL-M-040/YL-M-040-S05_DIRTY.png,PAGE,,fd7697e9dfed94f5
YL-M-040-S06_SUBMITTING,YL-M-040,ADMIN,通知中心/邮件模板,SUBMITTING,提交中,主按钮保留尺寸并显示进度，禁止重复提交。,wait_or_cancel_if_supported,P01-028,P01,P01-W05,YL-M-040-S06_SUBMITTING,ui/mockups/admin/YL-M-040/YL-M-040-S06_SUBMITTING.png,PAGE,,fd7697e9dfed94f5
YL-M-040-S07_SAVE_SUCCESS,YL-M-040,ADMIN,通知中心/邮件模板,SAVE_SUCCESS,保存成功,保存结果明确且数据回读一致。,continue,P01-028,P01,P01-W05,YL-M-040-S07_SAVE_SUCCESS,ui/mockups/admin/YL-M-040/YL-M-040-S07_SAVE_SUCCESS.png,PAGE,,fd7697e9dfed94f5
YL-M-040-S08_VERSION_CONFLICT,YL-M-040,ADMIN,通知中心/邮件模板,VERSION_CONFLICT,版本冲突,显示当前版本与服务器版本，禁止静默覆盖。,reload_compare_or_force_with_permission,P01-028,P01,P01-W05,YL-M-040-S08_VERSION_CONFLICT,ui/mockups/admin/YL-M-040/YL-M-040-S08_VERSION_CONFLICT.png,PAGE,,fd7697e9dfed94f5
YL-M-040-S09_ROLLBACK_CONFIRM,YL-M-040,ADMIN,通知中心/邮件模板,ROLLBACK_CONFIRM,确认回滚,列出目标版本、影响和审计原因。,confirm_or_cancel,P01-028,P01,P01-W05,YL-M-040-S09_ROLLBACK_CONFIRM,ui/mockups/admin/YL-M-040/YL-M-040-S09_ROLLBACK_CONFIRM.png,PAGE,,fd7697e9dfed94f5
YL-M-040-S10_PERMISSION_DENIED,YL-M-040,ADMIN,通知中心/邮件模板,PERMISSION_DENIED,权限不足,不泄露资源存在性，说明所需权限或返回。,back_or_request_access,P01-028,P01,P01-W05,YL-M-040-S10_PERMISSION_DENIED,ui/mockups/admin/YL-M-040/YL-M-040-S10_PERMISSION_DENIED.png,PAGE,,fd7697e9dfed94f5
YL-M-040-S11_SERVER_ERROR,YL-M-040,ADMIN,通知中心/邮件模板,SERVER_ERROR,服务异常,服务端 5xx，显示请求 ID，不暴露堆栈。,retry_or_status,P01-028,P01,P01-W05,YL-M-040-S11_SERVER_ERROR,ui/mockups/admin/YL-M-040/YL-M-040-S11_SERVER_ERROR.png,PAGE,,fd7697e9dfed94f5
YL-M-041-S01_LOADING,YL-M-041,ADMIN,认证与用户/登录配置,LOADING,加载中,使用与最终布局一致的 Skeleton，禁止无限 Loading。,automatic_or_retry,P02-002,P02,P02-W01,YL-M-041-S01_LOADING,ui/mockups/admin/YL-M-041/YL-M-041-S01_LOADING.png,PAGE,,89776925756412b9
YL-M-041-S02_POPULATED,YL-M-041,ADMIN,认证与用户/登录配置,POPULATED,有数据,真实结构化数据已加载。,none,P02-002,P02,P02-W01,YL-M-041-S02_POPULATED,ui/mockups/admin/YL-M-041/YL-M-041-S02_POPULATED.png,PAGE,,89776925756412b9
YL-M-041-S03_EDIT_MODE,YL-M-041,ADMIN,认证与用户/登录配置,EDIT_MODE,编辑状态,可编辑字段与只读字段明显区分。,save_or_cancel,P02-002,P02,P02-W01,YL-M-041-S03_EDIT_MODE,ui/mockups/admin/YL-M-041/YL-M-041-S03_EDIT_MODE.png,PAGE,,89776925756412b9
YL-M-041-S04_VALIDATION_ERROR,YL-M-041,ADMIN,认证与用户/登录配置,VALIDATION_ERROR,表单校验失败,字段级错误紧邻字段，首个错误获得焦点。,correct_input,P02-002,P02,P02-W01,YL-M-041-S04_VALIDATION_ERROR,ui/mockups/admin/YL-M-041/YL-M-041-S04_VALIDATION_ERROR.png,PAGE,,89776925756412b9
YL-M-041-S05_DIRTY,YL-M-041,ADMIN,认证与用户/登录配置,DIRTY,存在未保存修改,离开或关闭前必须确认。,save_or_discard,P02-002,P02,P02-W01,YL-M-041-S05_DIRTY,ui/mockups/admin/YL-M-041/YL-M-041-S05_DIRTY.png,PAGE,,89776925756412b9
YL-M-041-S06_SUBMITTING,YL-M-041,ADMIN,认证与用户/登录配置,SUBMITTING,提交中,主按钮保留尺寸并显示进度，禁止重复提交。,wait_or_cancel_if_supported,P02-002,P02,P02-W01,YL-M-041-S06_SUBMITTING,ui/mockups/admin/YL-M-041/YL-M-041-S06_SUBMITTING.png,PAGE,,89776925756412b9
YL-M-041-S07_SAVE_SUCCESS,YL-M-041,ADMIN,认证与用户/登录配置,SAVE_SUCCESS,保存成功,保存结果明确且数据回读一致。,continue,P02-002,P02,P02-W01,YL-M-041-S07_SAVE_SUCCESS,ui/mockups/admin/YL-M-041/YL-M-041-S07_SAVE_SUCCESS.png,PAGE,,89776925756412b9
YL-M-041-S08_VERSION_CONFLICT,YL-M-041,ADMIN,认证与用户/登录配置,VERSION_CONFLICT,版本冲突,显示当前版本与服务器版本，禁止静默覆盖。,reload_compare_or_force_with_permission,P02-002,P02,P02-W01,YL-M-041-S08_VERSION_CONFLICT,ui/mockups/admin/YL-M-041/YL-M-041-S08_VERSION_CONFLICT.png,PAGE,,89776925756412b9
YL-M-041-S09_ROLLBACK_CONFIRM,YL-M-041,ADMIN,认证与用户/登录配置,ROLLBACK_CONFIRM,确认回滚,列出目标版本、影响和审计原因。,confirm_or_cancel,P02-002,P02,P02-W01,YL-M-041-S09_ROLLBACK_CONFIRM,ui/mockups/admin/YL-M-041/YL-M-041-S09_ROLLBACK_CONFIRM.png,PAGE,,89776925756412b9
YL-M-041-S10_PERMISSION_DENIED,YL-M-041,ADMIN,认证与用户/登录配置,PERMISSION_DENIED,权限不足,不泄露资源存在性，说明所需权限或返回。,back_or_request_access,P02-002,P02,P02-W01,YL-M-041-S10_PERMISSION_DENIED,ui/mockups/admin/YL-M-041/YL-M-041-S10_PERMISSION_DENIED.png,PAGE,,89776925756412b9
YL-M-041-S11_SERVER_ERROR,YL-M-041,ADMIN,认证与用户/登录配置,SERVER_ERROR,服务异常,服务端 5xx，显示请求 ID，不暴露堆栈。,retry_or_status,P02-002,P02,P02-W01,YL-M-041-S11_SERVER_ERROR,ui/mockups/admin/YL-M-041/YL-M-041-S11_SERVER_ERROR.png,PAGE,,89776925756412b9
YL-M-042-S01_LOADING,YL-M-042,ADMIN,认证与用户/注册配置,LOADING,加载中,使用与最终布局一致的 Skeleton，禁止无限 Loading。,automatic_or_retry,P02-010,P02,P02-W02,YL-M-042-S01_LOADING,ui/mockups/admin/YL-M-042/YL-M-042-S01_LOADING.png,PAGE,,17fe5e68e161a987
YL-M-042-S02_POPULATED,YL-M-042,ADMIN,认证与用户/注册配置,POPULATED,有数据,真实结构化数据已加载。,none,P02-010,P02,P02-W02,YL-M-042-S02_POPULATED,ui/mockups/admin/YL-M-042/YL-M-042-S02_POPULATED.png,PAGE,,17fe5e68e161a987
YL-M-042-S03_EDIT_MODE,YL-M-042,ADMIN,认证与用户/注册配置,EDIT_MODE,编辑状态,可编辑字段与只读字段明显区分。,save_or_cancel,P02-010,P02,P02-W02,YL-M-042-S03_EDIT_MODE,ui/mockups/admin/YL-M-042/YL-M-042-S03_EDIT_MODE.png,PAGE,,17fe5e68e161a987
YL-M-042-S04_VALIDATION_ERROR,YL-M-042,ADMIN,认证与用户/注册配置,VALIDATION_ERROR,表单校验失败,字段级错误紧邻字段，首个错误获得焦点。,correct_input,P02-010,P02,P02-W02,YL-M-042-S04_VALIDATION_ERROR,ui/mockups/admin/YL-M-042/YL-M-042-S04_VALIDATION_ERROR.png,PAGE,,17fe5e68e161a987
YL-M-042-S05_DIRTY,YL-M-042,ADMIN,认证与用户/注册配置,DIRTY,存在未保存修改,离开或关闭前必须确认。,save_or_discard,P02-010,P02,P02-W02,YL-M-042-S05_DIRTY,ui/mockups/admin/YL-M-042/YL-M-042-S05_DIRTY.png,PAGE,,17fe5e68e161a987
YL-M-042-S06_SUBMITTING,YL-M-042,ADMIN,认证与用户/注册配置,SUBMITTING,提交中,主按钮保留尺寸并显示进度，禁止重复提交。,wait_or_cancel_if_supported,P02-010,P02,P02-W02,YL-M-042-S06_SUBMITTING,ui/mockups/admin/YL-M-042/YL-M-042-S06_SUBMITTING.png,PAGE,,17fe5e68e161a987
YL-M-042-S07_SAVE_SUCCESS,YL-M-042,ADMIN,认证与用户/注册配置,SAVE_SUCCESS,保存成功,保存结果明确且数据回读一致。,continue,P02-010,P02,P02-W02,YL-M-042-S07_SAVE_SUCCESS,ui/mockups/admin/YL-M-042/YL-M-042-S07_SAVE_SUCCESS.png,PAGE,,17fe5e68e161a987
YL-M-042-S08_VERSION_CONFLICT,YL-M-042,ADMIN,认证与用户/注册配置,VERSION_CONFLICT,版本冲突,显示当前版本与服务器版本，禁止静默覆盖。,reload_compare_or_force_with_permission,P02-010,P02,P02-W02,YL-M-042-S08_VERSION_CONFLICT,ui/mockups/admin/YL-M-042/YL-M-042-S08_VERSION_CONFLICT.png,PAGE,,17fe5e68e161a987
YL-M-042-S09_ROLLBACK_CONFIRM,YL-M-042,ADMIN,认证与用户/注册配置,ROLLBACK_CONFIRM,确认回滚,列出目标版本、影响和审计原因。,confirm_or_cancel,P02-010,P02,P02-W02,YL-M-042-S09_ROLLBACK_CONFIRM,ui/mockups/admin/YL-M-042/YL-M-042-S09_ROLLBACK_CONFIRM.png,PAGE,,17fe5e68e161a987
YL-M-042-S10_PERMISSION_DENIED,YL-M-042,ADMIN,认证与用户/注册配置,PERMISSION_DENIED,权限不足,不泄露资源存在性，说明所需权限或返回。,back_or_request_access,P02-010,P02,P02-W02,YL-M-042-S10_PERMISSION_DENIED,ui/mockups/admin/YL-M-042/YL-M-042-S10_PERMISSION_DENIED.png,PAGE,,17fe5e68e161a987
YL-M-042-S11_SERVER_ERROR,YL-M-042,ADMIN,认证与用户/注册配置,SERVER_ERROR,服务异常,服务端 5xx，显示请求 ID，不暴露堆栈。,retry_or_status,P02-010,P02,P02-W02,YL-M-042-S11_SERVER_ERROR,ui/mockups/admin/YL-M-042/YL-M-042-S11_SERVER_ERROR.png,PAGE,,17fe5e68e161a987
YL-M-043-S01_LOADING,YL-M-043,ADMIN,认证与用户/密码策略,LOADING,加载中,使用与最终布局一致的 Skeleton，禁止无限 Loading。,automatic_or_retry,P02-011,P02,P02-W02,YL-M-043-S01_LOADING,ui/mockups/admin/YL-M-043/YL-M-043-S01_LOADING.png,PAGE,,61b5f7129a6b2823
YL-M-043-S02_POPULATED,YL-M-043,ADMIN,认证与用户/密码策略,POPULATED,有数据,真实结构化数据已加载。,none,P02-011,P02,P02-W02,YL-M-043-S02_POPULATED,ui/mockups/admin/YL-M-043/YL-M-043-S02_POPULATED.png,PAGE,,61b5f7129a6b2823
YL-M-043-S03_EDIT_MODE,YL-M-043,ADMIN,认证与用户/密码策略,EDIT_MODE,编辑状态,可编辑字段与只读字段明显区分。,save_or_cancel,P02-011,P02,P02-W02,YL-M-043-S03_EDIT_MODE,ui/mockups/admin/YL-M-043/YL-M-043-S03_EDIT_MODE.png,PAGE,,61b5f7129a6b2823
YL-M-043-S04_VALIDATION_ERROR,YL-M-043,ADMIN,认证与用户/密码策略,VALIDATION_ERROR,表单校验失败,字段级错误紧邻字段，首个错误获得焦点。,correct_input,P02-011,P02,P02-W02,YL-M-043-S04_VALIDATION_ERROR,ui/mockups/admin/YL-M-043/YL-M-043-S04_VALIDATION_ERROR.png,PAGE,,61b5f7129a6b2823
YL-M-043-S05_DIRTY,YL-M-043,ADMIN,认证与用户/密码策略,DIRTY,存在未保存修改,离开或关闭前必须确认。,save_or_discard,P02-011,P02,P02-W02,YL-M-043-S05_DIRTY,ui/mockups/admin/YL-M-043/YL-M-043-S05_DIRTY.png,PAGE,,61b5f7129a6b2823
YL-M-043-S06_SUBMITTING,YL-M-043,ADMIN,认证与用户/密码策略,SUBMITTING,提交中,主按钮保留尺寸并显示进度，禁止重复提交。,wait_or_cancel_if_supported,P02-011,P02,P02-W02,YL-M-043-S06_SUBMITTING,ui/mockups/admin/YL-M-043/YL-M-043-S06_SUBMITTING.png,PAGE,,61b5f7129a6b2823
YL-M-043-S07_SAVE_SUCCESS,YL-M-043,ADMIN,认证与用户/密码策略,SAVE_SUCCESS,保存成功,保存结果明确且数据回读一致。,continue,P02-011,P02,P02-W02,YL-M-043-S07_SAVE_SUCCESS,ui/mockups/admin/YL-M-043/YL-M-043-S07_SAVE_SUCCESS.png,PAGE,,61b5f7129a6b2823
YL-M-043-S08_VERSION_CONFLICT,YL-M-043,ADMIN,认证与用户/密码策略,VERSION_CONFLICT,版本冲突,显示当前版本与服务器版本，禁止静默覆盖。,reload_compare_or_force_with_permission,P02-011,P02,P02-W02,YL-M-043-S08_VERSION_CONFLICT,ui/mockups/admin/YL-M-043/YL-M-043-S08_VERSION_CONFLICT.png,PAGE,,61b5f7129a6b2823
YL-M-043-S09_ROLLBACK_CONFIRM,YL-M-043,ADMIN,认证与用户/密码策略,ROLLBACK_CONFIRM,确认回滚,列出目标版本、影响和审计原因。,confirm_or_cancel,P02-011,P02,P02-W02,YL-M-043-S09_ROLLBACK_CONFIRM,ui/mockups/admin/YL-M-043/YL-M-043-S09_ROLLBACK_CONFIRM.png,PAGE,,61b5f7129a6b2823
YL-M-043-S10_PERMISSION_DENIED,YL-M-043,ADMIN,认证与用户/密码策略,PERMISSION_DENIED,权限不足,不泄露资源存在性，说明所需权限或返回。,back_or_request_access,P02-011,P02,P02-W02,YL-M-043-S10_PERMISSION_DENIED,ui/mockups/admin/YL-M-043/YL-M-043-S10_PERMISSION_DENIED.png,PAGE,,61b5f7129a6b2823
YL-M-043-S11_SERVER_ERROR,YL-M-043,ADMIN,认证与用户/密码策略,SERVER_ERROR,服务异常,服务端 5xx，显示请求 ID，不暴露堆栈。,retry_or_status,P02-011,P02,P02-W02,YL-M-043-S11_SERVER_ERROR,ui/mockups/admin/YL-M-043/YL-M-043-S11_SERVER_ERROR.png,PAGE,,61b5f7129a6b2823
YL-M-044-S01_LOADING,YL-M-044,ADMIN,安全与审计/移动端安全,LOADING,加载中,使用与最终布局一致的 Skeleton，禁止无限 Loading。,automatic_or_retry,P02-026,P02,P02-W05,YL-M-044-S01_LOADING,ui/mockups/admin/YL-M-044/YL-M-044-S01_LOADING.png,PAGE,,89af0dae3982b65b
YL-M-044-S02_POPULATED,YL-M-044,ADMIN,安全与审计/移动端安全,POPULATED,有数据,真实结构化数据已加载。,none,P02-026,P02,P02-W05,YL-M-044-S02_POPULATED,ui/mockups/admin/YL-M-044/YL-M-044-S02_POPULATED.png,PAGE,,89af0dae3982b65b
YL-M-044-S03_EMPTY,YL-M-044,ADMIN,安全与审计/移动端安全,EMPTY,空数据,显示原因、下一步和主操作；不得使用伪造内容填满。,primary_action_or_refresh,P02-026,P02,P02-W05,YL-M-044-S03_EMPTY,ui/mockups/admin/YL-M-044/YL-M-044-S03_EMPTY.png,PAGE,,89af0dae3982b65b
YL-M-044-S04_BULK_SELECTED,YL-M-044,ADMIN,安全与审计/移动端安全,BULK_SELECTED,批量选择,显示已选数量和允许的批量动作。,clear_selection,P02-026,P02,P02-W05,YL-M-044-S04_BULK_SELECTED,ui/mockups/admin/YL-M-044/YL-M-044-S04_BULK_SELECTED.png,PAGE,,89af0dae3982b65b
YL-M-044-S05_SUBMITTING,YL-M-044,ADMIN,安全与审计/移动端安全,SUBMITTING,提交中,主按钮保留尺寸并显示进度，禁止重复提交。,wait_or_cancel_if_supported,P02-026,P02,P02-W05,YL-M-044-S05_SUBMITTING,ui/mockups/admin/YL-M-044/YL-M-044-S05_SUBMITTING.png,PAGE,,89af0dae3982b65b
YL-M-044-S06_SUCCESS,YL-M-044,ADMIN,安全与审计/移动端安全,SUCCESS,操作成功,使用 Snackbar、结果页或成功卡，按合同给出下一步。,continue,P02-026,P02,P02-W05,YL-M-044-S06_SUCCESS,ui/mockups/admin/YL-M-044/YL-M-044-S06_SUCCESS.png,PAGE,,89af0dae3982b65b
YL-M-044-S07_PERMISSION_DENIED,YL-M-044,ADMIN,安全与审计/移动端安全,PERMISSION_DENIED,权限不足,不泄露资源存在性，说明所需权限或返回。,back_or_request_access,P02-026,P02,P02-W05,YL-M-044-S07_PERMISSION_DENIED,ui/mockups/admin/YL-M-044/YL-M-044-S07_PERMISSION_DENIED.png,PAGE,,89af0dae3982b65b
YL-M-044-S08_SERVER_ERROR,YL-M-044,ADMIN,安全与审计/移动端安全,SERVER_ERROR,服务异常,服务端 5xx，显示请求 ID，不暴露堆栈。,retry_or_status,P02-026,P02,P02-W05,YL-M-044-S08_SERVER_ERROR,ui/mockups/admin/YL-M-044/YL-M-044-S08_SERVER_ERROR.png,PAGE,,89af0dae3982b65b
YL-M-045-S01_LOADING,YL-M-045,ADMIN,内容运营/首页配置,LOADING,加载中,使用与最终布局一致的 Skeleton，禁止无限 Loading。,automatic_or_retry,P03-001,P03,P03-W01,YL-M-045-S01_LOADING,ui/mockups/admin/YL-M-045/YL-M-045-S01_LOADING.png,PAGE,,4ace9e8a69bad252
YL-M-045-S02_POPULATED,YL-M-045,ADMIN,内容运营/首页配置,POPULATED,有数据,真实结构化数据已加载。,none,P03-001,P03,P03-W01,YL-M-045-S02_POPULATED,ui/mockups/admin/YL-M-045/YL-M-045-S02_POPULATED.png,PAGE,,4ace9e8a69bad252
YL-M-045-S03_EDIT_MODE,YL-M-045,ADMIN,内容运营/首页配置,EDIT_MODE,编辑状态,可编辑字段与只读字段明显区分。,save_or_cancel,P03-001,P03,P03-W01,YL-M-045-S03_EDIT_MODE,ui/mockups/admin/YL-M-045/YL-M-045-S03_EDIT_MODE.png,PAGE,,4ace9e8a69bad252
YL-M-045-S04_VALIDATION_ERROR,YL-M-045,ADMIN,内容运营/首页配置,VALIDATION_ERROR,表单校验失败,字段级错误紧邻字段，首个错误获得焦点。,correct_input,P03-001,P03,P03-W01,YL-M-045-S04_VALIDATION_ERROR,ui/mockups/admin/YL-M-045/YL-M-045-S04_VALIDATION_ERROR.png,PAGE,,4ace9e8a69bad252
YL-M-045-S05_DIRTY,YL-M-045,ADMIN,内容运营/首页配置,DIRTY,存在未保存修改,离开或关闭前必须确认。,save_or_discard,P03-001,P03,P03-W01,YL-M-045-S05_DIRTY,ui/mockups/admin/YL-M-045/YL-M-045-S05_DIRTY.png,PAGE,,4ace9e8a69bad252
YL-M-045-S06_SUBMITTING,YL-M-045,ADMIN,内容运营/首页配置,SUBMITTING,提交中,主按钮保留尺寸并显示进度，禁止重复提交。,wait_or_cancel_if_supported,P03-001,P03,P03-W01,YL-M-045-S06_SUBMITTING,ui/mockups/admin/YL-M-045/YL-M-045-S06_SUBMITTING.png,PAGE,,4ace9e8a69bad252
YL-M-045-S07_SAVE_SUCCESS,YL-M-045,ADMIN,内容运营/首页配置,SAVE_SUCCESS,保存成功,保存结果明确且数据回读一致。,continue,P03-001,P03,P03-W01,YL-M-045-S07_SAVE_SUCCESS,ui/mockups/admin/YL-M-045/YL-M-045-S07_SAVE_SUCCESS.png,PAGE,,4ace9e8a69bad252
YL-M-045-S08_VERSION_CONFLICT,YL-M-045,ADMIN,内容运营/首页配置,VERSION_CONFLICT,版本冲突,显示当前版本与服务器版本，禁止静默覆盖。,reload_compare_or_force_with_permission,P03-001,P03,P03-W01,YL-M-045-S08_VERSION_CONFLICT,ui/mockups/admin/YL-M-045/YL-M-045-S08_VERSION_CONFLICT.png,PAGE,,4ace9e8a69bad252
YL-M-045-S09_ROLLBACK_CONFIRM,YL-M-045,ADMIN,内容运营/首页配置,ROLLBACK_CONFIRM,确认回滚,列出目标版本、影响和审计原因。,confirm_or_cancel,P03-001,P03,P03-W01,YL-M-045-S09_ROLLBACK_CONFIRM,ui/mockups/admin/YL-M-045/YL-M-045-S09_ROLLBACK_CONFIRM.png,PAGE,,4ace9e8a69bad252
YL-M-045-S10_PERMISSION_DENIED,YL-M-045,ADMIN,内容运营/首页配置,PERMISSION_DENIED,权限不足,不泄露资源存在性，说明所需权限或返回。,back_or_request_access,P03-001,P03,P03-W01,YL-M-045-S10_PERMISSION_DENIED,ui/mockups/admin/YL-M-045/YL-M-045-S10_PERMISSION_DENIED.png,PAGE,,4ace9e8a69bad252
YL-M-045-S11_SERVER_ERROR,YL-M-045,ADMIN,内容运营/首页配置,SERVER_ERROR,服务异常,服务端 5xx，显示请求 ID，不暴露堆栈。,retry_or_status,P03-001,P03,P03-W01,YL-M-045-S11_SERVER_ERROR,ui/mockups/admin/YL-M-045/YL-M-045-S11_SERVER_ERROR.png,PAGE,,4ace9e8a69bad252
YL-M-046-S01_LOADING,YL-M-046,ADMIN,对话与内容/会话列表,LOADING,加载中,使用与最终布局一致的 Skeleton，禁止无限 Loading。,automatic_or_retry,P03-002|P03-003|P03-006|P03-035,P03,P03-W01|P03-W05,YL-M-046-S01_LOADING,ui/mockups/admin/YL-M-046/YL-M-046-S01_LOADING.png,PAGE,,a05a383c58bee89c
YL-M-046-S02_POPULATED,YL-M-046,ADMIN,对话与内容/会话列表,POPULATED,有数据,真实结构化数据已加载。,none,P03-002|P03-003|P03-006|P03-035,P03,P03-W01|P03-W05,YL-M-046-S02_POPULATED,ui/mockups/admin/YL-M-046/YL-M-046-S02_POPULATED.png,PAGE,,a05a383c58bee89c
YL-M-046-S03_EMPTY,YL-M-046,ADMIN,对话与内容/会话列表,EMPTY,空数据,显示原因、下一步和主操作；不得使用伪造内容填满。,primary_action_or_refresh,P03-002|P03-003|P03-006|P03-035,P03,P03-W01|P03-W05,YL-M-046-S03_EMPTY,ui/mockups/admin/YL-M-046/YL-M-046-S03_EMPTY.png,PAGE,,a05a383c58bee89c
YL-M-046-S04_FILTER_ACTIVE,YL-M-046,ADMIN,对话与内容/会话列表,FILTER_ACTIVE,筛选生效,清晰展示筛选条件和结果数量。,clear_filter,P03-002|P03-003|P03-006|P03-035,P03,P03-W01|P03-W05,YL-M-046-S04_FILTER_ACTIVE,ui/mockups/admin/YL-M-046/YL-M-046-S04_FILTER_ACTIVE.png,PAGE,,a05a383c58bee89c
YL-M-046-S05_BULK_SELECTED,YL-M-046,ADMIN,对话与内容/会话列表,BULK_SELECTED,批量选择,显示已选数量和允许的批量动作。,clear_selection,P03-002|P03-003|P03-006|P03-035,P03,P03-W01|P03-W05,YL-M-046-S05_BULK_SELECTED,ui/mockups/admin/YL-M-046/YL-M-046-S05_BULK_SELECTED.png,PAGE,,a05a383c58bee89c
YL-M-046-S06_PERMISSION_DENIED,YL-M-046,ADMIN,对话与内容/会话列表,PERMISSION_DENIED,权限不足,不泄露资源存在性，说明所需权限或返回。,back_or_request_access,P03-002|P03-003|P03-006|P03-035,P03,P03-W01|P03-W05,YL-M-046-S06_PERMISSION_DENIED,ui/mockups/admin/YL-M-046/YL-M-046-S06_PERMISSION_DENIED.png,PAGE,,a05a383c58bee89c
YL-M-046-S07_NETWORK_ERROR,YL-M-046,ADMIN,对话与内容/会话列表,NETWORK_ERROR,网络连接失败,网络不可达或 DNS/TLS 失败，提供重试。,retry,P03-002|P03-003|P03-006|P03-035,P03,P03-W01|P03-W05,YL-M-046-S07_NETWORK_ERROR,ui/mockups/admin/YL-M-046/YL-M-046-S07_NETWORK_ERROR.png,PAGE,,a05a383c58bee89c
YL-M-046-S08_SERVER_ERROR,YL-M-046,ADMIN,对话与内容/会话列表,SERVER_ERROR,服务异常,服务端 5xx，显示请求 ID，不暴露堆栈。,retry_or_status,P03-002|P03-003|P03-006|P03-035,P03,P03-W01|P03-W05,YL-M-046-S08_SERVER_ERROR,ui/mockups/admin/YL-M-046/YL-M-046-S08_SERVER_ERROR.png,PAGE,,a05a383c58bee89c
YL-M-047-S01_LOADING,YL-M-047,ADMIN,对话与内容/搜索配置,LOADING,加载中,使用与最终布局一致的 Skeleton，禁止无限 Loading。,automatic_or_retry,P03-004,P03,P03-W01,YL-M-047-S01_LOADING,ui/mockups/admin/YL-M-047/YL-M-047-S01_LOADING.png,PAGE,,082856a3759b7216
YL-M-047-S02_POPULATED,YL-M-047,ADMIN,对话与内容/搜索配置,POPULATED,有数据,真实结构化数据已加载。,none,P03-004,P03,P03-W01,YL-M-047-S02_POPULATED,ui/mockups/admin/YL-M-047/YL-M-047-S02_POPULATED.png,PAGE,,082856a3759b7216
YL-M-047-S03_EDIT_MODE,YL-M-047,ADMIN,对话与内容/搜索配置,EDIT_MODE,编辑状态,可编辑字段与只读字段明显区分。,save_or_cancel,P03-004,P03,P03-W01,YL-M-047-S03_EDIT_MODE,ui/mockups/admin/YL-M-047/YL-M-047-S03_EDIT_MODE.png,PAGE,,082856a3759b7216
YL-M-047-S04_VALIDATION_ERROR,YL-M-047,ADMIN,对话与内容/搜索配置,VALIDATION_ERROR,表单校验失败,字段级错误紧邻字段，首个错误获得焦点。,correct_input,P03-004,P03,P03-W01,YL-M-047-S04_VALIDATION_ERROR,ui/mockups/admin/YL-M-047/YL-M-047-S04_VALIDATION_ERROR.png,PAGE,,082856a3759b7216
YL-M-047-S05_DIRTY,YL-M-047,ADMIN,对话与内容/搜索配置,DIRTY,存在未保存修改,离开或关闭前必须确认。,save_or_discard,P03-004,P03,P03-W01,YL-M-047-S05_DIRTY,ui/mockups/admin/YL-M-047/YL-M-047-S05_DIRTY.png,PAGE,,082856a3759b7216
YL-M-047-S06_SUBMITTING,YL-M-047,ADMIN,对话与内容/搜索配置,SUBMITTING,提交中,主按钮保留尺寸并显示进度，禁止重复提交。,wait_or_cancel_if_supported,P03-004,P03,P03-W01,YL-M-047-S06_SUBMITTING,ui/mockups/admin/YL-M-047/YL-M-047-S06_SUBMITTING.png,PAGE,,082856a3759b7216
YL-M-047-S07_SAVE_SUCCESS,YL-M-047,ADMIN,对话与内容/搜索配置,SAVE_SUCCESS,保存成功,保存结果明确且数据回读一致。,continue,P03-004,P03,P03-W01,YL-M-047-S07_SAVE_SUCCESS,ui/mockups/admin/YL-M-047/YL-M-047-S07_SAVE_SUCCESS.png,PAGE,,082856a3759b7216
YL-M-047-S08_VERSION_CONFLICT,YL-M-047,ADMIN,对话与内容/搜索配置,VERSION_CONFLICT,版本冲突,显示当前版本与服务器版本，禁止静默覆盖。,reload_compare_or_force_with_permission,P03-004,P03,P03-W01,YL-M-047-S08_VERSION_CONFLICT,ui/mockups/admin/YL-M-047/YL-M-047-S08_VERSION_CONFLICT.png,PAGE,,082856a3759b7216
YL-M-047-S09_ROLLBACK_CONFIRM,YL-M-047,ADMIN,对话与内容/搜索配置,ROLLBACK_CONFIRM,确认回滚,列出目标版本、影响和审计原因。,confirm_or_cancel,P03-004,P03,P03-W01,YL-M-047-S09_ROLLBACK_CONFIRM,ui/mockups/admin/YL-M-047/YL-M-047-S09_ROLLBACK_CONFIRM.png,PAGE,,082856a3759b7216
YL-M-047-S10_PERMISSION_DENIED,YL-M-047,ADMIN,对话与内容/搜索配置,PERMISSION_DENIED,权限不足,不泄露资源存在性，说明所需权限或返回。,back_or_request_access,P03-004,P03,P03-W01,YL-M-047-S10_PERMISSION_DENIED,ui/mockups/admin/YL-M-047/YL-M-047-S10_PERMISSION_DENIED.png,PAGE,,082856a3759b7216
YL-M-047-S11_SERVER_ERROR,YL-M-047,ADMIN,对话与内容/搜索配置,SERVER_ERROR,服务异常,服务端 5xx，显示请求 ID，不暴露堆栈。,retry_or_status,P03-004,P03,P03-W01,YL-M-047-S11_SERVER_ERROR,ui/mockups/admin/YL-M-047/YL-M-047-S11_SERVER_ERROR.png,PAGE,,082856a3759b7216
YL-M-048-S01_LOADING,YL-M-048,ADMIN,对话与内容/会话详情,LOADING,加载中,使用与最终布局一致的 Skeleton，禁止无限 Loading。,automatic_or_retry,P03-005|P04-008,P03|P04,P03-W01|P04-W02,YL-M-048-S01_LOADING,ui/mockups/admin/YL-M-048/YL-M-048-S01_LOADING.png,PAGE,,ecff2376e9c4bcfb
YL-M-048-S02_POPULATED,YL-M-048,ADMIN,对话与内容/会话详情,POPULATED,有数据,真实结构化数据已加载。,none,P03-005|P04-008,P03|P04,P03-W01|P04-W02,YL-M-048-S02_POPULATED,ui/mockups/admin/YL-M-048/YL-M-048-S02_POPULATED.png,PAGE,,ecff2376e9c4bcfb
YL-M-048-S03_NOT_FOUND,YL-M-048,ADMIN,对话与内容/会话详情,NOT_FOUND,内容不存在,资源不存在、已删除或不可访问。,back,P03-005|P04-008,P03|P04,P03-W01|P04-W02,YL-M-048-S03_NOT_FOUND,ui/mockups/admin/YL-M-048/YL-M-048-S03_NOT_FOUND.png,PAGE,,ecff2376e9c4bcfb
YL-M-048-S04_EDIT_MODE,YL-M-048,ADMIN,对话与内容/会话详情,EDIT_MODE,编辑状态,可编辑字段与只读字段明显区分。,save_or_cancel,P03-005|P04-008,P03|P04,P03-W01|P04-W02,YL-M-048-S04_EDIT_MODE,ui/mockups/admin/YL-M-048/YL-M-048-S04_EDIT_MODE.png,PAGE,,ecff2376e9c4bcfb
YL-M-048-S05_DIRTY,YL-M-048,ADMIN,对话与内容/会话详情,DIRTY,存在未保存修改,离开或关闭前必须确认。,save_or_discard,P03-005|P04-008,P03|P04,P03-W01|P04-W02,YL-M-048-S05_DIRTY,ui/mockups/admin/YL-M-048/YL-M-048-S05_DIRTY.png,PAGE,,ecff2376e9c4bcfb
YL-M-048-S06_SUBMITTING,YL-M-048,ADMIN,对话与内容/会话详情,SUBMITTING,提交中,主按钮保留尺寸并显示进度，禁止重复提交。,wait_or_cancel_if_supported,P03-005|P04-008,P03|P04,P03-W01|P04-W02,YL-M-048-S06_SUBMITTING,ui/mockups/admin/YL-M-048/YL-M-048-S06_SUBMITTING.png,PAGE,,ecff2376e9c4bcfb
YL-M-048-S07_SAVE_SUCCESS,YL-M-048,ADMIN,对话与内容/会话详情,SAVE_SUCCESS,保存成功,保存结果明确且数据回读一致。,continue,P03-005|P04-008,P03|P04,P03-W01|P04-W02,YL-M-048-S07_SAVE_SUCCESS,ui/mockups/admin/YL-M-048/YL-M-048-S07_SAVE_SUCCESS.png,PAGE,,ecff2376e9c4bcfb
YL-M-048-S08_VALIDATION_ERROR,YL-M-048,ADMIN,对话与内容/会话详情,VALIDATION_ERROR,表单校验失败,字段级错误紧邻字段，首个错误获得焦点。,correct_input,P03-005|P04-008,P03|P04,P03-W01|P04-W02,YL-M-048-S08_VALIDATION_ERROR,ui/mockups/admin/YL-M-048/YL-M-048-S08_VALIDATION_ERROR.png,PAGE,,ecff2376e9c4bcfb
YL-M-048-S09_VERSION_CONFLICT,YL-M-048,ADMIN,对话与内容/会话详情,VERSION_CONFLICT,版本冲突,显示当前版本与服务器版本，禁止静默覆盖。,reload_compare_or_force_with_permission,P03-005|P04-008,P03|P04,P03-W01|P04-W02,YL-M-048-S09_VERSION_CONFLICT,ui/mockups/admin/YL-M-048/YL-M-048-S09_VERSION_CONFLICT.png,PAGE,,ecff2376e9c4bcfb
YL-M-048-S10_PERMISSION_DENIED,YL-M-048,ADMIN,对话与内容/会话详情,PERMISSION_DENIED,权限不足,不泄露资源存在性，说明所需权限或返回。,back_or_request_access,P03-005|P04-008,P03|P04,P03-W01|P04-W02,YL-M-048-S10_PERMISSION_DENIED,ui/mockups/admin/YL-M-048/YL-M-048-S10_PERMISSION_DENIED.png,PAGE,,ecff2376e9c4bcfb
YL-M-048-S11_SERVER_ERROR,YL-M-048,ADMIN,对话与内容/会话详情,SERVER_ERROR,服务异常,服务端 5xx，显示请求 ID，不暴露堆栈。,retry_or_status,P03-005|P04-008,P03|P04,P03-W01|P04-W02,YL-M-048-S11_SERVER_ERROR,ui/mockups/admin/YL-M-048/YL-M-048-S11_SERVER_ERROR.png,PAGE,,ecff2376e9c4bcfb
YL-M-049-S01_LOADING,YL-M-049,ADMIN,对话与内容/删除策略,LOADING,加载中,使用与最终布局一致的 Skeleton，禁止无限 Loading。,automatic_or_retry,P03-007,P03,P03-W01,YL-M-049-S01_LOADING,ui/mockups/admin/YL-M-049/YL-M-049-S01_LOADING.png,PAGE,,dfe1791ad4af1ae6
YL-M-049-S02_POPULATED,YL-M-049,ADMIN,对话与内容/删除策略,POPULATED,有数据,真实结构化数据已加载。,none,P03-007,P03,P03-W01,YL-M-049-S02_POPULATED,ui/mockups/admin/YL-M-049/YL-M-049-S02_POPULATED.png,PAGE,,dfe1791ad4af1ae6
YL-M-049-S03_EDIT_MODE,YL-M-049,ADMIN,对话与内容/删除策略,EDIT_MODE,编辑状态,可编辑字段与只读字段明显区分。,save_or_cancel,P03-007,P03,P03-W01,YL-M-049-S03_EDIT_MODE,ui/mockups/admin/YL-M-049/YL-M-049-S03_EDIT_MODE.png,PAGE,,dfe1791ad4af1ae6
YL-M-049-S04_VALIDATION_ERROR,YL-M-049,ADMIN,对话与内容/删除策略,VALIDATION_ERROR,表单校验失败,字段级错误紧邻字段，首个错误获得焦点。,correct_input,P03-007,P03,P03-W01,YL-M-049-S04_VALIDATION_ERROR,ui/mockups/admin/YL-M-049/YL-M-049-S04_VALIDATION_ERROR.png,PAGE,,dfe1791ad4af1ae6
YL-M-049-S05_DIRTY,YL-M-049,ADMIN,对话与内容/删除策略,DIRTY,存在未保存修改,离开或关闭前必须确认。,save_or_discard,P03-007,P03,P03-W01,YL-M-049-S05_DIRTY,ui/mockups/admin/YL-M-049/YL-M-049-S05_DIRTY.png,PAGE,,dfe1791ad4af1ae6
YL-M-049-S06_SUBMITTING,YL-M-049,ADMIN,对话与内容/删除策略,SUBMITTING,提交中,主按钮保留尺寸并显示进度，禁止重复提交。,wait_or_cancel_if_supported,P03-007,P03,P03-W01,YL-M-049-S06_SUBMITTING,ui/mockups/admin/YL-M-049/YL-M-049-S06_SUBMITTING.png,PAGE,,dfe1791ad4af1ae6
YL-M-049-S07_SAVE_SUCCESS,YL-M-049,ADMIN,对话与内容/删除策略,SAVE_SUCCESS,保存成功,保存结果明确且数据回读一致。,continue,P03-007,P03,P03-W01,YL-M-049-S07_SAVE_SUCCESS,ui/mockups/admin/YL-M-049/YL-M-049-S07_SAVE_SUCCESS.png,PAGE,,dfe1791ad4af1ae6
YL-M-049-S08_VERSION_CONFLICT,YL-M-049,ADMIN,对话与内容/删除策略,VERSION_CONFLICT,版本冲突,显示当前版本与服务器版本，禁止静默覆盖。,reload_compare_or_force_with_permission,P03-007,P03,P03-W01,YL-M-049-S08_VERSION_CONFLICT,ui/mockups/admin/YL-M-049/YL-M-049-S08_VERSION_CONFLICT.png,PAGE,,dfe1791ad4af1ae6
YL-M-049-S09_ROLLBACK_CONFIRM,YL-M-049,ADMIN,对话与内容/删除策略,ROLLBACK_CONFIRM,确认回滚,列出目标版本、影响和审计原因。,confirm_or_cancel,P03-007,P03,P03-W01,YL-M-049-S09_ROLLBACK_CONFIRM,ui/mockups/admin/YL-M-049/YL-M-049-S09_ROLLBACK_CONFIRM.png,PAGE,,dfe1791ad4af1ae6
YL-M-049-S10_PERMISSION_DENIED,YL-M-049,ADMIN,对话与内容/删除策略,PERMISSION_DENIED,权限不足,不泄露资源存在性，说明所需权限或返回。,back_or_request_access,P03-007,P03,P03-W01,YL-M-049-S10_PERMISSION_DENIED,ui/mockups/admin/YL-M-049/YL-M-049-S10_PERMISSION_DENIED.png,PAGE,,dfe1791ad4af1ae6
YL-M-049-S11_SERVER_ERROR,YL-M-049,ADMIN,对话与内容/删除策略,SERVER_ERROR,服务异常,服务端 5xx，显示请求 ID，不暴露堆栈。,retry_or_status,P03-007,P03,P03-W01,YL-M-049-S11_SERVER_ERROR,ui/mockups/admin/YL-M-049/YL-M-049-S11_SERVER_ERROR.png,PAGE,,dfe1791ad4af1ae6
YL-M-050-S01_LOADING,YL-M-050,ADMIN,对话与内容/标题模型,LOADING,加载中,使用与最终布局一致的 Skeleton，禁止无限 Loading。,automatic_or_retry,P03-008,P03,P03-W02,YL-M-050-S01_LOADING,ui/mockups/admin/YL-M-050/YL-M-050-S01_LOADING.png,PAGE,,dc90131581ec04b3
YL-M-050-S02_POPULATED,YL-M-050,ADMIN,对话与内容/标题模型,POPULATED,有数据,真实结构化数据已加载。,none,P03-008,P03,P03-W02,YL-M-050-S02_POPULATED,ui/mockups/admin/YL-M-050/YL-M-050-S02_POPULATED.png,PAGE,,dc90131581ec04b3
YL-M-050-S03_EMPTY,YL-M-050,ADMIN,对话与内容/标题模型,EMPTY,空数据,显示原因、下一步和主操作；不得使用伪造内容填满。,primary_action_or_refresh,P03-008,P03,P03-W02,YL-M-050-S03_EMPTY,ui/mockups/admin/YL-M-050/YL-M-050-S03_EMPTY.png,PAGE,,dc90131581ec04b3
YL-M-050-S04_FILTER_ACTIVE,YL-M-050,ADMIN,对话与内容/标题模型,FILTER_ACTIVE,筛选生效,清晰展示筛选条件和结果数量。,clear_filter,P03-008,P03,P03-W02,YL-M-050-S04_FILTER_ACTIVE,ui/mockups/admin/YL-M-050/YL-M-050-S04_FILTER_ACTIVE.png,PAGE,,dc90131581ec04b3
YL-M-050-S05_BULK_SELECTED,YL-M-050,ADMIN,对话与内容/标题模型,BULK_SELECTED,批量选择,显示已选数量和允许的批量动作。,clear_selection,P03-008,P03,P03-W02,YL-M-050-S05_BULK_SELECTED,ui/mockups/admin/YL-M-050/YL-M-050-S05_BULK_SELECTED.png,PAGE,,dc90131581ec04b3
YL-M-050-S06_PERMISSION_DENIED,YL-M-050,ADMIN,对话与内容/标题模型,PERMISSION_DENIED,权限不足,不泄露资源存在性，说明所需权限或返回。,back_or_request_access,P03-008,P03,P03-W02,YL-M-050-S06_PERMISSION_DENIED,ui/mockups/admin/YL-M-050/YL-M-050-S06_PERMISSION_DENIED.png,PAGE,,dc90131581ec04b3
YL-M-050-S07_NETWORK_ERROR,YL-M-050,ADMIN,对话与内容/标题模型,NETWORK_ERROR,网络连接失败,网络不可达或 DNS/TLS 失败，提供重试。,retry,P03-008,P03,P03-W02,YL-M-050-S07_NETWORK_ERROR,ui/mockups/admin/YL-M-050/YL-M-050-S07_NETWORK_ERROR.png,PAGE,,dc90131581ec04b3
YL-M-050-S08_SERVER_ERROR,YL-M-050,ADMIN,对话与内容/标题模型,SERVER_ERROR,服务异常,服务端 5xx，显示请求 ID，不暴露堆栈。,retry_or_status,P03-008,P03,P03-W02,YL-M-050-S08_SERVER_ERROR,ui/mockups/admin/YL-M-050/YL-M-050-S08_SERVER_ERROR.png,PAGE,,dc90131581ec04b3
YL-M-051-S01_LOADING,YL-M-051,ADMIN,模型与供应商/模型目录,LOADING,加载中,使用与最终布局一致的 Skeleton，禁止无限 Loading。,automatic_or_retry,P03-009|P04-001|P04-003|P04-009|P04-021,P03|P04,P03-W02|P04-W01|P04-W02|P04-W04,YL-M-051-S01_LOADING,ui/mockups/admin/YL-M-051/YL-M-051-S01_LOADING.png,PAGE,,83542585e596a2d9
YL-M-051-S02_POPULATED,YL-M-051,ADMIN,模型与供应商/模型目录,POPULATED,有数据,真实结构化数据已加载。,none,P03-009|P04-001|P04-003|P04-009|P04-021,P03|P04,P03-W02|P04-W01|P04-W02|P04-W04,YL-M-051-S02_POPULATED,ui/mockups/admin/YL-M-051/YL-M-051-S02_POPULATED.png,PAGE,,83542585e596a2d9
YL-M-051-S03_EDIT_MODE,YL-M-051,ADMIN,模型与供应商/模型目录,EDIT_MODE,编辑状态,可编辑字段与只读字段明显区分。,save_or_cancel,P03-009|P04-001|P04-003|P04-009|P04-021,P03|P04,P03-W02|P04-W01|P04-W02|P04-W04,YL-M-051-S03_EDIT_MODE,ui/mockups/admin/YL-M-051/YL-M-051-S03_EDIT_MODE.png,PAGE,,83542585e596a2d9
YL-M-051-S04_VALIDATION_ERROR,YL-M-051,ADMIN,模型与供应商/模型目录,VALIDATION_ERROR,表单校验失败,字段级错误紧邻字段，首个错误获得焦点。,correct_input,P03-009|P04-001|P04-003|P04-009|P04-021,P03|P04,P03-W02|P04-W01|P04-W02|P04-W04,YL-M-051-S04_VALIDATION_ERROR,ui/mockups/admin/YL-M-051/YL-M-051-S04_VALIDATION_ERROR.png,PAGE,,83542585e596a2d9
YL-M-051-S05_DIRTY,YL-M-051,ADMIN,模型与供应商/模型目录,DIRTY,存在未保存修改,离开或关闭前必须确认。,save_or_discard,P03-009|P04-001|P04-003|P04-009|P04-021,P03|P04,P03-W02|P04-W01|P04-W02|P04-W04,YL-M-051-S05_DIRTY,ui/mockups/admin/YL-M-051/YL-M-051-S05_DIRTY.png,PAGE,,83542585e596a2d9
YL-M-051-S06_SUBMITTING,YL-M-051,ADMIN,模型与供应商/模型目录,SUBMITTING,提交中,主按钮保留尺寸并显示进度，禁止重复提交。,wait_or_cancel_if_supported,P03-009|P04-001|P04-003|P04-009|P04-021,P03|P04,P03-W02|P04-W01|P04-W02|P04-W04,YL-M-051-S06_SUBMITTING,ui/mockups/admin/YL-M-051/YL-M-051-S06_SUBMITTING.png,PAGE,,83542585e596a2d9
YL-M-051-S07_SAVE_SUCCESS,YL-M-051,ADMIN,模型与供应商/模型目录,SAVE_SUCCESS,保存成功,保存结果明确且数据回读一致。,continue,P03-009|P04-001|P04-003|P04-009|P04-021,P03|P04,P03-W02|P04-W01|P04-W02|P04-W04,YL-M-051-S07_SAVE_SUCCESS,ui/mockups/admin/YL-M-051/YL-M-051-S07_SAVE_SUCCESS.png,PAGE,,83542585e596a2d9
YL-M-051-S08_VERSION_CONFLICT,YL-M-051,ADMIN,模型与供应商/模型目录,VERSION_CONFLICT,版本冲突,显示当前版本与服务器版本，禁止静默覆盖。,reload_compare_or_force_with_permission,P03-009|P04-001|P04-003|P04-009|P04-021,P03|P04,P03-W02|P04-W01|P04-W02|P04-W04,YL-M-051-S08_VERSION_CONFLICT,ui/mockups/admin/YL-M-051/YL-M-051-S08_VERSION_CONFLICT.png,PAGE,,83542585e596a2d9
YL-M-051-S09_ROLLBACK_CONFIRM,YL-M-051,ADMIN,模型与供应商/模型目录,ROLLBACK_CONFIRM,确认回滚,列出目标版本、影响和审计原因。,confirm_or_cancel,P03-009|P04-001|P04-003|P04-009|P04-021,P03|P04,P03-W02|P04-W01|P04-W02|P04-W04,YL-M-051-S09_ROLLBACK_CONFIRM,ui/mockups/admin/YL-M-051/YL-M-051-S09_ROLLBACK_CONFIRM.png,PAGE,,83542585e596a2d9
YL-M-051-S10_PERMISSION_DENIED,YL-M-051,ADMIN,模型与供应商/模型目录,PERMISSION_DENIED,权限不足,不泄露资源存在性，说明所需权限或返回。,back_or_request_access,P03-009|P04-001|P04-003|P04-009|P04-021,P03|P04,P03-W02|P04-W01|P04-W02|P04-W04,YL-M-051-S10_PERMISSION_DENIED,ui/mockups/admin/YL-M-051/YL-M-051-S10_PERMISSION_DENIED.png,PAGE,,83542585e596a2d9
YL-M-051-S11_SERVER_ERROR,YL-M-051,ADMIN,模型与供应商/模型目录,SERVER_ERROR,服务异常,服务端 5xx，显示请求 ID，不暴露堆栈。,retry_or_status,P03-009|P04-001|P04-003|P04-009|P04-021,P03|P04,P03-W02|P04-W01|P04-W02|P04-W04,YL-M-051-S11_SERVER_ERROR,ui/mockups/admin/YL-M-051/YL-M-051-S11_SERVER_ERROR.png,PAGE,,83542585e596a2d9
YL-M-052-S01_LOADING,YL-M-052,ADMIN,运维/流式连接,LOADING,加载中,使用与最终布局一致的 Skeleton，禁止无限 Loading。,automatic_or_retry,P03-010|P03-012,P03,P03-W02,YL-M-052-S01_LOADING,ui/mockups/admin/YL-M-052/YL-M-052-S01_LOADING.png,PAGE,,334f60e980ad63ac
YL-M-052-S02_POPULATED,YL-M-052,ADMIN,运维/流式连接,POPULATED,有数据,真实结构化数据已加载。,none,P03-010|P03-012,P03,P03-W02,YL-M-052-S02_POPULATED,ui/mockups/admin/YL-M-052/YL-M-052-S02_POPULATED.png,PAGE,,334f60e980ad63ac
YL-M-052-S03_EMPTY,YL-M-052,ADMIN,运维/流式连接,EMPTY,空数据,显示原因、下一步和主操作；不得使用伪造内容填满。,primary_action_or_refresh,P03-010|P03-012,P03,P03-W02,YL-M-052-S03_EMPTY,ui/mockups/admin/YL-M-052/YL-M-052-S03_EMPTY.png,PAGE,,334f60e980ad63ac
YL-M-052-S04_FILTER_ACTIVE,YL-M-052,ADMIN,运维/流式连接,FILTER_ACTIVE,筛选生效,清晰展示筛选条件和结果数量。,clear_filter,P03-010|P03-012,P03,P03-W02,YL-M-052-S04_FILTER_ACTIVE,ui/mockups/admin/YL-M-052/YL-M-052-S04_FILTER_ACTIVE.png,PAGE,,334f60e980ad63ac
YL-M-052-S05_BULK_SELECTED,YL-M-052,ADMIN,运维/流式连接,BULK_SELECTED,批量选择,显示已选数量和允许的批量动作。,clear_selection,P03-010|P03-012,P03,P03-W02,YL-M-052-S05_BULK_SELECTED,ui/mockups/admin/YL-M-052/YL-M-052-S05_BULK_SELECTED.png,PAGE,,334f60e980ad63ac
YL-M-052-S06_PERMISSION_DENIED,YL-M-052,ADMIN,运维/流式连接,PERMISSION_DENIED,权限不足,不泄露资源存在性，说明所需权限或返回。,back_or_request_access,P03-010|P03-012,P03,P03-W02,YL-M-052-S06_PERMISSION_DENIED,ui/mockups/admin/YL-M-052/YL-M-052-S06_PERMISSION_DENIED.png,PAGE,,334f60e980ad63ac
YL-M-052-S07_NETWORK_ERROR,YL-M-052,ADMIN,运维/流式连接,NETWORK_ERROR,网络连接失败,网络不可达或 DNS/TLS 失败，提供重试。,retry,P03-010|P03-012,P03,P03-W02,YL-M-052-S07_NETWORK_ERROR,ui/mockups/admin/YL-M-052/YL-M-052-S07_NETWORK_ERROR.png,PAGE,,334f60e980ad63ac
YL-M-052-S08_SERVER_ERROR,YL-M-052,ADMIN,运维/流式连接,SERVER_ERROR,服务异常,服务端 5xx，显示请求 ID，不暴露堆栈。,retry_or_status,P03-010|P03-012,P03,P03-W02,YL-M-052-S08_SERVER_ERROR,ui/mockups/admin/YL-M-052/YL-M-052-S08_SERVER_ERROR.png,PAGE,,334f60e980ad63ac
YL-M-053-S01_LOADING,YL-M-053,ADMIN,对话与内容/运行记录,LOADING,加载中,使用与最终布局一致的 Skeleton，禁止无限 Loading。,automatic_or_retry,P03-011|P03-013|P03-015|P03-024|P03-026|P04-010,P03|P04,P03-W02|P03-W03|P03-W04|P04-W02,YL-M-053-S01_LOADING,ui/mockups/admin/YL-M-053/YL-M-053-S01_LOADING.png,PAGE,,d3d9c97b9992f4bb
YL-M-053-S02_POPULATED,YL-M-053,ADMIN,对话与内容/运行记录,POPULATED,有数据,真实结构化数据已加载。,none,P03-011|P03-013|P03-015|P03-024|P03-026|P04-010,P03|P04,P03-W02|P03-W03|P03-W04|P04-W02,YL-M-053-S02_POPULATED,ui/mockups/admin/YL-M-053/YL-M-053-S02_POPULATED.png,PAGE,,d3d9c97b9992f4bb
YL-M-053-S03_EMPTY,YL-M-053,ADMIN,对话与内容/运行记录,EMPTY,空数据,显示原因、下一步和主操作；不得使用伪造内容填满。,primary_action_or_refresh,P03-011|P03-013|P03-015|P03-024|P03-026|P04-010,P03|P04,P03-W02|P03-W03|P03-W04|P04-W02,YL-M-053-S03_EMPTY,ui/mockups/admin/YL-M-053/YL-M-053-S03_EMPTY.png,PAGE,,d3d9c97b9992f4bb
YL-M-053-S04_FILTER_ACTIVE,YL-M-053,ADMIN,对话与内容/运行记录,FILTER_ACTIVE,筛选生效,清晰展示筛选条件和结果数量。,clear_filter,P03-011|P03-013|P03-015|P03-024|P03-026|P04-010,P03|P04,P03-W02|P03-W03|P03-W04|P04-W02,YL-M-053-S04_FILTER_ACTIVE,ui/mockups/admin/YL-M-053/YL-M-053-S04_FILTER_ACTIVE.png,PAGE,,d3d9c97b9992f4bb
YL-M-053-S05_BULK_SELECTED,YL-M-053,ADMIN,对话与内容/运行记录,BULK_SELECTED,批量选择,显示已选数量和允许的批量动作。,clear_selection,P03-011|P03-013|P03-015|P03-024|P03-026|P04-010,P03|P04,P03-W02|P03-W03|P03-W04|P04-W02,YL-M-053-S05_BULK_SELECTED,ui/mockups/admin/YL-M-053/YL-M-053-S05_BULK_SELECTED.png,PAGE,,d3d9c97b9992f4bb
YL-M-053-S06_PERMISSION_DENIED,YL-M-053,ADMIN,对话与内容/运行记录,PERMISSION_DENIED,权限不足,不泄露资源存在性，说明所需权限或返回。,back_or_request_access,P03-011|P03-013|P03-015|P03-024|P03-026|P04-010,P03|P04,P03-W02|P03-W03|P03-W04|P04-W02,YL-M-053-S06_PERMISSION_DENIED,ui/mockups/admin/YL-M-053/YL-M-053-S06_PERMISSION_DENIED.png,PAGE,,d3d9c97b9992f4bb
YL-M-053-S07_NETWORK_ERROR,YL-M-053,ADMIN,对话与内容/运行记录,NETWORK_ERROR,网络连接失败,网络不可达或 DNS/TLS 失败，提供重试。,retry,P03-011|P03-013|P03-015|P03-024|P03-026|P04-010,P03|P04,P03-W02|P03-W03|P03-W04|P04-W02,YL-M-053-S07_NETWORK_ERROR,ui/mockups/admin/YL-M-053/YL-M-053-S07_NETWORK_ERROR.png,PAGE,,d3d9c97b9992f4bb
YL-M-053-S08_SERVER_ERROR,YL-M-053,ADMIN,对话与内容/运行记录,SERVER_ERROR,服务异常,服务端 5xx，显示请求 ID，不暴露堆栈。,retry_or_status,P03-011|P03-013|P03-015|P03-024|P03-026|P04-010,P03|P04,P03-W02|P03-W03|P03-W04|P04-W02,YL-M-053-S08_SERVER_ERROR,ui/mockups/admin/YL-M-053/YL-M-053-S08_SERVER_ERROR.png,PAGE,,d3d9c97b9992f4bb
YL-M-054-S01_LOADING,YL-M-054,ADMIN,对话与内容/消息查询,LOADING,加载中,使用与最终布局一致的 Skeleton，禁止无限 Loading。,automatic_or_retry,P03-014,P03,P03-W02,YL-M-054-S01_LOADING,ui/mockups/admin/YL-M-054/YL-M-054-S01_LOADING.png,PAGE,,f19bbc5f71d1c95b
YL-M-054-S02_POPULATED,YL-M-054,ADMIN,对话与内容/消息查询,POPULATED,有数据,真实结构化数据已加载。,none,P03-014,P03,P03-W02,YL-M-054-S02_POPULATED,ui/mockups/admin/YL-M-054/YL-M-054-S02_POPULATED.png,PAGE,,f19bbc5f71d1c95b
YL-M-054-S03_EMPTY,YL-M-054,ADMIN,对话与内容/消息查询,EMPTY,空数据,显示原因、下一步和主操作；不得使用伪造内容填满。,primary_action_or_refresh,P03-014,P03,P03-W02,YL-M-054-S03_EMPTY,ui/mockups/admin/YL-M-054/YL-M-054-S03_EMPTY.png,PAGE,,f19bbc5f71d1c95b
YL-M-054-S04_FILTER_ACTIVE,YL-M-054,ADMIN,对话与内容/消息查询,FILTER_ACTIVE,筛选生效,清晰展示筛选条件和结果数量。,clear_filter,P03-014,P03,P03-W02,YL-M-054-S04_FILTER_ACTIVE,ui/mockups/admin/YL-M-054/YL-M-054-S04_FILTER_ACTIVE.png,PAGE,,f19bbc5f71d1c95b
YL-M-054-S05_BULK_SELECTED,YL-M-054,ADMIN,对话与内容/消息查询,BULK_SELECTED,批量选择,显示已选数量和允许的批量动作。,clear_selection,P03-014,P03,P03-W02,YL-M-054-S05_BULK_SELECTED,ui/mockups/admin/YL-M-054/YL-M-054-S05_BULK_SELECTED.png,PAGE,,f19bbc5f71d1c95b
YL-M-054-S06_PERMISSION_DENIED,YL-M-054,ADMIN,对话与内容/消息查询,PERMISSION_DENIED,权限不足,不泄露资源存在性，说明所需权限或返回。,back_or_request_access,P03-014,P03,P03-W02,YL-M-054-S06_PERMISSION_DENIED,ui/mockups/admin/YL-M-054/YL-M-054-S06_PERMISSION_DENIED.png,PAGE,,f19bbc5f71d1c95b
YL-M-054-S07_NETWORK_ERROR,YL-M-054,ADMIN,对话与内容/消息查询,NETWORK_ERROR,网络连接失败,网络不可达或 DNS/TLS 失败，提供重试。,retry,P03-014,P03,P03-W02,YL-M-054-S07_NETWORK_ERROR,ui/mockups/admin/YL-M-054/YL-M-054-S07_NETWORK_ERROR.png,PAGE,,f19bbc5f71d1c95b
YL-M-054-S08_SERVER_ERROR,YL-M-054,ADMIN,对话与内容/消息查询,SERVER_ERROR,服务异常,服务端 5xx，显示请求 ID，不暴露堆栈。,retry_or_status,P03-014,P03,P03-W02,YL-M-054-S08_SERVER_ERROR,ui/mockups/admin/YL-M-054/YL-M-054-S08_SERVER_ERROR.png,PAGE,,f19bbc5f71d1c95b
YL-M-055-S01_LOADING,YL-M-055,ADMIN,对话与内容/引用记录,LOADING,加载中,使用与最终布局一致的 Skeleton，禁止无限 Loading。,automatic_or_retry,P03-021,P03,P03-W03,YL-M-055-S01_LOADING,ui/mockups/admin/YL-M-055/YL-M-055-S01_LOADING.png,PAGE,,c0fee55d0f217114
YL-M-055-S02_POPULATED,YL-M-055,ADMIN,对话与内容/引用记录,POPULATED,有数据,真实结构化数据已加载。,none,P03-021,P03,P03-W03,YL-M-055-S02_POPULATED,ui/mockups/admin/YL-M-055/YL-M-055-S02_POPULATED.png,PAGE,,c0fee55d0f217114
YL-M-055-S03_EMPTY,YL-M-055,ADMIN,对话与内容/引用记录,EMPTY,空数据,显示原因、下一步和主操作；不得使用伪造内容填满。,primary_action_or_refresh,P03-021,P03,P03-W03,YL-M-055-S03_EMPTY,ui/mockups/admin/YL-M-055/YL-M-055-S03_EMPTY.png,PAGE,,c0fee55d0f217114
YL-M-055-S04_FILTER_ACTIVE,YL-M-055,ADMIN,对话与内容/引用记录,FILTER_ACTIVE,筛选生效,清晰展示筛选条件和结果数量。,clear_filter,P03-021,P03,P03-W03,YL-M-055-S04_FILTER_ACTIVE,ui/mockups/admin/YL-M-055/YL-M-055-S04_FILTER_ACTIVE.png,PAGE,,c0fee55d0f217114
YL-M-055-S05_BULK_SELECTED,YL-M-055,ADMIN,对话与内容/引用记录,BULK_SELECTED,批量选择,显示已选数量和允许的批量动作。,clear_selection,P03-021,P03,P03-W03,YL-M-055-S05_BULK_SELECTED,ui/mockups/admin/YL-M-055/YL-M-055-S05_BULK_SELECTED.png,PAGE,,c0fee55d0f217114
YL-M-055-S06_PERMISSION_DENIED,YL-M-055,ADMIN,对话与内容/引用记录,PERMISSION_DENIED,权限不足,不泄露资源存在性，说明所需权限或返回。,back_or_request_access,P03-021,P03,P03-W03,YL-M-055-S06_PERMISSION_DENIED,ui/mockups/admin/YL-M-055/YL-M-055-S06_PERMISSION_DENIED.png,PAGE,,c0fee55d0f217114
YL-M-055-S07_NETWORK_ERROR,YL-M-055,ADMIN,对话与内容/引用记录,NETWORK_ERROR,网络连接失败,网络不可达或 DNS/TLS 失败，提供重试。,retry,P03-021,P03,P03-W03,YL-M-055-S07_NETWORK_ERROR,ui/mockups/admin/YL-M-055/YL-M-055-S07_NETWORK_ERROR.png,PAGE,,c0fee55d0f217114
YL-M-055-S08_SERVER_ERROR,YL-M-055,ADMIN,对话与内容/引用记录,SERVER_ERROR,服务异常,服务端 5xx，显示请求 ID，不暴露堆栈。,retry_or_status,P03-021,P03,P03-W03,YL-M-055-S08_SERVER_ERROR,ui/mockups/admin/YL-M-055/YL-M-055-S08_SERVER_ERROR.png,PAGE,,c0fee55d0f217114
YL-M-056-S01_LOADING,YL-M-056,ADMIN,对话与内容/导出记录,LOADING,加载中,使用与最终布局一致的 Skeleton，禁止无限 Loading。,automatic_or_retry,P03-023|P03-029,P03,P03-W04|P03-W05,YL-M-056-S01_LOADING,ui/mockups/admin/YL-M-056/YL-M-056-S01_LOADING.png,PAGE,,aa5665947c0b08af
YL-M-056-S02_POPULATED,YL-M-056,ADMIN,对话与内容/导出记录,POPULATED,有数据,真实结构化数据已加载。,none,P03-023|P03-029,P03,P03-W04|P03-W05,YL-M-056-S02_POPULATED,ui/mockups/admin/YL-M-056/YL-M-056-S02_POPULATED.png,PAGE,,aa5665947c0b08af
YL-M-056-S03_EMPTY,YL-M-056,ADMIN,对话与内容/导出记录,EMPTY,空数据,显示原因、下一步和主操作；不得使用伪造内容填满。,primary_action_or_refresh,P03-023|P03-029,P03,P03-W04|P03-W05,YL-M-056-S03_EMPTY,ui/mockups/admin/YL-M-056/YL-M-056-S03_EMPTY.png,PAGE,,aa5665947c0b08af
YL-M-056-S04_FILTER_ACTIVE,YL-M-056,ADMIN,对话与内容/导出记录,FILTER_ACTIVE,筛选生效,清晰展示筛选条件和结果数量。,clear_filter,P03-023|P03-029,P03,P03-W04|P03-W05,YL-M-056-S04_FILTER_ACTIVE,ui/mockups/admin/YL-M-056/YL-M-056-S04_FILTER_ACTIVE.png,PAGE,,aa5665947c0b08af
YL-M-056-S05_BULK_SELECTED,YL-M-056,ADMIN,对话与内容/导出记录,BULK_SELECTED,批量选择,显示已选数量和允许的批量动作。,clear_selection,P03-023|P03-029,P03,P03-W04|P03-W05,YL-M-056-S05_BULK_SELECTED,ui/mockups/admin/YL-M-056/YL-M-056-S05_BULK_SELECTED.png,PAGE,,aa5665947c0b08af
YL-M-056-S06_PERMISSION_DENIED,YL-M-056,ADMIN,对话与内容/导出记录,PERMISSION_DENIED,权限不足,不泄露资源存在性，说明所需权限或返回。,back_or_request_access,P03-023|P03-029,P03,P03-W04|P03-W05,YL-M-056-S06_PERMISSION_DENIED,ui/mockups/admin/YL-M-056/YL-M-056-S06_PERMISSION_DENIED.png,PAGE,,aa5665947c0b08af
YL-M-056-S07_NETWORK_ERROR,YL-M-056,ADMIN,对话与内容/导出记录,NETWORK_ERROR,网络连接失败,网络不可达或 DNS/TLS 失败，提供重试。,retry,P03-023|P03-029,P03,P03-W04|P03-W05,YL-M-056-S07_NETWORK_ERROR,ui/mockups/admin/YL-M-056/YL-M-056-S07_NETWORK_ERROR.png,PAGE,,aa5665947c0b08af
YL-M-056-S08_SERVER_ERROR,YL-M-056,ADMIN,对话与内容/导出记录,SERVER_ERROR,服务异常,服务端 5xx，显示请求 ID，不暴露堆栈。,retry_or_status,P03-023|P03-029,P03,P03-W04|P03-W05,YL-M-056-S08_SERVER_ERROR,ui/mockups/admin/YL-M-056/YL-M-056-S08_SERVER_ERROR.png,PAGE,,aa5665947c0b08af
YL-M-057-S01_LOADING,YL-M-057,ADMIN,对话与内容/用户反馈,LOADING,加载中,使用与最终布局一致的 Skeleton，禁止无限 Loading。,automatic_or_retry,P03-025,P03,P03-W04,YL-M-057-S01_LOADING,ui/mockups/admin/YL-M-057/YL-M-057-S01_LOADING.png,PAGE,,34d6ffe4710a9d51
YL-M-057-S02_POPULATED,YL-M-057,ADMIN,对话与内容/用户反馈,POPULATED,有数据,真实结构化数据已加载。,none,P03-025,P03,P03-W04,YL-M-057-S02_POPULATED,ui/mockups/admin/YL-M-057/YL-M-057-S02_POPULATED.png,PAGE,,34d6ffe4710a9d51
YL-M-057-S03_EMPTY,YL-M-057,ADMIN,对话与内容/用户反馈,EMPTY,空数据,显示原因、下一步和主操作；不得使用伪造内容填满。,primary_action_or_refresh,P03-025,P03,P03-W04,YL-M-057-S03_EMPTY,ui/mockups/admin/YL-M-057/YL-M-057-S03_EMPTY.png,PAGE,,34d6ffe4710a9d51
YL-M-057-S04_FILTER_ACTIVE,YL-M-057,ADMIN,对话与内容/用户反馈,FILTER_ACTIVE,筛选生效,清晰展示筛选条件和结果数量。,clear_filter,P03-025,P03,P03-W04,YL-M-057-S04_FILTER_ACTIVE,ui/mockups/admin/YL-M-057/YL-M-057-S04_FILTER_ACTIVE.png,PAGE,,34d6ffe4710a9d51
YL-M-057-S05_BULK_SELECTED,YL-M-057,ADMIN,对话与内容/用户反馈,BULK_SELECTED,批量选择,显示已选数量和允许的批量动作。,clear_selection,P03-025,P03,P03-W04,YL-M-057-S05_BULK_SELECTED,ui/mockups/admin/YL-M-057/YL-M-057-S05_BULK_SELECTED.png,PAGE,,34d6ffe4710a9d51
YL-M-057-S06_PERMISSION_DENIED,YL-M-057,ADMIN,对话与内容/用户反馈,PERMISSION_DENIED,权限不足,不泄露资源存在性，说明所需权限或返回。,back_or_request_access,P03-025,P03,P03-W04,YL-M-057-S06_PERMISSION_DENIED,ui/mockups/admin/YL-M-057/YL-M-057-S06_PERMISSION_DENIED.png,PAGE,,34d6ffe4710a9d51
YL-M-057-S07_NETWORK_ERROR,YL-M-057,ADMIN,对话与内容/用户反馈,NETWORK_ERROR,网络连接失败,网络不可达或 DNS/TLS 失败，提供重试。,retry,P03-025,P03,P03-W04,YL-M-057-S07_NETWORK_ERROR,ui/mockups/admin/YL-M-057/YL-M-057-S07_NETWORK_ERROR.png,PAGE,,34d6ffe4710a9d51
YL-M-057-S08_SERVER_ERROR,YL-M-057,ADMIN,对话与内容/用户反馈,SERVER_ERROR,服务异常,服务端 5xx，显示请求 ID，不暴露堆栈。,retry_or_status,P03-025,P03,P03-W04,YL-M-057-S08_SERVER_ERROR,ui/mockups/admin/YL-M-057/YL-M-057-S08_SERVER_ERROR.png,PAGE,,34d6ffe4710a9d51
YL-M-058-S01_LOADING,YL-M-058,ADMIN,对话与内容/保留策略,LOADING,加载中,使用与最终布局一致的 Skeleton，禁止无限 Loading。,automatic_or_retry,P03-028,P03,P03-W04,YL-M-058-S01_LOADING,ui/mockups/admin/YL-M-058/YL-M-058-S01_LOADING.png,PAGE,,ddb93ce3e0658106
YL-M-058-S02_POPULATED,YL-M-058,ADMIN,对话与内容/保留策略,POPULATED,有数据,真实结构化数据已加载。,none,P03-028,P03,P03-W04,YL-M-058-S02_POPULATED,ui/mockups/admin/YL-M-058/YL-M-058-S02_POPULATED.png,PAGE,,ddb93ce3e0658106
YL-M-058-S03_EDIT_MODE,YL-M-058,ADMIN,对话与内容/保留策略,EDIT_MODE,编辑状态,可编辑字段与只读字段明显区分。,save_or_cancel,P03-028,P03,P03-W04,YL-M-058-S03_EDIT_MODE,ui/mockups/admin/YL-M-058/YL-M-058-S03_EDIT_MODE.png,PAGE,,ddb93ce3e0658106
YL-M-058-S04_VALIDATION_ERROR,YL-M-058,ADMIN,对话与内容/保留策略,VALIDATION_ERROR,表单校验失败,字段级错误紧邻字段，首个错误获得焦点。,correct_input,P03-028,P03,P03-W04,YL-M-058-S04_VALIDATION_ERROR,ui/mockups/admin/YL-M-058/YL-M-058-S04_VALIDATION_ERROR.png,PAGE,,ddb93ce3e0658106
YL-M-058-S05_DIRTY,YL-M-058,ADMIN,对话与内容/保留策略,DIRTY,存在未保存修改,离开或关闭前必须确认。,save_or_discard,P03-028,P03,P03-W04,YL-M-058-S05_DIRTY,ui/mockups/admin/YL-M-058/YL-M-058-S05_DIRTY.png,PAGE,,ddb93ce3e0658106
YL-M-058-S06_SUBMITTING,YL-M-058,ADMIN,对话与内容/保留策略,SUBMITTING,提交中,主按钮保留尺寸并显示进度，禁止重复提交。,wait_or_cancel_if_supported,P03-028,P03,P03-W04,YL-M-058-S06_SUBMITTING,ui/mockups/admin/YL-M-058/YL-M-058-S06_SUBMITTING.png,PAGE,,ddb93ce3e0658106
YL-M-058-S07_SAVE_SUCCESS,YL-M-058,ADMIN,对话与内容/保留策略,SAVE_SUCCESS,保存成功,保存结果明确且数据回读一致。,continue,P03-028,P03,P03-W04,YL-M-058-S07_SAVE_SUCCESS,ui/mockups/admin/YL-M-058/YL-M-058-S07_SAVE_SUCCESS.png,PAGE,,ddb93ce3e0658106
YL-M-058-S08_VERSION_CONFLICT,YL-M-058,ADMIN,对话与内容/保留策略,VERSION_CONFLICT,版本冲突,显示当前版本与服务器版本，禁止静默覆盖。,reload_compare_or_force_with_permission,P03-028,P03,P03-W04,YL-M-058-S08_VERSION_CONFLICT,ui/mockups/admin/YL-M-058/YL-M-058-S08_VERSION_CONFLICT.png,PAGE,,ddb93ce3e0658106
YL-M-058-S09_ROLLBACK_CONFIRM,YL-M-058,ADMIN,对话与内容/保留策略,ROLLBACK_CONFIRM,确认回滚,列出目标版本、影响和审计原因。,confirm_or_cancel,P03-028,P03,P03-W04,YL-M-058-S09_ROLLBACK_CONFIRM,ui/mockups/admin/YL-M-058/YL-M-058-S09_ROLLBACK_CONFIRM.png,PAGE,,ddb93ce3e0658106
YL-M-058-S10_PERMISSION_DENIED,YL-M-058,ADMIN,对话与内容/保留策略,PERMISSION_DENIED,权限不足,不泄露资源存在性，说明所需权限或返回。,back_or_request_access,P03-028,P03,P03-W04,YL-M-058-S10_PERMISSION_DENIED,ui/mockups/admin/YL-M-058/YL-M-058-S10_PERMISSION_DENIED.png,PAGE,,ddb93ce3e0658106
YL-M-058-S11_SERVER_ERROR,YL-M-058,ADMIN,对话与内容/保留策略,SERVER_ERROR,服务异常,服务端 5xx，显示请求 ID，不暴露堆栈。,retry_or_status,P03-028,P03,P03-W04,YL-M-058-S11_SERVER_ERROR,ui/mockups/admin/YL-M-058/YL-M-058-S11_SERVER_ERROR.png,PAGE,,ddb93ce3e0658106
YL-M-059-S01_LOADING,YL-M-059,ADMIN,AI工具/语音配置,LOADING,加载中,使用与最终布局一致的 Skeleton，禁止无限 Loading。,automatic_or_retry,P03-030,P03,P03-W05,YL-M-059-S01_LOADING,ui/mockups/admin/YL-M-059/YL-M-059-S01_LOADING.png,PAGE,,66e9e5a915838e80
YL-M-059-S02_POPULATED,YL-M-059,ADMIN,AI工具/语音配置,POPULATED,有数据,真实结构化数据已加载。,none,P03-030,P03,P03-W05,YL-M-059-S02_POPULATED,ui/mockups/admin/YL-M-059/YL-M-059-S02_POPULATED.png,PAGE,,66e9e5a915838e80
YL-M-059-S03_EDIT_MODE,YL-M-059,ADMIN,AI工具/语音配置,EDIT_MODE,编辑状态,可编辑字段与只读字段明显区分。,save_or_cancel,P03-030,P03,P03-W05,YL-M-059-S03_EDIT_MODE,ui/mockups/admin/YL-M-059/YL-M-059-S03_EDIT_MODE.png,PAGE,,66e9e5a915838e80
YL-M-059-S04_VALIDATION_ERROR,YL-M-059,ADMIN,AI工具/语音配置,VALIDATION_ERROR,表单校验失败,字段级错误紧邻字段，首个错误获得焦点。,correct_input,P03-030,P03,P03-W05,YL-M-059-S04_VALIDATION_ERROR,ui/mockups/admin/YL-M-059/YL-M-059-S04_VALIDATION_ERROR.png,PAGE,,66e9e5a915838e80
YL-M-059-S05_DIRTY,YL-M-059,ADMIN,AI工具/语音配置,DIRTY,存在未保存修改,离开或关闭前必须确认。,save_or_discard,P03-030,P03,P03-W05,YL-M-059-S05_DIRTY,ui/mockups/admin/YL-M-059/YL-M-059-S05_DIRTY.png,PAGE,,66e9e5a915838e80
YL-M-059-S06_SUBMITTING,YL-M-059,ADMIN,AI工具/语音配置,SUBMITTING,提交中,主按钮保留尺寸并显示进度，禁止重复提交。,wait_or_cancel_if_supported,P03-030,P03,P03-W05,YL-M-059-S06_SUBMITTING,ui/mockups/admin/YL-M-059/YL-M-059-S06_SUBMITTING.png,PAGE,,66e9e5a915838e80
YL-M-059-S07_SAVE_SUCCESS,YL-M-059,ADMIN,AI工具/语音配置,SAVE_SUCCESS,保存成功,保存结果明确且数据回读一致。,continue,P03-030,P03,P03-W05,YL-M-059-S07_SAVE_SUCCESS,ui/mockups/admin/YL-M-059/YL-M-059-S07_SAVE_SUCCESS.png,PAGE,,66e9e5a915838e80
YL-M-059-S08_VERSION_CONFLICT,YL-M-059,ADMIN,AI工具/语音配置,VERSION_CONFLICT,版本冲突,显示当前版本与服务器版本，禁止静默覆盖。,reload_compare_or_force_with_permission,P03-030,P03,P03-W05,YL-M-059-S08_VERSION_CONFLICT,ui/mockups/admin/YL-M-059/YL-M-059-S08_VERSION_CONFLICT.png,PAGE,,66e9e5a915838e80
YL-M-059-S09_ROLLBACK_CONFIRM,YL-M-059,ADMIN,AI工具/语音配置,ROLLBACK_CONFIRM,确认回滚,列出目标版本、影响和审计原因。,confirm_or_cancel,P03-030,P03,P03-W05,YL-M-059-S09_ROLLBACK_CONFIRM,ui/mockups/admin/YL-M-059/YL-M-059-S09_ROLLBACK_CONFIRM.png,PAGE,,66e9e5a915838e80
YL-M-059-S10_PERMISSION_DENIED,YL-M-059,ADMIN,AI工具/语音配置,PERMISSION_DENIED,权限不足,不泄露资源存在性，说明所需权限或返回。,back_or_request_access,P03-030,P03,P03-W05,YL-M-059-S10_PERMISSION_DENIED,ui/mockups/admin/YL-M-059/YL-M-059-S10_PERMISSION_DENIED.png,PAGE,,66e9e5a915838e80
YL-M-059-S11_SERVER_ERROR,YL-M-059,ADMIN,AI工具/语音配置,SERVER_ERROR,服务异常,服务端 5xx，显示请求 ID，不暴露堆栈。,retry_or_status,P03-030,P03,P03-W05,YL-M-059-S11_SERVER_ERROR,ui/mockups/admin/YL-M-059/YL-M-059-S11_SERVER_ERROR.png,PAGE,,66e9e5a915838e80
YL-M-060-S01_LOADING,YL-M-060,ADMIN,安全与审计/访问拒绝,LOADING,加载中,使用与最终布局一致的 Skeleton，禁止无限 Loading。,automatic_or_retry,P03-033,P03,P03-W05,YL-M-060-S01_LOADING,ui/mockups/admin/YL-M-060/YL-M-060-S01_LOADING.png,PAGE,,94f525a2a9ecd1d6
YL-M-060-S02_POPULATED,YL-M-060,ADMIN,安全与审计/访问拒绝,POPULATED,有数据,真实结构化数据已加载。,none,P03-033,P03,P03-W05,YL-M-060-S02_POPULATED,ui/mockups/admin/YL-M-060/YL-M-060-S02_POPULATED.png,PAGE,,94f525a2a9ecd1d6
YL-M-060-S03_EMPTY,YL-M-060,ADMIN,安全与审计/访问拒绝,EMPTY,空数据,显示原因、下一步和主操作；不得使用伪造内容填满。,primary_action_or_refresh,P03-033,P03,P03-W05,YL-M-060-S03_EMPTY,ui/mockups/admin/YL-M-060/YL-M-060-S03_EMPTY.png,PAGE,,94f525a2a9ecd1d6
YL-M-060-S04_BULK_SELECTED,YL-M-060,ADMIN,安全与审计/访问拒绝,BULK_SELECTED,批量选择,显示已选数量和允许的批量动作。,clear_selection,P03-033,P03,P03-W05,YL-M-060-S04_BULK_SELECTED,ui/mockups/admin/YL-M-060/YL-M-060-S04_BULK_SELECTED.png,PAGE,,94f525a2a9ecd1d6
YL-M-060-S05_SUBMITTING,YL-M-060,ADMIN,安全与审计/访问拒绝,SUBMITTING,提交中,主按钮保留尺寸并显示进度，禁止重复提交。,wait_or_cancel_if_supported,P03-033,P03,P03-W05,YL-M-060-S05_SUBMITTING,ui/mockups/admin/YL-M-060/YL-M-060-S05_SUBMITTING.png,PAGE,,94f525a2a9ecd1d6
YL-M-060-S06_SUCCESS,YL-M-060,ADMIN,安全与审计/访问拒绝,SUCCESS,操作成功,使用 Snackbar、结果页或成功卡，按合同给出下一步。,continue,P03-033,P03,P03-W05,YL-M-060-S06_SUCCESS,ui/mockups/admin/YL-M-060/YL-M-060-S06_SUCCESS.png,PAGE,,94f525a2a9ecd1d6
YL-M-060-S07_PERMISSION_DENIED,YL-M-060,ADMIN,安全与审计/访问拒绝,PERMISSION_DENIED,权限不足,不泄露资源存在性，说明所需权限或返回。,back_or_request_access,P03-033,P03,P03-W05,YL-M-060-S07_PERMISSION_DENIED,ui/mockups/admin/YL-M-060/YL-M-060-S07_PERMISSION_DENIED.png,PAGE,,94f525a2a9ecd1d6
YL-M-060-S08_SERVER_ERROR,YL-M-060,ADMIN,安全与审计/访问拒绝,SERVER_ERROR,服务异常,服务端 5xx，显示请求 ID，不暴露堆栈。,retry_or_status,P03-033,P03,P03-W05,YL-M-060-S08_SERVER_ERROR,ui/mockups/admin/YL-M-060/YL-M-060-S08_SERVER_ERROR.png,PAGE,,94f525a2a9ecd1d6
YL-M-061-S01_LOADING,YL-M-061,ADMIN,可观测性/AI运行,LOADING,加载中,使用与最终布局一致的 Skeleton，禁止无限 Loading。,automatic_or_retry,P03-034,P03,P03-W05,YL-M-061-S01_LOADING,ui/mockups/admin/YL-M-061/YL-M-061-S01_LOADING.png,PAGE,,4d6b837373153996
YL-M-061-S02_POPULATED,YL-M-061,ADMIN,可观测性/AI运行,POPULATED,有数据,真实结构化数据已加载。,none,P03-034,P03,P03-W05,YL-M-061-S02_POPULATED,ui/mockups/admin/YL-M-061/YL-M-061-S02_POPULATED.png,PAGE,,4d6b837373153996
YL-M-061-S03_EMPTY,YL-M-061,ADMIN,可观测性/AI运行,EMPTY,空数据,显示原因、下一步和主操作；不得使用伪造内容填满。,primary_action_or_refresh,P03-034,P03,P03-W05,YL-M-061-S03_EMPTY,ui/mockups/admin/YL-M-061/YL-M-061-S03_EMPTY.png,PAGE,,4d6b837373153996
YL-M-061-S04_FILTER_ACTIVE,YL-M-061,ADMIN,可观测性/AI运行,FILTER_ACTIVE,筛选生效,清晰展示筛选条件和结果数量。,clear_filter,P03-034,P03,P03-W05,YL-M-061-S04_FILTER_ACTIVE,ui/mockups/admin/YL-M-061/YL-M-061-S04_FILTER_ACTIVE.png,PAGE,,4d6b837373153996
YL-M-061-S05_BULK_SELECTED,YL-M-061,ADMIN,可观测性/AI运行,BULK_SELECTED,批量选择,显示已选数量和允许的批量动作。,clear_selection,P03-034,P03,P03-W05,YL-M-061-S05_BULK_SELECTED,ui/mockups/admin/YL-M-061/YL-M-061-S05_BULK_SELECTED.png,PAGE,,4d6b837373153996
YL-M-061-S06_PERMISSION_DENIED,YL-M-061,ADMIN,可观测性/AI运行,PERMISSION_DENIED,权限不足,不泄露资源存在性，说明所需权限或返回。,back_or_request_access,P03-034,P03,P03-W05,YL-M-061-S06_PERMISSION_DENIED,ui/mockups/admin/YL-M-061/YL-M-061-S06_PERMISSION_DENIED.png,PAGE,,4d6b837373153996
YL-M-061-S07_NETWORK_ERROR,YL-M-061,ADMIN,可观测性/AI运行,NETWORK_ERROR,网络连接失败,网络不可达或 DNS/TLS 失败，提供重试。,retry,P03-034,P03,P03-W05,YL-M-061-S07_NETWORK_ERROR,ui/mockups/admin/YL-M-061/YL-M-061-S07_NETWORK_ERROR.png,PAGE,,4d6b837373153996
YL-M-061-S08_SERVER_ERROR,YL-M-061,ADMIN,可观测性/AI运行,SERVER_ERROR,服务异常,服务端 5xx，显示请求 ID，不暴露堆栈。,retry_or_status,P03-034,P03,P03-W05,YL-M-061-S08_SERVER_ERROR,ui/mockups/admin/YL-M-061/YL-M-061-S08_SERVER_ERROR.png,PAGE,,4d6b837373153996
YL-M-062-S01_LOADING,YL-M-062,ADMIN,模型与供应商/供应商,LOADING,加载中,使用与最终布局一致的 Skeleton，禁止无限 Loading。,automatic_or_retry,P04-002,P04,P04-W01,YL-M-062-S01_LOADING,ui/mockups/admin/YL-M-062/YL-M-062-S01_LOADING.png,PAGE,,387b8092e6ed2128
YL-M-062-S02_POPULATED,YL-M-062,ADMIN,模型与供应商/供应商,POPULATED,有数据,真实结构化数据已加载。,none,P04-002,P04,P04-W01,YL-M-062-S02_POPULATED,ui/mockups/admin/YL-M-062/YL-M-062-S02_POPULATED.png,PAGE,,387b8092e6ed2128
YL-M-062-S03_EMPTY,YL-M-062,ADMIN,模型与供应商/供应商,EMPTY,空数据,显示原因、下一步和主操作；不得使用伪造内容填满。,primary_action_or_refresh,P04-002,P04,P04-W01,YL-M-062-S03_EMPTY,ui/mockups/admin/YL-M-062/YL-M-062-S03_EMPTY.png,PAGE,,387b8092e6ed2128
YL-M-062-S04_FILTER_ACTIVE,YL-M-062,ADMIN,模型与供应商/供应商,FILTER_ACTIVE,筛选生效,清晰展示筛选条件和结果数量。,clear_filter,P04-002,P04,P04-W01,YL-M-062-S04_FILTER_ACTIVE,ui/mockups/admin/YL-M-062/YL-M-062-S04_FILTER_ACTIVE.png,PAGE,,387b8092e6ed2128
YL-M-062-S05_BULK_SELECTED,YL-M-062,ADMIN,模型与供应商/供应商,BULK_SELECTED,批量选择,显示已选数量和允许的批量动作。,clear_selection,P04-002,P04,P04-W01,YL-M-062-S05_BULK_SELECTED,ui/mockups/admin/YL-M-062/YL-M-062-S05_BULK_SELECTED.png,PAGE,,387b8092e6ed2128
YL-M-062-S06_PERMISSION_DENIED,YL-M-062,ADMIN,模型与供应商/供应商,PERMISSION_DENIED,权限不足,不泄露资源存在性，说明所需权限或返回。,back_or_request_access,P04-002,P04,P04-W01,YL-M-062-S06_PERMISSION_DENIED,ui/mockups/admin/YL-M-062/YL-M-062-S06_PERMISSION_DENIED.png,PAGE,,387b8092e6ed2128
YL-M-062-S07_NETWORK_ERROR,YL-M-062,ADMIN,模型与供应商/供应商,NETWORK_ERROR,网络连接失败,网络不可达或 DNS/TLS 失败，提供重试。,retry,P04-002,P04,P04-W01,YL-M-062-S07_NETWORK_ERROR,ui/mockups/admin/YL-M-062/YL-M-062-S07_NETWORK_ERROR.png,PAGE,,387b8092e6ed2128
YL-M-062-S08_SERVER_ERROR,YL-M-062,ADMIN,模型与供应商/供应商,SERVER_ERROR,服务异常,服务端 5xx，显示请求 ID，不暴露堆栈。,retry_or_status,P04-002,P04,P04-W01,YL-M-062-S08_SERVER_ERROR,ui/mockups/admin/YL-M-062/YL-M-062-S08_SERVER_ERROR.png,PAGE,,387b8092e6ed2128
YL-M-063-S01_LOADING,YL-M-063,ADMIN,模型与供应商/推理映射,LOADING,加载中,使用与最终布局一致的 Skeleton，禁止无限 Loading。,automatic_or_retry,P04-005|P04-006|P04-023,P04,P04-W01|P04-W04,YL-M-063-S01_LOADING,ui/mockups/admin/YL-M-063/YL-M-063-S01_LOADING.png,PAGE,,6f695181346abb1f
YL-M-063-S02_POPULATED,YL-M-063,ADMIN,模型与供应商/推理映射,POPULATED,有数据,真实结构化数据已加载。,none,P04-005|P04-006|P04-023,P04,P04-W01|P04-W04,YL-M-063-S02_POPULATED,ui/mockups/admin/YL-M-063/YL-M-063-S02_POPULATED.png,PAGE,,6f695181346abb1f
YL-M-063-S03_EDIT_MODE,YL-M-063,ADMIN,模型与供应商/推理映射,EDIT_MODE,编辑状态,可编辑字段与只读字段明显区分。,save_or_cancel,P04-005|P04-006|P04-023,P04,P04-W01|P04-W04,YL-M-063-S03_EDIT_MODE,ui/mockups/admin/YL-M-063/YL-M-063-S03_EDIT_MODE.png,PAGE,,6f695181346abb1f
YL-M-063-S04_VALIDATION_ERROR,YL-M-063,ADMIN,模型与供应商/推理映射,VALIDATION_ERROR,表单校验失败,字段级错误紧邻字段，首个错误获得焦点。,correct_input,P04-005|P04-006|P04-023,P04,P04-W01|P04-W04,YL-M-063-S04_VALIDATION_ERROR,ui/mockups/admin/YL-M-063/YL-M-063-S04_VALIDATION_ERROR.png,PAGE,,6f695181346abb1f
YL-M-063-S05_DIRTY,YL-M-063,ADMIN,模型与供应商/推理映射,DIRTY,存在未保存修改,离开或关闭前必须确认。,save_or_discard,P04-005|P04-006|P04-023,P04,P04-W01|P04-W04,YL-M-063-S05_DIRTY,ui/mockups/admin/YL-M-063/YL-M-063-S05_DIRTY.png,PAGE,,6f695181346abb1f
YL-M-063-S06_SUBMITTING,YL-M-063,ADMIN,模型与供应商/推理映射,SUBMITTING,提交中,主按钮保留尺寸并显示进度，禁止重复提交。,wait_or_cancel_if_supported,P04-005|P04-006|P04-023,P04,P04-W01|P04-W04,YL-M-063-S06_SUBMITTING,ui/mockups/admin/YL-M-063/YL-M-063-S06_SUBMITTING.png,PAGE,,6f695181346abb1f
YL-M-063-S07_SAVE_SUCCESS,YL-M-063,ADMIN,模型与供应商/推理映射,SAVE_SUCCESS,保存成功,保存结果明确且数据回读一致。,continue,P04-005|P04-006|P04-023,P04,P04-W01|P04-W04,YL-M-063-S07_SAVE_SUCCESS,ui/mockups/admin/YL-M-063/YL-M-063-S07_SAVE_SUCCESS.png,PAGE,,6f695181346abb1f
YL-M-063-S08_VERSION_CONFLICT,YL-M-063,ADMIN,模型与供应商/推理映射,VERSION_CONFLICT,版本冲突,显示当前版本与服务器版本，禁止静默覆盖。,reload_compare_or_force_with_permission,P04-005|P04-006|P04-023,P04,P04-W01|P04-W04,YL-M-063-S08_VERSION_CONFLICT,ui/mockups/admin/YL-M-063/YL-M-063-S08_VERSION_CONFLICT.png,PAGE,,6f695181346abb1f
YL-M-063-S09_ROLLBACK_CONFIRM,YL-M-063,ADMIN,模型与供应商/推理映射,ROLLBACK_CONFIRM,确认回滚,列出目标版本、影响和审计原因。,confirm_or_cancel,P04-005|P04-006|P04-023,P04,P04-W01|P04-W04,YL-M-063-S09_ROLLBACK_CONFIRM,ui/mockups/admin/YL-M-063/YL-M-063-S09_ROLLBACK_CONFIRM.png,PAGE,,6f695181346abb1f
YL-M-063-S10_PERMISSION_DENIED,YL-M-063,ADMIN,模型与供应商/推理映射,PERMISSION_DENIED,权限不足,不泄露资源存在性，说明所需权限或返回。,back_or_request_access,P04-005|P04-006|P04-023,P04,P04-W01|P04-W04,YL-M-063-S10_PERMISSION_DENIED,ui/mockups/admin/YL-M-063/YL-M-063-S10_PERMISSION_DENIED.png,PAGE,,6f695181346abb1f
YL-M-063-S11_SERVER_ERROR,YL-M-063,ADMIN,模型与供应商/推理映射,SERVER_ERROR,服务异常,服务端 5xx，显示请求 ID，不暴露堆栈。,retry_or_status,P04-005|P04-006|P04-023,P04,P04-W01|P04-W04,YL-M-063-S11_SERVER_ERROR,ui/mockups/admin/YL-M-063/YL-M-063-S11_SERVER_ERROR.png,PAGE,,6f695181346abb1f
YL-M-064-S01_LOADING,YL-M-064,ADMIN,模型与供应商/默认配置,LOADING,加载中,使用与最终布局一致的 Skeleton，禁止无限 Loading。,automatic_or_retry,P04-007|P09-016,P04|P09,P04-W02|P09-W04,YL-M-064-S01_LOADING,ui/mockups/admin/YL-M-064/YL-M-064-S01_LOADING.png,PAGE,,38d89f40ee7bba83
YL-M-064-S02_POPULATED,YL-M-064,ADMIN,模型与供应商/默认配置,POPULATED,有数据,真实结构化数据已加载。,none,P04-007|P09-016,P04|P09,P04-W02|P09-W04,YL-M-064-S02_POPULATED,ui/mockups/admin/YL-M-064/YL-M-064-S02_POPULATED.png,PAGE,,38d89f40ee7bba83
YL-M-064-S03_EDIT_MODE,YL-M-064,ADMIN,模型与供应商/默认配置,EDIT_MODE,编辑状态,可编辑字段与只读字段明显区分。,save_or_cancel,P04-007|P09-016,P04|P09,P04-W02|P09-W04,YL-M-064-S03_EDIT_MODE,ui/mockups/admin/YL-M-064/YL-M-064-S03_EDIT_MODE.png,PAGE,,38d89f40ee7bba83
YL-M-064-S04_VALIDATION_ERROR,YL-M-064,ADMIN,模型与供应商/默认配置,VALIDATION_ERROR,表单校验失败,字段级错误紧邻字段，首个错误获得焦点。,correct_input,P04-007|P09-016,P04|P09,P04-W02|P09-W04,YL-M-064-S04_VALIDATION_ERROR,ui/mockups/admin/YL-M-064/YL-M-064-S04_VALIDATION_ERROR.png,PAGE,,38d89f40ee7bba83
YL-M-064-S05_DIRTY,YL-M-064,ADMIN,模型与供应商/默认配置,DIRTY,存在未保存修改,离开或关闭前必须确认。,save_or_discard,P04-007|P09-016,P04|P09,P04-W02|P09-W04,YL-M-064-S05_DIRTY,ui/mockups/admin/YL-M-064/YL-M-064-S05_DIRTY.png,PAGE,,38d89f40ee7bba83
YL-M-064-S06_SUBMITTING,YL-M-064,ADMIN,模型与供应商/默认配置,SUBMITTING,提交中,主按钮保留尺寸并显示进度，禁止重复提交。,wait_or_cancel_if_supported,P04-007|P09-016,P04|P09,P04-W02|P09-W04,YL-M-064-S06_SUBMITTING,ui/mockups/admin/YL-M-064/YL-M-064-S06_SUBMITTING.png,PAGE,,38d89f40ee7bba83
YL-M-064-S07_SAVE_SUCCESS,YL-M-064,ADMIN,模型与供应商/默认配置,SAVE_SUCCESS,保存成功,保存结果明确且数据回读一致。,continue,P04-007|P09-016,P04|P09,P04-W02|P09-W04,YL-M-064-S07_SAVE_SUCCESS,ui/mockups/admin/YL-M-064/YL-M-064-S07_SAVE_SUCCESS.png,PAGE,,38d89f40ee7bba83
YL-M-064-S08_VERSION_CONFLICT,YL-M-064,ADMIN,模型与供应商/默认配置,VERSION_CONFLICT,版本冲突,显示当前版本与服务器版本，禁止静默覆盖。,reload_compare_or_force_with_permission,P04-007|P09-016,P04|P09,P04-W02|P09-W04,YL-M-064-S08_VERSION_CONFLICT,ui/mockups/admin/YL-M-064/YL-M-064-S08_VERSION_CONFLICT.png,PAGE,,38d89f40ee7bba83
YL-M-064-S09_ROLLBACK_CONFIRM,YL-M-064,ADMIN,模型与供应商/默认配置,ROLLBACK_CONFIRM,确认回滚,列出目标版本、影响和审计原因。,confirm_or_cancel,P04-007|P09-016,P04|P09,P04-W02|P09-W04,YL-M-064-S09_ROLLBACK_CONFIRM,ui/mockups/admin/YL-M-064/YL-M-064-S09_ROLLBACK_CONFIRM.png,PAGE,,38d89f40ee7bba83
YL-M-064-S10_PERMISSION_DENIED,YL-M-064,ADMIN,模型与供应商/默认配置,PERMISSION_DENIED,权限不足,不泄露资源存在性，说明所需权限或返回。,back_or_request_access,P04-007|P09-016,P04|P09,P04-W02|P09-W04,YL-M-064-S10_PERMISSION_DENIED,ui/mockups/admin/YL-M-064/YL-M-064-S10_PERMISSION_DENIED.png,PAGE,,38d89f40ee7bba83
YL-M-064-S11_SERVER_ERROR,YL-M-064,ADMIN,模型与供应商/默认配置,SERVER_ERROR,服务异常,服务端 5xx，显示请求 ID，不暴露堆栈。,retry_or_status,P04-007|P09-016,P04|P09,P04-W02|P09-W04,YL-M-064-S11_SERVER_ERROR,ui/mockups/admin/YL-M-064/YL-M-064-S11_SERVER_ERROR.png,PAGE,,38d89f40ee7bba83
YL-M-065-S01_LOADING,YL-M-065,ADMIN,对话与内容/分支,LOADING,加载中,使用与最终布局一致的 Skeleton，禁止无限 Loading。,automatic_or_retry,P04-011|P04-012|P04-013,P04,P04-W02|P04-W03,YL-M-065-S01_LOADING,ui/mockups/admin/YL-M-065/YL-M-065-S01_LOADING.png,PAGE,,902adb15c3d93806
YL-M-065-S02_POPULATED,YL-M-065,ADMIN,对话与内容/分支,POPULATED,有数据,真实结构化数据已加载。,none,P04-011|P04-012|P04-013,P04,P04-W02|P04-W03,YL-M-065-S02_POPULATED,ui/mockups/admin/YL-M-065/YL-M-065-S02_POPULATED.png,PAGE,,902adb15c3d93806
YL-M-065-S03_EMPTY,YL-M-065,ADMIN,对话与内容/分支,EMPTY,空数据,显示原因、下一步和主操作；不得使用伪造内容填满。,primary_action_or_refresh,P04-011|P04-012|P04-013,P04,P04-W02|P04-W03,YL-M-065-S03_EMPTY,ui/mockups/admin/YL-M-065/YL-M-065-S03_EMPTY.png,PAGE,,902adb15c3d93806
YL-M-065-S04_FILTER_ACTIVE,YL-M-065,ADMIN,对话与内容/分支,FILTER_ACTIVE,筛选生效,清晰展示筛选条件和结果数量。,clear_filter,P04-011|P04-012|P04-013,P04,P04-W02|P04-W03,YL-M-065-S04_FILTER_ACTIVE,ui/mockups/admin/YL-M-065/YL-M-065-S04_FILTER_ACTIVE.png,PAGE,,902adb15c3d93806
YL-M-065-S05_BULK_SELECTED,YL-M-065,ADMIN,对话与内容/分支,BULK_SELECTED,批量选择,显示已选数量和允许的批量动作。,clear_selection,P04-011|P04-012|P04-013,P04,P04-W02|P04-W03,YL-M-065-S05_BULK_SELECTED,ui/mockups/admin/YL-M-065/YL-M-065-S05_BULK_SELECTED.png,PAGE,,902adb15c3d93806
YL-M-065-S06_PERMISSION_DENIED,YL-M-065,ADMIN,对话与内容/分支,PERMISSION_DENIED,权限不足,不泄露资源存在性，说明所需权限或返回。,back_or_request_access,P04-011|P04-012|P04-013,P04,P04-W02|P04-W03,YL-M-065-S06_PERMISSION_DENIED,ui/mockups/admin/YL-M-065/YL-M-065-S06_PERMISSION_DENIED.png,PAGE,,902adb15c3d93806
YL-M-065-S07_NETWORK_ERROR,YL-M-065,ADMIN,对话与内容/分支,NETWORK_ERROR,网络连接失败,网络不可达或 DNS/TLS 失败，提供重试。,retry,P04-011|P04-012|P04-013,P04,P04-W02|P04-W03,YL-M-065-S07_NETWORK_ERROR,ui/mockups/admin/YL-M-065/YL-M-065-S07_NETWORK_ERROR.png,PAGE,,902adb15c3d93806
YL-M-065-S08_SERVER_ERROR,YL-M-065,ADMIN,对话与内容/分支,SERVER_ERROR,服务异常,服务端 5xx，显示请求 ID，不暴露堆栈。,retry_or_status,P04-011|P04-012|P04-013,P04,P04-W02|P04-W03,YL-M-065-S08_SERVER_ERROR,ui/mockups/admin/YL-M-065/YL-M-065-S08_SERVER_ERROR.png,PAGE,,902adb15c3d93806
YL-M-066-S01_LOADING,YL-M-066,ADMIN,AI工具/多模型对比,LOADING,加载中,使用与最终布局一致的 Skeleton，禁止无限 Loading。,automatic_or_retry,P04-014|P04-015|P04-016|P04-017,P04,P04-W03,YL-M-066-S01_LOADING,ui/mockups/admin/YL-M-066/YL-M-066-S01_LOADING.png,PAGE,,b3b5e76282fc7334
YL-M-066-S02_POPULATED,YL-M-066,ADMIN,AI工具/多模型对比,POPULATED,有数据,真实结构化数据已加载。,none,P04-014|P04-015|P04-016|P04-017,P04,P04-W03,YL-M-066-S02_POPULATED,ui/mockups/admin/YL-M-066/YL-M-066-S02_POPULATED.png,PAGE,,b3b5e76282fc7334
YL-M-066-S03_EMPTY,YL-M-066,ADMIN,AI工具/多模型对比,EMPTY,空数据,显示原因、下一步和主操作；不得使用伪造内容填满。,primary_action_or_refresh,P04-014|P04-015|P04-016|P04-017,P04,P04-W03,YL-M-066-S03_EMPTY,ui/mockups/admin/YL-M-066/YL-M-066-S03_EMPTY.png,PAGE,,b3b5e76282fc7334
YL-M-066-S04_FILTER_ACTIVE,YL-M-066,ADMIN,AI工具/多模型对比,FILTER_ACTIVE,筛选生效,清晰展示筛选条件和结果数量。,clear_filter,P04-014|P04-015|P04-016|P04-017,P04,P04-W03,YL-M-066-S04_FILTER_ACTIVE,ui/mockups/admin/YL-M-066/YL-M-066-S04_FILTER_ACTIVE.png,PAGE,,b3b5e76282fc7334
YL-M-066-S05_BULK_SELECTED,YL-M-066,ADMIN,AI工具/多模型对比,BULK_SELECTED,批量选择,显示已选数量和允许的批量动作。,clear_selection,P04-014|P04-015|P04-016|P04-017,P04,P04-W03,YL-M-066-S05_BULK_SELECTED,ui/mockups/admin/YL-M-066/YL-M-066-S05_BULK_SELECTED.png,PAGE,,b3b5e76282fc7334
YL-M-066-S06_PERMISSION_DENIED,YL-M-066,ADMIN,AI工具/多模型对比,PERMISSION_DENIED,权限不足,不泄露资源存在性，说明所需权限或返回。,back_or_request_access,P04-014|P04-015|P04-016|P04-017,P04,P04-W03,YL-M-066-S06_PERMISSION_DENIED,ui/mockups/admin/YL-M-066/YL-M-066-S06_PERMISSION_DENIED.png,PAGE,,b3b5e76282fc7334
YL-M-066-S07_NETWORK_ERROR,YL-M-066,ADMIN,AI工具/多模型对比,NETWORK_ERROR,网络连接失败,网络不可达或 DNS/TLS 失败，提供重试。,retry,P04-014|P04-015|P04-016|P04-017,P04,P04-W03,YL-M-066-S07_NETWORK_ERROR,ui/mockups/admin/YL-M-066/YL-M-066-S07_NETWORK_ERROR.png,PAGE,,b3b5e76282fc7334
YL-M-066-S08_SERVER_ERROR,YL-M-066,ADMIN,AI工具/多模型对比,SERVER_ERROR,服务异常,服务端 5xx，显示请求 ID，不暴露堆栈。,retry_or_status,P04-014|P04-015|P04-016|P04-017,P04,P04-W03,YL-M-066-S08_SERVER_ERROR,ui/mockups/admin/YL-M-066/YL-M-066-S08_SERVER_ERROR.png,PAGE,,b3b5e76282fc7334
YL-M-067-S01_LOADING,YL-M-067,ADMIN,模型与供应商/服务状态,LOADING,加载中,使用与最终布局一致的 Skeleton，禁止无限 Loading。,automatic_or_retry,P04-018,P04,P04-W03,YL-M-067-S01_LOADING,ui/mockups/admin/YL-M-067/YL-M-067-S01_LOADING.png,PAGE,,d66a8297aac6a7df
YL-M-067-S02_POPULATED,YL-M-067,ADMIN,模型与供应商/服务状态,POPULATED,有数据,真实结构化数据已加载。,none,P04-018,P04,P04-W03,YL-M-067-S02_POPULATED,ui/mockups/admin/YL-M-067/YL-M-067-S02_POPULATED.png,PAGE,,d66a8297aac6a7df
YL-M-067-S03_EMPTY,YL-M-067,ADMIN,模型与供应商/服务状态,EMPTY,空数据,显示原因、下一步和主操作；不得使用伪造内容填满。,primary_action_or_refresh,P04-018,P04,P04-W03,YL-M-067-S03_EMPTY,ui/mockups/admin/YL-M-067/YL-M-067-S03_EMPTY.png,PAGE,,d66a8297aac6a7df
YL-M-067-S04_FILTER_ACTIVE,YL-M-067,ADMIN,模型与供应商/服务状态,FILTER_ACTIVE,筛选生效,清晰展示筛选条件和结果数量。,clear_filter,P04-018,P04,P04-W03,YL-M-067-S04_FILTER_ACTIVE,ui/mockups/admin/YL-M-067/YL-M-067-S04_FILTER_ACTIVE.png,PAGE,,d66a8297aac6a7df
YL-M-067-S05_PARTIAL_DATA,YL-M-067,ADMIN,模型与供应商/服务状态,PARTIAL_DATA,部分数据,明确哪些数据源不可用以及统计截止时间。,retry_source,P04-018,P04,P04-W03,YL-M-067-S05_PARTIAL_DATA,ui/mockups/admin/YL-M-067/YL-M-067-S05_PARTIAL_DATA.png,PAGE,,d66a8297aac6a7df
YL-M-067-S06_PERMISSION_DENIED,YL-M-067,ADMIN,模型与供应商/服务状态,PERMISSION_DENIED,权限不足,不泄露资源存在性，说明所需权限或返回。,back_or_request_access,P04-018,P04,P04-W03,YL-M-067-S06_PERMISSION_DENIED,ui/mockups/admin/YL-M-067/YL-M-067-S06_PERMISSION_DENIED.png,PAGE,,d66a8297aac6a7df
YL-M-067-S07_SERVER_ERROR,YL-M-067,ADMIN,模型与供应商/服务状态,SERVER_ERROR,服务异常,服务端 5xx，显示请求 ID，不暴露堆栈。,retry_or_status,P04-018,P04,P04-W03,YL-M-067-S07_SERVER_ERROR,ui/mockups/admin/YL-M-067/YL-M-067-S07_SERVER_ERROR.png,PAGE,,d66a8297aac6a7df
YL-M-068-S01_LOADING,YL-M-068,ADMIN,模型与供应商/路由策略,LOADING,加载中,使用与最终布局一致的 Skeleton，禁止无限 Loading。,automatic_or_retry,P04-019|P04-024|P13-009,P04|P13,P04-W04|P13-W02,YL-M-068-S01_LOADING,ui/mockups/admin/YL-M-068/YL-M-068-S01_LOADING.png,PAGE,,7101d48451f6b472
YL-M-068-S02_POPULATED,YL-M-068,ADMIN,模型与供应商/路由策略,POPULATED,有数据,真实结构化数据已加载。,none,P04-019|P04-024|P13-009,P04|P13,P04-W04|P13-W02,YL-M-068-S02_POPULATED,ui/mockups/admin/YL-M-068/YL-M-068-S02_POPULATED.png,PAGE,,7101d48451f6b472
YL-M-068-S03_EDIT_MODE,YL-M-068,ADMIN,模型与供应商/路由策略,EDIT_MODE,编辑状态,可编辑字段与只读字段明显区分。,save_or_cancel,P04-019|P04-024|P13-009,P04|P13,P04-W04|P13-W02,YL-M-068-S03_EDIT_MODE,ui/mockups/admin/YL-M-068/YL-M-068-S03_EDIT_MODE.png,PAGE,,7101d48451f6b472
YL-M-068-S04_VALIDATION_ERROR,YL-M-068,ADMIN,模型与供应商/路由策略,VALIDATION_ERROR,表单校验失败,字段级错误紧邻字段，首个错误获得焦点。,correct_input,P04-019|P04-024|P13-009,P04|P13,P04-W04|P13-W02,YL-M-068-S04_VALIDATION_ERROR,ui/mockups/admin/YL-M-068/YL-M-068-S04_VALIDATION_ERROR.png,PAGE,,7101d48451f6b472
YL-M-068-S05_DIRTY,YL-M-068,ADMIN,模型与供应商/路由策略,DIRTY,存在未保存修改,离开或关闭前必须确认。,save_or_discard,P04-019|P04-024|P13-009,P04|P13,P04-W04|P13-W02,YL-M-068-S05_DIRTY,ui/mockups/admin/YL-M-068/YL-M-068-S05_DIRTY.png,PAGE,,7101d48451f6b472
YL-M-068-S06_SUBMITTING,YL-M-068,ADMIN,模型与供应商/路由策略,SUBMITTING,提交中,主按钮保留尺寸并显示进度，禁止重复提交。,wait_or_cancel_if_supported,P04-019|P04-024|P13-009,P04|P13,P04-W04|P13-W02,YL-M-068-S06_SUBMITTING,ui/mockups/admin/YL-M-068/YL-M-068-S06_SUBMITTING.png,PAGE,,7101d48451f6b472
YL-M-068-S07_SAVE_SUCCESS,YL-M-068,ADMIN,模型与供应商/路由策略,SAVE_SUCCESS,保存成功,保存结果明确且数据回读一致。,continue,P04-019|P04-024|P13-009,P04|P13,P04-W04|P13-W02,YL-M-068-S07_SAVE_SUCCESS,ui/mockups/admin/YL-M-068/YL-M-068-S07_SAVE_SUCCESS.png,PAGE,,7101d48451f6b472
YL-M-068-S08_VERSION_CONFLICT,YL-M-068,ADMIN,模型与供应商/路由策略,VERSION_CONFLICT,版本冲突,显示当前版本与服务器版本，禁止静默覆盖。,reload_compare_or_force_with_permission,P04-019|P04-024|P13-009,P04|P13,P04-W04|P13-W02,YL-M-068-S08_VERSION_CONFLICT,ui/mockups/admin/YL-M-068/YL-M-068-S08_VERSION_CONFLICT.png,PAGE,,7101d48451f6b472
YL-M-068-S09_ROLLBACK_CONFIRM,YL-M-068,ADMIN,模型与供应商/路由策略,ROLLBACK_CONFIRM,确认回滚,列出目标版本、影响和审计原因。,confirm_or_cancel,P04-019|P04-024|P13-009,P04|P13,P04-W04|P13-W02,YL-M-068-S09_ROLLBACK_CONFIRM,ui/mockups/admin/YL-M-068/YL-M-068-S09_ROLLBACK_CONFIRM.png,PAGE,,7101d48451f6b472
YL-M-068-S10_PERMISSION_DENIED,YL-M-068,ADMIN,模型与供应商/路由策略,PERMISSION_DENIED,权限不足,不泄露资源存在性，说明所需权限或返回。,back_or_request_access,P04-019|P04-024|P13-009,P04|P13,P04-W04|P13-W02,YL-M-068-S10_PERMISSION_DENIED,ui/mockups/admin/YL-M-068/YL-M-068-S10_PERMISSION_DENIED.png,PAGE,,7101d48451f6b472
YL-M-068-S11_SERVER_ERROR,YL-M-068,ADMIN,模型与供应商/路由策略,SERVER_ERROR,服务异常,服务端 5xx，显示请求 ID，不暴露堆栈。,retry_or_status,P04-019|P04-024|P13-009,P04|P13,P04-W04|P13-W02,YL-M-068-S11_SERVER_ERROR,ui/mockups/admin/YL-M-068/YL-M-068-S11_SERVER_ERROR.png,PAGE,,7101d48451f6b472
YL-M-069-S01_LOADING,YL-M-069,ADMIN,模型与供应商/通道,LOADING,加载中,使用与最终布局一致的 Skeleton，禁止无限 Loading。,automatic_or_retry,P04-020|P13-006|P13-007|P13-008,P04|P13,P04-W04|P13-W02,YL-M-069-S01_LOADING,ui/mockups/admin/YL-M-069/YL-M-069-S01_LOADING.png,PAGE,,64f7c30a8c77aeb1
YL-M-069-S02_POPULATED,YL-M-069,ADMIN,模型与供应商/通道,POPULATED,有数据,真实结构化数据已加载。,none,P04-020|P13-006|P13-007|P13-008,P04|P13,P04-W04|P13-W02,YL-M-069-S02_POPULATED,ui/mockups/admin/YL-M-069/YL-M-069-S02_POPULATED.png,PAGE,,64f7c30a8c77aeb1
YL-M-069-S03_EDIT_MODE,YL-M-069,ADMIN,模型与供应商/通道,EDIT_MODE,编辑状态,可编辑字段与只读字段明显区分。,save_or_cancel,P04-020|P13-006|P13-007|P13-008,P04|P13,P04-W04|P13-W02,YL-M-069-S03_EDIT_MODE,ui/mockups/admin/YL-M-069/YL-M-069-S03_EDIT_MODE.png,PAGE,,64f7c30a8c77aeb1
YL-M-069-S04_VALIDATION_ERROR,YL-M-069,ADMIN,模型与供应商/通道,VALIDATION_ERROR,表单校验失败,字段级错误紧邻字段，首个错误获得焦点。,correct_input,P04-020|P13-006|P13-007|P13-008,P04|P13,P04-W04|P13-W02,YL-M-069-S04_VALIDATION_ERROR,ui/mockups/admin/YL-M-069/YL-M-069-S04_VALIDATION_ERROR.png,PAGE,,64f7c30a8c77aeb1
YL-M-069-S05_DIRTY,YL-M-069,ADMIN,模型与供应商/通道,DIRTY,存在未保存修改,离开或关闭前必须确认。,save_or_discard,P04-020|P13-006|P13-007|P13-008,P04|P13,P04-W04|P13-W02,YL-M-069-S05_DIRTY,ui/mockups/admin/YL-M-069/YL-M-069-S05_DIRTY.png,PAGE,,64f7c30a8c77aeb1
YL-M-069-S06_SUBMITTING,YL-M-069,ADMIN,模型与供应商/通道,SUBMITTING,提交中,主按钮保留尺寸并显示进度，禁止重复提交。,wait_or_cancel_if_supported,P04-020|P13-006|P13-007|P13-008,P04|P13,P04-W04|P13-W02,YL-M-069-S06_SUBMITTING,ui/mockups/admin/YL-M-069/YL-M-069-S06_SUBMITTING.png,PAGE,,64f7c30a8c77aeb1
YL-M-069-S07_SAVE_SUCCESS,YL-M-069,ADMIN,模型与供应商/通道,SAVE_SUCCESS,保存成功,保存结果明确且数据回读一致。,continue,P04-020|P13-006|P13-007|P13-008,P04|P13,P04-W04|P13-W02,YL-M-069-S07_SAVE_SUCCESS,ui/mockups/admin/YL-M-069/YL-M-069-S07_SAVE_SUCCESS.png,PAGE,,64f7c30a8c77aeb1
YL-M-069-S08_VERSION_CONFLICT,YL-M-069,ADMIN,模型与供应商/通道,VERSION_CONFLICT,版本冲突,显示当前版本与服务器版本，禁止静默覆盖。,reload_compare_or_force_with_permission,P04-020|P13-006|P13-007|P13-008,P04|P13,P04-W04|P13-W02,YL-M-069-S08_VERSION_CONFLICT,ui/mockups/admin/YL-M-069/YL-M-069-S08_VERSION_CONFLICT.png,PAGE,,64f7c30a8c77aeb1
YL-M-069-S09_ROLLBACK_CONFIRM,YL-M-069,ADMIN,模型与供应商/通道,ROLLBACK_CONFIRM,确认回滚,列出目标版本、影响和审计原因。,confirm_or_cancel,P04-020|P13-006|P13-007|P13-008,P04|P13,P04-W04|P13-W02,YL-M-069-S09_ROLLBACK_CONFIRM,ui/mockups/admin/YL-M-069/YL-M-069-S09_ROLLBACK_CONFIRM.png,PAGE,,64f7c30a8c77aeb1
YL-M-069-S10_PERMISSION_DENIED,YL-M-069,ADMIN,模型与供应商/通道,PERMISSION_DENIED,权限不足,不泄露资源存在性，说明所需权限或返回。,back_or_request_access,P04-020|P13-006|P13-007|P13-008,P04|P13,P04-W04|P13-W02,YL-M-069-S10_PERMISSION_DENIED,ui/mockups/admin/YL-M-069/YL-M-069-S10_PERMISSION_DENIED.png,PAGE,,64f7c30a8c77aeb1
YL-M-069-S11_SERVER_ERROR,YL-M-069,ADMIN,模型与供应商/通道,SERVER_ERROR,服务异常,服务端 5xx，显示请求 ID，不暴露堆栈。,retry_or_status,P04-020|P13-006|P13-007|P13-008,P04|P13,P04-W04|P13-W02,YL-M-069-S11_SERVER_ERROR,ui/mockups/admin/YL-M-069/YL-M-069-S11_SERVER_ERROR.png,PAGE,,64f7c30a8c77aeb1
YL-M-070-S01_LOADING,YL-M-070,ADMIN,模型与供应商/能力,LOADING,加载中,使用与最终布局一致的 Skeleton，禁止无限 Loading。,automatic_or_retry,P04-022|P05-007,P04|P05,P04-W04|P05-W01,YL-M-070-S01_LOADING,ui/mockups/admin/YL-M-070/YL-M-070-S01_LOADING.png,PAGE,,154b862ba3098f82
YL-M-070-S02_POPULATED,YL-M-070,ADMIN,模型与供应商/能力,POPULATED,有数据,真实结构化数据已加载。,none,P04-022|P05-007,P04|P05,P04-W04|P05-W01,YL-M-070-S02_POPULATED,ui/mockups/admin/YL-M-070/YL-M-070-S02_POPULATED.png,PAGE,,154b862ba3098f82
YL-M-070-S03_EDIT_MODE,YL-M-070,ADMIN,模型与供应商/能力,EDIT_MODE,编辑状态,可编辑字段与只读字段明显区分。,save_or_cancel,P04-022|P05-007,P04|P05,P04-W04|P05-W01,YL-M-070-S03_EDIT_MODE,ui/mockups/admin/YL-M-070/YL-M-070-S03_EDIT_MODE.png,PAGE,,154b862ba3098f82
YL-M-070-S04_VALIDATION_ERROR,YL-M-070,ADMIN,模型与供应商/能力,VALIDATION_ERROR,表单校验失败,字段级错误紧邻字段，首个错误获得焦点。,correct_input,P04-022|P05-007,P04|P05,P04-W04|P05-W01,YL-M-070-S04_VALIDATION_ERROR,ui/mockups/admin/YL-M-070/YL-M-070-S04_VALIDATION_ERROR.png,PAGE,,154b862ba3098f82
YL-M-070-S05_DIRTY,YL-M-070,ADMIN,模型与供应商/能力,DIRTY,存在未保存修改,离开或关闭前必须确认。,save_or_discard,P04-022|P05-007,P04|P05,P04-W04|P05-W01,YL-M-070-S05_DIRTY,ui/mockups/admin/YL-M-070/YL-M-070-S05_DIRTY.png,PAGE,,154b862ba3098f82
YL-M-070-S06_SUBMITTING,YL-M-070,ADMIN,模型与供应商/能力,SUBMITTING,提交中,主按钮保留尺寸并显示进度，禁止重复提交。,wait_or_cancel_if_supported,P04-022|P05-007,P04|P05,P04-W04|P05-W01,YL-M-070-S06_SUBMITTING,ui/mockups/admin/YL-M-070/YL-M-070-S06_SUBMITTING.png,PAGE,,154b862ba3098f82
YL-M-070-S07_SAVE_SUCCESS,YL-M-070,ADMIN,模型与供应商/能力,SAVE_SUCCESS,保存成功,保存结果明确且数据回读一致。,continue,P04-022|P05-007,P04|P05,P04-W04|P05-W01,YL-M-070-S07_SAVE_SUCCESS,ui/mockups/admin/YL-M-070/YL-M-070-S07_SAVE_SUCCESS.png,PAGE,,154b862ba3098f82
YL-M-070-S08_VERSION_CONFLICT,YL-M-070,ADMIN,模型与供应商/能力,VERSION_CONFLICT,版本冲突,显示当前版本与服务器版本，禁止静默覆盖。,reload_compare_or_force_with_permission,P04-022|P05-007,P04|P05,P04-W04|P05-W01,YL-M-070-S08_VERSION_CONFLICT,ui/mockups/admin/YL-M-070/YL-M-070-S08_VERSION_CONFLICT.png,PAGE,,154b862ba3098f82
YL-M-070-S09_ROLLBACK_CONFIRM,YL-M-070,ADMIN,模型与供应商/能力,ROLLBACK_CONFIRM,确认回滚,列出目标版本、影响和审计原因。,confirm_or_cancel,P04-022|P05-007,P04|P05,P04-W04|P05-W01,YL-M-070-S09_ROLLBACK_CONFIRM,ui/mockups/admin/YL-M-070/YL-M-070-S09_ROLLBACK_CONFIRM.png,PAGE,,154b862ba3098f82
YL-M-070-S10_PERMISSION_DENIED,YL-M-070,ADMIN,模型与供应商/能力,PERMISSION_DENIED,权限不足,不泄露资源存在性，说明所需权限或返回。,back_or_request_access,P04-022|P05-007,P04|P05,P04-W04|P05-W01,YL-M-070-S10_PERMISSION_DENIED,ui/mockups/admin/YL-M-070/YL-M-070-S10_PERMISSION_DENIED.png,PAGE,,154b862ba3098f82
YL-M-070-S11_SERVER_ERROR,YL-M-070,ADMIN,模型与供应商/能力,SERVER_ERROR,服务异常,服务端 5xx，显示请求 ID，不暴露堆栈。,retry_or_status,P04-022|P05-007,P04|P05,P04-W04|P05-W01,YL-M-070-S11_SERVER_ERROR,ui/mockups/admin/YL-M-070/YL-M-070-S11_SERVER_ERROR.png,PAGE,,154b862ba3098f82
YL-M-071-S01_LOADING,YL-M-071,ADMIN,模型与供应商/健康探测,LOADING,加载中,使用与最终布局一致的 Skeleton，禁止无限 Loading。,automatic_or_retry,P04-025,P04,P04-W05,YL-M-071-S01_LOADING,ui/mockups/admin/YL-M-071/YL-M-071-S01_LOADING.png,PAGE,,cec573d4c8d3f44b
YL-M-071-S02_POPULATED,YL-M-071,ADMIN,模型与供应商/健康探测,POPULATED,有数据,真实结构化数据已加载。,none,P04-025,P04,P04-W05,YL-M-071-S02_POPULATED,ui/mockups/admin/YL-M-071/YL-M-071-S02_POPULATED.png,PAGE,,cec573d4c8d3f44b
YL-M-071-S03_EMPTY,YL-M-071,ADMIN,模型与供应商/健康探测,EMPTY,空数据,显示原因、下一步和主操作；不得使用伪造内容填满。,primary_action_or_refresh,P04-025,P04,P04-W05,YL-M-071-S03_EMPTY,ui/mockups/admin/YL-M-071/YL-M-071-S03_EMPTY.png,PAGE,,cec573d4c8d3f44b
YL-M-071-S04_FILTER_ACTIVE,YL-M-071,ADMIN,模型与供应商/健康探测,FILTER_ACTIVE,筛选生效,清晰展示筛选条件和结果数量。,clear_filter,P04-025,P04,P04-W05,YL-M-071-S04_FILTER_ACTIVE,ui/mockups/admin/YL-M-071/YL-M-071-S04_FILTER_ACTIVE.png,PAGE,,cec573d4c8d3f44b
YL-M-071-S05_PARTIAL_DATA,YL-M-071,ADMIN,模型与供应商/健康探测,PARTIAL_DATA,部分数据,明确哪些数据源不可用以及统计截止时间。,retry_source,P04-025,P04,P04-W05,YL-M-071-S05_PARTIAL_DATA,ui/mockups/admin/YL-M-071/YL-M-071-S05_PARTIAL_DATA.png,PAGE,,cec573d4c8d3f44b
YL-M-071-S06_PERMISSION_DENIED,YL-M-071,ADMIN,模型与供应商/健康探测,PERMISSION_DENIED,权限不足,不泄露资源存在性，说明所需权限或返回。,back_or_request_access,P04-025,P04,P04-W05,YL-M-071-S06_PERMISSION_DENIED,ui/mockups/admin/YL-M-071/YL-M-071-S06_PERMISSION_DENIED.png,PAGE,,cec573d4c8d3f44b
YL-M-071-S07_SERVER_ERROR,YL-M-071,ADMIN,模型与供应商/健康探测,SERVER_ERROR,服务异常,服务端 5xx，显示请求 ID，不暴露堆栈。,retry_or_status,P04-025,P04,P04-W05,YL-M-071-S07_SERVER_ERROR,ui/mockups/admin/YL-M-071/YL-M-071-S07_SERVER_ERROR.png,PAGE,,cec573d4c8d3f44b
YL-M-072-S01_LOADING,YL-M-072,ADMIN,模型与供应商/运行策略,LOADING,加载中,使用与最终布局一致的 Skeleton，禁止无限 Loading。,automatic_or_retry,P04-027,P04,P04-W05,YL-M-072-S01_LOADING,ui/mockups/admin/YL-M-072/YL-M-072-S01_LOADING.png,PAGE,,68289ba0aa56b6d7
YL-M-072-S02_POPULATED,YL-M-072,ADMIN,模型与供应商/运行策略,POPULATED,有数据,真实结构化数据已加载。,none,P04-027,P04,P04-W05,YL-M-072-S02_POPULATED,ui/mockups/admin/YL-M-072/YL-M-072-S02_POPULATED.png,PAGE,,68289ba0aa56b6d7
YL-M-072-S03_EDIT_MODE,YL-M-072,ADMIN,模型与供应商/运行策略,EDIT_MODE,编辑状态,可编辑字段与只读字段明显区分。,save_or_cancel,P04-027,P04,P04-W05,YL-M-072-S03_EDIT_MODE,ui/mockups/admin/YL-M-072/YL-M-072-S03_EDIT_MODE.png,PAGE,,68289ba0aa56b6d7
YL-M-072-S04_VALIDATION_ERROR,YL-M-072,ADMIN,模型与供应商/运行策略,VALIDATION_ERROR,表单校验失败,字段级错误紧邻字段，首个错误获得焦点。,correct_input,P04-027,P04,P04-W05,YL-M-072-S04_VALIDATION_ERROR,ui/mockups/admin/YL-M-072/YL-M-072-S04_VALIDATION_ERROR.png,PAGE,,68289ba0aa56b6d7
YL-M-072-S05_DIRTY,YL-M-072,ADMIN,模型与供应商/运行策略,DIRTY,存在未保存修改,离开或关闭前必须确认。,save_or_discard,P04-027,P04,P04-W05,YL-M-072-S05_DIRTY,ui/mockups/admin/YL-M-072/YL-M-072-S05_DIRTY.png,PAGE,,68289ba0aa56b6d7
YL-M-072-S06_SUBMITTING,YL-M-072,ADMIN,模型与供应商/运行策略,SUBMITTING,提交中,主按钮保留尺寸并显示进度，禁止重复提交。,wait_or_cancel_if_supported,P04-027,P04,P04-W05,YL-M-072-S06_SUBMITTING,ui/mockups/admin/YL-M-072/YL-M-072-S06_SUBMITTING.png,PAGE,,68289ba0aa56b6d7
YL-M-072-S07_SAVE_SUCCESS,YL-M-072,ADMIN,模型与供应商/运行策略,SAVE_SUCCESS,保存成功,保存结果明确且数据回读一致。,continue,P04-027,P04,P04-W05,YL-M-072-S07_SAVE_SUCCESS,ui/mockups/admin/YL-M-072/YL-M-072-S07_SAVE_SUCCESS.png,PAGE,,68289ba0aa56b6d7
YL-M-072-S08_VERSION_CONFLICT,YL-M-072,ADMIN,模型与供应商/运行策略,VERSION_CONFLICT,版本冲突,显示当前版本与服务器版本，禁止静默覆盖。,reload_compare_or_force_with_permission,P04-027,P04,P04-W05,YL-M-072-S08_VERSION_CONFLICT,ui/mockups/admin/YL-M-072/YL-M-072-S08_VERSION_CONFLICT.png,PAGE,,68289ba0aa56b6d7
YL-M-072-S09_ROLLBACK_CONFIRM,YL-M-072,ADMIN,模型与供应商/运行策略,ROLLBACK_CONFIRM,确认回滚,列出目标版本、影响和审计原因。,confirm_or_cancel,P04-027,P04,P04-W05,YL-M-072-S09_ROLLBACK_CONFIRM,ui/mockups/admin/YL-M-072/YL-M-072-S09_ROLLBACK_CONFIRM.png,PAGE,,68289ba0aa56b6d7
YL-M-072-S10_PERMISSION_DENIED,YL-M-072,ADMIN,模型与供应商/运行策略,PERMISSION_DENIED,权限不足,不泄露资源存在性，说明所需权限或返回。,back_or_request_access,P04-027,P04,P04-W05,YL-M-072-S10_PERMISSION_DENIED,ui/mockups/admin/YL-M-072/YL-M-072-S10_PERMISSION_DENIED.png,PAGE,,68289ba0aa56b6d7
YL-M-072-S11_SERVER_ERROR,YL-M-072,ADMIN,模型与供应商/运行策略,SERVER_ERROR,服务异常,服务端 5xx，显示请求 ID，不暴露堆栈。,retry_or_status,P04-027,P04,P04-W05,YL-M-072-S11_SERVER_ERROR,ui/mockups/admin/YL-M-072/YL-M-072-S11_SERVER_ERROR.png,PAGE,,68289ba0aa56b6d7
YL-M-073-S01_LOADING,YL-M-073,ADMIN,商业化/用量记录,LOADING,加载中,使用与最终布局一致的 Skeleton，禁止无限 Loading。,automatic_or_retry,P04-028,P04,P04-W05,YL-M-073-S01_LOADING,ui/mockups/admin/YL-M-073/YL-M-073-S01_LOADING.png,PAGE,,d0cf0dc8323635fb
YL-M-073-S02_POPULATED,YL-M-073,ADMIN,商业化/用量记录,POPULATED,有数据,真实结构化数据已加载。,none,P04-028,P04,P04-W05,YL-M-073-S02_POPULATED,ui/mockups/admin/YL-M-073/YL-M-073-S02_POPULATED.png,PAGE,,d0cf0dc8323635fb
YL-M-073-S03_EMPTY,YL-M-073,ADMIN,商业化/用量记录,EMPTY,空数据,显示原因、下一步和主操作；不得使用伪造内容填满。,primary_action_or_refresh,P04-028,P04,P04-W05,YL-M-073-S03_EMPTY,ui/mockups/admin/YL-M-073/YL-M-073-S03_EMPTY.png,PAGE,,d0cf0dc8323635fb
YL-M-073-S04_FILTER_ACTIVE,YL-M-073,ADMIN,商业化/用量记录,FILTER_ACTIVE,筛选生效,清晰展示筛选条件和结果数量。,clear_filter,P04-028,P04,P04-W05,YL-M-073-S04_FILTER_ACTIVE,ui/mockups/admin/YL-M-073/YL-M-073-S04_FILTER_ACTIVE.png,PAGE,,d0cf0dc8323635fb
YL-M-073-S05_BULK_SELECTED,YL-M-073,ADMIN,商业化/用量记录,BULK_SELECTED,批量选择,显示已选数量和允许的批量动作。,clear_selection,P04-028,P04,P04-W05,YL-M-073-S05_BULK_SELECTED,ui/mockups/admin/YL-M-073/YL-M-073-S05_BULK_SELECTED.png,PAGE,,d0cf0dc8323635fb
YL-M-073-S06_PERMISSION_DENIED,YL-M-073,ADMIN,商业化/用量记录,PERMISSION_DENIED,权限不足,不泄露资源存在性，说明所需权限或返回。,back_or_request_access,P04-028,P04,P04-W05,YL-M-073-S06_PERMISSION_DENIED,ui/mockups/admin/YL-M-073/YL-M-073-S06_PERMISSION_DENIED.png,PAGE,,d0cf0dc8323635fb
YL-M-073-S07_NETWORK_ERROR,YL-M-073,ADMIN,商业化/用量记录,NETWORK_ERROR,网络连接失败,网络不可达或 DNS/TLS 失败，提供重试。,retry,P04-028,P04,P04-W05,YL-M-073-S07_NETWORK_ERROR,ui/mockups/admin/YL-M-073/YL-M-073-S07_NETWORK_ERROR.png,PAGE,,d0cf0dc8323635fb
YL-M-073-S08_SERVER_ERROR,YL-M-073,ADMIN,商业化/用量记录,SERVER_ERROR,服务异常,服务端 5xx，显示请求 ID，不暴露堆栈。,retry_or_status,P04-028,P04,P04-W05,YL-M-073-S08_SERVER_ERROR,ui/mockups/admin/YL-M-073/YL-M-073-S08_SERVER_ERROR.png,PAGE,,d0cf0dc8323635fb
YL-M-074-S01_LOADING,YL-M-074,ADMIN,商业化/模型价格,LOADING,加载中,使用与最终布局一致的 Skeleton，禁止无限 Loading。,automatic_or_retry,P04-029|P10-014|P10-029|P11-025,P04|P10|P11,P04-W05|P10-W03|P10-W05|P11-W04,YL-M-074-S01_LOADING,ui/mockups/admin/YL-M-074/YL-M-074-S01_LOADING.png,PAGE,,64465e767b3ba419
YL-M-074-S02_POPULATED,YL-M-074,ADMIN,商业化/模型价格,POPULATED,有数据,真实结构化数据已加载。,none,P04-029|P10-014|P10-029|P11-025,P04|P10|P11,P04-W05|P10-W03|P10-W05|P11-W04,YL-M-074-S02_POPULATED,ui/mockups/admin/YL-M-074/YL-M-074-S02_POPULATED.png,PAGE,,64465e767b3ba419
YL-M-074-S03_EMPTY,YL-M-074,ADMIN,商业化/模型价格,EMPTY,空数据,显示原因、下一步和主操作；不得使用伪造内容填满。,primary_action_or_refresh,P04-029|P10-014|P10-029|P11-025,P04|P10|P11,P04-W05|P10-W03|P10-W05|P11-W04,YL-M-074-S03_EMPTY,ui/mockups/admin/YL-M-074/YL-M-074-S03_EMPTY.png,PAGE,,64465e767b3ba419
YL-M-074-S04_FILTER_ACTIVE,YL-M-074,ADMIN,商业化/模型价格,FILTER_ACTIVE,筛选生效,清晰展示筛选条件和结果数量。,clear_filter,P04-029|P10-014|P10-029|P11-025,P04|P10|P11,P04-W05|P10-W03|P10-W05|P11-W04,YL-M-074-S04_FILTER_ACTIVE,ui/mockups/admin/YL-M-074/YL-M-074-S04_FILTER_ACTIVE.png,PAGE,,64465e767b3ba419
YL-M-074-S05_BULK_SELECTED,YL-M-074,ADMIN,商业化/模型价格,BULK_SELECTED,批量选择,显示已选数量和允许的批量动作。,clear_selection,P04-029|P10-014|P10-029|P11-025,P04|P10|P11,P04-W05|P10-W03|P10-W05|P11-W04,YL-M-074-S05_BULK_SELECTED,ui/mockups/admin/YL-M-074/YL-M-074-S05_BULK_SELECTED.png,PAGE,,64465e767b3ba419
YL-M-074-S06_PERMISSION_DENIED,YL-M-074,ADMIN,商业化/模型价格,PERMISSION_DENIED,权限不足,不泄露资源存在性，说明所需权限或返回。,back_or_request_access,P04-029|P10-014|P10-029|P11-025,P04|P10|P11,P04-W05|P10-W03|P10-W05|P11-W04,YL-M-074-S06_PERMISSION_DENIED,ui/mockups/admin/YL-M-074/YL-M-074-S06_PERMISSION_DENIED.png,PAGE,,64465e767b3ba419
YL-M-074-S07_NETWORK_ERROR,YL-M-074,ADMIN,商业化/模型价格,NETWORK_ERROR,网络连接失败,网络不可达或 DNS/TLS 失败，提供重试。,retry,P04-029|P10-014|P10-029|P11-025,P04|P10|P11,P04-W05|P10-W03|P10-W05|P11-W04,YL-M-074-S07_NETWORK_ERROR,ui/mockups/admin/YL-M-074/YL-M-074-S07_NETWORK_ERROR.png,PAGE,,64465e767b3ba419
YL-M-074-S08_SERVER_ERROR,YL-M-074,ADMIN,商业化/模型价格,SERVER_ERROR,服务异常,服务端 5xx，显示请求 ID，不暴露堆栈。,retry_or_status,P04-029|P10-014|P10-029|P11-025,P04|P10|P11,P04-W05|P10-W03|P10-W05|P11-W04,YL-M-074-S08_SERVER_ERROR,ui/mockups/admin/YL-M-074/YL-M-074-S08_SERVER_ERROR.png,PAGE,,64465e767b3ba419
YL-M-075-S01_LOADING,YL-M-075,ADMIN,运维/事故管理,LOADING,加载中,使用与最终布局一致的 Skeleton，禁止无限 Loading。,automatic_or_retry,P04-030,P04,P04-W05,YL-M-075-S01_LOADING,ui/mockups/admin/YL-M-075/YL-M-075-S01_LOADING.png,PAGE,,083304fd34772f67
YL-M-075-S02_POPULATED,YL-M-075,ADMIN,运维/事故管理,POPULATED,有数据,真实结构化数据已加载。,none,P04-030,P04,P04-W05,YL-M-075-S02_POPULATED,ui/mockups/admin/YL-M-075/YL-M-075-S02_POPULATED.png,PAGE,,083304fd34772f67
YL-M-075-S03_EMPTY,YL-M-075,ADMIN,运维/事故管理,EMPTY,空数据,显示原因、下一步和主操作；不得使用伪造内容填满。,primary_action_or_refresh,P04-030,P04,P04-W05,YL-M-075-S03_EMPTY,ui/mockups/admin/YL-M-075/YL-M-075-S03_EMPTY.png,PAGE,,083304fd34772f67
YL-M-075-S04_FILTER_ACTIVE,YL-M-075,ADMIN,运维/事故管理,FILTER_ACTIVE,筛选生效,清晰展示筛选条件和结果数量。,clear_filter,P04-030,P04,P04-W05,YL-M-075-S04_FILTER_ACTIVE,ui/mockups/admin/YL-M-075/YL-M-075-S04_FILTER_ACTIVE.png,PAGE,,083304fd34772f67
YL-M-075-S05_PARTIAL_DATA,YL-M-075,ADMIN,运维/事故管理,PARTIAL_DATA,部分数据,明确哪些数据源不可用以及统计截止时间。,retry_source,P04-030,P04,P04-W05,YL-M-075-S05_PARTIAL_DATA,ui/mockups/admin/YL-M-075/YL-M-075-S05_PARTIAL_DATA.png,PAGE,,083304fd34772f67
YL-M-075-S06_PERMISSION_DENIED,YL-M-075,ADMIN,运维/事故管理,PERMISSION_DENIED,权限不足,不泄露资源存在性，说明所需权限或返回。,back_or_request_access,P04-030,P04,P04-W05,YL-M-075-S06_PERMISSION_DENIED,ui/mockups/admin/YL-M-075/YL-M-075-S06_PERMISSION_DENIED.png,PAGE,,083304fd34772f67
YL-M-075-S07_SERVER_ERROR,YL-M-075,ADMIN,运维/事故管理,SERVER_ERROR,服务异常,服务端 5xx，显示请求 ID，不暴露堆栈。,retry_or_status,P04-030,P04,P04-W05,YL-M-075-S07_SERVER_ERROR,ui/mockups/admin/YL-M-075/YL-M-075-S07_SERVER_ERROR.png,PAGE,,083304fd34772f67
YL-M-076-S01_LOADING,YL-M-076,ADMIN,文件与存储/文件列表,LOADING,加载中,使用与最终布局一致的 Skeleton，禁止无限 Loading。,automatic_or_retry,P05-001|P05-003|P05-015|P05-016|P05-022|P07-006,P05|P07,P05-W01|P05-W03|P05-W04|P07-W01,YL-M-076-S01_LOADING,ui/mockups/admin/YL-M-076/YL-M-076-S01_LOADING.png,PAGE,,ee0d59224c56abfb
YL-M-076-S02_POPULATED,YL-M-076,ADMIN,文件与存储/文件列表,POPULATED,有数据,真实结构化数据已加载。,none,P05-001|P05-003|P05-015|P05-016|P05-022|P07-006,P05|P07,P05-W01|P05-W03|P05-W04|P07-W01,YL-M-076-S02_POPULATED,ui/mockups/admin/YL-M-076/YL-M-076-S02_POPULATED.png,PAGE,,ee0d59224c56abfb
YL-M-076-S03_EMPTY,YL-M-076,ADMIN,文件与存储/文件列表,EMPTY,空数据,显示原因、下一步和主操作；不得使用伪造内容填满。,primary_action_or_refresh,P05-001|P05-003|P05-015|P05-016|P05-022|P07-006,P05|P07,P05-W01|P05-W03|P05-W04|P07-W01,YL-M-076-S03_EMPTY,ui/mockups/admin/YL-M-076/YL-M-076-S03_EMPTY.png,PAGE,,ee0d59224c56abfb
YL-M-076-S04_FILTER_ACTIVE,YL-M-076,ADMIN,文件与存储/文件列表,FILTER_ACTIVE,筛选生效,清晰展示筛选条件和结果数量。,clear_filter,P05-001|P05-003|P05-015|P05-016|P05-022|P07-006,P05|P07,P05-W01|P05-W03|P05-W04|P07-W01,YL-M-076-S04_FILTER_ACTIVE,ui/mockups/admin/YL-M-076/YL-M-076-S04_FILTER_ACTIVE.png,PAGE,,ee0d59224c56abfb
YL-M-076-S05_BULK_SELECTED,YL-M-076,ADMIN,文件与存储/文件列表,BULK_SELECTED,批量选择,显示已选数量和允许的批量动作。,clear_selection,P05-001|P05-003|P05-015|P05-016|P05-022|P07-006,P05|P07,P05-W01|P05-W03|P05-W04|P07-W01,YL-M-076-S05_BULK_SELECTED,ui/mockups/admin/YL-M-076/YL-M-076-S05_BULK_SELECTED.png,PAGE,,ee0d59224c56abfb
YL-M-076-S06_PERMISSION_DENIED,YL-M-076,ADMIN,文件与存储/文件列表,PERMISSION_DENIED,权限不足,不泄露资源存在性，说明所需权限或返回。,back_or_request_access,P05-001|P05-003|P05-015|P05-016|P05-022|P07-006,P05|P07,P05-W01|P05-W03|P05-W04|P07-W01,YL-M-076-S06_PERMISSION_DENIED,ui/mockups/admin/YL-M-076/YL-M-076-S06_PERMISSION_DENIED.png,PAGE,,ee0d59224c56abfb
YL-M-076-S07_NETWORK_ERROR,YL-M-076,ADMIN,文件与存储/文件列表,NETWORK_ERROR,网络连接失败,网络不可达或 DNS/TLS 失败，提供重试。,retry,P05-001|P05-003|P05-015|P05-016|P05-022|P07-006,P05|P07,P05-W01|P05-W03|P05-W04|P07-W01,YL-M-076-S07_NETWORK_ERROR,ui/mockups/admin/YL-M-076/YL-M-076-S07_NETWORK_ERROR.png,PAGE,,ee0d59224c56abfb
YL-M-076-S08_SERVER_ERROR,YL-M-076,ADMIN,文件与存储/文件列表,SERVER_ERROR,服务异常,服务端 5xx，显示请求 ID，不暴露堆栈。,retry_or_status,P05-001|P05-003|P05-015|P05-016|P05-022|P07-006,P05|P07,P05-W01|P05-W03|P05-W04|P07-W01,YL-M-076-S08_SERVER_ERROR,ui/mockups/admin/YL-M-076/YL-M-076-S08_SERVER_ERROR.png,PAGE,,ee0d59224c56abfb
YL-M-077-S01_LOADING,YL-M-077,ADMIN,文件与存储/上传记录,LOADING,加载中,使用与最终布局一致的 Skeleton，禁止无限 Loading。,automatic_or_retry,P05-002,P05,P05-W01,YL-M-077-S01_LOADING,ui/mockups/admin/YL-M-077/YL-M-077-S01_LOADING.png,PAGE,,e39ec1e04d459b81
YL-M-077-S02_POPULATED,YL-M-077,ADMIN,文件与存储/上传记录,POPULATED,有数据,真实结构化数据已加载。,none,P05-002,P05,P05-W01,YL-M-077-S02_POPULATED,ui/mockups/admin/YL-M-077/YL-M-077-S02_POPULATED.png,PAGE,,e39ec1e04d459b81
YL-M-077-S03_EMPTY,YL-M-077,ADMIN,文件与存储/上传记录,EMPTY,空数据,显示原因、下一步和主操作；不得使用伪造内容填满。,primary_action_or_refresh,P05-002,P05,P05-W01,YL-M-077-S03_EMPTY,ui/mockups/admin/YL-M-077/YL-M-077-S03_EMPTY.png,PAGE,,e39ec1e04d459b81
YL-M-077-S04_FILTER_ACTIVE,YL-M-077,ADMIN,文件与存储/上传记录,FILTER_ACTIVE,筛选生效,清晰展示筛选条件和结果数量。,clear_filter,P05-002,P05,P05-W01,YL-M-077-S04_FILTER_ACTIVE,ui/mockups/admin/YL-M-077/YL-M-077-S04_FILTER_ACTIVE.png,PAGE,,e39ec1e04d459b81
YL-M-077-S05_BULK_SELECTED,YL-M-077,ADMIN,文件与存储/上传记录,BULK_SELECTED,批量选择,显示已选数量和允许的批量动作。,clear_selection,P05-002,P05,P05-W01,YL-M-077-S05_BULK_SELECTED,ui/mockups/admin/YL-M-077/YL-M-077-S05_BULK_SELECTED.png,PAGE,,e39ec1e04d459b81
YL-M-077-S06_PERMISSION_DENIED,YL-M-077,ADMIN,文件与存储/上传记录,PERMISSION_DENIED,权限不足,不泄露资源存在性，说明所需权限或返回。,back_or_request_access,P05-002,P05,P05-W01,YL-M-077-S06_PERMISSION_DENIED,ui/mockups/admin/YL-M-077/YL-M-077-S06_PERMISSION_DENIED.png,PAGE,,e39ec1e04d459b81
YL-M-077-S07_NETWORK_ERROR,YL-M-077,ADMIN,文件与存储/上传记录,NETWORK_ERROR,网络连接失败,网络不可达或 DNS/TLS 失败，提供重试。,retry,P05-002,P05,P05-W01,YL-M-077-S07_NETWORK_ERROR,ui/mockups/admin/YL-M-077/YL-M-077-S07_NETWORK_ERROR.png,PAGE,,e39ec1e04d459b81
YL-M-077-S08_SERVER_ERROR,YL-M-077,ADMIN,文件与存储/上传记录,SERVER_ERROR,服务异常,服务端 5xx，显示请求 ID，不暴露堆栈。,retry_or_status,P05-002,P05,P05-W01,YL-M-077-S08_SERVER_ERROR,ui/mockups/admin/YL-M-077/YL-M-077-S08_SERVER_ERROR.png,PAGE,,e39ec1e04d459b81
YL-M-078-S01_LOADING,YL-M-078,ADMIN,文件与存储/安全策略,LOADING,加载中,使用与最终布局一致的 Skeleton，禁止无限 Loading。,automatic_or_retry,P05-004,P05,P05-W01,YL-M-078-S01_LOADING,ui/mockups/admin/YL-M-078/YL-M-078-S01_LOADING.png,PAGE,,6d26b8c7076261e1
YL-M-078-S02_POPULATED,YL-M-078,ADMIN,文件与存储/安全策略,POPULATED,有数据,真实结构化数据已加载。,none,P05-004,P05,P05-W01,YL-M-078-S02_POPULATED,ui/mockups/admin/YL-M-078/YL-M-078-S02_POPULATED.png,PAGE,,6d26b8c7076261e1
YL-M-078-S03_EDIT_MODE,YL-M-078,ADMIN,文件与存储/安全策略,EDIT_MODE,编辑状态,可编辑字段与只读字段明显区分。,save_or_cancel,P05-004,P05,P05-W01,YL-M-078-S03_EDIT_MODE,ui/mockups/admin/YL-M-078/YL-M-078-S03_EDIT_MODE.png,PAGE,,6d26b8c7076261e1
YL-M-078-S04_VALIDATION_ERROR,YL-M-078,ADMIN,文件与存储/安全策略,VALIDATION_ERROR,表单校验失败,字段级错误紧邻字段，首个错误获得焦点。,correct_input,P05-004,P05,P05-W01,YL-M-078-S04_VALIDATION_ERROR,ui/mockups/admin/YL-M-078/YL-M-078-S04_VALIDATION_ERROR.png,PAGE,,6d26b8c7076261e1
YL-M-078-S05_DIRTY,YL-M-078,ADMIN,文件与存储/安全策略,DIRTY,存在未保存修改,离开或关闭前必须确认。,save_or_discard,P05-004,P05,P05-W01,YL-M-078-S05_DIRTY,ui/mockups/admin/YL-M-078/YL-M-078-S05_DIRTY.png,PAGE,,6d26b8c7076261e1
YL-M-078-S06_SUBMITTING,YL-M-078,ADMIN,文件与存储/安全策略,SUBMITTING,提交中,主按钮保留尺寸并显示进度，禁止重复提交。,wait_or_cancel_if_supported,P05-004,P05,P05-W01,YL-M-078-S06_SUBMITTING,ui/mockups/admin/YL-M-078/YL-M-078-S06_SUBMITTING.png,PAGE,,6d26b8c7076261e1
YL-M-078-S07_SAVE_SUCCESS,YL-M-078,ADMIN,文件与存储/安全策略,SAVE_SUCCESS,保存成功,保存结果明确且数据回读一致。,continue,P05-004,P05,P05-W01,YL-M-078-S07_SAVE_SUCCESS,ui/mockups/admin/YL-M-078/YL-M-078-S07_SAVE_SUCCESS.png,PAGE,,6d26b8c7076261e1
YL-M-078-S08_VERSION_CONFLICT,YL-M-078,ADMIN,文件与存储/安全策略,VERSION_CONFLICT,版本冲突,显示当前版本与服务器版本，禁止静默覆盖。,reload_compare_or_force_with_permission,P05-004,P05,P05-W01,YL-M-078-S08_VERSION_CONFLICT,ui/mockups/admin/YL-M-078/YL-M-078-S08_VERSION_CONFLICT.png,PAGE,,6d26b8c7076261e1
YL-M-078-S09_ROLLBACK_CONFIRM,YL-M-078,ADMIN,文件与存储/安全策略,ROLLBACK_CONFIRM,确认回滚,列出目标版本、影响和审计原因。,confirm_or_cancel,P05-004,P05,P05-W01,YL-M-078-S09_ROLLBACK_CONFIRM,ui/mockups/admin/YL-M-078/YL-M-078-S09_ROLLBACK_CONFIRM.png,PAGE,,6d26b8c7076261e1
YL-M-078-S10_PERMISSION_DENIED,YL-M-078,ADMIN,文件与存储/安全策略,PERMISSION_DENIED,权限不足,不泄露资源存在性，说明所需权限或返回。,back_or_request_access,P05-004,P05,P05-W01,YL-M-078-S10_PERMISSION_DENIED,ui/mockups/admin/YL-M-078/YL-M-078-S10_PERMISSION_DENIED.png,PAGE,,6d26b8c7076261e1
YL-M-078-S11_SERVER_ERROR,YL-M-078,ADMIN,文件与存储/安全策略,SERVER_ERROR,服务异常,服务端 5xx，显示请求 ID，不暴露堆栈。,retry_or_status,P05-004,P05,P05-W01,YL-M-078-S11_SERVER_ERROR,ui/mockups/admin/YL-M-078/YL-M-078-S11_SERVER_ERROR.png,PAGE,,6d26b8c7076261e1
YL-M-079-S01_LOADING,YL-M-079,ADMIN,文件与存储/隔离区,LOADING,加载中,使用与最终布局一致的 Skeleton，禁止无限 Loading。,automatic_or_retry,P05-005,P05,P05-W01,YL-M-079-S01_LOADING,ui/mockups/admin/YL-M-079/YL-M-079-S01_LOADING.png,PAGE,,72dcb32cc6242adf
YL-M-079-S02_POPULATED,YL-M-079,ADMIN,文件与存储/隔离区,POPULATED,有数据,真实结构化数据已加载。,none,P05-005,P05,P05-W01,YL-M-079-S02_POPULATED,ui/mockups/admin/YL-M-079/YL-M-079-S02_POPULATED.png,PAGE,,72dcb32cc6242adf
YL-M-079-S03_EMPTY,YL-M-079,ADMIN,文件与存储/隔离区,EMPTY,空数据,显示原因、下一步和主操作；不得使用伪造内容填满。,primary_action_or_refresh,P05-005,P05,P05-W01,YL-M-079-S03_EMPTY,ui/mockups/admin/YL-M-079/YL-M-079-S03_EMPTY.png,PAGE,,72dcb32cc6242adf
YL-M-079-S04_FILTER_ACTIVE,YL-M-079,ADMIN,文件与存储/隔离区,FILTER_ACTIVE,筛选生效,清晰展示筛选条件和结果数量。,clear_filter,P05-005,P05,P05-W01,YL-M-079-S04_FILTER_ACTIVE,ui/mockups/admin/YL-M-079/YL-M-079-S04_FILTER_ACTIVE.png,PAGE,,72dcb32cc6242adf
YL-M-079-S05_BULK_SELECTED,YL-M-079,ADMIN,文件与存储/隔离区,BULK_SELECTED,批量选择,显示已选数量和允许的批量动作。,clear_selection,P05-005,P05,P05-W01,YL-M-079-S05_BULK_SELECTED,ui/mockups/admin/YL-M-079/YL-M-079-S05_BULK_SELECTED.png,PAGE,,72dcb32cc6242adf
YL-M-079-S06_PERMISSION_DENIED,YL-M-079,ADMIN,文件与存储/隔离区,PERMISSION_DENIED,权限不足,不泄露资源存在性，说明所需权限或返回。,back_or_request_access,P05-005,P05,P05-W01,YL-M-079-S06_PERMISSION_DENIED,ui/mockups/admin/YL-M-079/YL-M-079-S06_PERMISSION_DENIED.png,PAGE,,72dcb32cc6242adf
YL-M-079-S07_NETWORK_ERROR,YL-M-079,ADMIN,文件与存储/隔离区,NETWORK_ERROR,网络连接失败,网络不可达或 DNS/TLS 失败，提供重试。,retry,P05-005,P05,P05-W01,YL-M-079-S07_NETWORK_ERROR,ui/mockups/admin/YL-M-079/YL-M-079-S07_NETWORK_ERROR.png,PAGE,,72dcb32cc6242adf
YL-M-079-S08_SERVER_ERROR,YL-M-079,ADMIN,文件与存储/隔离区,SERVER_ERROR,服务异常,服务端 5xx，显示请求 ID，不暴露堆栈。,retry_or_status,P05-005,P05,P05-W01,YL-M-079-S08_SERVER_ERROR,ui/mockups/admin/YL-M-079/YL-M-079-S08_SERVER_ERROR.png,PAGE,,72dcb32cc6242adf
YL-M-080-S01_LOADING,YL-M-080,ADMIN,文件与存储/处理任务,LOADING,加载中,使用与最终布局一致的 Skeleton，禁止无限 Loading。,automatic_or_retry,P05-006,P05,P05-W01,YL-M-080-S01_LOADING,ui/mockups/admin/YL-M-080/YL-M-080-S01_LOADING.png,PAGE,,a84197f8a9f9f2e7
YL-M-080-S02_POPULATED,YL-M-080,ADMIN,文件与存储/处理任务,POPULATED,有数据,真实结构化数据已加载。,none,P05-006,P05,P05-W01,YL-M-080-S02_POPULATED,ui/mockups/admin/YL-M-080/YL-M-080-S02_POPULATED.png,PAGE,,a84197f8a9f9f2e7
YL-M-080-S03_EMPTY,YL-M-080,ADMIN,文件与存储/处理任务,EMPTY,空数据,显示原因、下一步和主操作；不得使用伪造内容填满。,primary_action_or_refresh,P05-006,P05,P05-W01,YL-M-080-S03_EMPTY,ui/mockups/admin/YL-M-080/YL-M-080-S03_EMPTY.png,PAGE,,a84197f8a9f9f2e7
YL-M-080-S04_FILTER_ACTIVE,YL-M-080,ADMIN,文件与存储/处理任务,FILTER_ACTIVE,筛选生效,清晰展示筛选条件和结果数量。,clear_filter,P05-006,P05,P05-W01,YL-M-080-S04_FILTER_ACTIVE,ui/mockups/admin/YL-M-080/YL-M-080-S04_FILTER_ACTIVE.png,PAGE,,a84197f8a9f9f2e7
YL-M-080-S05_BULK_SELECTED,YL-M-080,ADMIN,文件与存储/处理任务,BULK_SELECTED,批量选择,显示已选数量和允许的批量动作。,clear_selection,P05-006,P05,P05-W01,YL-M-080-S05_BULK_SELECTED,ui/mockups/admin/YL-M-080/YL-M-080-S05_BULK_SELECTED.png,PAGE,,a84197f8a9f9f2e7
YL-M-080-S06_PERMISSION_DENIED,YL-M-080,ADMIN,文件与存储/处理任务,PERMISSION_DENIED,权限不足,不泄露资源存在性，说明所需权限或返回。,back_or_request_access,P05-006,P05,P05-W01,YL-M-080-S06_PERMISSION_DENIED,ui/mockups/admin/YL-M-080/YL-M-080-S06_PERMISSION_DENIED.png,PAGE,,a84197f8a9f9f2e7
YL-M-080-S07_NETWORK_ERROR,YL-M-080,ADMIN,文件与存储/处理任务,NETWORK_ERROR,网络连接失败,网络不可达或 DNS/TLS 失败，提供重试。,retry,P05-006,P05,P05-W01,YL-M-080-S07_NETWORK_ERROR,ui/mockups/admin/YL-M-080/YL-M-080-S07_NETWORK_ERROR.png,PAGE,,a84197f8a9f9f2e7
YL-M-080-S08_SERVER_ERROR,YL-M-080,ADMIN,文件与存储/处理任务,SERVER_ERROR,服务异常,服务端 5xx，显示请求 ID，不暴露堆栈。,retry_or_status,P05-006,P05,P05-W01,YL-M-080-S08_SERVER_ERROR,ui/mockups/admin/YL-M-080/YL-M-080-S08_SERVER_ERROR.png,PAGE,,a84197f8a9f9f2e7
YL-M-081-S01_LOADING,YL-M-081,ADMIN,文件与存储/解析任务,LOADING,加载中,使用与最终布局一致的 Skeleton，禁止无限 Loading。,automatic_or_retry,P05-008|P05-009|P05-010|P05-011|P05-012|P05-023,P05,P05-W02|P05-W04,YL-M-081-S01_LOADING,ui/mockups/admin/YL-M-081/YL-M-081-S01_LOADING.png,PAGE,,2ddfa4f65af21778
YL-M-081-S02_POPULATED,YL-M-081,ADMIN,文件与存储/解析任务,POPULATED,有数据,真实结构化数据已加载。,none,P05-008|P05-009|P05-010|P05-011|P05-012|P05-023,P05,P05-W02|P05-W04,YL-M-081-S02_POPULATED,ui/mockups/admin/YL-M-081/YL-M-081-S02_POPULATED.png,PAGE,,2ddfa4f65af21778
YL-M-081-S03_EMPTY,YL-M-081,ADMIN,文件与存储/解析任务,EMPTY,空数据,显示原因、下一步和主操作；不得使用伪造内容填满。,primary_action_or_refresh,P05-008|P05-009|P05-010|P05-011|P05-012|P05-023,P05,P05-W02|P05-W04,YL-M-081-S03_EMPTY,ui/mockups/admin/YL-M-081/YL-M-081-S03_EMPTY.png,PAGE,,2ddfa4f65af21778
YL-M-081-S04_FILTER_ACTIVE,YL-M-081,ADMIN,文件与存储/解析任务,FILTER_ACTIVE,筛选生效,清晰展示筛选条件和结果数量。,clear_filter,P05-008|P05-009|P05-010|P05-011|P05-012|P05-023,P05,P05-W02|P05-W04,YL-M-081-S04_FILTER_ACTIVE,ui/mockups/admin/YL-M-081/YL-M-081-S04_FILTER_ACTIVE.png,PAGE,,2ddfa4f65af21778
YL-M-081-S05_BULK_SELECTED,YL-M-081,ADMIN,文件与存储/解析任务,BULK_SELECTED,批量选择,显示已选数量和允许的批量动作。,clear_selection,P05-008|P05-009|P05-010|P05-011|P05-012|P05-023,P05,P05-W02|P05-W04,YL-M-081-S05_BULK_SELECTED,ui/mockups/admin/YL-M-081/YL-M-081-S05_BULK_SELECTED.png,PAGE,,2ddfa4f65af21778
YL-M-081-S06_PERMISSION_DENIED,YL-M-081,ADMIN,文件与存储/解析任务,PERMISSION_DENIED,权限不足,不泄露资源存在性，说明所需权限或返回。,back_or_request_access,P05-008|P05-009|P05-010|P05-011|P05-012|P05-023,P05,P05-W02|P05-W04,YL-M-081-S06_PERMISSION_DENIED,ui/mockups/admin/YL-M-081/YL-M-081-S06_PERMISSION_DENIED.png,PAGE,,2ddfa4f65af21778
YL-M-081-S07_NETWORK_ERROR,YL-M-081,ADMIN,文件与存储/解析任务,NETWORK_ERROR,网络连接失败,网络不可达或 DNS/TLS 失败，提供重试。,retry,P05-008|P05-009|P05-010|P05-011|P05-012|P05-023,P05,P05-W02|P05-W04,YL-M-081-S07_NETWORK_ERROR,ui/mockups/admin/YL-M-081/YL-M-081-S07_NETWORK_ERROR.png,PAGE,,2ddfa4f65af21778
YL-M-081-S08_SERVER_ERROR,YL-M-081,ADMIN,文件与存储/解析任务,SERVER_ERROR,服务异常,服务端 5xx，显示请求 ID，不暴露堆栈。,retry_or_status,P05-008|P05-009|P05-010|P05-011|P05-012|P05-023,P05,P05-W02|P05-W04,YL-M-081-S08_SERVER_ERROR,ui/mockups/admin/YL-M-081/YL-M-081-S08_SERVER_ERROR.png,PAGE,,2ddfa4f65af21778
YL-M-082-S01_LOADING,YL-M-082,ADMIN,文件与存储/文件详情,LOADING,加载中,使用与最终布局一致的 Skeleton，禁止无限 Loading。,automatic_or_retry,P05-013|P05-017,P05,P05-W02|P05-W03,YL-M-082-S01_LOADING,ui/mockups/admin/YL-M-082/YL-M-082-S01_LOADING.png,PAGE,,f1641894cce1d1e7
YL-M-082-S02_POPULATED,YL-M-082,ADMIN,文件与存储/文件详情,POPULATED,有数据,真实结构化数据已加载。,none,P05-013|P05-017,P05,P05-W02|P05-W03,YL-M-082-S02_POPULATED,ui/mockups/admin/YL-M-082/YL-M-082-S02_POPULATED.png,PAGE,,f1641894cce1d1e7
YL-M-082-S03_NOT_FOUND,YL-M-082,ADMIN,文件与存储/文件详情,NOT_FOUND,内容不存在,资源不存在、已删除或不可访问。,back,P05-013|P05-017,P05,P05-W02|P05-W03,YL-M-082-S03_NOT_FOUND,ui/mockups/admin/YL-M-082/YL-M-082-S03_NOT_FOUND.png,PAGE,,f1641894cce1d1e7
YL-M-082-S04_EDIT_MODE,YL-M-082,ADMIN,文件与存储/文件详情,EDIT_MODE,编辑状态,可编辑字段与只读字段明显区分。,save_or_cancel,P05-013|P05-017,P05,P05-W02|P05-W03,YL-M-082-S04_EDIT_MODE,ui/mockups/admin/YL-M-082/YL-M-082-S04_EDIT_MODE.png,PAGE,,f1641894cce1d1e7
YL-M-082-S05_DIRTY,YL-M-082,ADMIN,文件与存储/文件详情,DIRTY,存在未保存修改,离开或关闭前必须确认。,save_or_discard,P05-013|P05-017,P05,P05-W02|P05-W03,YL-M-082-S05_DIRTY,ui/mockups/admin/YL-M-082/YL-M-082-S05_DIRTY.png,PAGE,,f1641894cce1d1e7
YL-M-082-S06_SUBMITTING,YL-M-082,ADMIN,文件与存储/文件详情,SUBMITTING,提交中,主按钮保留尺寸并显示进度，禁止重复提交。,wait_or_cancel_if_supported,P05-013|P05-017,P05,P05-W02|P05-W03,YL-M-082-S06_SUBMITTING,ui/mockups/admin/YL-M-082/YL-M-082-S06_SUBMITTING.png,PAGE,,f1641894cce1d1e7
YL-M-082-S07_SAVE_SUCCESS,YL-M-082,ADMIN,文件与存储/文件详情,SAVE_SUCCESS,保存成功,保存结果明确且数据回读一致。,continue,P05-013|P05-017,P05,P05-W02|P05-W03,YL-M-082-S07_SAVE_SUCCESS,ui/mockups/admin/YL-M-082/YL-M-082-S07_SAVE_SUCCESS.png,PAGE,,f1641894cce1d1e7
YL-M-082-S08_VALIDATION_ERROR,YL-M-082,ADMIN,文件与存储/文件详情,VALIDATION_ERROR,表单校验失败,字段级错误紧邻字段，首个错误获得焦点。,correct_input,P05-013|P05-017,P05,P05-W02|P05-W03,YL-M-082-S08_VALIDATION_ERROR,ui/mockups/admin/YL-M-082/YL-M-082-S08_VALIDATION_ERROR.png,PAGE,,f1641894cce1d1e7
YL-M-082-S09_VERSION_CONFLICT,YL-M-082,ADMIN,文件与存储/文件详情,VERSION_CONFLICT,版本冲突,显示当前版本与服务器版本，禁止静默覆盖。,reload_compare_or_force_with_permission,P05-013|P05-017,P05,P05-W02|P05-W03,YL-M-082-S09_VERSION_CONFLICT,ui/mockups/admin/YL-M-082/YL-M-082-S09_VERSION_CONFLICT.png,PAGE,,f1641894cce1d1e7
YL-M-082-S10_PERMISSION_DENIED,YL-M-082,ADMIN,文件与存储/文件详情,PERMISSION_DENIED,权限不足,不泄露资源存在性，说明所需权限或返回。,back_or_request_access,P05-013|P05-017,P05,P05-W02|P05-W03,YL-M-082-S10_PERMISSION_DENIED,ui/mockups/admin/YL-M-082/YL-M-082-S10_PERMISSION_DENIED.png,PAGE,,f1641894cce1d1e7
YL-M-082-S11_SERVER_ERROR,YL-M-082,ADMIN,文件与存储/文件详情,SERVER_ERROR,服务异常,服务端 5xx，显示请求 ID，不暴露堆栈。,retry_or_status,P05-013|P05-017,P05,P05-W02|P05-W03,YL-M-082-S11_SERVER_ERROR,ui/mockups/admin/YL-M-082/YL-M-082-S11_SERVER_ERROR.png,PAGE,,f1641894cce1d1e7
YL-M-083-S01_LOADING,YL-M-083,ADMIN,对话与内容/附件,LOADING,加载中,使用与最终布局一致的 Skeleton，禁止无限 Loading。,automatic_or_retry,P05-014,P05,P05-W03,YL-M-083-S01_LOADING,ui/mockups/admin/YL-M-083/YL-M-083-S01_LOADING.png,PAGE,,61f2b4cf1167cf8a
YL-M-083-S02_POPULATED,YL-M-083,ADMIN,对话与内容/附件,POPULATED,有数据,真实结构化数据已加载。,none,P05-014,P05,P05-W03,YL-M-083-S02_POPULATED,ui/mockups/admin/YL-M-083/YL-M-083-S02_POPULATED.png,PAGE,,61f2b4cf1167cf8a
YL-M-083-S03_EMPTY,YL-M-083,ADMIN,对话与内容/附件,EMPTY,空数据,显示原因、下一步和主操作；不得使用伪造内容填满。,primary_action_or_refresh,P05-014,P05,P05-W03,YL-M-083-S03_EMPTY,ui/mockups/admin/YL-M-083/YL-M-083-S03_EMPTY.png,PAGE,,61f2b4cf1167cf8a
YL-M-083-S04_FILTER_ACTIVE,YL-M-083,ADMIN,对话与内容/附件,FILTER_ACTIVE,筛选生效,清晰展示筛选条件和结果数量。,clear_filter,P05-014,P05,P05-W03,YL-M-083-S04_FILTER_ACTIVE,ui/mockups/admin/YL-M-083/YL-M-083-S04_FILTER_ACTIVE.png,PAGE,,61f2b4cf1167cf8a
YL-M-083-S05_BULK_SELECTED,YL-M-083,ADMIN,对话与内容/附件,BULK_SELECTED,批量选择,显示已选数量和允许的批量动作。,clear_selection,P05-014,P05,P05-W03,YL-M-083-S05_BULK_SELECTED,ui/mockups/admin/YL-M-083/YL-M-083-S05_BULK_SELECTED.png,PAGE,,61f2b4cf1167cf8a
YL-M-083-S06_PERMISSION_DENIED,YL-M-083,ADMIN,对话与内容/附件,PERMISSION_DENIED,权限不足,不泄露资源存在性，说明所需权限或返回。,back_or_request_access,P05-014,P05,P05-W03,YL-M-083-S06_PERMISSION_DENIED,ui/mockups/admin/YL-M-083/YL-M-083-S06_PERMISSION_DENIED.png,PAGE,,61f2b4cf1167cf8a
YL-M-083-S07_NETWORK_ERROR,YL-M-083,ADMIN,对话与内容/附件,NETWORK_ERROR,网络连接失败,网络不可达或 DNS/TLS 失败，提供重试。,retry,P05-014,P05,P05-W03,YL-M-083-S07_NETWORK_ERROR,ui/mockups/admin/YL-M-083/YL-M-083-S07_NETWORK_ERROR.png,PAGE,,61f2b4cf1167cf8a
YL-M-083-S08_SERVER_ERROR,YL-M-083,ADMIN,对话与内容/附件,SERVER_ERROR,服务异常,服务端 5xx，显示请求 ID，不暴露堆栈。,retry_or_status,P05-014,P05,P05-W03,YL-M-083-S08_SERVER_ERROR,ui/mockups/admin/YL-M-083/YL-M-083-S08_SERVER_ERROR.png,PAGE,,61f2b4cf1167cf8a
YL-M-084-S01_LOADING,YL-M-084,ADMIN,文件与存储/下载记录,LOADING,加载中,使用与最终布局一致的 Skeleton，禁止无限 Loading。,automatic_or_retry,P05-018,P05,P05-W03,YL-M-084-S01_LOADING,ui/mockups/admin/YL-M-084/YL-M-084-S01_LOADING.png,PAGE,,4f6fe54b826953ab
YL-M-084-S02_POPULATED,YL-M-084,ADMIN,文件与存储/下载记录,POPULATED,有数据,真实结构化数据已加载。,none,P05-018,P05,P05-W03,YL-M-084-S02_POPULATED,ui/mockups/admin/YL-M-084/YL-M-084-S02_POPULATED.png,PAGE,,4f6fe54b826953ab
YL-M-084-S03_EMPTY,YL-M-084,ADMIN,文件与存储/下载记录,EMPTY,空数据,显示原因、下一步和主操作；不得使用伪造内容填满。,primary_action_or_refresh,P05-018,P05,P05-W03,YL-M-084-S03_EMPTY,ui/mockups/admin/YL-M-084/YL-M-084-S03_EMPTY.png,PAGE,,4f6fe54b826953ab
YL-M-084-S04_FILTER_ACTIVE,YL-M-084,ADMIN,文件与存储/下载记录,FILTER_ACTIVE,筛选生效,清晰展示筛选条件和结果数量。,clear_filter,P05-018,P05,P05-W03,YL-M-084-S04_FILTER_ACTIVE,ui/mockups/admin/YL-M-084/YL-M-084-S04_FILTER_ACTIVE.png,PAGE,,4f6fe54b826953ab
YL-M-084-S05_BULK_SELECTED,YL-M-084,ADMIN,文件与存储/下载记录,BULK_SELECTED,批量选择,显示已选数量和允许的批量动作。,clear_selection,P05-018,P05,P05-W03,YL-M-084-S05_BULK_SELECTED,ui/mockups/admin/YL-M-084/YL-M-084-S05_BULK_SELECTED.png,PAGE,,4f6fe54b826953ab
YL-M-084-S06_PERMISSION_DENIED,YL-M-084,ADMIN,文件与存储/下载记录,PERMISSION_DENIED,权限不足,不泄露资源存在性，说明所需权限或返回。,back_or_request_access,P05-018,P05,P05-W03,YL-M-084-S06_PERMISSION_DENIED,ui/mockups/admin/YL-M-084/YL-M-084-S06_PERMISSION_DENIED.png,PAGE,,4f6fe54b826953ab
YL-M-084-S07_NETWORK_ERROR,YL-M-084,ADMIN,文件与存储/下载记录,NETWORK_ERROR,网络连接失败,网络不可达或 DNS/TLS 失败，提供重试。,retry,P05-018,P05,P05-W03,YL-M-084-S07_NETWORK_ERROR,ui/mockups/admin/YL-M-084/YL-M-084-S07_NETWORK_ERROR.png,PAGE,,4f6fe54b826953ab
YL-M-084-S08_SERVER_ERROR,YL-M-084,ADMIN,文件与存储/下载记录,SERVER_ERROR,服务异常,服务端 5xx，显示请求 ID，不暴露堆栈。,retry_or_status,P05-018,P05,P05-W03,YL-M-084-S08_SERVER_ERROR,ui/mockups/admin/YL-M-084/YL-M-084-S08_SERVER_ERROR.png,PAGE,,4f6fe54b826953ab
YL-M-085-S01_LOADING,YL-M-085,ADMIN,文件与存储/删除策略,LOADING,加载中,使用与最终布局一致的 Skeleton，禁止无限 Loading。,automatic_or_retry,P05-019,P05,P05-W03,YL-M-085-S01_LOADING,ui/mockups/admin/YL-M-085/YL-M-085-S01_LOADING.png,PAGE,,95a4837d823fe68d
YL-M-085-S02_POPULATED,YL-M-085,ADMIN,文件与存储/删除策略,POPULATED,有数据,真实结构化数据已加载。,none,P05-019,P05,P05-W03,YL-M-085-S02_POPULATED,ui/mockups/admin/YL-M-085/YL-M-085-S02_POPULATED.png,PAGE,,95a4837d823fe68d
YL-M-085-S03_EDIT_MODE,YL-M-085,ADMIN,文件与存储/删除策略,EDIT_MODE,编辑状态,可编辑字段与只读字段明显区分。,save_or_cancel,P05-019,P05,P05-W03,YL-M-085-S03_EDIT_MODE,ui/mockups/admin/YL-M-085/YL-M-085-S03_EDIT_MODE.png,PAGE,,95a4837d823fe68d
YL-M-085-S04_VALIDATION_ERROR,YL-M-085,ADMIN,文件与存储/删除策略,VALIDATION_ERROR,表单校验失败,字段级错误紧邻字段，首个错误获得焦点。,correct_input,P05-019,P05,P05-W03,YL-M-085-S04_VALIDATION_ERROR,ui/mockups/admin/YL-M-085/YL-M-085-S04_VALIDATION_ERROR.png,PAGE,,95a4837d823fe68d
YL-M-085-S05_DIRTY,YL-M-085,ADMIN,文件与存储/删除策略,DIRTY,存在未保存修改,离开或关闭前必须确认。,save_or_discard,P05-019,P05,P05-W03,YL-M-085-S05_DIRTY,ui/mockups/admin/YL-M-085/YL-M-085-S05_DIRTY.png,PAGE,,95a4837d823fe68d
YL-M-085-S06_SUBMITTING,YL-M-085,ADMIN,文件与存储/删除策略,SUBMITTING,提交中,主按钮保留尺寸并显示进度，禁止重复提交。,wait_or_cancel_if_supported,P05-019,P05,P05-W03,YL-M-085-S06_SUBMITTING,ui/mockups/admin/YL-M-085/YL-M-085-S06_SUBMITTING.png,PAGE,,95a4837d823fe68d
YL-M-085-S07_SAVE_SUCCESS,YL-M-085,ADMIN,文件与存储/删除策略,SAVE_SUCCESS,保存成功,保存结果明确且数据回读一致。,continue,P05-019,P05,P05-W03,YL-M-085-S07_SAVE_SUCCESS,ui/mockups/admin/YL-M-085/YL-M-085-S07_SAVE_SUCCESS.png,PAGE,,95a4837d823fe68d
YL-M-085-S08_VERSION_CONFLICT,YL-M-085,ADMIN,文件与存储/删除策略,VERSION_CONFLICT,版本冲突,显示当前版本与服务器版本，禁止静默覆盖。,reload_compare_or_force_with_permission,P05-019,P05,P05-W03,YL-M-085-S08_VERSION_CONFLICT,ui/mockups/admin/YL-M-085/YL-M-085-S08_VERSION_CONFLICT.png,PAGE,,95a4837d823fe68d
YL-M-085-S09_ROLLBACK_CONFIRM,YL-M-085,ADMIN,文件与存储/删除策略,ROLLBACK_CONFIRM,确认回滚,列出目标版本、影响和审计原因。,confirm_or_cancel,P05-019,P05,P05-W03,YL-M-085-S09_ROLLBACK_CONFIRM,ui/mockups/admin/YL-M-085/YL-M-085-S09_ROLLBACK_CONFIRM.png,PAGE,,95a4837d823fe68d
YL-M-085-S10_PERMISSION_DENIED,YL-M-085,ADMIN,文件与存储/删除策略,PERMISSION_DENIED,权限不足,不泄露资源存在性，说明所需权限或返回。,back_or_request_access,P05-019,P05,P05-W03,YL-M-085-S10_PERMISSION_DENIED,ui/mockups/admin/YL-M-085/YL-M-085-S10_PERMISSION_DENIED.png,PAGE,,95a4837d823fe68d
YL-M-085-S11_SERVER_ERROR,YL-M-085,ADMIN,文件与存储/删除策略,SERVER_ERROR,服务异常,服务端 5xx，显示请求 ID，不暴露堆栈。,retry_or_status,P05-019,P05,P05-W03,YL-M-085-S11_SERVER_ERROR,ui/mockups/admin/YL-M-085/YL-M-085-S11_SERVER_ERROR.png,PAGE,,95a4837d823fe68d
YL-M-086-S01_LOADING,YL-M-086,ADMIN,商业化/权益配置,LOADING,加载中,使用与最终布局一致的 Skeleton，禁止无限 Loading。,automatic_or_retry,P05-020|P06-018,P05|P06,P05-W04|P06-W04,YL-M-086-S01_LOADING,ui/mockups/admin/YL-M-086/YL-M-086-S01_LOADING.png,PAGE,,596179b46878a440
YL-M-086-S02_POPULATED,YL-M-086,ADMIN,商业化/权益配置,POPULATED,有数据,真实结构化数据已加载。,none,P05-020|P06-018,P05|P06,P05-W04|P06-W04,YL-M-086-S02_POPULATED,ui/mockups/admin/YL-M-086/YL-M-086-S02_POPULATED.png,PAGE,,596179b46878a440
YL-M-086-S03_EDIT_MODE,YL-M-086,ADMIN,商业化/权益配置,EDIT_MODE,编辑状态,可编辑字段与只读字段明显区分。,save_or_cancel,P05-020|P06-018,P05|P06,P05-W04|P06-W04,YL-M-086-S03_EDIT_MODE,ui/mockups/admin/YL-M-086/YL-M-086-S03_EDIT_MODE.png,PAGE,,596179b46878a440
YL-M-086-S04_VALIDATION_ERROR,YL-M-086,ADMIN,商业化/权益配置,VALIDATION_ERROR,表单校验失败,字段级错误紧邻字段，首个错误获得焦点。,correct_input,P05-020|P06-018,P05|P06,P05-W04|P06-W04,YL-M-086-S04_VALIDATION_ERROR,ui/mockups/admin/YL-M-086/YL-M-086-S04_VALIDATION_ERROR.png,PAGE,,596179b46878a440
YL-M-086-S05_DIRTY,YL-M-086,ADMIN,商业化/权益配置,DIRTY,存在未保存修改,离开或关闭前必须确认。,save_or_discard,P05-020|P06-018,P05|P06,P05-W04|P06-W04,YL-M-086-S05_DIRTY,ui/mockups/admin/YL-M-086/YL-M-086-S05_DIRTY.png,PAGE,,596179b46878a440
YL-M-086-S06_SUBMITTING,YL-M-086,ADMIN,商业化/权益配置,SUBMITTING,提交中,主按钮保留尺寸并显示进度，禁止重复提交。,wait_or_cancel_if_supported,P05-020|P06-018,P05|P06,P05-W04|P06-W04,YL-M-086-S06_SUBMITTING,ui/mockups/admin/YL-M-086/YL-M-086-S06_SUBMITTING.png,PAGE,,596179b46878a440
YL-M-086-S07_SAVE_SUCCESS,YL-M-086,ADMIN,商业化/权益配置,SAVE_SUCCESS,保存成功,保存结果明确且数据回读一致。,continue,P05-020|P06-018,P05|P06,P05-W04|P06-W04,YL-M-086-S07_SAVE_SUCCESS,ui/mockups/admin/YL-M-086/YL-M-086-S07_SAVE_SUCCESS.png,PAGE,,596179b46878a440
YL-M-086-S08_VERSION_CONFLICT,YL-M-086,ADMIN,商业化/权益配置,VERSION_CONFLICT,版本冲突,显示当前版本与服务器版本，禁止静默覆盖。,reload_compare_or_force_with_permission,P05-020|P06-018,P05|P06,P05-W04|P06-W04,YL-M-086-S08_VERSION_CONFLICT,ui/mockups/admin/YL-M-086/YL-M-086-S08_VERSION_CONFLICT.png,PAGE,,596179b46878a440
YL-M-086-S09_ROLLBACK_CONFIRM,YL-M-086,ADMIN,商业化/权益配置,ROLLBACK_CONFIRM,确认回滚,列出目标版本、影响和审计原因。,confirm_or_cancel,P05-020|P06-018,P05|P06,P05-W04|P06-W04,YL-M-086-S09_ROLLBACK_CONFIRM,ui/mockups/admin/YL-M-086/YL-M-086-S09_ROLLBACK_CONFIRM.png,PAGE,,596179b46878a440
YL-M-086-S10_PERMISSION_DENIED,YL-M-086,ADMIN,商业化/权益配置,PERMISSION_DENIED,权限不足,不泄露资源存在性，说明所需权限或返回。,back_or_request_access,P05-020|P06-018,P05|P06,P05-W04|P06-W04,YL-M-086-S10_PERMISSION_DENIED,ui/mockups/admin/YL-M-086/YL-M-086-S10_PERMISSION_DENIED.png,PAGE,,596179b46878a440
YL-M-086-S11_SERVER_ERROR,YL-M-086,ADMIN,商业化/权益配置,SERVER_ERROR,服务异常,服务端 5xx，显示请求 ID，不暴露堆栈。,retry_or_status,P05-020|P06-018,P05|P06,P05-W04|P06-W04,YL-M-086-S11_SERVER_ERROR,ui/mockups/admin/YL-M-086/YL-M-086-S11_SERVER_ERROR.png,PAGE,,596179b46878a440
YL-M-087-S01_LOADING,YL-M-087,ADMIN,文件与存储/清理任务,LOADING,加载中,使用与最终布局一致的 Skeleton，禁止无限 Loading。,automatic_or_retry,P05-021|P05-025,P05,P05-W04,YL-M-087-S01_LOADING,ui/mockups/admin/YL-M-087/YL-M-087-S01_LOADING.png,PAGE,,b0679356001ad826
YL-M-087-S02_POPULATED,YL-M-087,ADMIN,文件与存储/清理任务,POPULATED,有数据,真实结构化数据已加载。,none,P05-021|P05-025,P05,P05-W04,YL-M-087-S02_POPULATED,ui/mockups/admin/YL-M-087/YL-M-087-S02_POPULATED.png,PAGE,,b0679356001ad826
YL-M-087-S03_EMPTY,YL-M-087,ADMIN,文件与存储/清理任务,EMPTY,空数据,显示原因、下一步和主操作；不得使用伪造内容填满。,primary_action_or_refresh,P05-021|P05-025,P05,P05-W04,YL-M-087-S03_EMPTY,ui/mockups/admin/YL-M-087/YL-M-087-S03_EMPTY.png,PAGE,,b0679356001ad826
YL-M-087-S04_FILTER_ACTIVE,YL-M-087,ADMIN,文件与存储/清理任务,FILTER_ACTIVE,筛选生效,清晰展示筛选条件和结果数量。,clear_filter,P05-021|P05-025,P05,P05-W04,YL-M-087-S04_FILTER_ACTIVE,ui/mockups/admin/YL-M-087/YL-M-087-S04_FILTER_ACTIVE.png,PAGE,,b0679356001ad826
YL-M-087-S05_BULK_SELECTED,YL-M-087,ADMIN,文件与存储/清理任务,BULK_SELECTED,批量选择,显示已选数量和允许的批量动作。,clear_selection,P05-021|P05-025,P05,P05-W04,YL-M-087-S05_BULK_SELECTED,ui/mockups/admin/YL-M-087/YL-M-087-S05_BULK_SELECTED.png,PAGE,,b0679356001ad826
YL-M-087-S06_PERMISSION_DENIED,YL-M-087,ADMIN,文件与存储/清理任务,PERMISSION_DENIED,权限不足,不泄露资源存在性，说明所需权限或返回。,back_or_request_access,P05-021|P05-025,P05,P05-W04,YL-M-087-S06_PERMISSION_DENIED,ui/mockups/admin/YL-M-087/YL-M-087-S06_PERMISSION_DENIED.png,PAGE,,b0679356001ad826
YL-M-087-S07_NETWORK_ERROR,YL-M-087,ADMIN,文件与存储/清理任务,NETWORK_ERROR,网络连接失败,网络不可达或 DNS/TLS 失败，提供重试。,retry,P05-021|P05-025,P05,P05-W04,YL-M-087-S07_NETWORK_ERROR,ui/mockups/admin/YL-M-087/YL-M-087-S07_NETWORK_ERROR.png,PAGE,,b0679356001ad826
YL-M-087-S08_SERVER_ERROR,YL-M-087,ADMIN,文件与存储/清理任务,SERVER_ERROR,服务异常,服务端 5xx，显示请求 ID，不暴露堆栈。,retry_or_status,P05-021|P05-025,P05,P05-W04,YL-M-087-S08_SERVER_ERROR,ui/mockups/admin/YL-M-087/YL-M-087-S08_SERVER_ERROR.png,PAGE,,b0679356001ad826
YL-M-088-S01_LOADING,YL-M-088,ADMIN,文件与存储/供应商引用,LOADING,加载中,使用与最终布局一致的 Skeleton，禁止无限 Loading。,automatic_or_retry,P05-024,P05,P05-W04,YL-M-088-S01_LOADING,ui/mockups/admin/YL-M-088/YL-M-088-S01_LOADING.png,PAGE,,947e84cac2b73a32
YL-M-088-S02_POPULATED,YL-M-088,ADMIN,文件与存储/供应商引用,POPULATED,有数据,真实结构化数据已加载。,none,P05-024,P05,P05-W04,YL-M-088-S02_POPULATED,ui/mockups/admin/YL-M-088/YL-M-088-S02_POPULATED.png,PAGE,,947e84cac2b73a32
YL-M-088-S03_EMPTY,YL-M-088,ADMIN,文件与存储/供应商引用,EMPTY,空数据,显示原因、下一步和主操作；不得使用伪造内容填满。,primary_action_or_refresh,P05-024,P05,P05-W04,YL-M-088-S03_EMPTY,ui/mockups/admin/YL-M-088/YL-M-088-S03_EMPTY.png,PAGE,,947e84cac2b73a32
YL-M-088-S04_FILTER_ACTIVE,YL-M-088,ADMIN,文件与存储/供应商引用,FILTER_ACTIVE,筛选生效,清晰展示筛选条件和结果数量。,clear_filter,P05-024,P05,P05-W04,YL-M-088-S04_FILTER_ACTIVE,ui/mockups/admin/YL-M-088/YL-M-088-S04_FILTER_ACTIVE.png,PAGE,,947e84cac2b73a32
YL-M-088-S05_BULK_SELECTED,YL-M-088,ADMIN,文件与存储/供应商引用,BULK_SELECTED,批量选择,显示已选数量和允许的批量动作。,clear_selection,P05-024,P05,P05-W04,YL-M-088-S05_BULK_SELECTED,ui/mockups/admin/YL-M-088/YL-M-088-S05_BULK_SELECTED.png,PAGE,,947e84cac2b73a32
YL-M-088-S06_PERMISSION_DENIED,YL-M-088,ADMIN,文件与存储/供应商引用,PERMISSION_DENIED,权限不足,不泄露资源存在性，说明所需权限或返回。,back_or_request_access,P05-024,P05,P05-W04,YL-M-088-S06_PERMISSION_DENIED,ui/mockups/admin/YL-M-088/YL-M-088-S06_PERMISSION_DENIED.png,PAGE,,947e84cac2b73a32
YL-M-088-S07_NETWORK_ERROR,YL-M-088,ADMIN,文件与存储/供应商引用,NETWORK_ERROR,网络连接失败,网络不可达或 DNS/TLS 失败，提供重试。,retry,P05-024,P05,P05-W04,YL-M-088-S07_NETWORK_ERROR,ui/mockups/admin/YL-M-088/YL-M-088-S07_NETWORK_ERROR.png,PAGE,,947e84cac2b73a32
YL-M-088-S08_SERVER_ERROR,YL-M-088,ADMIN,文件与存储/供应商引用,SERVER_ERROR,服务异常,服务端 5xx，显示请求 ID，不暴露堆栈。,retry_or_status,P05-024,P05,P05-W04,YL-M-088-S08_SERVER_ERROR,ui/mockups/admin/YL-M-088/YL-M-088-S08_SERVER_ERROR.png,PAGE,,947e84cac2b73a32
YL-M-089-S01_LOADING,YL-M-089,ADMIN,项目与知识库/项目列表,LOADING,加载中,使用与最终布局一致的 Skeleton，禁止无限 Loading。,automatic_or_retry,P06-001|P06-002|P06-005,P06,P06-W01,YL-M-089-S01_LOADING,ui/mockups/admin/YL-M-089/YL-M-089-S01_LOADING.png,PAGE,,66129fd4c084be78
YL-M-089-S02_POPULATED,YL-M-089,ADMIN,项目与知识库/项目列表,POPULATED,有数据,真实结构化数据已加载。,none,P06-001|P06-002|P06-005,P06,P06-W01,YL-M-089-S02_POPULATED,ui/mockups/admin/YL-M-089/YL-M-089-S02_POPULATED.png,PAGE,,66129fd4c084be78
YL-M-089-S03_EMPTY,YL-M-089,ADMIN,项目与知识库/项目列表,EMPTY,空数据,显示原因、下一步和主操作；不得使用伪造内容填满。,primary_action_or_refresh,P06-001|P06-002|P06-005,P06,P06-W01,YL-M-089-S03_EMPTY,ui/mockups/admin/YL-M-089/YL-M-089-S03_EMPTY.png,PAGE,,66129fd4c084be78
YL-M-089-S04_FILTER_ACTIVE,YL-M-089,ADMIN,项目与知识库/项目列表,FILTER_ACTIVE,筛选生效,清晰展示筛选条件和结果数量。,clear_filter,P06-001|P06-002|P06-005,P06,P06-W01,YL-M-089-S04_FILTER_ACTIVE,ui/mockups/admin/YL-M-089/YL-M-089-S04_FILTER_ACTIVE.png,PAGE,,66129fd4c084be78
YL-M-089-S05_BULK_SELECTED,YL-M-089,ADMIN,项目与知识库/项目列表,BULK_SELECTED,批量选择,显示已选数量和允许的批量动作。,clear_selection,P06-001|P06-002|P06-005,P06,P06-W01,YL-M-089-S05_BULK_SELECTED,ui/mockups/admin/YL-M-089/YL-M-089-S05_BULK_SELECTED.png,PAGE,,66129fd4c084be78
YL-M-089-S06_PERMISSION_DENIED,YL-M-089,ADMIN,项目与知识库/项目列表,PERMISSION_DENIED,权限不足,不泄露资源存在性，说明所需权限或返回。,back_or_request_access,P06-001|P06-002|P06-005,P06,P06-W01,YL-M-089-S06_PERMISSION_DENIED,ui/mockups/admin/YL-M-089/YL-M-089-S06_PERMISSION_DENIED.png,PAGE,,66129fd4c084be78
YL-M-089-S07_NETWORK_ERROR,YL-M-089,ADMIN,项目与知识库/项目列表,NETWORK_ERROR,网络连接失败,网络不可达或 DNS/TLS 失败，提供重试。,retry,P06-001|P06-002|P06-005,P06,P06-W01,YL-M-089-S07_NETWORK_ERROR,ui/mockups/admin/YL-M-089/YL-M-089-S07_NETWORK_ERROR.png,PAGE,,66129fd4c084be78
YL-M-089-S08_SERVER_ERROR,YL-M-089,ADMIN,项目与知识库/项目列表,SERVER_ERROR,服务异常,服务端 5xx，显示请求 ID，不暴露堆栈。,retry_or_status,P06-001|P06-002|P06-005,P06,P06-W01,YL-M-089-S08_SERVER_ERROR,ui/mockups/admin/YL-M-089/YL-M-089-S08_SERVER_ERROR.png,PAGE,,66129fd4c084be78
YL-M-090-S01_LOADING,YL-M-090,ADMIN,项目与知识库/项目详情,LOADING,加载中,使用与最终布局一致的 Skeleton，禁止无限 Loading。,automatic_or_retry,P06-003|P06-004|P06-007|P06-009,P06,P06-W01|P06-W02,YL-M-090-S01_LOADING,ui/mockups/admin/YL-M-090/YL-M-090-S01_LOADING.png,PAGE,,e8778cca85d89221
YL-M-090-S02_POPULATED,YL-M-090,ADMIN,项目与知识库/项目详情,POPULATED,有数据,真实结构化数据已加载。,none,P06-003|P06-004|P06-007|P06-009,P06,P06-W01|P06-W02,YL-M-090-S02_POPULATED,ui/mockups/admin/YL-M-090/YL-M-090-S02_POPULATED.png,PAGE,,e8778cca85d89221
YL-M-090-S03_NOT_FOUND,YL-M-090,ADMIN,项目与知识库/项目详情,NOT_FOUND,内容不存在,资源不存在、已删除或不可访问。,back,P06-003|P06-004|P06-007|P06-009,P06,P06-W01|P06-W02,YL-M-090-S03_NOT_FOUND,ui/mockups/admin/YL-M-090/YL-M-090-S03_NOT_FOUND.png,PAGE,,e8778cca85d89221
YL-M-090-S04_EDIT_MODE,YL-M-090,ADMIN,项目与知识库/项目详情,EDIT_MODE,编辑状态,可编辑字段与只读字段明显区分。,save_or_cancel,P06-003|P06-004|P06-007|P06-009,P06,P06-W01|P06-W02,YL-M-090-S04_EDIT_MODE,ui/mockups/admin/YL-M-090/YL-M-090-S04_EDIT_MODE.png,PAGE,,e8778cca85d89221
YL-M-090-S05_DIRTY,YL-M-090,ADMIN,项目与知识库/项目详情,DIRTY,存在未保存修改,离开或关闭前必须确认。,save_or_discard,P06-003|P06-004|P06-007|P06-009,P06,P06-W01|P06-W02,YL-M-090-S05_DIRTY,ui/mockups/admin/YL-M-090/YL-M-090-S05_DIRTY.png,PAGE,,e8778cca85d89221
YL-M-090-S06_SUBMITTING,YL-M-090,ADMIN,项目与知识库/项目详情,SUBMITTING,提交中,主按钮保留尺寸并显示进度，禁止重复提交。,wait_or_cancel_if_supported,P06-003|P06-004|P06-007|P06-009,P06,P06-W01|P06-W02,YL-M-090-S06_SUBMITTING,ui/mockups/admin/YL-M-090/YL-M-090-S06_SUBMITTING.png,PAGE,,e8778cca85d89221
YL-M-090-S07_SAVE_SUCCESS,YL-M-090,ADMIN,项目与知识库/项目详情,SAVE_SUCCESS,保存成功,保存结果明确且数据回读一致。,continue,P06-003|P06-004|P06-007|P06-009,P06,P06-W01|P06-W02,YL-M-090-S07_SAVE_SUCCESS,ui/mockups/admin/YL-M-090/YL-M-090-S07_SAVE_SUCCESS.png,PAGE,,e8778cca85d89221
YL-M-090-S08_VALIDATION_ERROR,YL-M-090,ADMIN,项目与知识库/项目详情,VALIDATION_ERROR,表单校验失败,字段级错误紧邻字段，首个错误获得焦点。,correct_input,P06-003|P06-004|P06-007|P06-009,P06,P06-W01|P06-W02,YL-M-090-S08_VALIDATION_ERROR,ui/mockups/admin/YL-M-090/YL-M-090-S08_VALIDATION_ERROR.png,PAGE,,e8778cca85d89221
YL-M-090-S09_VERSION_CONFLICT,YL-M-090,ADMIN,项目与知识库/项目详情,VERSION_CONFLICT,版本冲突,显示当前版本与服务器版本，禁止静默覆盖。,reload_compare_or_force_with_permission,P06-003|P06-004|P06-007|P06-009,P06,P06-W01|P06-W02,YL-M-090-S09_VERSION_CONFLICT,ui/mockups/admin/YL-M-090/YL-M-090-S09_VERSION_CONFLICT.png,PAGE,,e8778cca85d89221
YL-M-090-S10_PERMISSION_DENIED,YL-M-090,ADMIN,项目与知识库/项目详情,PERMISSION_DENIED,权限不足,不泄露资源存在性，说明所需权限或返回。,back_or_request_access,P06-003|P06-004|P06-007|P06-009,P06,P06-W01|P06-W02,YL-M-090-S10_PERMISSION_DENIED,ui/mockups/admin/YL-M-090/YL-M-090-S10_PERMISSION_DENIED.png,PAGE,,e8778cca85d89221
YL-M-090-S11_SERVER_ERROR,YL-M-090,ADMIN,项目与知识库/项目详情,SERVER_ERROR,服务异常,服务端 5xx，显示请求 ID，不暴露堆栈。,retry_or_status,P06-003|P06-004|P06-007|P06-009,P06,P06-W01|P06-W02,YL-M-090-S11_SERVER_ERROR,ui/mockups/admin/YL-M-090/YL-M-090-S11_SERVER_ERROR.png,PAGE,,e8778cca85d89221
YL-M-091-S01_LOADING,YL-M-091,ADMIN,项目与知识库/项目指令,LOADING,加载中,使用与最终布局一致的 Skeleton，禁止无限 Loading。,automatic_or_retry,P06-006,P06,P06-W02,YL-M-091-S01_LOADING,ui/mockups/admin/YL-M-091/YL-M-091-S01_LOADING.png,PAGE,,79f419c85f305826
YL-M-091-S02_POPULATED,YL-M-091,ADMIN,项目与知识库/项目指令,POPULATED,有数据,真实结构化数据已加载。,none,P06-006,P06,P06-W02,YL-M-091-S02_POPULATED,ui/mockups/admin/YL-M-091/YL-M-091-S02_POPULATED.png,PAGE,,79f419c85f305826
YL-M-091-S03_EMPTY,YL-M-091,ADMIN,项目与知识库/项目指令,EMPTY,空数据,显示原因、下一步和主操作；不得使用伪造内容填满。,primary_action_or_refresh,P06-006,P06,P06-W02,YL-M-091-S03_EMPTY,ui/mockups/admin/YL-M-091/YL-M-091-S03_EMPTY.png,PAGE,,79f419c85f305826
YL-M-091-S04_FILTER_ACTIVE,YL-M-091,ADMIN,项目与知识库/项目指令,FILTER_ACTIVE,筛选生效,清晰展示筛选条件和结果数量。,clear_filter,P06-006,P06,P06-W02,YL-M-091-S04_FILTER_ACTIVE,ui/mockups/admin/YL-M-091/YL-M-091-S04_FILTER_ACTIVE.png,PAGE,,79f419c85f305826
YL-M-091-S05_BULK_SELECTED,YL-M-091,ADMIN,项目与知识库/项目指令,BULK_SELECTED,批量选择,显示已选数量和允许的批量动作。,clear_selection,P06-006,P06,P06-W02,YL-M-091-S05_BULK_SELECTED,ui/mockups/admin/YL-M-091/YL-M-091-S05_BULK_SELECTED.png,PAGE,,79f419c85f305826
YL-M-091-S06_PERMISSION_DENIED,YL-M-091,ADMIN,项目与知识库/项目指令,PERMISSION_DENIED,权限不足,不泄露资源存在性，说明所需权限或返回。,back_or_request_access,P06-006,P06,P06-W02,YL-M-091-S06_PERMISSION_DENIED,ui/mockups/admin/YL-M-091/YL-M-091-S06_PERMISSION_DENIED.png,PAGE,,79f419c85f305826
YL-M-091-S07_NETWORK_ERROR,YL-M-091,ADMIN,项目与知识库/项目指令,NETWORK_ERROR,网络连接失败,网络不可达或 DNS/TLS 失败，提供重试。,retry,P06-006,P06,P06-W02,YL-M-091-S07_NETWORK_ERROR,ui/mockups/admin/YL-M-091/YL-M-091-S07_NETWORK_ERROR.png,PAGE,,79f419c85f305826
YL-M-091-S08_SERVER_ERROR,YL-M-091,ADMIN,项目与知识库/项目指令,SERVER_ERROR,服务异常,服务端 5xx，显示请求 ID，不暴露堆栈。,retry_or_status,P06-006,P06,P06-W02,YL-M-091-S08_SERVER_ERROR,ui/mockups/admin/YL-M-091/YL-M-091-S08_SERVER_ERROR.png,PAGE,,79f419c85f305826
YL-M-092-S01_LOADING,YL-M-092,ADMIN,项目与知识库/文件,LOADING,加载中,使用与最终布局一致的 Skeleton，禁止无限 Loading。,automatic_or_retry,P06-008,P06,P06-W02,YL-M-092-S01_LOADING,ui/mockups/admin/YL-M-092/YL-M-092-S01_LOADING.png,PAGE,,326b45875cacaf0a
YL-M-092-S02_POPULATED,YL-M-092,ADMIN,项目与知识库/文件,POPULATED,有数据,真实结构化数据已加载。,none,P06-008,P06,P06-W02,YL-M-092-S02_POPULATED,ui/mockups/admin/YL-M-092/YL-M-092-S02_POPULATED.png,PAGE,,326b45875cacaf0a
YL-M-092-S03_EMPTY,YL-M-092,ADMIN,项目与知识库/文件,EMPTY,空数据,显示原因、下一步和主操作；不得使用伪造内容填满。,primary_action_or_refresh,P06-008,P06,P06-W02,YL-M-092-S03_EMPTY,ui/mockups/admin/YL-M-092/YL-M-092-S03_EMPTY.png,PAGE,,326b45875cacaf0a
YL-M-092-S04_FILTER_ACTIVE,YL-M-092,ADMIN,项目与知识库/文件,FILTER_ACTIVE,筛选生效,清晰展示筛选条件和结果数量。,clear_filter,P06-008,P06,P06-W02,YL-M-092-S04_FILTER_ACTIVE,ui/mockups/admin/YL-M-092/YL-M-092-S04_FILTER_ACTIVE.png,PAGE,,326b45875cacaf0a
YL-M-092-S05_BULK_SELECTED,YL-M-092,ADMIN,项目与知识库/文件,BULK_SELECTED,批量选择,显示已选数量和允许的批量动作。,clear_selection,P06-008,P06,P06-W02,YL-M-092-S05_BULK_SELECTED,ui/mockups/admin/YL-M-092/YL-M-092-S05_BULK_SELECTED.png,PAGE,,326b45875cacaf0a
YL-M-092-S06_PERMISSION_DENIED,YL-M-092,ADMIN,项目与知识库/文件,PERMISSION_DENIED,权限不足,不泄露资源存在性，说明所需权限或返回。,back_or_request_access,P06-008,P06,P06-W02,YL-M-092-S06_PERMISSION_DENIED,ui/mockups/admin/YL-M-092/YL-M-092-S06_PERMISSION_DENIED.png,PAGE,,326b45875cacaf0a
YL-M-092-S07_NETWORK_ERROR,YL-M-092,ADMIN,项目与知识库/文件,NETWORK_ERROR,网络连接失败,网络不可达或 DNS/TLS 失败，提供重试。,retry,P06-008,P06,P06-W02,YL-M-092-S07_NETWORK_ERROR,ui/mockups/admin/YL-M-092/YL-M-092-S07_NETWORK_ERROR.png,PAGE,,326b45875cacaf0a
YL-M-092-S08_SERVER_ERROR,YL-M-092,ADMIN,项目与知识库/文件,SERVER_ERROR,服务异常,服务端 5xx，显示请求 ID，不暴露堆栈。,retry_or_status,P06-008,P06,P06-W02,YL-M-092-S08_SERVER_ERROR,ui/mockups/admin/YL-M-092/YL-M-092-S08_SERVER_ERROR.png,PAGE,,326b45875cacaf0a
YL-M-093-S01_LOADING,YL-M-093,ADMIN,项目与知识库/索引任务,LOADING,加载中,使用与最终布局一致的 Skeleton，禁止无限 Loading。,automatic_or_retry,P06-010|P06-011|P06-015|P06-016,P06,P06-W02|P06-W03|P06-W04,YL-M-093-S01_LOADING,ui/mockups/admin/YL-M-093/YL-M-093-S01_LOADING.png,PAGE,,5866d6254411d17e
YL-M-093-S02_POPULATED,YL-M-093,ADMIN,项目与知识库/索引任务,POPULATED,有数据,真实结构化数据已加载。,none,P06-010|P06-011|P06-015|P06-016,P06,P06-W02|P06-W03|P06-W04,YL-M-093-S02_POPULATED,ui/mockups/admin/YL-M-093/YL-M-093-S02_POPULATED.png,PAGE,,5866d6254411d17e
YL-M-093-S03_EMPTY,YL-M-093,ADMIN,项目与知识库/索引任务,EMPTY,空数据,显示原因、下一步和主操作；不得使用伪造内容填满。,primary_action_or_refresh,P06-010|P06-011|P06-015|P06-016,P06,P06-W02|P06-W03|P06-W04,YL-M-093-S03_EMPTY,ui/mockups/admin/YL-M-093/YL-M-093-S03_EMPTY.png,PAGE,,5866d6254411d17e
YL-M-093-S04_FILTER_ACTIVE,YL-M-093,ADMIN,项目与知识库/索引任务,FILTER_ACTIVE,筛选生效,清晰展示筛选条件和结果数量。,clear_filter,P06-010|P06-011|P06-015|P06-016,P06,P06-W02|P06-W03|P06-W04,YL-M-093-S04_FILTER_ACTIVE,ui/mockups/admin/YL-M-093/YL-M-093-S04_FILTER_ACTIVE.png,PAGE,,5866d6254411d17e
YL-M-093-S05_BULK_SELECTED,YL-M-093,ADMIN,项目与知识库/索引任务,BULK_SELECTED,批量选择,显示已选数量和允许的批量动作。,clear_selection,P06-010|P06-011|P06-015|P06-016,P06,P06-W02|P06-W03|P06-W04,YL-M-093-S05_BULK_SELECTED,ui/mockups/admin/YL-M-093/YL-M-093-S05_BULK_SELECTED.png,PAGE,,5866d6254411d17e
YL-M-093-S06_PERMISSION_DENIED,YL-M-093,ADMIN,项目与知识库/索引任务,PERMISSION_DENIED,权限不足,不泄露资源存在性，说明所需权限或返回。,back_or_request_access,P06-010|P06-011|P06-015|P06-016,P06,P06-W02|P06-W03|P06-W04,YL-M-093-S06_PERMISSION_DENIED,ui/mockups/admin/YL-M-093/YL-M-093-S06_PERMISSION_DENIED.png,PAGE,,5866d6254411d17e
YL-M-093-S07_NETWORK_ERROR,YL-M-093,ADMIN,项目与知识库/索引任务,NETWORK_ERROR,网络连接失败,网络不可达或 DNS/TLS 失败，提供重试。,retry,P06-010|P06-011|P06-015|P06-016,P06,P06-W02|P06-W03|P06-W04,YL-M-093-S07_NETWORK_ERROR,ui/mockups/admin/YL-M-093/YL-M-093-S07_NETWORK_ERROR.png,PAGE,,5866d6254411d17e
YL-M-093-S08_SERVER_ERROR,YL-M-093,ADMIN,项目与知识库/索引任务,SERVER_ERROR,服务异常,服务端 5xx，显示请求 ID，不暴露堆栈。,retry_or_status,P06-010|P06-011|P06-015|P06-016,P06,P06-W02|P06-W03|P06-W04,YL-M-093-S08_SERVER_ERROR,ui/mockups/admin/YL-M-093/YL-M-093-S08_SERVER_ERROR.png,PAGE,,5866d6254411d17e
YL-M-094-S01_LOADING,YL-M-094,ADMIN,项目与知识库/检索诊断,LOADING,加载中,使用与最终布局一致的 Skeleton，禁止无限 Loading。,automatic_or_retry,P06-012,P06,P06-W03,YL-M-094-S01_LOADING,ui/mockups/admin/YL-M-094/YL-M-094-S01_LOADING.png,PAGE,,dfea7876f2e48e59
YL-M-094-S02_POPULATED,YL-M-094,ADMIN,项目与知识库/检索诊断,POPULATED,有数据,真实结构化数据已加载。,none,P06-012,P06,P06-W03,YL-M-094-S02_POPULATED,ui/mockups/admin/YL-M-094/YL-M-094-S02_POPULATED.png,PAGE,,dfea7876f2e48e59
YL-M-094-S03_NOT_FOUND,YL-M-094,ADMIN,项目与知识库/检索诊断,NOT_FOUND,内容不存在,资源不存在、已删除或不可访问。,back,P06-012,P06,P06-W03,YL-M-094-S03_NOT_FOUND,ui/mockups/admin/YL-M-094/YL-M-094-S03_NOT_FOUND.png,PAGE,,dfea7876f2e48e59
YL-M-094-S04_EDIT_MODE,YL-M-094,ADMIN,项目与知识库/检索诊断,EDIT_MODE,编辑状态,可编辑字段与只读字段明显区分。,save_or_cancel,P06-012,P06,P06-W03,YL-M-094-S04_EDIT_MODE,ui/mockups/admin/YL-M-094/YL-M-094-S04_EDIT_MODE.png,PAGE,,dfea7876f2e48e59
YL-M-094-S05_DIRTY,YL-M-094,ADMIN,项目与知识库/检索诊断,DIRTY,存在未保存修改,离开或关闭前必须确认。,save_or_discard,P06-012,P06,P06-W03,YL-M-094-S05_DIRTY,ui/mockups/admin/YL-M-094/YL-M-094-S05_DIRTY.png,PAGE,,dfea7876f2e48e59
YL-M-094-S06_SUBMITTING,YL-M-094,ADMIN,项目与知识库/检索诊断,SUBMITTING,提交中,主按钮保留尺寸并显示进度，禁止重复提交。,wait_or_cancel_if_supported,P06-012,P06,P06-W03,YL-M-094-S06_SUBMITTING,ui/mockups/admin/YL-M-094/YL-M-094-S06_SUBMITTING.png,PAGE,,dfea7876f2e48e59
YL-M-094-S07_SAVE_SUCCESS,YL-M-094,ADMIN,项目与知识库/检索诊断,SAVE_SUCCESS,保存成功,保存结果明确且数据回读一致。,continue,P06-012,P06,P06-W03,YL-M-094-S07_SAVE_SUCCESS,ui/mockups/admin/YL-M-094/YL-M-094-S07_SAVE_SUCCESS.png,PAGE,,dfea7876f2e48e59
YL-M-094-S08_VALIDATION_ERROR,YL-M-094,ADMIN,项目与知识库/检索诊断,VALIDATION_ERROR,表单校验失败,字段级错误紧邻字段，首个错误获得焦点。,correct_input,P06-012,P06,P06-W03,YL-M-094-S08_VALIDATION_ERROR,ui/mockups/admin/YL-M-094/YL-M-094-S08_VALIDATION_ERROR.png,PAGE,,dfea7876f2e48e59
YL-M-094-S09_VERSION_CONFLICT,YL-M-094,ADMIN,项目与知识库/检索诊断,VERSION_CONFLICT,版本冲突,显示当前版本与服务器版本，禁止静默覆盖。,reload_compare_or_force_with_permission,P06-012,P06,P06-W03,YL-M-094-S09_VERSION_CONFLICT,ui/mockups/admin/YL-M-094/YL-M-094-S09_VERSION_CONFLICT.png,PAGE,,dfea7876f2e48e59
YL-M-094-S10_PERMISSION_DENIED,YL-M-094,ADMIN,项目与知识库/检索诊断,PERMISSION_DENIED,权限不足,不泄露资源存在性，说明所需权限或返回。,back_or_request_access,P06-012,P06,P06-W03,YL-M-094-S10_PERMISSION_DENIED,ui/mockups/admin/YL-M-094/YL-M-094-S10_PERMISSION_DENIED.png,PAGE,,dfea7876f2e48e59
YL-M-094-S11_SERVER_ERROR,YL-M-094,ADMIN,项目与知识库/检索诊断,SERVER_ERROR,服务异常,服务端 5xx，显示请求 ID，不暴露堆栈。,retry_or_status,P06-012,P06,P06-W03,YL-M-094-S11_SERVER_ERROR,ui/mockups/admin/YL-M-094/YL-M-094-S11_SERVER_ERROR.png,PAGE,,dfea7876f2e48e59
YL-M-095-S01_LOADING,YL-M-095,ADMIN,项目与知识库/上下文策略,LOADING,加载中,使用与最终布局一致的 Skeleton，禁止无限 Loading。,automatic_or_retry,P06-013,P06,P06-W03,YL-M-095-S01_LOADING,ui/mockups/admin/YL-M-095/YL-M-095-S01_LOADING.png,PAGE,,7497f838892b2a97
YL-M-095-S02_POPULATED,YL-M-095,ADMIN,项目与知识库/上下文策略,POPULATED,有数据,真实结构化数据已加载。,none,P06-013,P06,P06-W03,YL-M-095-S02_POPULATED,ui/mockups/admin/YL-M-095/YL-M-095-S02_POPULATED.png,PAGE,,7497f838892b2a97
YL-M-095-S03_EDIT_MODE,YL-M-095,ADMIN,项目与知识库/上下文策略,EDIT_MODE,编辑状态,可编辑字段与只读字段明显区分。,save_or_cancel,P06-013,P06,P06-W03,YL-M-095-S03_EDIT_MODE,ui/mockups/admin/YL-M-095/YL-M-095-S03_EDIT_MODE.png,PAGE,,7497f838892b2a97
YL-M-095-S04_VALIDATION_ERROR,YL-M-095,ADMIN,项目与知识库/上下文策略,VALIDATION_ERROR,表单校验失败,字段级错误紧邻字段，首个错误获得焦点。,correct_input,P06-013,P06,P06-W03,YL-M-095-S04_VALIDATION_ERROR,ui/mockups/admin/YL-M-095/YL-M-095-S04_VALIDATION_ERROR.png,PAGE,,7497f838892b2a97
YL-M-095-S05_DIRTY,YL-M-095,ADMIN,项目与知识库/上下文策略,DIRTY,存在未保存修改,离开或关闭前必须确认。,save_or_discard,P06-013,P06,P06-W03,YL-M-095-S05_DIRTY,ui/mockups/admin/YL-M-095/YL-M-095-S05_DIRTY.png,PAGE,,7497f838892b2a97
YL-M-095-S06_SUBMITTING,YL-M-095,ADMIN,项目与知识库/上下文策略,SUBMITTING,提交中,主按钮保留尺寸并显示进度，禁止重复提交。,wait_or_cancel_if_supported,P06-013,P06,P06-W03,YL-M-095-S06_SUBMITTING,ui/mockups/admin/YL-M-095/YL-M-095-S06_SUBMITTING.png,PAGE,,7497f838892b2a97
YL-M-095-S07_SAVE_SUCCESS,YL-M-095,ADMIN,项目与知识库/上下文策略,SAVE_SUCCESS,保存成功,保存结果明确且数据回读一致。,continue,P06-013,P06,P06-W03,YL-M-095-S07_SAVE_SUCCESS,ui/mockups/admin/YL-M-095/YL-M-095-S07_SAVE_SUCCESS.png,PAGE,,7497f838892b2a97
YL-M-095-S08_VERSION_CONFLICT,YL-M-095,ADMIN,项目与知识库/上下文策略,VERSION_CONFLICT,版本冲突,显示当前版本与服务器版本，禁止静默覆盖。,reload_compare_or_force_with_permission,P06-013,P06,P06-W03,YL-M-095-S08_VERSION_CONFLICT,ui/mockups/admin/YL-M-095/YL-M-095-S08_VERSION_CONFLICT.png,PAGE,,7497f838892b2a97
YL-M-095-S09_ROLLBACK_CONFIRM,YL-M-095,ADMIN,项目与知识库/上下文策略,ROLLBACK_CONFIRM,确认回滚,列出目标版本、影响和审计原因。,confirm_or_cancel,P06-013,P06,P06-W03,YL-M-095-S09_ROLLBACK_CONFIRM,ui/mockups/admin/YL-M-095/YL-M-095-S09_ROLLBACK_CONFIRM.png,PAGE,,7497f838892b2a97
YL-M-095-S10_PERMISSION_DENIED,YL-M-095,ADMIN,项目与知识库/上下文策略,PERMISSION_DENIED,权限不足,不泄露资源存在性，说明所需权限或返回。,back_or_request_access,P06-013,P06,P06-W03,YL-M-095-S10_PERMISSION_DENIED,ui/mockups/admin/YL-M-095/YL-M-095-S10_PERMISSION_DENIED.png,PAGE,,7497f838892b2a97
YL-M-095-S11_SERVER_ERROR,YL-M-095,ADMIN,项目与知识库/上下文策略,SERVER_ERROR,服务异常,服务端 5xx，显示请求 ID，不暴露堆栈。,retry_or_status,P06-013,P06,P06-W03,YL-M-095-S11_SERVER_ERROR,ui/mockups/admin/YL-M-095/YL-M-095-S11_SERVER_ERROR.png,PAGE,,7497f838892b2a97
YL-M-096-S01_LOADING,YL-M-096,ADMIN,项目与知识库/引用,LOADING,加载中,使用与最终布局一致的 Skeleton，禁止无限 Loading。,automatic_or_retry,P06-014,P06,P06-W03,YL-M-096-S01_LOADING,ui/mockups/admin/YL-M-096/YL-M-096-S01_LOADING.png,PAGE,,646704f20c44ca84
YL-M-096-S02_POPULATED,YL-M-096,ADMIN,项目与知识库/引用,POPULATED,有数据,真实结构化数据已加载。,none,P06-014,P06,P06-W03,YL-M-096-S02_POPULATED,ui/mockups/admin/YL-M-096/YL-M-096-S02_POPULATED.png,PAGE,,646704f20c44ca84
YL-M-096-S03_EMPTY,YL-M-096,ADMIN,项目与知识库/引用,EMPTY,空数据,显示原因、下一步和主操作；不得使用伪造内容填满。,primary_action_or_refresh,P06-014,P06,P06-W03,YL-M-096-S03_EMPTY,ui/mockups/admin/YL-M-096/YL-M-096-S03_EMPTY.png,PAGE,,646704f20c44ca84
YL-M-096-S04_FILTER_ACTIVE,YL-M-096,ADMIN,项目与知识库/引用,FILTER_ACTIVE,筛选生效,清晰展示筛选条件和结果数量。,clear_filter,P06-014,P06,P06-W03,YL-M-096-S04_FILTER_ACTIVE,ui/mockups/admin/YL-M-096/YL-M-096-S04_FILTER_ACTIVE.png,PAGE,,646704f20c44ca84
YL-M-096-S05_BULK_SELECTED,YL-M-096,ADMIN,项目与知识库/引用,BULK_SELECTED,批量选择,显示已选数量和允许的批量动作。,clear_selection,P06-014,P06,P06-W03,YL-M-096-S05_BULK_SELECTED,ui/mockups/admin/YL-M-096/YL-M-096-S05_BULK_SELECTED.png,PAGE,,646704f20c44ca84
YL-M-096-S06_PERMISSION_DENIED,YL-M-096,ADMIN,项目与知识库/引用,PERMISSION_DENIED,权限不足,不泄露资源存在性，说明所需权限或返回。,back_or_request_access,P06-014,P06,P06-W03,YL-M-096-S06_PERMISSION_DENIED,ui/mockups/admin/YL-M-096/YL-M-096-S06_PERMISSION_DENIED.png,PAGE,,646704f20c44ca84
YL-M-096-S07_NETWORK_ERROR,YL-M-096,ADMIN,项目与知识库/引用,NETWORK_ERROR,网络连接失败,网络不可达或 DNS/TLS 失败，提供重试。,retry,P06-014,P06,P06-W03,YL-M-096-S07_NETWORK_ERROR,ui/mockups/admin/YL-M-096/YL-M-096-S07_NETWORK_ERROR.png,PAGE,,646704f20c44ca84
YL-M-096-S08_SERVER_ERROR,YL-M-096,ADMIN,项目与知识库/引用,SERVER_ERROR,服务异常,服务端 5xx，显示请求 ID，不暴露堆栈。,retry_or_status,P06-014,P06,P06-W03,YL-M-096-S08_SERVER_ERROR,ui/mockups/admin/YL-M-096/YL-M-096-S08_SERVER_ERROR.png,PAGE,,646704f20c44ca84
YL-M-097-S01_LOADING,YL-M-097,ADMIN,项目与知识库/搜索,LOADING,加载中,使用与最终布局一致的 Skeleton，禁止无限 Loading。,automatic_or_retry,P06-017,P06,P06-W04,YL-M-097-S01_LOADING,ui/mockups/admin/YL-M-097/YL-M-097-S01_LOADING.png,PAGE,,b30fb1b346c121d9
YL-M-097-S02_POPULATED,YL-M-097,ADMIN,项目与知识库/搜索,POPULATED,有数据,真实结构化数据已加载。,none,P06-017,P06,P06-W04,YL-M-097-S02_POPULATED,ui/mockups/admin/YL-M-097/YL-M-097-S02_POPULATED.png,PAGE,,b30fb1b346c121d9
YL-M-097-S03_EMPTY,YL-M-097,ADMIN,项目与知识库/搜索,EMPTY,空数据,显示原因、下一步和主操作；不得使用伪造内容填满。,primary_action_or_refresh,P06-017,P06,P06-W04,YL-M-097-S03_EMPTY,ui/mockups/admin/YL-M-097/YL-M-097-S03_EMPTY.png,PAGE,,b30fb1b346c121d9
YL-M-097-S04_FILTER_ACTIVE,YL-M-097,ADMIN,项目与知识库/搜索,FILTER_ACTIVE,筛选生效,清晰展示筛选条件和结果数量。,clear_filter,P06-017,P06,P06-W04,YL-M-097-S04_FILTER_ACTIVE,ui/mockups/admin/YL-M-097/YL-M-097-S04_FILTER_ACTIVE.png,PAGE,,b30fb1b346c121d9
YL-M-097-S05_BULK_SELECTED,YL-M-097,ADMIN,项目与知识库/搜索,BULK_SELECTED,批量选择,显示已选数量和允许的批量动作。,clear_selection,P06-017,P06,P06-W04,YL-M-097-S05_BULK_SELECTED,ui/mockups/admin/YL-M-097/YL-M-097-S05_BULK_SELECTED.png,PAGE,,b30fb1b346c121d9
YL-M-097-S06_PERMISSION_DENIED,YL-M-097,ADMIN,项目与知识库/搜索,PERMISSION_DENIED,权限不足,不泄露资源存在性，说明所需权限或返回。,back_or_request_access,P06-017,P06,P06-W04,YL-M-097-S06_PERMISSION_DENIED,ui/mockups/admin/YL-M-097/YL-M-097-S06_PERMISSION_DENIED.png,PAGE,,b30fb1b346c121d9
YL-M-097-S07_NETWORK_ERROR,YL-M-097,ADMIN,项目与知识库/搜索,NETWORK_ERROR,网络连接失败,网络不可达或 DNS/TLS 失败，提供重试。,retry,P06-017,P06,P06-W04,YL-M-097-S07_NETWORK_ERROR,ui/mockups/admin/YL-M-097/YL-M-097-S07_NETWORK_ERROR.png,PAGE,,b30fb1b346c121d9
YL-M-097-S08_SERVER_ERROR,YL-M-097,ADMIN,项目与知识库/搜索,SERVER_ERROR,服务异常,服务端 5xx，显示请求 ID，不暴露堆栈。,retry_or_status,P06-017,P06,P06-W04,YL-M-097-S08_SERVER_ERROR,ui/mockups/admin/YL-M-097/YL-M-097-S08_SERVER_ERROR.png,PAGE,,b30fb1b346c121d9
YL-M-098-S01_LOADING,YL-M-098,ADMIN,项目与知识库/诊断,LOADING,加载中,使用与最终布局一致的 Skeleton，禁止无限 Loading。,automatic_or_retry,P06-019,P06,P06-W04,YL-M-098-S01_LOADING,ui/mockups/admin/YL-M-098/YL-M-098-S01_LOADING.png,PAGE,,e96f4e9e228e5c0f
YL-M-098-S02_POPULATED,YL-M-098,ADMIN,项目与知识库/诊断,POPULATED,有数据,真实结构化数据已加载。,none,P06-019,P06,P06-W04,YL-M-098-S02_POPULATED,ui/mockups/admin/YL-M-098/YL-M-098-S02_POPULATED.png,PAGE,,e96f4e9e228e5c0f
YL-M-098-S03_NOT_FOUND,YL-M-098,ADMIN,项目与知识库/诊断,NOT_FOUND,内容不存在,资源不存在、已删除或不可访问。,back,P06-019,P06,P06-W04,YL-M-098-S03_NOT_FOUND,ui/mockups/admin/YL-M-098/YL-M-098-S03_NOT_FOUND.png,PAGE,,e96f4e9e228e5c0f
YL-M-098-S04_EDIT_MODE,YL-M-098,ADMIN,项目与知识库/诊断,EDIT_MODE,编辑状态,可编辑字段与只读字段明显区分。,save_or_cancel,P06-019,P06,P06-W04,YL-M-098-S04_EDIT_MODE,ui/mockups/admin/YL-M-098/YL-M-098-S04_EDIT_MODE.png,PAGE,,e96f4e9e228e5c0f
YL-M-098-S05_DIRTY,YL-M-098,ADMIN,项目与知识库/诊断,DIRTY,存在未保存修改,离开或关闭前必须确认。,save_or_discard,P06-019,P06,P06-W04,YL-M-098-S05_DIRTY,ui/mockups/admin/YL-M-098/YL-M-098-S05_DIRTY.png,PAGE,,e96f4e9e228e5c0f
YL-M-098-S06_SUBMITTING,YL-M-098,ADMIN,项目与知识库/诊断,SUBMITTING,提交中,主按钮保留尺寸并显示进度，禁止重复提交。,wait_or_cancel_if_supported,P06-019,P06,P06-W04,YL-M-098-S06_SUBMITTING,ui/mockups/admin/YL-M-098/YL-M-098-S06_SUBMITTING.png,PAGE,,e96f4e9e228e5c0f
YL-M-098-S07_SAVE_SUCCESS,YL-M-098,ADMIN,项目与知识库/诊断,SAVE_SUCCESS,保存成功,保存结果明确且数据回读一致。,continue,P06-019,P06,P06-W04,YL-M-098-S07_SAVE_SUCCESS,ui/mockups/admin/YL-M-098/YL-M-098-S07_SAVE_SUCCESS.png,PAGE,,e96f4e9e228e5c0f
YL-M-098-S08_VALIDATION_ERROR,YL-M-098,ADMIN,项目与知识库/诊断,VALIDATION_ERROR,表单校验失败,字段级错误紧邻字段，首个错误获得焦点。,correct_input,P06-019,P06,P06-W04,YL-M-098-S08_VALIDATION_ERROR,ui/mockups/admin/YL-M-098/YL-M-098-S08_VALIDATION_ERROR.png,PAGE,,e96f4e9e228e5c0f
YL-M-098-S09_VERSION_CONFLICT,YL-M-098,ADMIN,项目与知识库/诊断,VERSION_CONFLICT,版本冲突,显示当前版本与服务器版本，禁止静默覆盖。,reload_compare_or_force_with_permission,P06-019,P06,P06-W04,YL-M-098-S09_VERSION_CONFLICT,ui/mockups/admin/YL-M-098/YL-M-098-S09_VERSION_CONFLICT.png,PAGE,,e96f4e9e228e5c0f
YL-M-098-S10_PERMISSION_DENIED,YL-M-098,ADMIN,项目与知识库/诊断,PERMISSION_DENIED,权限不足,不泄露资源存在性，说明所需权限或返回。,back_or_request_access,P06-019,P06,P06-W04,YL-M-098-S10_PERMISSION_DENIED,ui/mockups/admin/YL-M-098/YL-M-098-S10_PERMISSION_DENIED.png,PAGE,,e96f4e9e228e5c0f
YL-M-098-S11_SERVER_ERROR,YL-M-098,ADMIN,项目与知识库/诊断,SERVER_ERROR,服务异常,服务端 5xx，显示请求 ID，不暴露堆栈。,retry_or_status,P06-019,P06,P06-W04,YL-M-098-S11_SERVER_ERROR,ui/mockups/admin/YL-M-098/YL-M-098-S11_SERVER_ERROR.png,PAGE,,e96f4e9e228e5c0f
YL-M-099-S01_LOADING,YL-M-099,ADMIN,项目与知识库/检索测试,LOADING,加载中,使用与最终布局一致的 Skeleton，禁止无限 Loading。,automatic_or_retry,P06-020,P06,P06-W04,YL-M-099-S01_LOADING,ui/mockups/admin/YL-M-099/YL-M-099-S01_LOADING.png,PAGE,,0db689401818e680
YL-M-099-S02_POPULATED,YL-M-099,ADMIN,项目与知识库/检索测试,POPULATED,有数据,真实结构化数据已加载。,none,P06-020,P06,P06-W04,YL-M-099-S02_POPULATED,ui/mockups/admin/YL-M-099/YL-M-099-S02_POPULATED.png,PAGE,,0db689401818e680
YL-M-099-S03_NOT_FOUND,YL-M-099,ADMIN,项目与知识库/检索测试,NOT_FOUND,内容不存在,资源不存在、已删除或不可访问。,back,P06-020,P06,P06-W04,YL-M-099-S03_NOT_FOUND,ui/mockups/admin/YL-M-099/YL-M-099-S03_NOT_FOUND.png,PAGE,,0db689401818e680
YL-M-099-S04_EDIT_MODE,YL-M-099,ADMIN,项目与知识库/检索测试,EDIT_MODE,编辑状态,可编辑字段与只读字段明显区分。,save_or_cancel,P06-020,P06,P06-W04,YL-M-099-S04_EDIT_MODE,ui/mockups/admin/YL-M-099/YL-M-099-S04_EDIT_MODE.png,PAGE,,0db689401818e680
YL-M-099-S05_DIRTY,YL-M-099,ADMIN,项目与知识库/检索测试,DIRTY,存在未保存修改,离开或关闭前必须确认。,save_or_discard,P06-020,P06,P06-W04,YL-M-099-S05_DIRTY,ui/mockups/admin/YL-M-099/YL-M-099-S05_DIRTY.png,PAGE,,0db689401818e680
YL-M-099-S06_SUBMITTING,YL-M-099,ADMIN,项目与知识库/检索测试,SUBMITTING,提交中,主按钮保留尺寸并显示进度，禁止重复提交。,wait_or_cancel_if_supported,P06-020,P06,P06-W04,YL-M-099-S06_SUBMITTING,ui/mockups/admin/YL-M-099/YL-M-099-S06_SUBMITTING.png,PAGE,,0db689401818e680
YL-M-099-S07_SAVE_SUCCESS,YL-M-099,ADMIN,项目与知识库/检索测试,SAVE_SUCCESS,保存成功,保存结果明确且数据回读一致。,continue,P06-020,P06,P06-W04,YL-M-099-S07_SAVE_SUCCESS,ui/mockups/admin/YL-M-099/YL-M-099-S07_SAVE_SUCCESS.png,PAGE,,0db689401818e680
YL-M-099-S08_VALIDATION_ERROR,YL-M-099,ADMIN,项目与知识库/检索测试,VALIDATION_ERROR,表单校验失败,字段级错误紧邻字段，首个错误获得焦点。,correct_input,P06-020,P06,P06-W04,YL-M-099-S08_VALIDATION_ERROR,ui/mockups/admin/YL-M-099/YL-M-099-S08_VALIDATION_ERROR.png,PAGE,,0db689401818e680
YL-M-099-S09_VERSION_CONFLICT,YL-M-099,ADMIN,项目与知识库/检索测试,VERSION_CONFLICT,版本冲突,显示当前版本与服务器版本，禁止静默覆盖。,reload_compare_or_force_with_permission,P06-020,P06,P06-W04,YL-M-099-S09_VERSION_CONFLICT,ui/mockups/admin/YL-M-099/YL-M-099-S09_VERSION_CONFLICT.png,PAGE,,0db689401818e680
YL-M-099-S10_PERMISSION_DENIED,YL-M-099,ADMIN,项目与知识库/检索测试,PERMISSION_DENIED,权限不足,不泄露资源存在性，说明所需权限或返回。,back_or_request_access,P06-020,P06,P06-W04,YL-M-099-S10_PERMISSION_DENIED,ui/mockups/admin/YL-M-099/YL-M-099-S10_PERMISSION_DENIED.png,PAGE,,0db689401818e680
YL-M-099-S11_SERVER_ERROR,YL-M-099,ADMIN,项目与知识库/检索测试,SERVER_ERROR,服务异常,服务端 5xx，显示请求 ID，不暴露堆栈。,retry_or_status,P06-020,P06,P06-W04,YL-M-099-S11_SERVER_ERROR,ui/mockups/admin/YL-M-099/YL-M-099-S11_SERVER_ERROR.png,PAGE,,0db689401818e680
YL-M-100-S01_LOADING,YL-M-100,ADMIN,AI工具/图片配置,LOADING,加载中,使用与最终布局一致的 Skeleton，禁止无限 Loading。,automatic_or_retry,P07-001|P07-002|P07-005|P07-021,P07,P07-W01|P07-W04,YL-M-100-S01_LOADING,ui/mockups/admin/YL-M-100/YL-M-100-S01_LOADING.png,PAGE,,e87cb4e8fec99774
YL-M-100-S02_POPULATED,YL-M-100,ADMIN,AI工具/图片配置,POPULATED,有数据,真实结构化数据已加载。,none,P07-001|P07-002|P07-005|P07-021,P07,P07-W01|P07-W04,YL-M-100-S02_POPULATED,ui/mockups/admin/YL-M-100/YL-M-100-S02_POPULATED.png,PAGE,,e87cb4e8fec99774
YL-M-100-S03_EDIT_MODE,YL-M-100,ADMIN,AI工具/图片配置,EDIT_MODE,编辑状态,可编辑字段与只读字段明显区分。,save_or_cancel,P07-001|P07-002|P07-005|P07-021,P07,P07-W01|P07-W04,YL-M-100-S03_EDIT_MODE,ui/mockups/admin/YL-M-100/YL-M-100-S03_EDIT_MODE.png,PAGE,,e87cb4e8fec99774
YL-M-100-S04_VALIDATION_ERROR,YL-M-100,ADMIN,AI工具/图片配置,VALIDATION_ERROR,表单校验失败,字段级错误紧邻字段，首个错误获得焦点。,correct_input,P07-001|P07-002|P07-005|P07-021,P07,P07-W01|P07-W04,YL-M-100-S04_VALIDATION_ERROR,ui/mockups/admin/YL-M-100/YL-M-100-S04_VALIDATION_ERROR.png,PAGE,,e87cb4e8fec99774
YL-M-100-S05_DIRTY,YL-M-100,ADMIN,AI工具/图片配置,DIRTY,存在未保存修改,离开或关闭前必须确认。,save_or_discard,P07-001|P07-002|P07-005|P07-021,P07,P07-W01|P07-W04,YL-M-100-S05_DIRTY,ui/mockups/admin/YL-M-100/YL-M-100-S05_DIRTY.png,PAGE,,e87cb4e8fec99774
YL-M-100-S06_SUBMITTING,YL-M-100,ADMIN,AI工具/图片配置,SUBMITTING,提交中,主按钮保留尺寸并显示进度，禁止重复提交。,wait_or_cancel_if_supported,P07-001|P07-002|P07-005|P07-021,P07,P07-W01|P07-W04,YL-M-100-S06_SUBMITTING,ui/mockups/admin/YL-M-100/YL-M-100-S06_SUBMITTING.png,PAGE,,e87cb4e8fec99774
YL-M-100-S07_SAVE_SUCCESS,YL-M-100,ADMIN,AI工具/图片配置,SAVE_SUCCESS,保存成功,保存结果明确且数据回读一致。,continue,P07-001|P07-002|P07-005|P07-021,P07,P07-W01|P07-W04,YL-M-100-S07_SAVE_SUCCESS,ui/mockups/admin/YL-M-100/YL-M-100-S07_SAVE_SUCCESS.png,PAGE,,e87cb4e8fec99774
YL-M-100-S08_VERSION_CONFLICT,YL-M-100,ADMIN,AI工具/图片配置,VERSION_CONFLICT,版本冲突,显示当前版本与服务器版本，禁止静默覆盖。,reload_compare_or_force_with_permission,P07-001|P07-002|P07-005|P07-021,P07,P07-W01|P07-W04,YL-M-100-S08_VERSION_CONFLICT,ui/mockups/admin/YL-M-100/YL-M-100-S08_VERSION_CONFLICT.png,PAGE,,e87cb4e8fec99774
YL-M-100-S09_ROLLBACK_CONFIRM,YL-M-100,ADMIN,AI工具/图片配置,ROLLBACK_CONFIRM,确认回滚,列出目标版本、影响和审计原因。,confirm_or_cancel,P07-001|P07-002|P07-005|P07-021,P07,P07-W01|P07-W04,YL-M-100-S09_ROLLBACK_CONFIRM,ui/mockups/admin/YL-M-100/YL-M-100-S09_ROLLBACK_CONFIRM.png,PAGE,,e87cb4e8fec99774
YL-M-100-S10_PERMISSION_DENIED,YL-M-100,ADMIN,AI工具/图片配置,PERMISSION_DENIED,权限不足,不泄露资源存在性，说明所需权限或返回。,back_or_request_access,P07-001|P07-002|P07-005|P07-021,P07,P07-W01|P07-W04,YL-M-100-S10_PERMISSION_DENIED,ui/mockups/admin/YL-M-100/YL-M-100-S10_PERMISSION_DENIED.png,PAGE,,e87cb4e8fec99774
YL-M-100-S11_SERVER_ERROR,YL-M-100,ADMIN,AI工具/图片配置,SERVER_ERROR,服务异常,服务端 5xx，显示请求 ID，不暴露堆栈。,retry_or_status,P07-001|P07-002|P07-005|P07-021,P07,P07-W01|P07-W04,YL-M-100-S11_SERVER_ERROR,ui/mockups/admin/YL-M-100/YL-M-100-S11_SERVER_ERROR.png,PAGE,,e87cb4e8fec99774
YL-M-101-S01_LOADING,YL-M-101,ADMIN,AI工具/图片模型,LOADING,加载中,使用与最终布局一致的 Skeleton，禁止无限 Loading。,automatic_or_retry,P07-004,P07,P07-W01,YL-M-101-S01_LOADING,ui/mockups/admin/YL-M-101/YL-M-101-S01_LOADING.png,PAGE,,7c2e9297c1e3ab9d
YL-M-101-S02_POPULATED,YL-M-101,ADMIN,AI工具/图片模型,POPULATED,有数据,真实结构化数据已加载。,none,P07-004,P07,P07-W01,YL-M-101-S02_POPULATED,ui/mockups/admin/YL-M-101/YL-M-101-S02_POPULATED.png,PAGE,,7c2e9297c1e3ab9d
YL-M-101-S03_EMPTY,YL-M-101,ADMIN,AI工具/图片模型,EMPTY,空数据,显示原因、下一步和主操作；不得使用伪造内容填满。,primary_action_or_refresh,P07-004,P07,P07-W01,YL-M-101-S03_EMPTY,ui/mockups/admin/YL-M-101/YL-M-101-S03_EMPTY.png,PAGE,,7c2e9297c1e3ab9d
YL-M-101-S04_FILTER_ACTIVE,YL-M-101,ADMIN,AI工具/图片模型,FILTER_ACTIVE,筛选生效,清晰展示筛选条件和结果数量。,clear_filter,P07-004,P07,P07-W01,YL-M-101-S04_FILTER_ACTIVE,ui/mockups/admin/YL-M-101/YL-M-101-S04_FILTER_ACTIVE.png,PAGE,,7c2e9297c1e3ab9d
YL-M-101-S05_BULK_SELECTED,YL-M-101,ADMIN,AI工具/图片模型,BULK_SELECTED,批量选择,显示已选数量和允许的批量动作。,clear_selection,P07-004,P07,P07-W01,YL-M-101-S05_BULK_SELECTED,ui/mockups/admin/YL-M-101/YL-M-101-S05_BULK_SELECTED.png,PAGE,,7c2e9297c1e3ab9d
YL-M-101-S06_PERMISSION_DENIED,YL-M-101,ADMIN,AI工具/图片模型,PERMISSION_DENIED,权限不足,不泄露资源存在性，说明所需权限或返回。,back_or_request_access,P07-004,P07,P07-W01,YL-M-101-S06_PERMISSION_DENIED,ui/mockups/admin/YL-M-101/YL-M-101-S06_PERMISSION_DENIED.png,PAGE,,7c2e9297c1e3ab9d
YL-M-101-S07_NETWORK_ERROR,YL-M-101,ADMIN,AI工具/图片模型,NETWORK_ERROR,网络连接失败,网络不可达或 DNS/TLS 失败，提供重试。,retry,P07-004,P07,P07-W01,YL-M-101-S07_NETWORK_ERROR,ui/mockups/admin/YL-M-101/YL-M-101-S07_NETWORK_ERROR.png,PAGE,,7c2e9297c1e3ab9d
YL-M-101-S08_SERVER_ERROR,YL-M-101,ADMIN,AI工具/图片模型,SERVER_ERROR,服务异常,服务端 5xx，显示请求 ID，不暴露堆栈。,retry_or_status,P07-004,P07,P07-W01,YL-M-101-S08_SERVER_ERROR,ui/mockups/admin/YL-M-101/YL-M-101-S08_SERVER_ERROR.png,PAGE,,7c2e9297c1e3ab9d
YL-M-102-S01_LOADING,YL-M-102,ADMIN,AI工具/图片任务,LOADING,加载中,使用与最终布局一致的 Skeleton，禁止无限 Loading。,automatic_or_retry,P07-007|P07-008|P07-010|P07-011|P07-012|P07-020|P07-022,P07,P07-W02|P07-W04,YL-M-102-S01_LOADING,ui/mockups/admin/YL-M-102/YL-M-102-S01_LOADING.png,PAGE,,fff332c296c9d1c7
YL-M-102-S02_POPULATED,YL-M-102,ADMIN,AI工具/图片任务,POPULATED,有数据,真实结构化数据已加载。,none,P07-007|P07-008|P07-010|P07-011|P07-012|P07-020|P07-022,P07,P07-W02|P07-W04,YL-M-102-S02_POPULATED,ui/mockups/admin/YL-M-102/YL-M-102-S02_POPULATED.png,PAGE,,fff332c296c9d1c7
YL-M-102-S03_EMPTY,YL-M-102,ADMIN,AI工具/图片任务,EMPTY,空数据,显示原因、下一步和主操作；不得使用伪造内容填满。,primary_action_or_refresh,P07-007|P07-008|P07-010|P07-011|P07-012|P07-020|P07-022,P07,P07-W02|P07-W04,YL-M-102-S03_EMPTY,ui/mockups/admin/YL-M-102/YL-M-102-S03_EMPTY.png,PAGE,,fff332c296c9d1c7
YL-M-102-S04_FILTER_ACTIVE,YL-M-102,ADMIN,AI工具/图片任务,FILTER_ACTIVE,筛选生效,清晰展示筛选条件和结果数量。,clear_filter,P07-007|P07-008|P07-010|P07-011|P07-012|P07-020|P07-022,P07,P07-W02|P07-W04,YL-M-102-S04_FILTER_ACTIVE,ui/mockups/admin/YL-M-102/YL-M-102-S04_FILTER_ACTIVE.png,PAGE,,fff332c296c9d1c7
YL-M-102-S05_BULK_SELECTED,YL-M-102,ADMIN,AI工具/图片任务,BULK_SELECTED,批量选择,显示已选数量和允许的批量动作。,clear_selection,P07-007|P07-008|P07-010|P07-011|P07-012|P07-020|P07-022,P07,P07-W02|P07-W04,YL-M-102-S05_BULK_SELECTED,ui/mockups/admin/YL-M-102/YL-M-102-S05_BULK_SELECTED.png,PAGE,,fff332c296c9d1c7
YL-M-102-S06_PERMISSION_DENIED,YL-M-102,ADMIN,AI工具/图片任务,PERMISSION_DENIED,权限不足,不泄露资源存在性，说明所需权限或返回。,back_or_request_access,P07-007|P07-008|P07-010|P07-011|P07-012|P07-020|P07-022,P07,P07-W02|P07-W04,YL-M-102-S06_PERMISSION_DENIED,ui/mockups/admin/YL-M-102/YL-M-102-S06_PERMISSION_DENIED.png,PAGE,,fff332c296c9d1c7
YL-M-102-S07_NETWORK_ERROR,YL-M-102,ADMIN,AI工具/图片任务,NETWORK_ERROR,网络连接失败,网络不可达或 DNS/TLS 失败，提供重试。,retry,P07-007|P07-008|P07-010|P07-011|P07-012|P07-020|P07-022,P07,P07-W02|P07-W04,YL-M-102-S07_NETWORK_ERROR,ui/mockups/admin/YL-M-102/YL-M-102-S07_NETWORK_ERROR.png,PAGE,,fff332c296c9d1c7
YL-M-102-S08_SERVER_ERROR,YL-M-102,ADMIN,AI工具/图片任务,SERVER_ERROR,服务异常,服务端 5xx，显示请求 ID，不暴露堆栈。,retry_or_status,P07-007|P07-008|P07-010|P07-011|P07-012|P07-020|P07-022,P07,P07-W02|P07-W04,YL-M-102-S08_SERVER_ERROR,ui/mockups/admin/YL-M-102/YL-M-102-S08_SERVER_ERROR.png,PAGE,,fff332c296c9d1c7
YL-M-103-S01_LOADING,YL-M-103,ADMIN,商业化/冻结记录,LOADING,加载中,使用与最终布局一致的 Skeleton，禁止无限 Loading。,automatic_or_retry,P07-009|P10-015,P07|P10,P07-W02|P10-W03,YL-M-103-S01_LOADING,ui/mockups/admin/YL-M-103/YL-M-103-S01_LOADING.png,PAGE,,849d875a6a5988b0
YL-M-103-S02_POPULATED,YL-M-103,ADMIN,商业化/冻结记录,POPULATED,有数据,真实结构化数据已加载。,none,P07-009|P10-015,P07|P10,P07-W02|P10-W03,YL-M-103-S02_POPULATED,ui/mockups/admin/YL-M-103/YL-M-103-S02_POPULATED.png,PAGE,,849d875a6a5988b0
YL-M-103-S03_EMPTY,YL-M-103,ADMIN,商业化/冻结记录,EMPTY,空数据,显示原因、下一步和主操作；不得使用伪造内容填满。,primary_action_or_refresh,P07-009|P10-015,P07|P10,P07-W02|P10-W03,YL-M-103-S03_EMPTY,ui/mockups/admin/YL-M-103/YL-M-103-S03_EMPTY.png,PAGE,,849d875a6a5988b0
YL-M-103-S04_FILTER_ACTIVE,YL-M-103,ADMIN,商业化/冻结记录,FILTER_ACTIVE,筛选生效,清晰展示筛选条件和结果数量。,clear_filter,P07-009|P10-015,P07|P10,P07-W02|P10-W03,YL-M-103-S04_FILTER_ACTIVE,ui/mockups/admin/YL-M-103/YL-M-103-S04_FILTER_ACTIVE.png,PAGE,,849d875a6a5988b0
YL-M-103-S05_BULK_SELECTED,YL-M-103,ADMIN,商业化/冻结记录,BULK_SELECTED,批量选择,显示已选数量和允许的批量动作。,clear_selection,P07-009|P10-015,P07|P10,P07-W02|P10-W03,YL-M-103-S05_BULK_SELECTED,ui/mockups/admin/YL-M-103/YL-M-103-S05_BULK_SELECTED.png,PAGE,,849d875a6a5988b0
YL-M-103-S06_PERMISSION_DENIED,YL-M-103,ADMIN,商业化/冻结记录,PERMISSION_DENIED,权限不足,不泄露资源存在性，说明所需权限或返回。,back_or_request_access,P07-009|P10-015,P07|P10,P07-W02|P10-W03,YL-M-103-S06_PERMISSION_DENIED,ui/mockups/admin/YL-M-103/YL-M-103-S06_PERMISSION_DENIED.png,PAGE,,849d875a6a5988b0
YL-M-103-S07_NETWORK_ERROR,YL-M-103,ADMIN,商业化/冻结记录,NETWORK_ERROR,网络连接失败,网络不可达或 DNS/TLS 失败，提供重试。,retry,P07-009|P10-015,P07|P10,P07-W02|P10-W03,YL-M-103-S07_NETWORK_ERROR,ui/mockups/admin/YL-M-103/YL-M-103-S07_NETWORK_ERROR.png,PAGE,,849d875a6a5988b0
YL-M-103-S08_SERVER_ERROR,YL-M-103,ADMIN,商业化/冻结记录,SERVER_ERROR,服务异常,服务端 5xx，显示请求 ID，不暴露堆栈。,retry_or_status,P07-009|P10-015,P07|P10,P07-W02|P10-W03,YL-M-103-S08_SERVER_ERROR,ui/mockups/admin/YL-M-103/YL-M-103-S08_SERVER_ERROR.png,PAGE,,849d875a6a5988b0
YL-M-104-S01_LOADING,YL-M-104,ADMIN,通知中心/模板,LOADING,加载中,使用与最终布局一致的 Skeleton，禁止无限 Loading。,automatic_or_retry,P07-013,P07,P07-W03,YL-M-104-S01_LOADING,ui/mockups/admin/YL-M-104/YL-M-104-S01_LOADING.png,PAGE,,8674d4de88285b63
YL-M-104-S02_POPULATED,YL-M-104,ADMIN,通知中心/模板,POPULATED,有数据,真实结构化数据已加载。,none,P07-013,P07,P07-W03,YL-M-104-S02_POPULATED,ui/mockups/admin/YL-M-104/YL-M-104-S02_POPULATED.png,PAGE,,8674d4de88285b63
YL-M-104-S03_EDIT_MODE,YL-M-104,ADMIN,通知中心/模板,EDIT_MODE,编辑状态,可编辑字段与只读字段明显区分。,save_or_cancel,P07-013,P07,P07-W03,YL-M-104-S03_EDIT_MODE,ui/mockups/admin/YL-M-104/YL-M-104-S03_EDIT_MODE.png,PAGE,,8674d4de88285b63
YL-M-104-S04_VALIDATION_ERROR,YL-M-104,ADMIN,通知中心/模板,VALIDATION_ERROR,表单校验失败,字段级错误紧邻字段，首个错误获得焦点。,correct_input,P07-013,P07,P07-W03,YL-M-104-S04_VALIDATION_ERROR,ui/mockups/admin/YL-M-104/YL-M-104-S04_VALIDATION_ERROR.png,PAGE,,8674d4de88285b63
YL-M-104-S05_DIRTY,YL-M-104,ADMIN,通知中心/模板,DIRTY,存在未保存修改,离开或关闭前必须确认。,save_or_discard,P07-013,P07,P07-W03,YL-M-104-S05_DIRTY,ui/mockups/admin/YL-M-104/YL-M-104-S05_DIRTY.png,PAGE,,8674d4de88285b63
YL-M-104-S06_SUBMITTING,YL-M-104,ADMIN,通知中心/模板,SUBMITTING,提交中,主按钮保留尺寸并显示进度，禁止重复提交。,wait_or_cancel_if_supported,P07-013,P07,P07-W03,YL-M-104-S06_SUBMITTING,ui/mockups/admin/YL-M-104/YL-M-104-S06_SUBMITTING.png,PAGE,,8674d4de88285b63
YL-M-104-S07_SAVE_SUCCESS,YL-M-104,ADMIN,通知中心/模板,SAVE_SUCCESS,保存成功,保存结果明确且数据回读一致。,continue,P07-013,P07,P07-W03,YL-M-104-S07_SAVE_SUCCESS,ui/mockups/admin/YL-M-104/YL-M-104-S07_SAVE_SUCCESS.png,PAGE,,8674d4de88285b63
YL-M-104-S08_VERSION_CONFLICT,YL-M-104,ADMIN,通知中心/模板,VERSION_CONFLICT,版本冲突,显示当前版本与服务器版本，禁止静默覆盖。,reload_compare_or_force_with_permission,P07-013,P07,P07-W03,YL-M-104-S08_VERSION_CONFLICT,ui/mockups/admin/YL-M-104/YL-M-104-S08_VERSION_CONFLICT.png,PAGE,,8674d4de88285b63
YL-M-104-S09_ROLLBACK_CONFIRM,YL-M-104,ADMIN,通知中心/模板,ROLLBACK_CONFIRM,确认回滚,列出目标版本、影响和审计原因。,confirm_or_cancel,P07-013,P07,P07-W03,YL-M-104-S09_ROLLBACK_CONFIRM,ui/mockups/admin/YL-M-104/YL-M-104-S09_ROLLBACK_CONFIRM.png,PAGE,,8674d4de88285b63
YL-M-104-S10_PERMISSION_DENIED,YL-M-104,ADMIN,通知中心/模板,PERMISSION_DENIED,权限不足,不泄露资源存在性，说明所需权限或返回。,back_or_request_access,P07-013,P07,P07-W03,YL-M-104-S10_PERMISSION_DENIED,ui/mockups/admin/YL-M-104/YL-M-104-S10_PERMISSION_DENIED.png,PAGE,,8674d4de88285b63
YL-M-104-S11_SERVER_ERROR,YL-M-104,ADMIN,通知中心/模板,SERVER_ERROR,服务异常,服务端 5xx，显示请求 ID，不暴露堆栈。,retry_or_status,P07-013,P07,P07-W03,YL-M-104-S11_SERVER_ERROR,ui/mockups/admin/YL-M-104/YL-M-104-S11_SERVER_ERROR.png,PAGE,,8674d4de88285b63
YL-M-105-S01_LOADING,YL-M-105,ADMIN,作品中心/图片作品,LOADING,加载中,使用与最终布局一致的 Skeleton，禁止无限 Loading。,automatic_or_retry,P07-014,P07,P07-W03,YL-M-105-S01_LOADING,ui/mockups/admin/YL-M-105/YL-M-105-S01_LOADING.png,PAGE,,4555bab66d9ad79f
YL-M-105-S02_POPULATED,YL-M-105,ADMIN,作品中心/图片作品,POPULATED,有数据,真实结构化数据已加载。,none,P07-014,P07,P07-W03,YL-M-105-S02_POPULATED,ui/mockups/admin/YL-M-105/YL-M-105-S02_POPULATED.png,PAGE,,4555bab66d9ad79f
YL-M-105-S03_EMPTY,YL-M-105,ADMIN,作品中心/图片作品,EMPTY,空数据,显示原因、下一步和主操作；不得使用伪造内容填满。,primary_action_or_refresh,P07-014,P07,P07-W03,YL-M-105-S03_EMPTY,ui/mockups/admin/YL-M-105/YL-M-105-S03_EMPTY.png,PAGE,,4555bab66d9ad79f
YL-M-105-S04_FILTER_ACTIVE,YL-M-105,ADMIN,作品中心/图片作品,FILTER_ACTIVE,筛选生效,清晰展示筛选条件和结果数量。,clear_filter,P07-014,P07,P07-W03,YL-M-105-S04_FILTER_ACTIVE,ui/mockups/admin/YL-M-105/YL-M-105-S04_FILTER_ACTIVE.png,PAGE,,4555bab66d9ad79f
YL-M-105-S05_BULK_SELECTED,YL-M-105,ADMIN,作品中心/图片作品,BULK_SELECTED,批量选择,显示已选数量和允许的批量动作。,clear_selection,P07-014,P07,P07-W03,YL-M-105-S05_BULK_SELECTED,ui/mockups/admin/YL-M-105/YL-M-105-S05_BULK_SELECTED.png,PAGE,,4555bab66d9ad79f
YL-M-105-S06_PERMISSION_DENIED,YL-M-105,ADMIN,作品中心/图片作品,PERMISSION_DENIED,权限不足,不泄露资源存在性，说明所需权限或返回。,back_or_request_access,P07-014,P07,P07-W03,YL-M-105-S06_PERMISSION_DENIED,ui/mockups/admin/YL-M-105/YL-M-105-S06_PERMISSION_DENIED.png,PAGE,,4555bab66d9ad79f
YL-M-105-S07_NETWORK_ERROR,YL-M-105,ADMIN,作品中心/图片作品,NETWORK_ERROR,网络连接失败,网络不可达或 DNS/TLS 失败，提供重试。,retry,P07-014,P07,P07-W03,YL-M-105-S07_NETWORK_ERROR,ui/mockups/admin/YL-M-105/YL-M-105-S07_NETWORK_ERROR.png,PAGE,,4555bab66d9ad79f
YL-M-105-S08_SERVER_ERROR,YL-M-105,ADMIN,作品中心/图片作品,SERVER_ERROR,服务异常,服务端 5xx，显示请求 ID，不暴露堆栈。,retry_or_status,P07-014,P07,P07-W03,YL-M-105-S08_SERVER_ERROR,ui/mockups/admin/YL-M-105/YL-M-105-S08_SERVER_ERROR.png,PAGE,,4555bab66d9ad79f
YL-M-106-S01_LOADING,YL-M-106,ADMIN,作品中心/作品详情,LOADING,加载中,使用与最终布局一致的 Skeleton，禁止无限 Loading。,automatic_or_retry,P07-015|P09-004,P07|P09,P07-W03|P09-W01,YL-M-106-S01_LOADING,ui/mockups/admin/YL-M-106/YL-M-106-S01_LOADING.png,PAGE,,772c4862a64e8d85
YL-M-106-S02_POPULATED,YL-M-106,ADMIN,作品中心/作品详情,POPULATED,有数据,真实结构化数据已加载。,none,P07-015|P09-004,P07|P09,P07-W03|P09-W01,YL-M-106-S02_POPULATED,ui/mockups/admin/YL-M-106/YL-M-106-S02_POPULATED.png,PAGE,,772c4862a64e8d85
YL-M-106-S03_NOT_FOUND,YL-M-106,ADMIN,作品中心/作品详情,NOT_FOUND,内容不存在,资源不存在、已删除或不可访问。,back,P07-015|P09-004,P07|P09,P07-W03|P09-W01,YL-M-106-S03_NOT_FOUND,ui/mockups/admin/YL-M-106/YL-M-106-S03_NOT_FOUND.png,PAGE,,772c4862a64e8d85
YL-M-106-S04_EDIT_MODE,YL-M-106,ADMIN,作品中心/作品详情,EDIT_MODE,编辑状态,可编辑字段与只读字段明显区分。,save_or_cancel,P07-015|P09-004,P07|P09,P07-W03|P09-W01,YL-M-106-S04_EDIT_MODE,ui/mockups/admin/YL-M-106/YL-M-106-S04_EDIT_MODE.png,PAGE,,772c4862a64e8d85
YL-M-106-S05_DIRTY,YL-M-106,ADMIN,作品中心/作品详情,DIRTY,存在未保存修改,离开或关闭前必须确认。,save_or_discard,P07-015|P09-004,P07|P09,P07-W03|P09-W01,YL-M-106-S05_DIRTY,ui/mockups/admin/YL-M-106/YL-M-106-S05_DIRTY.png,PAGE,,772c4862a64e8d85
YL-M-106-S06_SUBMITTING,YL-M-106,ADMIN,作品中心/作品详情,SUBMITTING,提交中,主按钮保留尺寸并显示进度，禁止重复提交。,wait_or_cancel_if_supported,P07-015|P09-004,P07|P09,P07-W03|P09-W01,YL-M-106-S06_SUBMITTING,ui/mockups/admin/YL-M-106/YL-M-106-S06_SUBMITTING.png,PAGE,,772c4862a64e8d85
YL-M-106-S07_SAVE_SUCCESS,YL-M-106,ADMIN,作品中心/作品详情,SAVE_SUCCESS,保存成功,保存结果明确且数据回读一致。,continue,P07-015|P09-004,P07|P09,P07-W03|P09-W01,YL-M-106-S07_SAVE_SUCCESS,ui/mockups/admin/YL-M-106/YL-M-106-S07_SAVE_SUCCESS.png,PAGE,,772c4862a64e8d85
YL-M-106-S08_VALIDATION_ERROR,YL-M-106,ADMIN,作品中心/作品详情,VALIDATION_ERROR,表单校验失败,字段级错误紧邻字段，首个错误获得焦点。,correct_input,P07-015|P09-004,P07|P09,P07-W03|P09-W01,YL-M-106-S08_VALIDATION_ERROR,ui/mockups/admin/YL-M-106/YL-M-106-S08_VALIDATION_ERROR.png,PAGE,,772c4862a64e8d85
YL-M-106-S09_VERSION_CONFLICT,YL-M-106,ADMIN,作品中心/作品详情,VERSION_CONFLICT,版本冲突,显示当前版本与服务器版本，禁止静默覆盖。,reload_compare_or_force_with_permission,P07-015|P09-004,P07|P09,P07-W03|P09-W01,YL-M-106-S09_VERSION_CONFLICT,ui/mockups/admin/YL-M-106/YL-M-106-S09_VERSION_CONFLICT.png,PAGE,,772c4862a64e8d85
YL-M-106-S10_PERMISSION_DENIED,YL-M-106,ADMIN,作品中心/作品详情,PERMISSION_DENIED,权限不足,不泄露资源存在性，说明所需权限或返回。,back_or_request_access,P07-015|P09-004,P07|P09,P07-W03|P09-W01,YL-M-106-S10_PERMISSION_DENIED,ui/mockups/admin/YL-M-106/YL-M-106-S10_PERMISSION_DENIED.png,PAGE,,772c4862a64e8d85
YL-M-106-S11_SERVER_ERROR,YL-M-106,ADMIN,作品中心/作品详情,SERVER_ERROR,服务异常,服务端 5xx，显示请求 ID，不暴露堆栈。,retry_or_status,P07-015|P09-004,P07|P09,P07-W03|P09-W01,YL-M-106-S11_SERVER_ERROR,ui/mockups/admin/YL-M-106/YL-M-106-S11_SERVER_ERROR.png,PAGE,,772c4862a64e8d85
YL-M-107-S01_LOADING,YL-M-107,ADMIN,作品中心/下载记录,LOADING,加载中,使用与最终布局一致的 Skeleton，禁止无限 Loading。,automatic_or_retry,P07-016|P08-020,P07|P08,P07-W03|P08-W04,YL-M-107-S01_LOADING,ui/mockups/admin/YL-M-107/YL-M-107-S01_LOADING.png,PAGE,,539e08e2d0ac25b0
YL-M-107-S02_POPULATED,YL-M-107,ADMIN,作品中心/下载记录,POPULATED,有数据,真实结构化数据已加载。,none,P07-016|P08-020,P07|P08,P07-W03|P08-W04,YL-M-107-S02_POPULATED,ui/mockups/admin/YL-M-107/YL-M-107-S02_POPULATED.png,PAGE,,539e08e2d0ac25b0
YL-M-107-S03_EMPTY,YL-M-107,ADMIN,作品中心/下载记录,EMPTY,空数据,显示原因、下一步和主操作；不得使用伪造内容填满。,primary_action_or_refresh,P07-016|P08-020,P07|P08,P07-W03|P08-W04,YL-M-107-S03_EMPTY,ui/mockups/admin/YL-M-107/YL-M-107-S03_EMPTY.png,PAGE,,539e08e2d0ac25b0
YL-M-107-S04_FILTER_ACTIVE,YL-M-107,ADMIN,作品中心/下载记录,FILTER_ACTIVE,筛选生效,清晰展示筛选条件和结果数量。,clear_filter,P07-016|P08-020,P07|P08,P07-W03|P08-W04,YL-M-107-S04_FILTER_ACTIVE,ui/mockups/admin/YL-M-107/YL-M-107-S04_FILTER_ACTIVE.png,PAGE,,539e08e2d0ac25b0
YL-M-107-S05_BULK_SELECTED,YL-M-107,ADMIN,作品中心/下载记录,BULK_SELECTED,批量选择,显示已选数量和允许的批量动作。,clear_selection,P07-016|P08-020,P07|P08,P07-W03|P08-W04,YL-M-107-S05_BULK_SELECTED,ui/mockups/admin/YL-M-107/YL-M-107-S05_BULK_SELECTED.png,PAGE,,539e08e2d0ac25b0
YL-M-107-S06_PERMISSION_DENIED,YL-M-107,ADMIN,作品中心/下载记录,PERMISSION_DENIED,权限不足,不泄露资源存在性，说明所需权限或返回。,back_or_request_access,P07-016|P08-020,P07|P08,P07-W03|P08-W04,YL-M-107-S06_PERMISSION_DENIED,ui/mockups/admin/YL-M-107/YL-M-107-S06_PERMISSION_DENIED.png,PAGE,,539e08e2d0ac25b0
YL-M-107-S07_NETWORK_ERROR,YL-M-107,ADMIN,作品中心/下载记录,NETWORK_ERROR,网络连接失败,网络不可达或 DNS/TLS 失败，提供重试。,retry,P07-016|P08-020,P07|P08,P07-W03|P08-W04,YL-M-107-S07_NETWORK_ERROR,ui/mockups/admin/YL-M-107/YL-M-107-S07_NETWORK_ERROR.png,PAGE,,539e08e2d0ac25b0
YL-M-107-S08_SERVER_ERROR,YL-M-107,ADMIN,作品中心/下载记录,SERVER_ERROR,服务异常,服务端 5xx，显示请求 ID，不暴露堆栈。,retry_or_status,P07-016|P08-020,P07|P08,P07-W03|P08-W04,YL-M-107-S08_SERVER_ERROR,ui/mockups/admin/YL-M-107/YL-M-107-S08_SERVER_ERROR.png,PAGE,,539e08e2d0ac25b0
YL-M-108-S01_LOADING,YL-M-108,ADMIN,作品中心/作品版本,LOADING,加载中,使用与最终布局一致的 Skeleton，禁止无限 Loading。,automatic_or_retry,P07-017|P08-019,P07|P08,P07-W03|P08-W03,YL-M-108-S01_LOADING,ui/mockups/admin/YL-M-108/YL-M-108-S01_LOADING.png,PAGE,,d096b31e1c5aa086
YL-M-108-S02_POPULATED,YL-M-108,ADMIN,作品中心/作品版本,POPULATED,有数据,真实结构化数据已加载。,none,P07-017|P08-019,P07|P08,P07-W03|P08-W03,YL-M-108-S02_POPULATED,ui/mockups/admin/YL-M-108/YL-M-108-S02_POPULATED.png,PAGE,,d096b31e1c5aa086
YL-M-108-S03_EDIT_MODE,YL-M-108,ADMIN,作品中心/作品版本,EDIT_MODE,编辑状态,可编辑字段与只读字段明显区分。,save_or_cancel,P07-017|P08-019,P07|P08,P07-W03|P08-W03,YL-M-108-S03_EDIT_MODE,ui/mockups/admin/YL-M-108/YL-M-108-S03_EDIT_MODE.png,PAGE,,d096b31e1c5aa086
YL-M-108-S04_VALIDATION_ERROR,YL-M-108,ADMIN,作品中心/作品版本,VALIDATION_ERROR,表单校验失败,字段级错误紧邻字段，首个错误获得焦点。,correct_input,P07-017|P08-019,P07|P08,P07-W03|P08-W03,YL-M-108-S04_VALIDATION_ERROR,ui/mockups/admin/YL-M-108/YL-M-108-S04_VALIDATION_ERROR.png,PAGE,,d096b31e1c5aa086
YL-M-108-S05_DIRTY,YL-M-108,ADMIN,作品中心/作品版本,DIRTY,存在未保存修改,离开或关闭前必须确认。,save_or_discard,P07-017|P08-019,P07|P08,P07-W03|P08-W03,YL-M-108-S05_DIRTY,ui/mockups/admin/YL-M-108/YL-M-108-S05_DIRTY.png,PAGE,,d096b31e1c5aa086
YL-M-108-S06_SUBMITTING,YL-M-108,ADMIN,作品中心/作品版本,SUBMITTING,提交中,主按钮保留尺寸并显示进度，禁止重复提交。,wait_or_cancel_if_supported,P07-017|P08-019,P07|P08,P07-W03|P08-W03,YL-M-108-S06_SUBMITTING,ui/mockups/admin/YL-M-108/YL-M-108-S06_SUBMITTING.png,PAGE,,d096b31e1c5aa086
YL-M-108-S07_SAVE_SUCCESS,YL-M-108,ADMIN,作品中心/作品版本,SAVE_SUCCESS,保存成功,保存结果明确且数据回读一致。,continue,P07-017|P08-019,P07|P08,P07-W03|P08-W03,YL-M-108-S07_SAVE_SUCCESS,ui/mockups/admin/YL-M-108/YL-M-108-S07_SAVE_SUCCESS.png,PAGE,,d096b31e1c5aa086
YL-M-108-S08_VERSION_CONFLICT,YL-M-108,ADMIN,作品中心/作品版本,VERSION_CONFLICT,版本冲突,显示当前版本与服务器版本，禁止静默覆盖。,reload_compare_or_force_with_permission,P07-017|P08-019,P07|P08,P07-W03|P08-W03,YL-M-108-S08_VERSION_CONFLICT,ui/mockups/admin/YL-M-108/YL-M-108-S08_VERSION_CONFLICT.png,PAGE,,d096b31e1c5aa086
YL-M-108-S09_ROLLBACK_CONFIRM,YL-M-108,ADMIN,作品中心/作品版本,ROLLBACK_CONFIRM,确认回滚,列出目标版本、影响和审计原因。,confirm_or_cancel,P07-017|P08-019,P07|P08,P07-W03|P08-W03,YL-M-108-S09_ROLLBACK_CONFIRM,ui/mockups/admin/YL-M-108/YL-M-108-S09_ROLLBACK_CONFIRM.png,PAGE,,d096b31e1c5aa086
YL-M-108-S10_PERMISSION_DENIED,YL-M-108,ADMIN,作品中心/作品版本,PERMISSION_DENIED,权限不足,不泄露资源存在性，说明所需权限或返回。,back_or_request_access,P07-017|P08-019,P07|P08,P07-W03|P08-W03,YL-M-108-S10_PERMISSION_DENIED,ui/mockups/admin/YL-M-108/YL-M-108-S10_PERMISSION_DENIED.png,PAGE,,d096b31e1c5aa086
YL-M-108-S11_SERVER_ERROR,YL-M-108,ADMIN,作品中心/作品版本,SERVER_ERROR,服务异常,服务端 5xx，显示请求 ID，不暴露堆栈。,retry_or_status,P07-017|P08-019,P07|P08,P07-W03|P08-W03,YL-M-108-S11_SERVER_ERROR,ui/mockups/admin/YL-M-108/YL-M-108-S11_SERVER_ERROR.png,PAGE,,d096b31e1c5aa086
YL-M-109-S01_LOADING,YL-M-109,ADMIN,安全与审计/内容安全,LOADING,加载中,使用与最终布局一致的 Skeleton，禁止无限 Loading。,automatic_or_retry,P07-018,P07,P07-W04,YL-M-109-S01_LOADING,ui/mockups/admin/YL-M-109/YL-M-109-S01_LOADING.png,PAGE,,dc731c1b3b5fb783
YL-M-109-S02_POPULATED,YL-M-109,ADMIN,安全与审计/内容安全,POPULATED,有数据,真实结构化数据已加载。,none,P07-018,P07,P07-W04,YL-M-109-S02_POPULATED,ui/mockups/admin/YL-M-109/YL-M-109-S02_POPULATED.png,PAGE,,dc731c1b3b5fb783
YL-M-109-S03_EMPTY,YL-M-109,ADMIN,安全与审计/内容安全,EMPTY,空数据,显示原因、下一步和主操作；不得使用伪造内容填满。,primary_action_or_refresh,P07-018,P07,P07-W04,YL-M-109-S03_EMPTY,ui/mockups/admin/YL-M-109/YL-M-109-S03_EMPTY.png,PAGE,,dc731c1b3b5fb783
YL-M-109-S04_BULK_SELECTED,YL-M-109,ADMIN,安全与审计/内容安全,BULK_SELECTED,批量选择,显示已选数量和允许的批量动作。,clear_selection,P07-018,P07,P07-W04,YL-M-109-S04_BULK_SELECTED,ui/mockups/admin/YL-M-109/YL-M-109-S04_BULK_SELECTED.png,PAGE,,dc731c1b3b5fb783
YL-M-109-S05_SUBMITTING,YL-M-109,ADMIN,安全与审计/内容安全,SUBMITTING,提交中,主按钮保留尺寸并显示进度，禁止重复提交。,wait_or_cancel_if_supported,P07-018,P07,P07-W04,YL-M-109-S05_SUBMITTING,ui/mockups/admin/YL-M-109/YL-M-109-S05_SUBMITTING.png,PAGE,,dc731c1b3b5fb783
YL-M-109-S06_SUCCESS,YL-M-109,ADMIN,安全与审计/内容安全,SUCCESS,操作成功,使用 Snackbar、结果页或成功卡，按合同给出下一步。,continue,P07-018,P07,P07-W04,YL-M-109-S06_SUCCESS,ui/mockups/admin/YL-M-109/YL-M-109-S06_SUCCESS.png,PAGE,,dc731c1b3b5fb783
YL-M-109-S07_PERMISSION_DENIED,YL-M-109,ADMIN,安全与审计/内容安全,PERMISSION_DENIED,权限不足,不泄露资源存在性，说明所需权限或返回。,back_or_request_access,P07-018,P07,P07-W04,YL-M-109-S07_PERMISSION_DENIED,ui/mockups/admin/YL-M-109/YL-M-109-S07_PERMISSION_DENIED.png,PAGE,,dc731c1b3b5fb783
YL-M-109-S08_SERVER_ERROR,YL-M-109,ADMIN,安全与审计/内容安全,SERVER_ERROR,服务异常,服务端 5xx，显示请求 ID，不暴露堆栈。,retry_or_status,P07-018,P07,P07-W04,YL-M-109-S08_SERVER_ERROR,ui/mockups/admin/YL-M-109/YL-M-109-S08_SERVER_ERROR.png,PAGE,,dc731c1b3b5fb783
YL-M-110-S01_LOADING,YL-M-110,ADMIN,商业化/账本,LOADING,加载中,使用与最终布局一致的 Skeleton，禁止无限 Loading。,automatic_or_retry,P07-019|P08-025|P10-007|P10-010,P07|P08|P10,P07-W04|P08-W04|P10-W02,YL-M-110-S01_LOADING,ui/mockups/admin/YL-M-110/YL-M-110-S01_LOADING.png,PAGE,,26ca4679d32fd24d
YL-M-110-S02_POPULATED,YL-M-110,ADMIN,商业化/账本,POPULATED,有数据,真实结构化数据已加载。,none,P07-019|P08-025|P10-007|P10-010,P07|P08|P10,P07-W04|P08-W04|P10-W02,YL-M-110-S02_POPULATED,ui/mockups/admin/YL-M-110/YL-M-110-S02_POPULATED.png,PAGE,,26ca4679d32fd24d
YL-M-110-S03_EMPTY,YL-M-110,ADMIN,商业化/账本,EMPTY,空数据,显示原因、下一步和主操作；不得使用伪造内容填满。,primary_action_or_refresh,P07-019|P08-025|P10-007|P10-010,P07|P08|P10,P07-W04|P08-W04|P10-W02,YL-M-110-S03_EMPTY,ui/mockups/admin/YL-M-110/YL-M-110-S03_EMPTY.png,PAGE,,26ca4679d32fd24d
YL-M-110-S04_FILTER_ACTIVE,YL-M-110,ADMIN,商业化/账本,FILTER_ACTIVE,筛选生效,清晰展示筛选条件和结果数量。,clear_filter,P07-019|P08-025|P10-007|P10-010,P07|P08|P10,P07-W04|P08-W04|P10-W02,YL-M-110-S04_FILTER_ACTIVE,ui/mockups/admin/YL-M-110/YL-M-110-S04_FILTER_ACTIVE.png,PAGE,,26ca4679d32fd24d
YL-M-110-S05_BULK_SELECTED,YL-M-110,ADMIN,商业化/账本,BULK_SELECTED,批量选择,显示已选数量和允许的批量动作。,clear_selection,P07-019|P08-025|P10-007|P10-010,P07|P08|P10,P07-W04|P08-W04|P10-W02,YL-M-110-S05_BULK_SELECTED,ui/mockups/admin/YL-M-110/YL-M-110-S05_BULK_SELECTED.png,PAGE,,26ca4679d32fd24d
YL-M-110-S06_PERMISSION_DENIED,YL-M-110,ADMIN,商业化/账本,PERMISSION_DENIED,权限不足,不泄露资源存在性，说明所需权限或返回。,back_or_request_access,P07-019|P08-025|P10-007|P10-010,P07|P08|P10,P07-W04|P08-W04|P10-W02,YL-M-110-S06_PERMISSION_DENIED,ui/mockups/admin/YL-M-110/YL-M-110-S06_PERMISSION_DENIED.png,PAGE,,26ca4679d32fd24d
YL-M-110-S07_NETWORK_ERROR,YL-M-110,ADMIN,商业化/账本,NETWORK_ERROR,网络连接失败,网络不可达或 DNS/TLS 失败，提供重试。,retry,P07-019|P08-025|P10-007|P10-010,P07|P08|P10,P07-W04|P08-W04|P10-W02,YL-M-110-S07_NETWORK_ERROR,ui/mockups/admin/YL-M-110/YL-M-110-S07_NETWORK_ERROR.png,PAGE,,26ca4679d32fd24d
YL-M-110-S08_SERVER_ERROR,YL-M-110,ADMIN,商业化/账本,SERVER_ERROR,服务异常,服务端 5xx，显示请求 ID，不暴露堆栈。,retry_or_status,P07-019|P08-025|P10-007|P10-010,P07|P08|P10,P07-W04|P08-W04|P10-W02,YL-M-110-S08_SERVER_ERROR,ui/mockups/admin/YL-M-110/YL-M-110-S08_SERVER_ERROR.png,PAGE,,26ca4679d32fd24d
YL-M-111-S01_LOADING,YL-M-111,ADMIN,AI工具/PPT项目,LOADING,加载中,使用与最终布局一致的 Skeleton，禁止无限 Loading。,automatic_or_retry,P08-001|P08-002|P08-003|P08-006|P08-007|P08-014|P08-015|P08-018|P08-021,P08,P08-W01|P08-W03|P08-W04,YL-M-111-S01_LOADING,ui/mockups/admin/YL-M-111/YL-M-111-S01_LOADING.png,PAGE,,05c657c52d8e12e6
YL-M-111-S02_POPULATED,YL-M-111,ADMIN,AI工具/PPT项目,POPULATED,有数据,真实结构化数据已加载。,none,P08-001|P08-002|P08-003|P08-006|P08-007|P08-014|P08-015|P08-018|P08-021,P08,P08-W01|P08-W03|P08-W04,YL-M-111-S02_POPULATED,ui/mockups/admin/YL-M-111/YL-M-111-S02_POPULATED.png,PAGE,,05c657c52d8e12e6
YL-M-111-S03_EMPTY,YL-M-111,ADMIN,AI工具/PPT项目,EMPTY,空数据,显示原因、下一步和主操作；不得使用伪造内容填满。,primary_action_or_refresh,P08-001|P08-002|P08-003|P08-006|P08-007|P08-014|P08-015|P08-018|P08-021,P08,P08-W01|P08-W03|P08-W04,YL-M-111-S03_EMPTY,ui/mockups/admin/YL-M-111/YL-M-111-S03_EMPTY.png,PAGE,,05c657c52d8e12e6
YL-M-111-S04_FILTER_ACTIVE,YL-M-111,ADMIN,AI工具/PPT项目,FILTER_ACTIVE,筛选生效,清晰展示筛选条件和结果数量。,clear_filter,P08-001|P08-002|P08-003|P08-006|P08-007|P08-014|P08-015|P08-018|P08-021,P08,P08-W01|P08-W03|P08-W04,YL-M-111-S04_FILTER_ACTIVE,ui/mockups/admin/YL-M-111/YL-M-111-S04_FILTER_ACTIVE.png,PAGE,,05c657c52d8e12e6
YL-M-111-S05_BULK_SELECTED,YL-M-111,ADMIN,AI工具/PPT项目,BULK_SELECTED,批量选择,显示已选数量和允许的批量动作。,clear_selection,P08-001|P08-002|P08-003|P08-006|P08-007|P08-014|P08-015|P08-018|P08-021,P08,P08-W01|P08-W03|P08-W04,YL-M-111-S05_BULK_SELECTED,ui/mockups/admin/YL-M-111/YL-M-111-S05_BULK_SELECTED.png,PAGE,,05c657c52d8e12e6
YL-M-111-S06_PERMISSION_DENIED,YL-M-111,ADMIN,AI工具/PPT项目,PERMISSION_DENIED,权限不足,不泄露资源存在性，说明所需权限或返回。,back_or_request_access,P08-001|P08-002|P08-003|P08-006|P08-007|P08-014|P08-015|P08-018|P08-021,P08,P08-W01|P08-W03|P08-W04,YL-M-111-S06_PERMISSION_DENIED,ui/mockups/admin/YL-M-111/YL-M-111-S06_PERMISSION_DENIED.png,PAGE,,05c657c52d8e12e6
YL-M-111-S07_NETWORK_ERROR,YL-M-111,ADMIN,AI工具/PPT项目,NETWORK_ERROR,网络连接失败,网络不可达或 DNS/TLS 失败，提供重试。,retry,P08-001|P08-002|P08-003|P08-006|P08-007|P08-014|P08-015|P08-018|P08-021,P08,P08-W01|P08-W03|P08-W04,YL-M-111-S07_NETWORK_ERROR,ui/mockups/admin/YL-M-111/YL-M-111-S07_NETWORK_ERROR.png,PAGE,,05c657c52d8e12e6
YL-M-111-S08_SERVER_ERROR,YL-M-111,ADMIN,AI工具/PPT项目,SERVER_ERROR,服务异常,服务端 5xx，显示请求 ID，不暴露堆栈。,retry_or_status,P08-001|P08-002|P08-003|P08-006|P08-007|P08-014|P08-015|P08-018|P08-021,P08,P08-W01|P08-W03|P08-W04,YL-M-111-S08_SERVER_ERROR,ui/mockups/admin/YL-M-111/YL-M-111-S08_SERVER_ERROR.png,PAGE,,05c657c52d8e12e6
YL-M-112-S01_LOADING,YL-M-112,ADMIN,AI工具/PPT模板,LOADING,加载中,使用与最终布局一致的 Skeleton，禁止无限 Loading。,automatic_or_retry,P08-004|P08-017|P08-022,P08,P08-W01|P08-W03|P08-W04,YL-M-112-S01_LOADING,ui/mockups/admin/YL-M-112/YL-M-112-S01_LOADING.png,PAGE,,64208316b1764771
YL-M-112-S02_POPULATED,YL-M-112,ADMIN,AI工具/PPT模板,POPULATED,有数据,真实结构化数据已加载。,none,P08-004|P08-017|P08-022,P08,P08-W01|P08-W03|P08-W04,YL-M-112-S02_POPULATED,ui/mockups/admin/YL-M-112/YL-M-112-S02_POPULATED.png,PAGE,,64208316b1764771
YL-M-112-S03_EDIT_MODE,YL-M-112,ADMIN,AI工具/PPT模板,EDIT_MODE,编辑状态,可编辑字段与只读字段明显区分。,save_or_cancel,P08-004|P08-017|P08-022,P08,P08-W01|P08-W03|P08-W04,YL-M-112-S03_EDIT_MODE,ui/mockups/admin/YL-M-112/YL-M-112-S03_EDIT_MODE.png,PAGE,,64208316b1764771
YL-M-112-S04_VALIDATION_ERROR,YL-M-112,ADMIN,AI工具/PPT模板,VALIDATION_ERROR,表单校验失败,字段级错误紧邻字段，首个错误获得焦点。,correct_input,P08-004|P08-017|P08-022,P08,P08-W01|P08-W03|P08-W04,YL-M-112-S04_VALIDATION_ERROR,ui/mockups/admin/YL-M-112/YL-M-112-S04_VALIDATION_ERROR.png,PAGE,,64208316b1764771
YL-M-112-S05_DIRTY,YL-M-112,ADMIN,AI工具/PPT模板,DIRTY,存在未保存修改,离开或关闭前必须确认。,save_or_discard,P08-004|P08-017|P08-022,P08,P08-W01|P08-W03|P08-W04,YL-M-112-S05_DIRTY,ui/mockups/admin/YL-M-112/YL-M-112-S05_DIRTY.png,PAGE,,64208316b1764771
YL-M-112-S06_SUBMITTING,YL-M-112,ADMIN,AI工具/PPT模板,SUBMITTING,提交中,主按钮保留尺寸并显示进度，禁止重复提交。,wait_or_cancel_if_supported,P08-004|P08-017|P08-022,P08,P08-W01|P08-W03|P08-W04,YL-M-112-S06_SUBMITTING,ui/mockups/admin/YL-M-112/YL-M-112-S06_SUBMITTING.png,PAGE,,64208316b1764771
YL-M-112-S07_SAVE_SUCCESS,YL-M-112,ADMIN,AI工具/PPT模板,SAVE_SUCCESS,保存成功,保存结果明确且数据回读一致。,continue,P08-004|P08-017|P08-022,P08,P08-W01|P08-W03|P08-W04,YL-M-112-S07_SAVE_SUCCESS,ui/mockups/admin/YL-M-112/YL-M-112-S07_SAVE_SUCCESS.png,PAGE,,64208316b1764771
YL-M-112-S08_VERSION_CONFLICT,YL-M-112,ADMIN,AI工具/PPT模板,VERSION_CONFLICT,版本冲突,显示当前版本与服务器版本，禁止静默覆盖。,reload_compare_or_force_with_permission,P08-004|P08-017|P08-022,P08,P08-W01|P08-W03|P08-W04,YL-M-112-S08_VERSION_CONFLICT,ui/mockups/admin/YL-M-112/YL-M-112-S08_VERSION_CONFLICT.png,PAGE,,64208316b1764771
YL-M-112-S09_ROLLBACK_CONFIRM,YL-M-112,ADMIN,AI工具/PPT模板,ROLLBACK_CONFIRM,确认回滚,列出目标版本、影响和审计原因。,confirm_or_cancel,P08-004|P08-017|P08-022,P08,P08-W01|P08-W03|P08-W04,YL-M-112-S09_ROLLBACK_CONFIRM,ui/mockups/admin/YL-M-112/YL-M-112-S09_ROLLBACK_CONFIRM.png,PAGE,,64208316b1764771
YL-M-112-S10_PERMISSION_DENIED,YL-M-112,ADMIN,AI工具/PPT模板,PERMISSION_DENIED,权限不足,不泄露资源存在性，说明所需权限或返回。,back_or_request_access,P08-004|P08-017|P08-022,P08,P08-W01|P08-W03|P08-W04,YL-M-112-S10_PERMISSION_DENIED,ui/mockups/admin/YL-M-112/YL-M-112-S10_PERMISSION_DENIED.png,PAGE,,64208316b1764771
YL-M-112-S11_SERVER_ERROR,YL-M-112,ADMIN,AI工具/PPT模板,SERVER_ERROR,服务异常,服务端 5xx，显示请求 ID，不暴露堆栈。,retry_or_status,P08-004|P08-017|P08-022,P08,P08-W01|P08-W03|P08-W04,YL-M-112-S11_SERVER_ERROR,ui/mockups/admin/YL-M-112/YL-M-112-S11_SERVER_ERROR.png,PAGE,,64208316b1764771
YL-M-113-S01_LOADING,YL-M-113,ADMIN,AI工具/PPT任务,LOADING,加载中,使用与最终布局一致的 Skeleton，禁止无限 Loading。,automatic_or_retry,P08-005|P08-008|P08-010|P08-012|P08-013|P08-016|P08-024,P08,P08-W01|P08-W02|P08-W03|P08-W04,YL-M-113-S01_LOADING,ui/mockups/admin/YL-M-113/YL-M-113-S01_LOADING.png,PAGE,,dde86af65f3531b4
YL-M-113-S02_POPULATED,YL-M-113,ADMIN,AI工具/PPT任务,POPULATED,有数据,真实结构化数据已加载。,none,P08-005|P08-008|P08-010|P08-012|P08-013|P08-016|P08-024,P08,P08-W01|P08-W02|P08-W03|P08-W04,YL-M-113-S02_POPULATED,ui/mockups/admin/YL-M-113/YL-M-113-S02_POPULATED.png,PAGE,,dde86af65f3531b4
YL-M-113-S03_EMPTY,YL-M-113,ADMIN,AI工具/PPT任务,EMPTY,空数据,显示原因、下一步和主操作；不得使用伪造内容填满。,primary_action_or_refresh,P08-005|P08-008|P08-010|P08-012|P08-013|P08-016|P08-024,P08,P08-W01|P08-W02|P08-W03|P08-W04,YL-M-113-S03_EMPTY,ui/mockups/admin/YL-M-113/YL-M-113-S03_EMPTY.png,PAGE,,dde86af65f3531b4
YL-M-113-S04_FILTER_ACTIVE,YL-M-113,ADMIN,AI工具/PPT任务,FILTER_ACTIVE,筛选生效,清晰展示筛选条件和结果数量。,clear_filter,P08-005|P08-008|P08-010|P08-012|P08-013|P08-016|P08-024,P08,P08-W01|P08-W02|P08-W03|P08-W04,YL-M-113-S04_FILTER_ACTIVE,ui/mockups/admin/YL-M-113/YL-M-113-S04_FILTER_ACTIVE.png,PAGE,,dde86af65f3531b4
YL-M-113-S05_BULK_SELECTED,YL-M-113,ADMIN,AI工具/PPT任务,BULK_SELECTED,批量选择,显示已选数量和允许的批量动作。,clear_selection,P08-005|P08-008|P08-010|P08-012|P08-013|P08-016|P08-024,P08,P08-W01|P08-W02|P08-W03|P08-W04,YL-M-113-S05_BULK_SELECTED,ui/mockups/admin/YL-M-113/YL-M-113-S05_BULK_SELECTED.png,PAGE,,dde86af65f3531b4
YL-M-113-S06_PERMISSION_DENIED,YL-M-113,ADMIN,AI工具/PPT任务,PERMISSION_DENIED,权限不足,不泄露资源存在性，说明所需权限或返回。,back_or_request_access,P08-005|P08-008|P08-010|P08-012|P08-013|P08-016|P08-024,P08,P08-W01|P08-W02|P08-W03|P08-W04,YL-M-113-S06_PERMISSION_DENIED,ui/mockups/admin/YL-M-113/YL-M-113-S06_PERMISSION_DENIED.png,PAGE,,dde86af65f3531b4
YL-M-113-S07_NETWORK_ERROR,YL-M-113,ADMIN,AI工具/PPT任务,NETWORK_ERROR,网络连接失败,网络不可达或 DNS/TLS 失败，提供重试。,retry,P08-005|P08-008|P08-010|P08-012|P08-013|P08-016|P08-024,P08,P08-W01|P08-W02|P08-W03|P08-W04,YL-M-113-S07_NETWORK_ERROR,ui/mockups/admin/YL-M-113/YL-M-113-S07_NETWORK_ERROR.png,PAGE,,dde86af65f3531b4
YL-M-113-S08_SERVER_ERROR,YL-M-113,ADMIN,AI工具/PPT任务,SERVER_ERROR,服务异常,服务端 5xx，显示请求 ID，不暴露堆栈。,retry_or_status,P08-005|P08-008|P08-010|P08-012|P08-013|P08-016|P08-024,P08,P08-W01|P08-W02|P08-W03|P08-W04,YL-M-113-S08_SERVER_ERROR,ui/mockups/admin/YL-M-113/YL-M-113-S08_SERVER_ERROR.png,PAGE,,dde86af65f3531b4
YL-M-114-S01_LOADING,YL-M-114,ADMIN,AI工具/PPT诊断,LOADING,加载中,使用与最终布局一致的 Skeleton，禁止无限 Loading。,automatic_or_retry,P08-009|P08-023,P08,P08-W02|P08-W04,YL-M-114-S01_LOADING,ui/mockups/admin/YL-M-114/YL-M-114-S01_LOADING.png,PAGE,,f0b2f7f11aac30fe
YL-M-114-S02_POPULATED,YL-M-114,ADMIN,AI工具/PPT诊断,POPULATED,有数据,真实结构化数据已加载。,none,P08-009|P08-023,P08,P08-W02|P08-W04,YL-M-114-S02_POPULATED,ui/mockups/admin/YL-M-114/YL-M-114-S02_POPULATED.png,PAGE,,f0b2f7f11aac30fe
YL-M-114-S03_NOT_FOUND,YL-M-114,ADMIN,AI工具/PPT诊断,NOT_FOUND,内容不存在,资源不存在、已删除或不可访问。,back,P08-009|P08-023,P08,P08-W02|P08-W04,YL-M-114-S03_NOT_FOUND,ui/mockups/admin/YL-M-114/YL-M-114-S03_NOT_FOUND.png,PAGE,,f0b2f7f11aac30fe
YL-M-114-S04_EDIT_MODE,YL-M-114,ADMIN,AI工具/PPT诊断,EDIT_MODE,编辑状态,可编辑字段与只读字段明显区分。,save_or_cancel,P08-009|P08-023,P08,P08-W02|P08-W04,YL-M-114-S04_EDIT_MODE,ui/mockups/admin/YL-M-114/YL-M-114-S04_EDIT_MODE.png,PAGE,,f0b2f7f11aac30fe
YL-M-114-S05_DIRTY,YL-M-114,ADMIN,AI工具/PPT诊断,DIRTY,存在未保存修改,离开或关闭前必须确认。,save_or_discard,P08-009|P08-023,P08,P08-W02|P08-W04,YL-M-114-S05_DIRTY,ui/mockups/admin/YL-M-114/YL-M-114-S05_DIRTY.png,PAGE,,f0b2f7f11aac30fe
YL-M-114-S06_SUBMITTING,YL-M-114,ADMIN,AI工具/PPT诊断,SUBMITTING,提交中,主按钮保留尺寸并显示进度，禁止重复提交。,wait_or_cancel_if_supported,P08-009|P08-023,P08,P08-W02|P08-W04,YL-M-114-S06_SUBMITTING,ui/mockups/admin/YL-M-114/YL-M-114-S06_SUBMITTING.png,PAGE,,f0b2f7f11aac30fe
YL-M-114-S07_SAVE_SUCCESS,YL-M-114,ADMIN,AI工具/PPT诊断,SAVE_SUCCESS,保存成功,保存结果明确且数据回读一致。,continue,P08-009|P08-023,P08,P08-W02|P08-W04,YL-M-114-S07_SAVE_SUCCESS,ui/mockups/admin/YL-M-114/YL-M-114-S07_SAVE_SUCCESS.png,PAGE,,f0b2f7f11aac30fe
YL-M-114-S08_VALIDATION_ERROR,YL-M-114,ADMIN,AI工具/PPT诊断,VALIDATION_ERROR,表单校验失败,字段级错误紧邻字段，首个错误获得焦点。,correct_input,P08-009|P08-023,P08,P08-W02|P08-W04,YL-M-114-S08_VALIDATION_ERROR,ui/mockups/admin/YL-M-114/YL-M-114-S08_VALIDATION_ERROR.png,PAGE,,f0b2f7f11aac30fe
YL-M-114-S09_VERSION_CONFLICT,YL-M-114,ADMIN,AI工具/PPT诊断,VERSION_CONFLICT,版本冲突,显示当前版本与服务器版本，禁止静默覆盖。,reload_compare_or_force_with_permission,P08-009|P08-023,P08,P08-W02|P08-W04,YL-M-114-S09_VERSION_CONFLICT,ui/mockups/admin/YL-M-114/YL-M-114-S09_VERSION_CONFLICT.png,PAGE,,f0b2f7f11aac30fe
YL-M-114-S10_PERMISSION_DENIED,YL-M-114,ADMIN,AI工具/PPT诊断,PERMISSION_DENIED,权限不足,不泄露资源存在性，说明所需权限或返回。,back_or_request_access,P08-009|P08-023,P08,P08-W02|P08-W04,YL-M-114-S10_PERMISSION_DENIED,ui/mockups/admin/YL-M-114/YL-M-114-S10_PERMISSION_DENIED.png,PAGE,,f0b2f7f11aac30fe
YL-M-114-S11_SERVER_ERROR,YL-M-114,ADMIN,AI工具/PPT诊断,SERVER_ERROR,服务异常,服务端 5xx，显示请求 ID，不暴露堆栈。,retry_or_status,P08-009|P08-023,P08,P08-W02|P08-W04,YL-M-114-S11_SERVER_ERROR,ui/mockups/admin/YL-M-114/YL-M-114-S11_SERVER_ERROR.png,PAGE,,f0b2f7f11aac30fe
YL-M-115-S01_LOADING,YL-M-115,ADMIN,作品中心/PPT作品,LOADING,加载中,使用与最终布局一致的 Skeleton，禁止无限 Loading。,automatic_or_retry,P08-011,P08,P08-W02,YL-M-115-S01_LOADING,ui/mockups/admin/YL-M-115/YL-M-115-S01_LOADING.png,PAGE,,6ea925aff8b7a958
YL-M-115-S02_POPULATED,YL-M-115,ADMIN,作品中心/PPT作品,POPULATED,有数据,真实结构化数据已加载。,none,P08-011,P08,P08-W02,YL-M-115-S02_POPULATED,ui/mockups/admin/YL-M-115/YL-M-115-S02_POPULATED.png,PAGE,,6ea925aff8b7a958
YL-M-115-S03_EMPTY,YL-M-115,ADMIN,作品中心/PPT作品,EMPTY,空数据,显示原因、下一步和主操作；不得使用伪造内容填满。,primary_action_or_refresh,P08-011,P08,P08-W02,YL-M-115-S03_EMPTY,ui/mockups/admin/YL-M-115/YL-M-115-S03_EMPTY.png,PAGE,,6ea925aff8b7a958
YL-M-115-S04_FILTER_ACTIVE,YL-M-115,ADMIN,作品中心/PPT作品,FILTER_ACTIVE,筛选生效,清晰展示筛选条件和结果数量。,clear_filter,P08-011,P08,P08-W02,YL-M-115-S04_FILTER_ACTIVE,ui/mockups/admin/YL-M-115/YL-M-115-S04_FILTER_ACTIVE.png,PAGE,,6ea925aff8b7a958
YL-M-115-S05_BULK_SELECTED,YL-M-115,ADMIN,作品中心/PPT作品,BULK_SELECTED,批量选择,显示已选数量和允许的批量动作。,clear_selection,P08-011,P08,P08-W02,YL-M-115-S05_BULK_SELECTED,ui/mockups/admin/YL-M-115/YL-M-115-S05_BULK_SELECTED.png,PAGE,,6ea925aff8b7a958
YL-M-115-S06_PERMISSION_DENIED,YL-M-115,ADMIN,作品中心/PPT作品,PERMISSION_DENIED,权限不足,不泄露资源存在性，说明所需权限或返回。,back_or_request_access,P08-011,P08,P08-W02,YL-M-115-S06_PERMISSION_DENIED,ui/mockups/admin/YL-M-115/YL-M-115-S06_PERMISSION_DENIED.png,PAGE,,6ea925aff8b7a958
YL-M-115-S07_NETWORK_ERROR,YL-M-115,ADMIN,作品中心/PPT作品,NETWORK_ERROR,网络连接失败,网络不可达或 DNS/TLS 失败，提供重试。,retry,P08-011,P08,P08-W02,YL-M-115-S07_NETWORK_ERROR,ui/mockups/admin/YL-M-115/YL-M-115-S07_NETWORK_ERROR.png,PAGE,,6ea925aff8b7a958
YL-M-115-S08_SERVER_ERROR,YL-M-115,ADMIN,作品中心/PPT作品,SERVER_ERROR,服务异常,服务端 5xx，显示请求 ID，不暴露堆栈。,retry_or_status,P08-011,P08,P08-W02,YL-M-115-S08_SERVER_ERROR,ui/mockups/admin/YL-M-115/YL-M-115-S08_SERVER_ERROR.png,PAGE,,6ea925aff8b7a958
YL-M-116-S01_LOADING,YL-M-116,ADMIN,内容运营/工作页配置,LOADING,加载中,使用与最终布局一致的 Skeleton，禁止无限 Loading。,automatic_or_retry,P09-001,P09,P09-W01,YL-M-116-S01_LOADING,ui/mockups/admin/YL-M-116/YL-M-116-S01_LOADING.png,PAGE,,a37bdfe9e12b594c
YL-M-116-S02_POPULATED,YL-M-116,ADMIN,内容运营/工作页配置,POPULATED,有数据,真实结构化数据已加载。,none,P09-001,P09,P09-W01,YL-M-116-S02_POPULATED,ui/mockups/admin/YL-M-116/YL-M-116-S02_POPULATED.png,PAGE,,a37bdfe9e12b594c
YL-M-116-S03_EDIT_MODE,YL-M-116,ADMIN,内容运营/工作页配置,EDIT_MODE,编辑状态,可编辑字段与只读字段明显区分。,save_or_cancel,P09-001,P09,P09-W01,YL-M-116-S03_EDIT_MODE,ui/mockups/admin/YL-M-116/YL-M-116-S03_EDIT_MODE.png,PAGE,,a37bdfe9e12b594c
YL-M-116-S04_VALIDATION_ERROR,YL-M-116,ADMIN,内容运营/工作页配置,VALIDATION_ERROR,表单校验失败,字段级错误紧邻字段，首个错误获得焦点。,correct_input,P09-001,P09,P09-W01,YL-M-116-S04_VALIDATION_ERROR,ui/mockups/admin/YL-M-116/YL-M-116-S04_VALIDATION_ERROR.png,PAGE,,a37bdfe9e12b594c
YL-M-116-S05_DIRTY,YL-M-116,ADMIN,内容运营/工作页配置,DIRTY,存在未保存修改,离开或关闭前必须确认。,save_or_discard,P09-001,P09,P09-W01,YL-M-116-S05_DIRTY,ui/mockups/admin/YL-M-116/YL-M-116-S05_DIRTY.png,PAGE,,a37bdfe9e12b594c
YL-M-116-S06_SUBMITTING,YL-M-116,ADMIN,内容运营/工作页配置,SUBMITTING,提交中,主按钮保留尺寸并显示进度，禁止重复提交。,wait_or_cancel_if_supported,P09-001,P09,P09-W01,YL-M-116-S06_SUBMITTING,ui/mockups/admin/YL-M-116/YL-M-116-S06_SUBMITTING.png,PAGE,,a37bdfe9e12b594c
YL-M-116-S07_SAVE_SUCCESS,YL-M-116,ADMIN,内容运营/工作页配置,SAVE_SUCCESS,保存成功,保存结果明确且数据回读一致。,continue,P09-001,P09,P09-W01,YL-M-116-S07_SAVE_SUCCESS,ui/mockups/admin/YL-M-116/YL-M-116-S07_SAVE_SUCCESS.png,PAGE,,a37bdfe9e12b594c
YL-M-116-S08_VERSION_CONFLICT,YL-M-116,ADMIN,内容运营/工作页配置,VERSION_CONFLICT,版本冲突,显示当前版本与服务器版本，禁止静默覆盖。,reload_compare_or_force_with_permission,P09-001,P09,P09-W01,YL-M-116-S08_VERSION_CONFLICT,ui/mockups/admin/YL-M-116/YL-M-116-S08_VERSION_CONFLICT.png,PAGE,,a37bdfe9e12b594c
YL-M-116-S09_ROLLBACK_CONFIRM,YL-M-116,ADMIN,内容运营/工作页配置,ROLLBACK_CONFIRM,确认回滚,列出目标版本、影响和审计原因。,confirm_or_cancel,P09-001,P09,P09-W01,YL-M-116-S09_ROLLBACK_CONFIRM,ui/mockups/admin/YL-M-116/YL-M-116-S09_ROLLBACK_CONFIRM.png,PAGE,,a37bdfe9e12b594c
YL-M-116-S10_PERMISSION_DENIED,YL-M-116,ADMIN,内容运营/工作页配置,PERMISSION_DENIED,权限不足,不泄露资源存在性，说明所需权限或返回。,back_or_request_access,P09-001,P09,P09-W01,YL-M-116-S10_PERMISSION_DENIED,ui/mockups/admin/YL-M-116/YL-M-116-S10_PERMISSION_DENIED.png,PAGE,,a37bdfe9e12b594c
YL-M-116-S11_SERVER_ERROR,YL-M-116,ADMIN,内容运营/工作页配置,SERVER_ERROR,服务异常,服务端 5xx，显示请求 ID，不暴露堆栈。,retry_or_status,P09-001,P09,P09-W01,YL-M-116-S11_SERVER_ERROR,ui/mockups/admin/YL-M-116/YL-M-116-S11_SERVER_ERROR.png,PAGE,,a37bdfe9e12b594c
YL-M-117-S01_LOADING,YL-M-117,ADMIN,AI工具/工具目录,LOADING,加载中,使用与最终布局一致的 Skeleton，禁止无限 Loading。,automatic_or_retry,P09-002,P09,P09-W01,YL-M-117-S01_LOADING,ui/mockups/admin/YL-M-117/YL-M-117-S01_LOADING.png,PAGE,,295b38cb2dedc64b
YL-M-117-S02_POPULATED,YL-M-117,ADMIN,AI工具/工具目录,POPULATED,有数据,真实结构化数据已加载。,none,P09-002,P09,P09-W01,YL-M-117-S02_POPULATED,ui/mockups/admin/YL-M-117/YL-M-117-S02_POPULATED.png,PAGE,,295b38cb2dedc64b
YL-M-117-S03_EDIT_MODE,YL-M-117,ADMIN,AI工具/工具目录,EDIT_MODE,编辑状态,可编辑字段与只读字段明显区分。,save_or_cancel,P09-002,P09,P09-W01,YL-M-117-S03_EDIT_MODE,ui/mockups/admin/YL-M-117/YL-M-117-S03_EDIT_MODE.png,PAGE,,295b38cb2dedc64b
YL-M-117-S04_VALIDATION_ERROR,YL-M-117,ADMIN,AI工具/工具目录,VALIDATION_ERROR,表单校验失败,字段级错误紧邻字段，首个错误获得焦点。,correct_input,P09-002,P09,P09-W01,YL-M-117-S04_VALIDATION_ERROR,ui/mockups/admin/YL-M-117/YL-M-117-S04_VALIDATION_ERROR.png,PAGE,,295b38cb2dedc64b
YL-M-117-S05_DIRTY,YL-M-117,ADMIN,AI工具/工具目录,DIRTY,存在未保存修改,离开或关闭前必须确认。,save_or_discard,P09-002,P09,P09-W01,YL-M-117-S05_DIRTY,ui/mockups/admin/YL-M-117/YL-M-117-S05_DIRTY.png,PAGE,,295b38cb2dedc64b
YL-M-117-S06_SUBMITTING,YL-M-117,ADMIN,AI工具/工具目录,SUBMITTING,提交中,主按钮保留尺寸并显示进度，禁止重复提交。,wait_or_cancel_if_supported,P09-002,P09,P09-W01,YL-M-117-S06_SUBMITTING,ui/mockups/admin/YL-M-117/YL-M-117-S06_SUBMITTING.png,PAGE,,295b38cb2dedc64b
YL-M-117-S07_SAVE_SUCCESS,YL-M-117,ADMIN,AI工具/工具目录,SAVE_SUCCESS,保存成功,保存结果明确且数据回读一致。,continue,P09-002,P09,P09-W01,YL-M-117-S07_SAVE_SUCCESS,ui/mockups/admin/YL-M-117/YL-M-117-S07_SAVE_SUCCESS.png,PAGE,,295b38cb2dedc64b
YL-M-117-S08_VERSION_CONFLICT,YL-M-117,ADMIN,AI工具/工具目录,VERSION_CONFLICT,版本冲突,显示当前版本与服务器版本，禁止静默覆盖。,reload_compare_or_force_with_permission,P09-002,P09,P09-W01,YL-M-117-S08_VERSION_CONFLICT,ui/mockups/admin/YL-M-117/YL-M-117-S08_VERSION_CONFLICT.png,PAGE,,295b38cb2dedc64b
YL-M-117-S09_ROLLBACK_CONFIRM,YL-M-117,ADMIN,AI工具/工具目录,ROLLBACK_CONFIRM,确认回滚,列出目标版本、影响和审计原因。,confirm_or_cancel,P09-002,P09,P09-W01,YL-M-117-S09_ROLLBACK_CONFIRM,ui/mockups/admin/YL-M-117/YL-M-117-S09_ROLLBACK_CONFIRM.png,PAGE,,295b38cb2dedc64b
YL-M-117-S10_PERMISSION_DENIED,YL-M-117,ADMIN,AI工具/工具目录,PERMISSION_DENIED,权限不足,不泄露资源存在性，说明所需权限或返回。,back_or_request_access,P09-002,P09,P09-W01,YL-M-117-S10_PERMISSION_DENIED,ui/mockups/admin/YL-M-117/YL-M-117-S10_PERMISSION_DENIED.png,PAGE,,295b38cb2dedc64b
YL-M-117-S11_SERVER_ERROR,YL-M-117,ADMIN,AI工具/工具目录,SERVER_ERROR,服务异常,服务端 5xx，显示请求 ID，不暴露堆栈。,retry_or_status,P09-002,P09,P09-W01,YL-M-117-S11_SERVER_ERROR,ui/mockups/admin/YL-M-117/YL-M-117-S11_SERVER_ERROR.png,PAGE,,295b38cb2dedc64b
YL-M-118-S01_LOADING,YL-M-118,ADMIN,作品中心/作品列表,LOADING,加载中,使用与最终布局一致的 Skeleton，禁止无限 Loading。,automatic_or_retry,P09-003,P09,P09-W01,YL-M-118-S01_LOADING,ui/mockups/admin/YL-M-118/YL-M-118-S01_LOADING.png,PAGE,,6a0e8dd85018b71a
YL-M-118-S02_POPULATED,YL-M-118,ADMIN,作品中心/作品列表,POPULATED,有数据,真实结构化数据已加载。,none,P09-003,P09,P09-W01,YL-M-118-S02_POPULATED,ui/mockups/admin/YL-M-118/YL-M-118-S02_POPULATED.png,PAGE,,6a0e8dd85018b71a
YL-M-118-S03_EMPTY,YL-M-118,ADMIN,作品中心/作品列表,EMPTY,空数据,显示原因、下一步和主操作；不得使用伪造内容填满。,primary_action_or_refresh,P09-003,P09,P09-W01,YL-M-118-S03_EMPTY,ui/mockups/admin/YL-M-118/YL-M-118-S03_EMPTY.png,PAGE,,6a0e8dd85018b71a
YL-M-118-S04_FILTER_ACTIVE,YL-M-118,ADMIN,作品中心/作品列表,FILTER_ACTIVE,筛选生效,清晰展示筛选条件和结果数量。,clear_filter,P09-003,P09,P09-W01,YL-M-118-S04_FILTER_ACTIVE,ui/mockups/admin/YL-M-118/YL-M-118-S04_FILTER_ACTIVE.png,PAGE,,6a0e8dd85018b71a
YL-M-118-S05_BULK_SELECTED,YL-M-118,ADMIN,作品中心/作品列表,BULK_SELECTED,批量选择,显示已选数量和允许的批量动作。,clear_selection,P09-003,P09,P09-W01,YL-M-118-S05_BULK_SELECTED,ui/mockups/admin/YL-M-118/YL-M-118-S05_BULK_SELECTED.png,PAGE,,6a0e8dd85018b71a
YL-M-118-S06_PERMISSION_DENIED,YL-M-118,ADMIN,作品中心/作品列表,PERMISSION_DENIED,权限不足,不泄露资源存在性，说明所需权限或返回。,back_or_request_access,P09-003,P09,P09-W01,YL-M-118-S06_PERMISSION_DENIED,ui/mockups/admin/YL-M-118/YL-M-118-S06_PERMISSION_DENIED.png,PAGE,,6a0e8dd85018b71a
YL-M-118-S07_NETWORK_ERROR,YL-M-118,ADMIN,作品中心/作品列表,NETWORK_ERROR,网络连接失败,网络不可达或 DNS/TLS 失败，提供重试。,retry,P09-003,P09,P09-W01,YL-M-118-S07_NETWORK_ERROR,ui/mockups/admin/YL-M-118/YL-M-118-S07_NETWORK_ERROR.png,PAGE,,6a0e8dd85018b71a
YL-M-118-S08_SERVER_ERROR,YL-M-118,ADMIN,作品中心/作品列表,SERVER_ERROR,服务异常,服务端 5xx，显示请求 ID，不暴露堆栈。,retry_or_status,P09-003,P09,P09-W01,YL-M-118-S08_SERVER_ERROR,ui/mockups/admin/YL-M-118/YL-M-118-S08_SERVER_ERROR.png,PAGE,,6a0e8dd85018b71a
YL-M-119-S01_LOADING,YL-M-119,ADMIN,内容运营/发现页,LOADING,加载中,使用与最终布局一致的 Skeleton，禁止无限 Loading。,automatic_or_retry,P09-006|P09-007|P09-011,P09,P09-W02|P09-W03,YL-M-119-S01_LOADING,ui/mockups/admin/YL-M-119/YL-M-119-S01_LOADING.png,PAGE,,cd0229fff200be99
YL-M-119-S02_POPULATED,YL-M-119,ADMIN,内容运营/发现页,POPULATED,有数据,真实结构化数据已加载。,none,P09-006|P09-007|P09-011,P09,P09-W02|P09-W03,YL-M-119-S02_POPULATED,ui/mockups/admin/YL-M-119/YL-M-119-S02_POPULATED.png,PAGE,,cd0229fff200be99
YL-M-119-S03_EMPTY,YL-M-119,ADMIN,内容运营/发现页,EMPTY,空数据,显示原因、下一步和主操作；不得使用伪造内容填满。,primary_action_or_refresh,P09-006|P09-007|P09-011,P09,P09-W02|P09-W03,YL-M-119-S03_EMPTY,ui/mockups/admin/YL-M-119/YL-M-119-S03_EMPTY.png,PAGE,,cd0229fff200be99
YL-M-119-S04_FILTER_ACTIVE,YL-M-119,ADMIN,内容运营/发现页,FILTER_ACTIVE,筛选生效,清晰展示筛选条件和结果数量。,clear_filter,P09-006|P09-007|P09-011,P09,P09-W02|P09-W03,YL-M-119-S04_FILTER_ACTIVE,ui/mockups/admin/YL-M-119/YL-M-119-S04_FILTER_ACTIVE.png,PAGE,,cd0229fff200be99
YL-M-119-S05_BULK_SELECTED,YL-M-119,ADMIN,内容运营/发现页,BULK_SELECTED,批量选择,显示已选数量和允许的批量动作。,clear_selection,P09-006|P09-007|P09-011,P09,P09-W02|P09-W03,YL-M-119-S05_BULK_SELECTED,ui/mockups/admin/YL-M-119/YL-M-119-S05_BULK_SELECTED.png,PAGE,,cd0229fff200be99
YL-M-119-S06_PERMISSION_DENIED,YL-M-119,ADMIN,内容运营/发现页,PERMISSION_DENIED,权限不足,不泄露资源存在性，说明所需权限或返回。,back_or_request_access,P09-006|P09-007|P09-011,P09,P09-W02|P09-W03,YL-M-119-S06_PERMISSION_DENIED,ui/mockups/admin/YL-M-119/YL-M-119-S06_PERMISSION_DENIED.png,PAGE,,cd0229fff200be99
YL-M-119-S07_NETWORK_ERROR,YL-M-119,ADMIN,内容运营/发现页,NETWORK_ERROR,网络连接失败,网络不可达或 DNS/TLS 失败，提供重试。,retry,P09-006|P09-007|P09-011,P09,P09-W02|P09-W03,YL-M-119-S07_NETWORK_ERROR,ui/mockups/admin/YL-M-119/YL-M-119-S07_NETWORK_ERROR.png,PAGE,,cd0229fff200be99
YL-M-119-S08_SERVER_ERROR,YL-M-119,ADMIN,内容运营/发现页,SERVER_ERROR,服务异常,服务端 5xx，显示请求 ID，不暴露堆栈。,retry_or_status,P09-006|P09-007|P09-011,P09,P09-W02|P09-W03,YL-M-119-S08_SERVER_ERROR,ui/mockups/admin/YL-M-119/YL-M-119-S08_SERVER_ERROR.png,PAGE,,cd0229fff200be99
YL-M-120-S01_LOADING,YL-M-120,ADMIN,内容运营/Prompt模板,LOADING,加载中,使用与最终布局一致的 Skeleton，禁止无限 Loading。,automatic_or_retry,P09-008,P09,P09-W02,YL-M-120-S01_LOADING,ui/mockups/admin/YL-M-120/YL-M-120-S01_LOADING.png,PAGE,,d5be82de88cd183d
YL-M-120-S02_POPULATED,YL-M-120,ADMIN,内容运营/Prompt模板,POPULATED,有数据,真实结构化数据已加载。,none,P09-008,P09,P09-W02,YL-M-120-S02_POPULATED,ui/mockups/admin/YL-M-120/YL-M-120-S02_POPULATED.png,PAGE,,d5be82de88cd183d
YL-M-120-S03_EDIT_MODE,YL-M-120,ADMIN,内容运营/Prompt模板,EDIT_MODE,编辑状态,可编辑字段与只读字段明显区分。,save_or_cancel,P09-008,P09,P09-W02,YL-M-120-S03_EDIT_MODE,ui/mockups/admin/YL-M-120/YL-M-120-S03_EDIT_MODE.png,PAGE,,d5be82de88cd183d
YL-M-120-S04_VALIDATION_ERROR,YL-M-120,ADMIN,内容运营/Prompt模板,VALIDATION_ERROR,表单校验失败,字段级错误紧邻字段，首个错误获得焦点。,correct_input,P09-008,P09,P09-W02,YL-M-120-S04_VALIDATION_ERROR,ui/mockups/admin/YL-M-120/YL-M-120-S04_VALIDATION_ERROR.png,PAGE,,d5be82de88cd183d
YL-M-120-S05_DIRTY,YL-M-120,ADMIN,内容运营/Prompt模板,DIRTY,存在未保存修改,离开或关闭前必须确认。,save_or_discard,P09-008,P09,P09-W02,YL-M-120-S05_DIRTY,ui/mockups/admin/YL-M-120/YL-M-120-S05_DIRTY.png,PAGE,,d5be82de88cd183d
YL-M-120-S06_SUBMITTING,YL-M-120,ADMIN,内容运营/Prompt模板,SUBMITTING,提交中,主按钮保留尺寸并显示进度，禁止重复提交。,wait_or_cancel_if_supported,P09-008,P09,P09-W02,YL-M-120-S06_SUBMITTING,ui/mockups/admin/YL-M-120/YL-M-120-S06_SUBMITTING.png,PAGE,,d5be82de88cd183d
YL-M-120-S07_SAVE_SUCCESS,YL-M-120,ADMIN,内容运营/Prompt模板,SAVE_SUCCESS,保存成功,保存结果明确且数据回读一致。,continue,P09-008,P09,P09-W02,YL-M-120-S07_SAVE_SUCCESS,ui/mockups/admin/YL-M-120/YL-M-120-S07_SAVE_SUCCESS.png,PAGE,,d5be82de88cd183d
YL-M-120-S08_VERSION_CONFLICT,YL-M-120,ADMIN,内容运营/Prompt模板,VERSION_CONFLICT,版本冲突,显示当前版本与服务器版本，禁止静默覆盖。,reload_compare_or_force_with_permission,P09-008,P09,P09-W02,YL-M-120-S08_VERSION_CONFLICT,ui/mockups/admin/YL-M-120/YL-M-120-S08_VERSION_CONFLICT.png,PAGE,,d5be82de88cd183d
YL-M-120-S09_ROLLBACK_CONFIRM,YL-M-120,ADMIN,内容运营/Prompt模板,ROLLBACK_CONFIRM,确认回滚,列出目标版本、影响和审计原因。,confirm_or_cancel,P09-008,P09,P09-W02,YL-M-120-S09_ROLLBACK_CONFIRM,ui/mockups/admin/YL-M-120/YL-M-120-S09_ROLLBACK_CONFIRM.png,PAGE,,d5be82de88cd183d
YL-M-120-S10_PERMISSION_DENIED,YL-M-120,ADMIN,内容运营/Prompt模板,PERMISSION_DENIED,权限不足,不泄露资源存在性，说明所需权限或返回。,back_or_request_access,P09-008,P09,P09-W02,YL-M-120-S10_PERMISSION_DENIED,ui/mockups/admin/YL-M-120/YL-M-120-S10_PERMISSION_DENIED.png,PAGE,,d5be82de88cd183d
YL-M-120-S11_SERVER_ERROR,YL-M-120,ADMIN,内容运营/Prompt模板,SERVER_ERROR,服务异常,服务端 5xx，显示请求 ID，不暴露堆栈。,retry_or_status,P09-008,P09,P09-W02,YL-M-120-S11_SERVER_ERROR,ui/mockups/admin/YL-M-120/YL-M-120-S11_SERVER_ERROR.png,PAGE,,d5be82de88cd183d
YL-M-121-S01_LOADING,YL-M-121,ADMIN,模型与供应商/模型展示,LOADING,加载中,使用与最终布局一致的 Skeleton，禁止无限 Loading。,automatic_or_retry,P09-009,P09,P09-W02,YL-M-121-S01_LOADING,ui/mockups/admin/YL-M-121/YL-M-121-S01_LOADING.png,PAGE,,9a633fb0d273a410
YL-M-121-S02_POPULATED,YL-M-121,ADMIN,模型与供应商/模型展示,POPULATED,有数据,真实结构化数据已加载。,none,P09-009,P09,P09-W02,YL-M-121-S02_POPULATED,ui/mockups/admin/YL-M-121/YL-M-121-S02_POPULATED.png,PAGE,,9a633fb0d273a410
YL-M-121-S03_EMPTY,YL-M-121,ADMIN,模型与供应商/模型展示,EMPTY,空数据,显示原因、下一步和主操作；不得使用伪造内容填满。,primary_action_or_refresh,P09-009,P09,P09-W02,YL-M-121-S03_EMPTY,ui/mockups/admin/YL-M-121/YL-M-121-S03_EMPTY.png,PAGE,,9a633fb0d273a410
YL-M-121-S04_FILTER_ACTIVE,YL-M-121,ADMIN,模型与供应商/模型展示,FILTER_ACTIVE,筛选生效,清晰展示筛选条件和结果数量。,clear_filter,P09-009,P09,P09-W02,YL-M-121-S04_FILTER_ACTIVE,ui/mockups/admin/YL-M-121/YL-M-121-S04_FILTER_ACTIVE.png,PAGE,,9a633fb0d273a410
YL-M-121-S05_BULK_SELECTED,YL-M-121,ADMIN,模型与供应商/模型展示,BULK_SELECTED,批量选择,显示已选数量和允许的批量动作。,clear_selection,P09-009,P09,P09-W02,YL-M-121-S05_BULK_SELECTED,ui/mockups/admin/YL-M-121/YL-M-121-S05_BULK_SELECTED.png,PAGE,,9a633fb0d273a410
YL-M-121-S06_PERMISSION_DENIED,YL-M-121,ADMIN,模型与供应商/模型展示,PERMISSION_DENIED,权限不足,不泄露资源存在性，说明所需权限或返回。,back_or_request_access,P09-009,P09,P09-W02,YL-M-121-S06_PERMISSION_DENIED,ui/mockups/admin/YL-M-121/YL-M-121-S06_PERMISSION_DENIED.png,PAGE,,9a633fb0d273a410
YL-M-121-S07_NETWORK_ERROR,YL-M-121,ADMIN,模型与供应商/模型展示,NETWORK_ERROR,网络连接失败,网络不可达或 DNS/TLS 失败，提供重试。,retry,P09-009,P09,P09-W02,YL-M-121-S07_NETWORK_ERROR,ui/mockups/admin/YL-M-121/YL-M-121-S07_NETWORK_ERROR.png,PAGE,,9a633fb0d273a410
YL-M-121-S08_SERVER_ERROR,YL-M-121,ADMIN,模型与供应商/模型展示,SERVER_ERROR,服务异常,服务端 5xx，显示请求 ID，不暴露堆栈。,retry_or_status,P09-009,P09,P09-W02,YL-M-121-S08_SERVER_ERROR,ui/mockups/admin/YL-M-121/YL-M-121-S08_SERVER_ERROR.png,PAGE,,9a633fb0d273a410
YL-M-122-S01_LOADING,YL-M-122,ADMIN,内容运营/公告,LOADING,加载中,使用与最终布局一致的 Skeleton，禁止无限 Loading。,automatic_or_retry,P09-010,P09,P09-W02,YL-M-122-S01_LOADING,ui/mockups/admin/YL-M-122/YL-M-122-S01_LOADING.png,PAGE,,c879232bd2ae56ce
YL-M-122-S02_POPULATED,YL-M-122,ADMIN,内容运营/公告,POPULATED,有数据,真实结构化数据已加载。,none,P09-010,P09,P09-W02,YL-M-122-S02_POPULATED,ui/mockups/admin/YL-M-122/YL-M-122-S02_POPULATED.png,PAGE,,c879232bd2ae56ce
YL-M-122-S03_EMPTY,YL-M-122,ADMIN,内容运营/公告,EMPTY,空数据,显示原因、下一步和主操作；不得使用伪造内容填满。,primary_action_or_refresh,P09-010,P09,P09-W02,YL-M-122-S03_EMPTY,ui/mockups/admin/YL-M-122/YL-M-122-S03_EMPTY.png,PAGE,,c879232bd2ae56ce
YL-M-122-S04_FILTER_ACTIVE,YL-M-122,ADMIN,内容运营/公告,FILTER_ACTIVE,筛选生效,清晰展示筛选条件和结果数量。,clear_filter,P09-010,P09,P09-W02,YL-M-122-S04_FILTER_ACTIVE,ui/mockups/admin/YL-M-122/YL-M-122-S04_FILTER_ACTIVE.png,PAGE,,c879232bd2ae56ce
YL-M-122-S05_BULK_SELECTED,YL-M-122,ADMIN,内容运营/公告,BULK_SELECTED,批量选择,显示已选数量和允许的批量动作。,clear_selection,P09-010,P09,P09-W02,YL-M-122-S05_BULK_SELECTED,ui/mockups/admin/YL-M-122/YL-M-122-S05_BULK_SELECTED.png,PAGE,,c879232bd2ae56ce
YL-M-122-S06_PERMISSION_DENIED,YL-M-122,ADMIN,内容运营/公告,PERMISSION_DENIED,权限不足,不泄露资源存在性，说明所需权限或返回。,back_or_request_access,P09-010,P09,P09-W02,YL-M-122-S06_PERMISSION_DENIED,ui/mockups/admin/YL-M-122/YL-M-122-S06_PERMISSION_DENIED.png,PAGE,,c879232bd2ae56ce
YL-M-122-S07_NETWORK_ERROR,YL-M-122,ADMIN,内容运营/公告,NETWORK_ERROR,网络连接失败,网络不可达或 DNS/TLS 失败，提供重试。,retry,P09-010,P09,P09-W02,YL-M-122-S07_NETWORK_ERROR,ui/mockups/admin/YL-M-122/YL-M-122-S07_NETWORK_ERROR.png,PAGE,,c879232bd2ae56ce
YL-M-122-S08_SERVER_ERROR,YL-M-122,ADMIN,内容运营/公告,SERVER_ERROR,服务异常,服务端 5xx，显示请求 ID，不暴露堆栈。,retry_or_status,P09-010,P09,P09-W02,YL-M-122-S08_SERVER_ERROR,ui/mockups/admin/YL-M-122/YL-M-122-S08_SERVER_ERROR.png,PAGE,,c879232bd2ae56ce
YL-M-123-S01_LOADING,YL-M-123,ADMIN,内容运营/收藏统计,LOADING,加载中,使用与最终布局一致的 Skeleton，禁止无限 Loading。,automatic_or_retry,P09-015,P09,P09-W03,YL-M-123-S01_LOADING,ui/mockups/admin/YL-M-123/YL-M-123-S01_LOADING.png,PAGE,,eb804a490df3e209
YL-M-123-S02_POPULATED,YL-M-123,ADMIN,内容运营/收藏统计,POPULATED,有数据,真实结构化数据已加载。,none,P09-015,P09,P09-W03,YL-M-123-S02_POPULATED,ui/mockups/admin/YL-M-123/YL-M-123-S02_POPULATED.png,PAGE,,eb804a490df3e209
YL-M-123-S03_EMPTY,YL-M-123,ADMIN,内容运营/收藏统计,EMPTY,空数据,显示原因、下一步和主操作；不得使用伪造内容填满。,primary_action_or_refresh,P09-015,P09,P09-W03,YL-M-123-S03_EMPTY,ui/mockups/admin/YL-M-123/YL-M-123-S03_EMPTY.png,PAGE,,eb804a490df3e209
YL-M-123-S04_FILTER_ACTIVE,YL-M-123,ADMIN,内容运营/收藏统计,FILTER_ACTIVE,筛选生效,清晰展示筛选条件和结果数量。,clear_filter,P09-015,P09,P09-W03,YL-M-123-S04_FILTER_ACTIVE,ui/mockups/admin/YL-M-123/YL-M-123-S04_FILTER_ACTIVE.png,PAGE,,eb804a490df3e209
YL-M-123-S05_BULK_SELECTED,YL-M-123,ADMIN,内容运营/收藏统计,BULK_SELECTED,批量选择,显示已选数量和允许的批量动作。,clear_selection,P09-015,P09,P09-W03,YL-M-123-S05_BULK_SELECTED,ui/mockups/admin/YL-M-123/YL-M-123-S05_BULK_SELECTED.png,PAGE,,eb804a490df3e209
YL-M-123-S06_PERMISSION_DENIED,YL-M-123,ADMIN,内容运营/收藏统计,PERMISSION_DENIED,权限不足,不泄露资源存在性，说明所需权限或返回。,back_or_request_access,P09-015,P09,P09-W03,YL-M-123-S06_PERMISSION_DENIED,ui/mockups/admin/YL-M-123/YL-M-123-S06_PERMISSION_DENIED.png,PAGE,,eb804a490df3e209
YL-M-123-S07_NETWORK_ERROR,YL-M-123,ADMIN,内容运营/收藏统计,NETWORK_ERROR,网络连接失败,网络不可达或 DNS/TLS 失败，提供重试。,retry,P09-015,P09,P09-W03,YL-M-123-S07_NETWORK_ERROR,ui/mockups/admin/YL-M-123/YL-M-123-S07_NETWORK_ERROR.png,PAGE,,eb804a490df3e209
YL-M-123-S08_SERVER_ERROR,YL-M-123,ADMIN,内容运营/收藏统计,SERVER_ERROR,服务异常,服务端 5xx，显示请求 ID，不暴露堆栈。,retry_or_status,P09-015,P09,P09-W03,YL-M-123-S08_SERVER_ERROR,ui/mockups/admin/YL-M-123/YL-M-123-S08_SERVER_ERROR.png,PAGE,,eb804a490df3e209
YL-M-124-S01_LOADING,YL-M-124,ADMIN,对话与内容/指令策略,LOADING,加载中,使用与最终布局一致的 Skeleton，禁止无限 Loading。,automatic_or_retry,P09-017,P09,P09-W04,YL-M-124-S01_LOADING,ui/mockups/admin/YL-M-124/YL-M-124-S01_LOADING.png,PAGE,,41fca3b8c48782ec
YL-M-124-S02_POPULATED,YL-M-124,ADMIN,对话与内容/指令策略,POPULATED,有数据,真实结构化数据已加载。,none,P09-017,P09,P09-W04,YL-M-124-S02_POPULATED,ui/mockups/admin/YL-M-124/YL-M-124-S02_POPULATED.png,PAGE,,41fca3b8c48782ec
YL-M-124-S03_EDIT_MODE,YL-M-124,ADMIN,对话与内容/指令策略,EDIT_MODE,编辑状态,可编辑字段与只读字段明显区分。,save_or_cancel,P09-017,P09,P09-W04,YL-M-124-S03_EDIT_MODE,ui/mockups/admin/YL-M-124/YL-M-124-S03_EDIT_MODE.png,PAGE,,41fca3b8c48782ec
YL-M-124-S04_VALIDATION_ERROR,YL-M-124,ADMIN,对话与内容/指令策略,VALIDATION_ERROR,表单校验失败,字段级错误紧邻字段，首个错误获得焦点。,correct_input,P09-017,P09,P09-W04,YL-M-124-S04_VALIDATION_ERROR,ui/mockups/admin/YL-M-124/YL-M-124-S04_VALIDATION_ERROR.png,PAGE,,41fca3b8c48782ec
YL-M-124-S05_DIRTY,YL-M-124,ADMIN,对话与内容/指令策略,DIRTY,存在未保存修改,离开或关闭前必须确认。,save_or_discard,P09-017,P09,P09-W04,YL-M-124-S05_DIRTY,ui/mockups/admin/YL-M-124/YL-M-124-S05_DIRTY.png,PAGE,,41fca3b8c48782ec
YL-M-124-S06_SUBMITTING,YL-M-124,ADMIN,对话与内容/指令策略,SUBMITTING,提交中,主按钮保留尺寸并显示进度，禁止重复提交。,wait_or_cancel_if_supported,P09-017,P09,P09-W04,YL-M-124-S06_SUBMITTING,ui/mockups/admin/YL-M-124/YL-M-124-S06_SUBMITTING.png,PAGE,,41fca3b8c48782ec
YL-M-124-S07_SAVE_SUCCESS,YL-M-124,ADMIN,对话与内容/指令策略,SAVE_SUCCESS,保存成功,保存结果明确且数据回读一致。,continue,P09-017,P09,P09-W04,YL-M-124-S07_SAVE_SUCCESS,ui/mockups/admin/YL-M-124/YL-M-124-S07_SAVE_SUCCESS.png,PAGE,,41fca3b8c48782ec
YL-M-124-S08_VERSION_CONFLICT,YL-M-124,ADMIN,对话与内容/指令策略,VERSION_CONFLICT,版本冲突,显示当前版本与服务器版本，禁止静默覆盖。,reload_compare_or_force_with_permission,P09-017,P09,P09-W04,YL-M-124-S08_VERSION_CONFLICT,ui/mockups/admin/YL-M-124/YL-M-124-S08_VERSION_CONFLICT.png,PAGE,,41fca3b8c48782ec
YL-M-124-S09_ROLLBACK_CONFIRM,YL-M-124,ADMIN,对话与内容/指令策略,ROLLBACK_CONFIRM,确认回滚,列出目标版本、影响和审计原因。,confirm_or_cancel,P09-017,P09,P09-W04,YL-M-124-S09_ROLLBACK_CONFIRM,ui/mockups/admin/YL-M-124/YL-M-124-S09_ROLLBACK_CONFIRM.png,PAGE,,41fca3b8c48782ec
YL-M-124-S10_PERMISSION_DENIED,YL-M-124,ADMIN,对话与内容/指令策略,PERMISSION_DENIED,权限不足,不泄露资源存在性，说明所需权限或返回。,back_or_request_access,P09-017,P09,P09-W04,YL-M-124-S10_PERMISSION_DENIED,ui/mockups/admin/YL-M-124/YL-M-124-S10_PERMISSION_DENIED.png,PAGE,,41fca3b8c48782ec
YL-M-124-S11_SERVER_ERROR,YL-M-124,ADMIN,对话与内容/指令策略,SERVER_ERROR,服务异常,服务端 5xx，显示请求 ID，不暴露堆栈。,retry_or_status,P09-017,P09,P09-W04,YL-M-124-S11_SERVER_ERROR,ui/mockups/admin/YL-M-124/YL-M-124-S11_SERVER_ERROR.png,PAGE,,41fca3b8c48782ec
YL-M-125-S01_LOADING,YL-M-125,ADMIN,对话与内容/记忆管理,LOADING,加载中,使用与最终布局一致的 Skeleton，禁止无限 Loading。,automatic_or_retry,P09-018,P09,P09-W04,YL-M-125-S01_LOADING,ui/mockups/admin/YL-M-125/YL-M-125-S01_LOADING.png,PAGE,,28937975127da1bd
YL-M-125-S02_POPULATED,YL-M-125,ADMIN,对话与内容/记忆管理,POPULATED,有数据,真实结构化数据已加载。,none,P09-018,P09,P09-W04,YL-M-125-S02_POPULATED,ui/mockups/admin/YL-M-125/YL-M-125-S02_POPULATED.png,PAGE,,28937975127da1bd
YL-M-125-S03_EMPTY,YL-M-125,ADMIN,对话与内容/记忆管理,EMPTY,空数据,显示原因、下一步和主操作；不得使用伪造内容填满。,primary_action_or_refresh,P09-018,P09,P09-W04,YL-M-125-S03_EMPTY,ui/mockups/admin/YL-M-125/YL-M-125-S03_EMPTY.png,PAGE,,28937975127da1bd
YL-M-125-S04_FILTER_ACTIVE,YL-M-125,ADMIN,对话与内容/记忆管理,FILTER_ACTIVE,筛选生效,清晰展示筛选条件和结果数量。,clear_filter,P09-018,P09,P09-W04,YL-M-125-S04_FILTER_ACTIVE,ui/mockups/admin/YL-M-125/YL-M-125-S04_FILTER_ACTIVE.png,PAGE,,28937975127da1bd
YL-M-125-S05_BULK_SELECTED,YL-M-125,ADMIN,对话与内容/记忆管理,BULK_SELECTED,批量选择,显示已选数量和允许的批量动作。,clear_selection,P09-018,P09,P09-W04,YL-M-125-S05_BULK_SELECTED,ui/mockups/admin/YL-M-125/YL-M-125-S05_BULK_SELECTED.png,PAGE,,28937975127da1bd
YL-M-125-S06_PERMISSION_DENIED,YL-M-125,ADMIN,对话与内容/记忆管理,PERMISSION_DENIED,权限不足,不泄露资源存在性，说明所需权限或返回。,back_or_request_access,P09-018,P09,P09-W04,YL-M-125-S06_PERMISSION_DENIED,ui/mockups/admin/YL-M-125/YL-M-125-S06_PERMISSION_DENIED.png,PAGE,,28937975127da1bd
YL-M-125-S07_NETWORK_ERROR,YL-M-125,ADMIN,对话与内容/记忆管理,NETWORK_ERROR,网络连接失败,网络不可达或 DNS/TLS 失败，提供重试。,retry,P09-018,P09,P09-W04,YL-M-125-S07_NETWORK_ERROR,ui/mockups/admin/YL-M-125/YL-M-125-S07_NETWORK_ERROR.png,PAGE,,28937975127da1bd
YL-M-125-S08_SERVER_ERROR,YL-M-125,ADMIN,对话与内容/记忆管理,SERVER_ERROR,服务异常,服务端 5xx，显示请求 ID，不暴露堆栈。,retry_or_status,P09-018,P09,P09-W04,YL-M-125-S08_SERVER_ERROR,ui/mockups/admin/YL-M-125/YL-M-125-S08_SERVER_ERROR.png,PAGE,,28937975127da1bd
YL-M-126-S01_LOADING,YL-M-126,ADMIN,通知中心/用户设置,LOADING,加载中,使用与最终布局一致的 Skeleton，禁止无限 Loading。,automatic_or_retry,P09-019,P09,P09-W04,YL-M-126-S01_LOADING,ui/mockups/admin/YL-M-126/YL-M-126-S01_LOADING.png,PAGE,,77262ca17c9ddd43
YL-M-126-S02_POPULATED,YL-M-126,ADMIN,通知中心/用户设置,POPULATED,有数据,真实结构化数据已加载。,none,P09-019,P09,P09-W04,YL-M-126-S02_POPULATED,ui/mockups/admin/YL-M-126/YL-M-126-S02_POPULATED.png,PAGE,,77262ca17c9ddd43
YL-M-126-S03_EMPTY,YL-M-126,ADMIN,通知中心/用户设置,EMPTY,空数据,显示原因、下一步和主操作；不得使用伪造内容填满。,primary_action_or_refresh,P09-019,P09,P09-W04,YL-M-126-S03_EMPTY,ui/mockups/admin/YL-M-126/YL-M-126-S03_EMPTY.png,PAGE,,77262ca17c9ddd43
YL-M-126-S04_FILTER_ACTIVE,YL-M-126,ADMIN,通知中心/用户设置,FILTER_ACTIVE,筛选生效,清晰展示筛选条件和结果数量。,clear_filter,P09-019,P09,P09-W04,YL-M-126-S04_FILTER_ACTIVE,ui/mockups/admin/YL-M-126/YL-M-126-S04_FILTER_ACTIVE.png,PAGE,,77262ca17c9ddd43
YL-M-126-S05_BULK_SELECTED,YL-M-126,ADMIN,通知中心/用户设置,BULK_SELECTED,批量选择,显示已选数量和允许的批量动作。,clear_selection,P09-019,P09,P09-W04,YL-M-126-S05_BULK_SELECTED,ui/mockups/admin/YL-M-126/YL-M-126-S05_BULK_SELECTED.png,PAGE,,77262ca17c9ddd43
YL-M-126-S06_PERMISSION_DENIED,YL-M-126,ADMIN,通知中心/用户设置,PERMISSION_DENIED,权限不足,不泄露资源存在性，说明所需权限或返回。,back_or_request_access,P09-019,P09,P09-W04,YL-M-126-S06_PERMISSION_DENIED,ui/mockups/admin/YL-M-126/YL-M-126-S06_PERMISSION_DENIED.png,PAGE,,77262ca17c9ddd43
YL-M-126-S07_NETWORK_ERROR,YL-M-126,ADMIN,通知中心/用户设置,NETWORK_ERROR,网络连接失败,网络不可达或 DNS/TLS 失败，提供重试。,retry,P09-019,P09,P09-W04,YL-M-126-S07_NETWORK_ERROR,ui/mockups/admin/YL-M-126/YL-M-126-S07_NETWORK_ERROR.png,PAGE,,77262ca17c9ddd43
YL-M-126-S08_SERVER_ERROR,YL-M-126,ADMIN,通知中心/用户设置,SERVER_ERROR,服务异常,服务端 5xx，显示请求 ID，不暴露堆栈。,retry_or_status,P09-019,P09,P09-W04,YL-M-126-S08_SERVER_ERROR,ui/mockups/admin/YL-M-126/YL-M-126-S08_SERVER_ERROR.png,PAGE,,77262ca17c9ddd43
YL-M-127-S01_LOADING,YL-M-127,ADMIN,系统设置/默认外观,LOADING,加载中,使用与最终布局一致的 Skeleton，禁止无限 Loading。,automatic_or_retry,P09-020,P09,P09-W04,YL-M-127-S01_LOADING,ui/mockups/admin/YL-M-127/YL-M-127-S01_LOADING.png,PAGE,,6afe6468124c85be
YL-M-127-S02_POPULATED,YL-M-127,ADMIN,系统设置/默认外观,POPULATED,有数据,真实结构化数据已加载。,none,P09-020,P09,P09-W04,YL-M-127-S02_POPULATED,ui/mockups/admin/YL-M-127/YL-M-127-S02_POPULATED.png,PAGE,,6afe6468124c85be
YL-M-127-S03_EDIT_MODE,YL-M-127,ADMIN,系统设置/默认外观,EDIT_MODE,编辑状态,可编辑字段与只读字段明显区分。,save_or_cancel,P09-020,P09,P09-W04,YL-M-127-S03_EDIT_MODE,ui/mockups/admin/YL-M-127/YL-M-127-S03_EDIT_MODE.png,PAGE,,6afe6468124c85be
YL-M-127-S04_VALIDATION_ERROR,YL-M-127,ADMIN,系统设置/默认外观,VALIDATION_ERROR,表单校验失败,字段级错误紧邻字段，首个错误获得焦点。,correct_input,P09-020,P09,P09-W04,YL-M-127-S04_VALIDATION_ERROR,ui/mockups/admin/YL-M-127/YL-M-127-S04_VALIDATION_ERROR.png,PAGE,,6afe6468124c85be
YL-M-127-S05_DIRTY,YL-M-127,ADMIN,系统设置/默认外观,DIRTY,存在未保存修改,离开或关闭前必须确认。,save_or_discard,P09-020,P09,P09-W04,YL-M-127-S05_DIRTY,ui/mockups/admin/YL-M-127/YL-M-127-S05_DIRTY.png,PAGE,,6afe6468124c85be
YL-M-127-S06_SUBMITTING,YL-M-127,ADMIN,系统设置/默认外观,SUBMITTING,提交中,主按钮保留尺寸并显示进度，禁止重复提交。,wait_or_cancel_if_supported,P09-020,P09,P09-W04,YL-M-127-S06_SUBMITTING,ui/mockups/admin/YL-M-127/YL-M-127-S06_SUBMITTING.png,PAGE,,6afe6468124c85be
YL-M-127-S07_SAVE_SUCCESS,YL-M-127,ADMIN,系统设置/默认外观,SAVE_SUCCESS,保存成功,保存结果明确且数据回读一致。,continue,P09-020,P09,P09-W04,YL-M-127-S07_SAVE_SUCCESS,ui/mockups/admin/YL-M-127/YL-M-127-S07_SAVE_SUCCESS.png,PAGE,,6afe6468124c85be
YL-M-127-S08_VERSION_CONFLICT,YL-M-127,ADMIN,系统设置/默认外观,VERSION_CONFLICT,版本冲突,显示当前版本与服务器版本，禁止静默覆盖。,reload_compare_or_force_with_permission,P09-020,P09,P09-W04,YL-M-127-S08_VERSION_CONFLICT,ui/mockups/admin/YL-M-127/YL-M-127-S08_VERSION_CONFLICT.png,PAGE,,6afe6468124c85be
YL-M-127-S09_ROLLBACK_CONFIRM,YL-M-127,ADMIN,系统设置/默认外观,ROLLBACK_CONFIRM,确认回滚,列出目标版本、影响和审计原因。,confirm_or_cancel,P09-020,P09,P09-W04,YL-M-127-S09_ROLLBACK_CONFIRM,ui/mockups/admin/YL-M-127/YL-M-127-S09_ROLLBACK_CONFIRM.png,PAGE,,6afe6468124c85be
YL-M-127-S10_PERMISSION_DENIED,YL-M-127,ADMIN,系统设置/默认外观,PERMISSION_DENIED,权限不足,不泄露资源存在性，说明所需权限或返回。,back_or_request_access,P09-020,P09,P09-W04,YL-M-127-S10_PERMISSION_DENIED,ui/mockups/admin/YL-M-127/YL-M-127-S10_PERMISSION_DENIED.png,PAGE,,6afe6468124c85be
YL-M-127-S11_SERVER_ERROR,YL-M-127,ADMIN,系统设置/默认外观,SERVER_ERROR,服务异常,服务端 5xx，显示请求 ID，不暴露堆栈。,retry_or_status,P09-020,P09,P09-W04,YL-M-127-S11_SERVER_ERROR,ui/mockups/admin/YL-M-127/YL-M-127-S11_SERVER_ERROR.png,PAGE,,6afe6468124c85be
YL-M-128-S01_LOADING,YL-M-128,ADMIN,安全与审计/数据导出,LOADING,加载中,使用与最终布局一致的 Skeleton，禁止无限 Loading。,automatic_or_retry,P09-021,P09,P09-W05,YL-M-128-S01_LOADING,ui/mockups/admin/YL-M-128/YL-M-128-S01_LOADING.png,PAGE,,a0c9047d15879980
YL-M-128-S02_POPULATED,YL-M-128,ADMIN,安全与审计/数据导出,POPULATED,有数据,真实结构化数据已加载。,none,P09-021,P09,P09-W05,YL-M-128-S02_POPULATED,ui/mockups/admin/YL-M-128/YL-M-128-S02_POPULATED.png,PAGE,,a0c9047d15879980
YL-M-128-S03_EMPTY,YL-M-128,ADMIN,安全与审计/数据导出,EMPTY,空数据,显示原因、下一步和主操作；不得使用伪造内容填满。,primary_action_or_refresh,P09-021,P09,P09-W05,YL-M-128-S03_EMPTY,ui/mockups/admin/YL-M-128/YL-M-128-S03_EMPTY.png,PAGE,,a0c9047d15879980
YL-M-128-S04_BULK_SELECTED,YL-M-128,ADMIN,安全与审计/数据导出,BULK_SELECTED,批量选择,显示已选数量和允许的批量动作。,clear_selection,P09-021,P09,P09-W05,YL-M-128-S04_BULK_SELECTED,ui/mockups/admin/YL-M-128/YL-M-128-S04_BULK_SELECTED.png,PAGE,,a0c9047d15879980
YL-M-128-S05_SUBMITTING,YL-M-128,ADMIN,安全与审计/数据导出,SUBMITTING,提交中,主按钮保留尺寸并显示进度，禁止重复提交。,wait_or_cancel_if_supported,P09-021,P09,P09-W05,YL-M-128-S05_SUBMITTING,ui/mockups/admin/YL-M-128/YL-M-128-S05_SUBMITTING.png,PAGE,,a0c9047d15879980
YL-M-128-S06_SUCCESS,YL-M-128,ADMIN,安全与审计/数据导出,SUCCESS,操作成功,使用 Snackbar、结果页或成功卡，按合同给出下一步。,continue,P09-021,P09,P09-W05,YL-M-128-S06_SUCCESS,ui/mockups/admin/YL-M-128/YL-M-128-S06_SUCCESS.png,PAGE,,a0c9047d15879980
YL-M-128-S07_PERMISSION_DENIED,YL-M-128,ADMIN,安全与审计/数据导出,PERMISSION_DENIED,权限不足,不泄露资源存在性，说明所需权限或返回。,back_or_request_access,P09-021,P09,P09-W05,YL-M-128-S07_PERMISSION_DENIED,ui/mockups/admin/YL-M-128/YL-M-128-S07_PERMISSION_DENIED.png,PAGE,,a0c9047d15879980
YL-M-128-S08_SERVER_ERROR,YL-M-128,ADMIN,安全与审计/数据导出,SERVER_ERROR,服务异常,服务端 5xx，显示请求 ID，不暴露堆栈。,retry_or_status,P09-021,P09,P09-W05,YL-M-128-S08_SERVER_ERROR,ui/mockups/admin/YL-M-128/YL-M-128-S08_SERVER_ERROR.png,PAGE,,a0c9047d15879980
YL-M-129-S01_LOADING,YL-M-129,ADMIN,安全与审计/删除请求,LOADING,加载中,使用与最终布局一致的 Skeleton，禁止无限 Loading。,automatic_or_retry,P09-022,P09,P09-W05,YL-M-129-S01_LOADING,ui/mockups/admin/YL-M-129/YL-M-129-S01_LOADING.png,PAGE,,a76952eb2f2b781e
YL-M-129-S02_POPULATED,YL-M-129,ADMIN,安全与审计/删除请求,POPULATED,有数据,真实结构化数据已加载。,none,P09-022,P09,P09-W05,YL-M-129-S02_POPULATED,ui/mockups/admin/YL-M-129/YL-M-129-S02_POPULATED.png,PAGE,,a76952eb2f2b781e
YL-M-129-S03_EMPTY,YL-M-129,ADMIN,安全与审计/删除请求,EMPTY,空数据,显示原因、下一步和主操作；不得使用伪造内容填满。,primary_action_or_refresh,P09-022,P09,P09-W05,YL-M-129-S03_EMPTY,ui/mockups/admin/YL-M-129/YL-M-129-S03_EMPTY.png,PAGE,,a76952eb2f2b781e
YL-M-129-S04_BULK_SELECTED,YL-M-129,ADMIN,安全与审计/删除请求,BULK_SELECTED,批量选择,显示已选数量和允许的批量动作。,clear_selection,P09-022,P09,P09-W05,YL-M-129-S04_BULK_SELECTED,ui/mockups/admin/YL-M-129/YL-M-129-S04_BULK_SELECTED.png,PAGE,,a76952eb2f2b781e
YL-M-129-S05_SUBMITTING,YL-M-129,ADMIN,安全与审计/删除请求,SUBMITTING,提交中,主按钮保留尺寸并显示进度，禁止重复提交。,wait_or_cancel_if_supported,P09-022,P09,P09-W05,YL-M-129-S05_SUBMITTING,ui/mockups/admin/YL-M-129/YL-M-129-S05_SUBMITTING.png,PAGE,,a76952eb2f2b781e
YL-M-129-S06_SUCCESS,YL-M-129,ADMIN,安全与审计/删除请求,SUCCESS,操作成功,使用 Snackbar、结果页或成功卡，按合同给出下一步。,continue,P09-022,P09,P09-W05,YL-M-129-S06_SUCCESS,ui/mockups/admin/YL-M-129/YL-M-129-S06_SUCCESS.png,PAGE,,a76952eb2f2b781e
YL-M-129-S07_PERMISSION_DENIED,YL-M-129,ADMIN,安全与审计/删除请求,PERMISSION_DENIED,权限不足,不泄露资源存在性，说明所需权限或返回。,back_or_request_access,P09-022,P09,P09-W05,YL-M-129-S07_PERMISSION_DENIED,ui/mockups/admin/YL-M-129/YL-M-129-S07_PERMISSION_DENIED.png,PAGE,,a76952eb2f2b781e
YL-M-129-S08_SERVER_ERROR,YL-M-129,ADMIN,安全与审计/删除请求,SERVER_ERROR,服务异常,服务端 5xx，显示请求 ID，不暴露堆栈。,retry_or_status,P09-022,P09,P09-W05,YL-M-129-S08_SERVER_ERROR,ui/mockups/admin/YL-M-129/YL-M-129-S08_SERVER_ERROR.png,PAGE,,a76952eb2f2b781e
YL-M-130-S01_LOADING,YL-M-130,ADMIN,系统运营/App版本,LOADING,加载中,使用与最终布局一致的 Skeleton，禁止无限 Loading。,automatic_or_retry,P09-023|P13-013,P09|P13,P09-W05|P13-W03,YL-M-130-S01_LOADING,ui/mockups/admin/YL-M-130/YL-M-130-S01_LOADING.png,PAGE,,a08f0caeb16a31d2
YL-M-130-S02_POPULATED,YL-M-130,ADMIN,系统运营/App版本,POPULATED,有数据,真实结构化数据已加载。,none,P09-023|P13-013,P09|P13,P09-W05|P13-W03,YL-M-130-S02_POPULATED,ui/mockups/admin/YL-M-130/YL-M-130-S02_POPULATED.png,PAGE,,a08f0caeb16a31d2
YL-M-130-S03_EDIT_MODE,YL-M-130,ADMIN,系统运营/App版本,EDIT_MODE,编辑状态,可编辑字段与只读字段明显区分。,save_or_cancel,P09-023|P13-013,P09|P13,P09-W05|P13-W03,YL-M-130-S03_EDIT_MODE,ui/mockups/admin/YL-M-130/YL-M-130-S03_EDIT_MODE.png,PAGE,,a08f0caeb16a31d2
YL-M-130-S04_VALIDATION_ERROR,YL-M-130,ADMIN,系统运营/App版本,VALIDATION_ERROR,表单校验失败,字段级错误紧邻字段，首个错误获得焦点。,correct_input,P09-023|P13-013,P09|P13,P09-W05|P13-W03,YL-M-130-S04_VALIDATION_ERROR,ui/mockups/admin/YL-M-130/YL-M-130-S04_VALIDATION_ERROR.png,PAGE,,a08f0caeb16a31d2
YL-M-130-S05_DIRTY,YL-M-130,ADMIN,系统运营/App版本,DIRTY,存在未保存修改,离开或关闭前必须确认。,save_or_discard,P09-023|P13-013,P09|P13,P09-W05|P13-W03,YL-M-130-S05_DIRTY,ui/mockups/admin/YL-M-130/YL-M-130-S05_DIRTY.png,PAGE,,a08f0caeb16a31d2
YL-M-130-S06_SUBMITTING,YL-M-130,ADMIN,系统运营/App版本,SUBMITTING,提交中,主按钮保留尺寸并显示进度，禁止重复提交。,wait_or_cancel_if_supported,P09-023|P13-013,P09|P13,P09-W05|P13-W03,YL-M-130-S06_SUBMITTING,ui/mockups/admin/YL-M-130/YL-M-130-S06_SUBMITTING.png,PAGE,,a08f0caeb16a31d2
YL-M-130-S07_SAVE_SUCCESS,YL-M-130,ADMIN,系统运营/App版本,SAVE_SUCCESS,保存成功,保存结果明确且数据回读一致。,continue,P09-023|P13-013,P09|P13,P09-W05|P13-W03,YL-M-130-S07_SAVE_SUCCESS,ui/mockups/admin/YL-M-130/YL-M-130-S07_SAVE_SUCCESS.png,PAGE,,a08f0caeb16a31d2
YL-M-130-S08_VERSION_CONFLICT,YL-M-130,ADMIN,系统运营/App版本,VERSION_CONFLICT,版本冲突,显示当前版本与服务器版本，禁止静默覆盖。,reload_compare_or_force_with_permission,P09-023|P13-013,P09|P13,P09-W05|P13-W03,YL-M-130-S08_VERSION_CONFLICT,ui/mockups/admin/YL-M-130/YL-M-130-S08_VERSION_CONFLICT.png,PAGE,,a08f0caeb16a31d2
YL-M-130-S09_ROLLBACK_CONFIRM,YL-M-130,ADMIN,系统运营/App版本,ROLLBACK_CONFIRM,确认回滚,列出目标版本、影响和审计原因。,confirm_or_cancel,P09-023|P13-013,P09|P13,P09-W05|P13-W03,YL-M-130-S09_ROLLBACK_CONFIRM,ui/mockups/admin/YL-M-130/YL-M-130-S09_ROLLBACK_CONFIRM.png,PAGE,,a08f0caeb16a31d2
YL-M-130-S10_PERMISSION_DENIED,YL-M-130,ADMIN,系统运营/App版本,PERMISSION_DENIED,权限不足,不泄露资源存在性，说明所需权限或返回。,back_or_request_access,P09-023|P13-013,P09|P13,P09-W05|P13-W03,YL-M-130-S10_PERMISSION_DENIED,ui/mockups/admin/YL-M-130/YL-M-130-S10_PERMISSION_DENIED.png,PAGE,,a08f0caeb16a31d2
YL-M-130-S11_SERVER_ERROR,YL-M-130,ADMIN,系统运营/App版本,SERVER_ERROR,服务异常,服务端 5xx，显示请求 ID，不暴露堆栈。,retry_or_status,P09-023|P13-013,P09|P13,P09-W05|P13-W03,YL-M-130-S11_SERVER_ERROR,ui/mockups/admin/YL-M-130/YL-M-130-S11_SERVER_ERROR.png,PAGE,,a08f0caeb16a31d2
YL-M-131-S01_LOADING,YL-M-131,ADMIN,系统运营/反馈工单,LOADING,加载中,使用与最终布局一致的 Skeleton，禁止无限 Loading。,automatic_or_retry,P09-024,P09,P09-W05,YL-M-131-S01_LOADING,ui/mockups/admin/YL-M-131/YL-M-131-S01_LOADING.png,PAGE,,bbce05b15dd683c2
YL-M-131-S02_POPULATED,YL-M-131,ADMIN,系统运营/反馈工单,POPULATED,有数据,真实结构化数据已加载。,none,P09-024,P09,P09-W05,YL-M-131-S02_POPULATED,ui/mockups/admin/YL-M-131/YL-M-131-S02_POPULATED.png,PAGE,,bbce05b15dd683c2
YL-M-131-S03_EMPTY,YL-M-131,ADMIN,系统运营/反馈工单,EMPTY,空数据,显示原因、下一步和主操作；不得使用伪造内容填满。,primary_action_or_refresh,P09-024,P09,P09-W05,YL-M-131-S03_EMPTY,ui/mockups/admin/YL-M-131/YL-M-131-S03_EMPTY.png,PAGE,,bbce05b15dd683c2
YL-M-131-S04_FILTER_ACTIVE,YL-M-131,ADMIN,系统运营/反馈工单,FILTER_ACTIVE,筛选生效,清晰展示筛选条件和结果数量。,clear_filter,P09-024,P09,P09-W05,YL-M-131-S04_FILTER_ACTIVE,ui/mockups/admin/YL-M-131/YL-M-131-S04_FILTER_ACTIVE.png,PAGE,,bbce05b15dd683c2
YL-M-131-S05_BULK_SELECTED,YL-M-131,ADMIN,系统运营/反馈工单,BULK_SELECTED,批量选择,显示已选数量和允许的批量动作。,clear_selection,P09-024,P09,P09-W05,YL-M-131-S05_BULK_SELECTED,ui/mockups/admin/YL-M-131/YL-M-131-S05_BULK_SELECTED.png,PAGE,,bbce05b15dd683c2
YL-M-131-S06_PERMISSION_DENIED,YL-M-131,ADMIN,系统运营/反馈工单,PERMISSION_DENIED,权限不足,不泄露资源存在性，说明所需权限或返回。,back_or_request_access,P09-024,P09,P09-W05,YL-M-131-S06_PERMISSION_DENIED,ui/mockups/admin/YL-M-131/YL-M-131-S06_PERMISSION_DENIED.png,PAGE,,bbce05b15dd683c2
YL-M-131-S07_NETWORK_ERROR,YL-M-131,ADMIN,系统运营/反馈工单,NETWORK_ERROR,网络连接失败,网络不可达或 DNS/TLS 失败，提供重试。,retry,P09-024,P09,P09-W05,YL-M-131-S07_NETWORK_ERROR,ui/mockups/admin/YL-M-131/YL-M-131-S07_NETWORK_ERROR.png,PAGE,,bbce05b15dd683c2
YL-M-131-S08_SERVER_ERROR,YL-M-131,ADMIN,系统运营/反馈工单,SERVER_ERROR,服务异常,服务端 5xx，显示请求 ID，不暴露堆栈。,retry_or_status,P09-024,P09,P09-W05,YL-M-131-S08_SERVER_ERROR,ui/mockups/admin/YL-M-131/YL-M-131-S08_SERVER_ERROR.png,PAGE,,bbce05b15dd683c2
YL-M-132-S01_LOADING,YL-M-132,ADMIN,可观测性/事故管理,LOADING,加载中,使用与最终布局一致的 Skeleton，禁止无限 Loading。,automatic_or_retry,P09-025,P09,P09-W05,YL-M-132-S01_LOADING,ui/mockups/admin/YL-M-132/YL-M-132-S01_LOADING.png,PAGE,,d287a2c26631863f
YL-M-132-S02_POPULATED,YL-M-132,ADMIN,可观测性/事故管理,POPULATED,有数据,真实结构化数据已加载。,none,P09-025,P09,P09-W05,YL-M-132-S02_POPULATED,ui/mockups/admin/YL-M-132/YL-M-132-S02_POPULATED.png,PAGE,,d287a2c26631863f
YL-M-132-S03_EMPTY,YL-M-132,ADMIN,可观测性/事故管理,EMPTY,空数据,显示原因、下一步和主操作；不得使用伪造内容填满。,primary_action_or_refresh,P09-025,P09,P09-W05,YL-M-132-S03_EMPTY,ui/mockups/admin/YL-M-132/YL-M-132-S03_EMPTY.png,PAGE,,d287a2c26631863f
YL-M-132-S04_FILTER_ACTIVE,YL-M-132,ADMIN,可观测性/事故管理,FILTER_ACTIVE,筛选生效,清晰展示筛选条件和结果数量。,clear_filter,P09-025,P09,P09-W05,YL-M-132-S04_FILTER_ACTIVE,ui/mockups/admin/YL-M-132/YL-M-132-S04_FILTER_ACTIVE.png,PAGE,,d287a2c26631863f
YL-M-132-S05_PARTIAL_DATA,YL-M-132,ADMIN,可观测性/事故管理,PARTIAL_DATA,部分数据,明确哪些数据源不可用以及统计截止时间。,retry_source,P09-025,P09,P09-W05,YL-M-132-S05_PARTIAL_DATA,ui/mockups/admin/YL-M-132/YL-M-132-S05_PARTIAL_DATA.png,PAGE,,d287a2c26631863f
YL-M-132-S06_PERMISSION_DENIED,YL-M-132,ADMIN,可观测性/事故管理,PERMISSION_DENIED,权限不足,不泄露资源存在性，说明所需权限或返回。,back_or_request_access,P09-025,P09,P09-W05,YL-M-132-S06_PERMISSION_DENIED,ui/mockups/admin/YL-M-132/YL-M-132-S06_PERMISSION_DENIED.png,PAGE,,d287a2c26631863f
YL-M-132-S07_SERVER_ERROR,YL-M-132,ADMIN,可观测性/事故管理,SERVER_ERROR,服务异常,服务端 5xx，显示请求 ID，不暴露堆栈。,retry_or_status,P09-025,P09,P09-W05,YL-M-132-S07_SERVER_ERROR,ui/mockups/admin/YL-M-132/YL-M-132-S07_SERVER_ERROR.png,PAGE,,d287a2c26631863f
YL-M-133-S01_LOADING,YL-M-133,ADMIN,商业化/产品与套餐,LOADING,加载中,使用与最终布局一致的 Skeleton，禁止无限 Loading。,automatic_or_retry,P10-001|P10-002,P10,P10-W01,YL-M-133-S01_LOADING,ui/mockups/admin/YL-M-133/YL-M-133-S01_LOADING.png,PAGE,,90dfbb7df3629379
YL-M-133-S02_POPULATED,YL-M-133,ADMIN,商业化/产品与套餐,POPULATED,有数据,真实结构化数据已加载。,none,P10-001|P10-002,P10,P10-W01,YL-M-133-S02_POPULATED,ui/mockups/admin/YL-M-133/YL-M-133-S02_POPULATED.png,PAGE,,90dfbb7df3629379
YL-M-133-S03_EMPTY,YL-M-133,ADMIN,商业化/产品与套餐,EMPTY,空数据,显示原因、下一步和主操作；不得使用伪造内容填满。,primary_action_or_refresh,P10-001|P10-002,P10,P10-W01,YL-M-133-S03_EMPTY,ui/mockups/admin/YL-M-133/YL-M-133-S03_EMPTY.png,PAGE,,90dfbb7df3629379
YL-M-133-S04_FILTER_ACTIVE,YL-M-133,ADMIN,商业化/产品与套餐,FILTER_ACTIVE,筛选生效,清晰展示筛选条件和结果数量。,clear_filter,P10-001|P10-002,P10,P10-W01,YL-M-133-S04_FILTER_ACTIVE,ui/mockups/admin/YL-M-133/YL-M-133-S04_FILTER_ACTIVE.png,PAGE,,90dfbb7df3629379
YL-M-133-S05_BULK_SELECTED,YL-M-133,ADMIN,商业化/产品与套餐,BULK_SELECTED,批量选择,显示已选数量和允许的批量动作。,clear_selection,P10-001|P10-002,P10,P10-W01,YL-M-133-S05_BULK_SELECTED,ui/mockups/admin/YL-M-133/YL-M-133-S05_BULK_SELECTED.png,PAGE,,90dfbb7df3629379
YL-M-133-S06_PERMISSION_DENIED,YL-M-133,ADMIN,商业化/产品与套餐,PERMISSION_DENIED,权限不足,不泄露资源存在性，说明所需权限或返回。,back_or_request_access,P10-001|P10-002,P10,P10-W01,YL-M-133-S06_PERMISSION_DENIED,ui/mockups/admin/YL-M-133/YL-M-133-S06_PERMISSION_DENIED.png,PAGE,,90dfbb7df3629379
YL-M-133-S07_NETWORK_ERROR,YL-M-133,ADMIN,商业化/产品与套餐,NETWORK_ERROR,网络连接失败,网络不可达或 DNS/TLS 失败，提供重试。,retry,P10-001|P10-002,P10,P10-W01,YL-M-133-S07_NETWORK_ERROR,ui/mockups/admin/YL-M-133/YL-M-133-S07_NETWORK_ERROR.png,PAGE,,90dfbb7df3629379
YL-M-133-S08_SERVER_ERROR,YL-M-133,ADMIN,商业化/产品与套餐,SERVER_ERROR,服务异常,服务端 5xx，显示请求 ID，不暴露堆栈。,retry_or_status,P10-001|P10-002,P10,P10-W01,YL-M-133-S08_SERVER_ERROR,ui/mockups/admin/YL-M-133/YL-M-133-S08_SERVER_ERROR.png,PAGE,,90dfbb7df3629379
YL-M-134-S01_LOADING,YL-M-134,ADMIN,商业化/订单,LOADING,加载中,使用与最终布局一致的 Skeleton，禁止无限 Loading。,automatic_or_retry,P10-003,P10,P10-W01,YL-M-134-S01_LOADING,ui/mockups/admin/YL-M-134/YL-M-134-S01_LOADING.png,PAGE,,5756add2ba623517
YL-M-134-S02_POPULATED,YL-M-134,ADMIN,商业化/订单,POPULATED,有数据,真实结构化数据已加载。,none,P10-003,P10,P10-W01,YL-M-134-S02_POPULATED,ui/mockups/admin/YL-M-134/YL-M-134-S02_POPULATED.png,PAGE,,5756add2ba623517
YL-M-134-S03_EMPTY,YL-M-134,ADMIN,商业化/订单,EMPTY,空数据,显示原因、下一步和主操作；不得使用伪造内容填满。,primary_action_or_refresh,P10-003,P10,P10-W01,YL-M-134-S03_EMPTY,ui/mockups/admin/YL-M-134/YL-M-134-S03_EMPTY.png,PAGE,,5756add2ba623517
YL-M-134-S04_FILTER_ACTIVE,YL-M-134,ADMIN,商业化/订单,FILTER_ACTIVE,筛选生效,清晰展示筛选条件和结果数量。,clear_filter,P10-003,P10,P10-W01,YL-M-134-S04_FILTER_ACTIVE,ui/mockups/admin/YL-M-134/YL-M-134-S04_FILTER_ACTIVE.png,PAGE,,5756add2ba623517
YL-M-134-S05_BULK_SELECTED,YL-M-134,ADMIN,商业化/订单,BULK_SELECTED,批量选择,显示已选数量和允许的批量动作。,clear_selection,P10-003,P10,P10-W01,YL-M-134-S05_BULK_SELECTED,ui/mockups/admin/YL-M-134/YL-M-134-S05_BULK_SELECTED.png,PAGE,,5756add2ba623517
YL-M-134-S06_PERMISSION_DENIED,YL-M-134,ADMIN,商业化/订单,PERMISSION_DENIED,权限不足,不泄露资源存在性，说明所需权限或返回。,back_or_request_access,P10-003,P10,P10-W01,YL-M-134-S06_PERMISSION_DENIED,ui/mockups/admin/YL-M-134/YL-M-134-S06_PERMISSION_DENIED.png,PAGE,,5756add2ba623517
YL-M-134-S07_NETWORK_ERROR,YL-M-134,ADMIN,商业化/订单,NETWORK_ERROR,网络连接失败,网络不可达或 DNS/TLS 失败，提供重试。,retry,P10-003,P10,P10-W01,YL-M-134-S07_NETWORK_ERROR,ui/mockups/admin/YL-M-134/YL-M-134-S07_NETWORK_ERROR.png,PAGE,,5756add2ba623517
YL-M-134-S08_SERVER_ERROR,YL-M-134,ADMIN,商业化/订单,SERVER_ERROR,服务异常,服务端 5xx，显示请求 ID，不暴露堆栈。,retry_or_status,P10-003,P10,P10-W01,YL-M-134-S08_SERVER_ERROR,ui/mockups/admin/YL-M-134/YL-M-134-S08_SERVER_ERROR.png,PAGE,,5756add2ba623517
YL-M-135-S01_LOADING,YL-M-135,ADMIN,商业化/支付回调,LOADING,加载中,使用与最终布局一致的 Skeleton，禁止无限 Loading。,automatic_or_retry,P10-004,P10,P10-W01,YL-M-135-S01_LOADING,ui/mockups/admin/YL-M-135/YL-M-135-S01_LOADING.png,PAGE,,a13f1f63e34ccc18
YL-M-135-S02_POPULATED,YL-M-135,ADMIN,商业化/支付回调,POPULATED,有数据,真实结构化数据已加载。,none,P10-004,P10,P10-W01,YL-M-135-S02_POPULATED,ui/mockups/admin/YL-M-135/YL-M-135-S02_POPULATED.png,PAGE,,a13f1f63e34ccc18
YL-M-135-S03_EMPTY,YL-M-135,ADMIN,商业化/支付回调,EMPTY,空数据,显示原因、下一步和主操作；不得使用伪造内容填满。,primary_action_or_refresh,P10-004,P10,P10-W01,YL-M-135-S03_EMPTY,ui/mockups/admin/YL-M-135/YL-M-135-S03_EMPTY.png,PAGE,,a13f1f63e34ccc18
YL-M-135-S04_FILTER_ACTIVE,YL-M-135,ADMIN,商业化/支付回调,FILTER_ACTIVE,筛选生效,清晰展示筛选条件和结果数量。,clear_filter,P10-004,P10,P10-W01,YL-M-135-S04_FILTER_ACTIVE,ui/mockups/admin/YL-M-135/YL-M-135-S04_FILTER_ACTIVE.png,PAGE,,a13f1f63e34ccc18
YL-M-135-S05_BULK_SELECTED,YL-M-135,ADMIN,商业化/支付回调,BULK_SELECTED,批量选择,显示已选数量和允许的批量动作。,clear_selection,P10-004,P10,P10-W01,YL-M-135-S05_BULK_SELECTED,ui/mockups/admin/YL-M-135/YL-M-135-S05_BULK_SELECTED.png,PAGE,,a13f1f63e34ccc18
YL-M-135-S06_PERMISSION_DENIED,YL-M-135,ADMIN,商业化/支付回调,PERMISSION_DENIED,权限不足,不泄露资源存在性，说明所需权限或返回。,back_or_request_access,P10-004,P10,P10-W01,YL-M-135-S06_PERMISSION_DENIED,ui/mockups/admin/YL-M-135/YL-M-135-S06_PERMISSION_DENIED.png,PAGE,,a13f1f63e34ccc18
YL-M-135-S07_NETWORK_ERROR,YL-M-135,ADMIN,商业化/支付回调,NETWORK_ERROR,网络连接失败,网络不可达或 DNS/TLS 失败，提供重试。,retry,P10-004,P10,P10-W01,YL-M-135-S07_NETWORK_ERROR,ui/mockups/admin/YL-M-135/YL-M-135-S07_NETWORK_ERROR.png,PAGE,,a13f1f63e34ccc18
YL-M-135-S08_SERVER_ERROR,YL-M-135,ADMIN,商业化/支付回调,SERVER_ERROR,服务异常,服务端 5xx，显示请求 ID，不暴露堆栈。,retry_or_status,P10-004,P10,P10-W01,YL-M-135-S08_SERVER_ERROR,ui/mockups/admin/YL-M-135/YL-M-135-S08_SERVER_ERROR.png,PAGE,,a13f1f63e34ccc18
YL-M-136-S01_LOADING,YL-M-136,ADMIN,商业化/钱包,LOADING,加载中,使用与最终布局一致的 Skeleton，禁止无限 Loading。,automatic_or_retry,P10-005|P10-006|P10-008|P10-009,P10,P10-W01|P10-W02,YL-M-136-S01_LOADING,ui/mockups/admin/YL-M-136/YL-M-136-S01_LOADING.png,PAGE,,db049f8c428761e8
YL-M-136-S02_POPULATED,YL-M-136,ADMIN,商业化/钱包,POPULATED,有数据,真实结构化数据已加载。,none,P10-005|P10-006|P10-008|P10-009,P10,P10-W01|P10-W02,YL-M-136-S02_POPULATED,ui/mockups/admin/YL-M-136/YL-M-136-S02_POPULATED.png,PAGE,,db049f8c428761e8
YL-M-136-S03_EMPTY,YL-M-136,ADMIN,商业化/钱包,EMPTY,空数据,显示原因、下一步和主操作；不得使用伪造内容填满。,primary_action_or_refresh,P10-005|P10-006|P10-008|P10-009,P10,P10-W01|P10-W02,YL-M-136-S03_EMPTY,ui/mockups/admin/YL-M-136/YL-M-136-S03_EMPTY.png,PAGE,,db049f8c428761e8
YL-M-136-S04_FILTER_ACTIVE,YL-M-136,ADMIN,商业化/钱包,FILTER_ACTIVE,筛选生效,清晰展示筛选条件和结果数量。,clear_filter,P10-005|P10-006|P10-008|P10-009,P10,P10-W01|P10-W02,YL-M-136-S04_FILTER_ACTIVE,ui/mockups/admin/YL-M-136/YL-M-136-S04_FILTER_ACTIVE.png,PAGE,,db049f8c428761e8
YL-M-136-S05_BULK_SELECTED,YL-M-136,ADMIN,商业化/钱包,BULK_SELECTED,批量选择,显示已选数量和允许的批量动作。,clear_selection,P10-005|P10-006|P10-008|P10-009,P10,P10-W01|P10-W02,YL-M-136-S05_BULK_SELECTED,ui/mockups/admin/YL-M-136/YL-M-136-S05_BULK_SELECTED.png,PAGE,,db049f8c428761e8
YL-M-136-S06_PERMISSION_DENIED,YL-M-136,ADMIN,商业化/钱包,PERMISSION_DENIED,权限不足,不泄露资源存在性，说明所需权限或返回。,back_or_request_access,P10-005|P10-006|P10-008|P10-009,P10,P10-W01|P10-W02,YL-M-136-S06_PERMISSION_DENIED,ui/mockups/admin/YL-M-136/YL-M-136-S06_PERMISSION_DENIED.png,PAGE,,db049f8c428761e8
YL-M-136-S07_NETWORK_ERROR,YL-M-136,ADMIN,商业化/钱包,NETWORK_ERROR,网络连接失败,网络不可达或 DNS/TLS 失败，提供重试。,retry,P10-005|P10-006|P10-008|P10-009,P10,P10-W01|P10-W02,YL-M-136-S07_NETWORK_ERROR,ui/mockups/admin/YL-M-136/YL-M-136-S07_NETWORK_ERROR.png,PAGE,,db049f8c428761e8
YL-M-136-S08_SERVER_ERROR,YL-M-136,ADMIN,商业化/钱包,SERVER_ERROR,服务异常,服务端 5xx，显示请求 ID，不暴露堆栈。,retry_or_status,P10-005|P10-006|P10-008|P10-009,P10,P10-W01|P10-W02,YL-M-136-S08_SERVER_ERROR,ui/mockups/admin/YL-M-136/YL-M-136-S08_SERVER_ERROR.png,PAGE,,db049f8c428761e8
YL-M-137-S01_LOADING,YL-M-137,ADMIN,商业化/订阅,LOADING,加载中,使用与最终布局一致的 Skeleton，禁止无限 Loading。,automatic_or_retry,P10-011,P10,P10-W02,YL-M-137-S01_LOADING,ui/mockups/admin/YL-M-137/YL-M-137-S01_LOADING.png,PAGE,,a4e6369f485be707
YL-M-137-S02_POPULATED,YL-M-137,ADMIN,商业化/订阅,POPULATED,有数据,真实结构化数据已加载。,none,P10-011,P10,P10-W02,YL-M-137-S02_POPULATED,ui/mockups/admin/YL-M-137/YL-M-137-S02_POPULATED.png,PAGE,,a4e6369f485be707
YL-M-137-S03_EMPTY,YL-M-137,ADMIN,商业化/订阅,EMPTY,空数据,显示原因、下一步和主操作；不得使用伪造内容填满。,primary_action_or_refresh,P10-011,P10,P10-W02,YL-M-137-S03_EMPTY,ui/mockups/admin/YL-M-137/YL-M-137-S03_EMPTY.png,PAGE,,a4e6369f485be707
YL-M-137-S04_FILTER_ACTIVE,YL-M-137,ADMIN,商业化/订阅,FILTER_ACTIVE,筛选生效,清晰展示筛选条件和结果数量。,clear_filter,P10-011,P10,P10-W02,YL-M-137-S04_FILTER_ACTIVE,ui/mockups/admin/YL-M-137/YL-M-137-S04_FILTER_ACTIVE.png,PAGE,,a4e6369f485be707
YL-M-137-S05_BULK_SELECTED,YL-M-137,ADMIN,商业化/订阅,BULK_SELECTED,批量选择,显示已选数量和允许的批量动作。,clear_selection,P10-011,P10,P10-W02,YL-M-137-S05_BULK_SELECTED,ui/mockups/admin/YL-M-137/YL-M-137-S05_BULK_SELECTED.png,PAGE,,a4e6369f485be707
YL-M-137-S06_PERMISSION_DENIED,YL-M-137,ADMIN,商业化/订阅,PERMISSION_DENIED,权限不足,不泄露资源存在性，说明所需权限或返回。,back_or_request_access,P10-011,P10,P10-W02,YL-M-137-S06_PERMISSION_DENIED,ui/mockups/admin/YL-M-137/YL-M-137-S06_PERMISSION_DENIED.png,PAGE,,a4e6369f485be707
YL-M-137-S07_NETWORK_ERROR,YL-M-137,ADMIN,商业化/订阅,NETWORK_ERROR,网络连接失败,网络不可达或 DNS/TLS 失败，提供重试。,retry,P10-011,P10,P10-W02,YL-M-137-S07_NETWORK_ERROR,ui/mockups/admin/YL-M-137/YL-M-137-S07_NETWORK_ERROR.png,PAGE,,a4e6369f485be707
YL-M-137-S08_SERVER_ERROR,YL-M-137,ADMIN,商业化/订阅,SERVER_ERROR,服务异常,服务端 5xx，显示请求 ID，不暴露堆栈。,retry_or_status,P10-011,P10,P10-W02,YL-M-137-S08_SERVER_ERROR,ui/mockups/admin/YL-M-137/YL-M-137-S08_SERVER_ERROR.png,PAGE,,a4e6369f485be707
YL-M-138-S01_LOADING,YL-M-138,ADMIN,商业化/权益,LOADING,加载中,使用与最终布局一致的 Skeleton，禁止无限 Loading。,automatic_or_retry,P10-012,P10,P10-W02,YL-M-138-S01_LOADING,ui/mockups/admin/YL-M-138/YL-M-138-S01_LOADING.png,PAGE,,be451094b41cb3da
YL-M-138-S02_POPULATED,YL-M-138,ADMIN,商业化/权益,POPULATED,有数据,真实结构化数据已加载。,none,P10-012,P10,P10-W02,YL-M-138-S02_POPULATED,ui/mockups/admin/YL-M-138/YL-M-138-S02_POPULATED.png,PAGE,,be451094b41cb3da
YL-M-138-S03_EMPTY,YL-M-138,ADMIN,商业化/权益,EMPTY,空数据,显示原因、下一步和主操作；不得使用伪造内容填满。,primary_action_or_refresh,P10-012,P10,P10-W02,YL-M-138-S03_EMPTY,ui/mockups/admin/YL-M-138/YL-M-138-S03_EMPTY.png,PAGE,,be451094b41cb3da
YL-M-138-S04_FILTER_ACTIVE,YL-M-138,ADMIN,商业化/权益,FILTER_ACTIVE,筛选生效,清晰展示筛选条件和结果数量。,clear_filter,P10-012,P10,P10-W02,YL-M-138-S04_FILTER_ACTIVE,ui/mockups/admin/YL-M-138/YL-M-138-S04_FILTER_ACTIVE.png,PAGE,,be451094b41cb3da
YL-M-138-S05_BULK_SELECTED,YL-M-138,ADMIN,商业化/权益,BULK_SELECTED,批量选择,显示已选数量和允许的批量动作。,clear_selection,P10-012,P10,P10-W02,YL-M-138-S05_BULK_SELECTED,ui/mockups/admin/YL-M-138/YL-M-138-S05_BULK_SELECTED.png,PAGE,,be451094b41cb3da
YL-M-138-S06_PERMISSION_DENIED,YL-M-138,ADMIN,商业化/权益,PERMISSION_DENIED,权限不足,不泄露资源存在性，说明所需权限或返回。,back_or_request_access,P10-012,P10,P10-W02,YL-M-138-S06_PERMISSION_DENIED,ui/mockups/admin/YL-M-138/YL-M-138-S06_PERMISSION_DENIED.png,PAGE,,be451094b41cb3da
YL-M-138-S07_NETWORK_ERROR,YL-M-138,ADMIN,商业化/权益,NETWORK_ERROR,网络连接失败,网络不可达或 DNS/TLS 失败，提供重试。,retry,P10-012,P10,P10-W02,YL-M-138-S07_NETWORK_ERROR,ui/mockups/admin/YL-M-138/YL-M-138-S07_NETWORK_ERROR.png,PAGE,,be451094b41cb3da
YL-M-138-S08_SERVER_ERROR,YL-M-138,ADMIN,商业化/权益,SERVER_ERROR,服务异常,服务端 5xx，显示请求 ID，不暴露堆栈。,retry_or_status,P10-012,P10,P10-W02,YL-M-138-S08_SERVER_ERROR,ui/mockups/admin/YL-M-138/YL-M-138-S08_SERVER_ERROR.png,PAGE,,be451094b41cb3da
YL-M-139-S01_LOADING,YL-M-139,ADMIN,商业化/用量,LOADING,加载中,使用与最终布局一致的 Skeleton，禁止无限 Loading。,automatic_or_retry,P10-013|P10-016,P10,P10-W03,YL-M-139-S01_LOADING,ui/mockups/admin/YL-M-139/YL-M-139-S01_LOADING.png,PAGE,,c3824256919b7bd4
YL-M-139-S02_POPULATED,YL-M-139,ADMIN,商业化/用量,POPULATED,有数据,真实结构化数据已加载。,none,P10-013|P10-016,P10,P10-W03,YL-M-139-S02_POPULATED,ui/mockups/admin/YL-M-139/YL-M-139-S02_POPULATED.png,PAGE,,c3824256919b7bd4
YL-M-139-S03_EMPTY,YL-M-139,ADMIN,商业化/用量,EMPTY,空数据,显示原因、下一步和主操作；不得使用伪造内容填满。,primary_action_or_refresh,P10-013|P10-016,P10,P10-W03,YL-M-139-S03_EMPTY,ui/mockups/admin/YL-M-139/YL-M-139-S03_EMPTY.png,PAGE,,c3824256919b7bd4
YL-M-139-S04_FILTER_ACTIVE,YL-M-139,ADMIN,商业化/用量,FILTER_ACTIVE,筛选生效,清晰展示筛选条件和结果数量。,clear_filter,P10-013|P10-016,P10,P10-W03,YL-M-139-S04_FILTER_ACTIVE,ui/mockups/admin/YL-M-139/YL-M-139-S04_FILTER_ACTIVE.png,PAGE,,c3824256919b7bd4
YL-M-139-S05_BULK_SELECTED,YL-M-139,ADMIN,商业化/用量,BULK_SELECTED,批量选择,显示已选数量和允许的批量动作。,clear_selection,P10-013|P10-016,P10,P10-W03,YL-M-139-S05_BULK_SELECTED,ui/mockups/admin/YL-M-139/YL-M-139-S05_BULK_SELECTED.png,PAGE,,c3824256919b7bd4
YL-M-139-S06_PERMISSION_DENIED,YL-M-139,ADMIN,商业化/用量,PERMISSION_DENIED,权限不足,不泄露资源存在性，说明所需权限或返回。,back_or_request_access,P10-013|P10-016,P10,P10-W03,YL-M-139-S06_PERMISSION_DENIED,ui/mockups/admin/YL-M-139/YL-M-139-S06_PERMISSION_DENIED.png,PAGE,,c3824256919b7bd4
YL-M-139-S07_NETWORK_ERROR,YL-M-139,ADMIN,商业化/用量,NETWORK_ERROR,网络连接失败,网络不可达或 DNS/TLS 失败，提供重试。,retry,P10-013|P10-016,P10,P10-W03,YL-M-139-S07_NETWORK_ERROR,ui/mockups/admin/YL-M-139/YL-M-139-S07_NETWORK_ERROR.png,PAGE,,c3824256919b7bd4
YL-M-139-S08_SERVER_ERROR,YL-M-139,ADMIN,商业化/用量,SERVER_ERROR,服务异常,服务端 5xx，显示请求 ID，不暴露堆栈。,retry_or_status,P10-013|P10-016,P10,P10-W03,YL-M-139-S08_SERVER_ERROR,ui/mockups/admin/YL-M-139/YL-M-139-S08_SERVER_ERROR.png,PAGE,,c3824256919b7bd4
YL-M-140-S01_LOADING,YL-M-140,ADMIN,Sub2API与通道/用户映射,LOADING,加载中,使用与最终布局一致的 Skeleton，禁止无限 Loading。,automatic_or_retry,P10-017|P10-018,P10,P10-W03,YL-M-140-S01_LOADING,ui/mockups/admin/YL-M-140/YL-M-140-S01_LOADING.png,PAGE,,776fdb7e6e4e4f3f
YL-M-140-S02_POPULATED,YL-M-140,ADMIN,Sub2API与通道/用户映射,POPULATED,有数据,真实结构化数据已加载。,none,P10-017|P10-018,P10,P10-W03,YL-M-140-S02_POPULATED,ui/mockups/admin/YL-M-140/YL-M-140-S02_POPULATED.png,PAGE,,776fdb7e6e4e4f3f
YL-M-140-S03_EDIT_MODE,YL-M-140,ADMIN,Sub2API与通道/用户映射,EDIT_MODE,编辑状态,可编辑字段与只读字段明显区分。,save_or_cancel,P10-017|P10-018,P10,P10-W03,YL-M-140-S03_EDIT_MODE,ui/mockups/admin/YL-M-140/YL-M-140-S03_EDIT_MODE.png,PAGE,,776fdb7e6e4e4f3f
YL-M-140-S04_VALIDATION_ERROR,YL-M-140,ADMIN,Sub2API与通道/用户映射,VALIDATION_ERROR,表单校验失败,字段级错误紧邻字段，首个错误获得焦点。,correct_input,P10-017|P10-018,P10,P10-W03,YL-M-140-S04_VALIDATION_ERROR,ui/mockups/admin/YL-M-140/YL-M-140-S04_VALIDATION_ERROR.png,PAGE,,776fdb7e6e4e4f3f
YL-M-140-S05_DIRTY,YL-M-140,ADMIN,Sub2API与通道/用户映射,DIRTY,存在未保存修改,离开或关闭前必须确认。,save_or_discard,P10-017|P10-018,P10,P10-W03,YL-M-140-S05_DIRTY,ui/mockups/admin/YL-M-140/YL-M-140-S05_DIRTY.png,PAGE,,776fdb7e6e4e4f3f
YL-M-140-S06_SUBMITTING,YL-M-140,ADMIN,Sub2API与通道/用户映射,SUBMITTING,提交中,主按钮保留尺寸并显示进度，禁止重复提交。,wait_or_cancel_if_supported,P10-017|P10-018,P10,P10-W03,YL-M-140-S06_SUBMITTING,ui/mockups/admin/YL-M-140/YL-M-140-S06_SUBMITTING.png,PAGE,,776fdb7e6e4e4f3f
YL-M-140-S07_SAVE_SUCCESS,YL-M-140,ADMIN,Sub2API与通道/用户映射,SAVE_SUCCESS,保存成功,保存结果明确且数据回读一致。,continue,P10-017|P10-018,P10,P10-W03,YL-M-140-S07_SAVE_SUCCESS,ui/mockups/admin/YL-M-140/YL-M-140-S07_SAVE_SUCCESS.png,PAGE,,776fdb7e6e4e4f3f
YL-M-140-S08_VERSION_CONFLICT,YL-M-140,ADMIN,Sub2API与通道/用户映射,VERSION_CONFLICT,版本冲突,显示当前版本与服务器版本，禁止静默覆盖。,reload_compare_or_force_with_permission,P10-017|P10-018,P10,P10-W03,YL-M-140-S08_VERSION_CONFLICT,ui/mockups/admin/YL-M-140/YL-M-140-S08_VERSION_CONFLICT.png,PAGE,,776fdb7e6e4e4f3f
YL-M-140-S09_ROLLBACK_CONFIRM,YL-M-140,ADMIN,Sub2API与通道/用户映射,ROLLBACK_CONFIRM,确认回滚,列出目标版本、影响和审计原因。,confirm_or_cancel,P10-017|P10-018,P10,P10-W03,YL-M-140-S09_ROLLBACK_CONFIRM,ui/mockups/admin/YL-M-140/YL-M-140-S09_ROLLBACK_CONFIRM.png,PAGE,,776fdb7e6e4e4f3f
YL-M-140-S10_PERMISSION_DENIED,YL-M-140,ADMIN,Sub2API与通道/用户映射,PERMISSION_DENIED,权限不足,不泄露资源存在性，说明所需权限或返回。,back_or_request_access,P10-017|P10-018,P10,P10-W03,YL-M-140-S10_PERMISSION_DENIED,ui/mockups/admin/YL-M-140/YL-M-140-S10_PERMISSION_DENIED.png,PAGE,,776fdb7e6e4e4f3f
YL-M-140-S11_SERVER_ERROR,YL-M-140,ADMIN,Sub2API与通道/用户映射,SERVER_ERROR,服务异常,服务端 5xx，显示请求 ID，不暴露堆栈。,retry_or_status,P10-017|P10-018,P10,P10-W03,YL-M-140-S11_SERVER_ERROR,ui/mockups/admin/YL-M-140/YL-M-140-S11_SERVER_ERROR.png,PAGE,,776fdb7e6e4e4f3f
YL-M-141-S01_LOADING,YL-M-141,ADMIN,Sub2API与通道/API Key映射,LOADING,加载中,使用与最终布局一致的 Skeleton，禁止无限 Loading。,automatic_or_retry,P10-019,P10,P10-W04,YL-M-141-S01_LOADING,ui/mockups/admin/YL-M-141/YL-M-141-S01_LOADING.png,PAGE,,983f7f552d8880c9
YL-M-141-S02_POPULATED,YL-M-141,ADMIN,Sub2API与通道/API Key映射,POPULATED,有数据,真实结构化数据已加载。,none,P10-019,P10,P10-W04,YL-M-141-S02_POPULATED,ui/mockups/admin/YL-M-141/YL-M-141-S02_POPULATED.png,PAGE,,983f7f552d8880c9
YL-M-141-S03_EDIT_MODE,YL-M-141,ADMIN,Sub2API与通道/API Key映射,EDIT_MODE,编辑状态,可编辑字段与只读字段明显区分。,save_or_cancel,P10-019,P10,P10-W04,YL-M-141-S03_EDIT_MODE,ui/mockups/admin/YL-M-141/YL-M-141-S03_EDIT_MODE.png,PAGE,,983f7f552d8880c9
YL-M-141-S04_VALIDATION_ERROR,YL-M-141,ADMIN,Sub2API与通道/API Key映射,VALIDATION_ERROR,表单校验失败,字段级错误紧邻字段，首个错误获得焦点。,correct_input,P10-019,P10,P10-W04,YL-M-141-S04_VALIDATION_ERROR,ui/mockups/admin/YL-M-141/YL-M-141-S04_VALIDATION_ERROR.png,PAGE,,983f7f552d8880c9
YL-M-141-S05_DIRTY,YL-M-141,ADMIN,Sub2API与通道/API Key映射,DIRTY,存在未保存修改,离开或关闭前必须确认。,save_or_discard,P10-019,P10,P10-W04,YL-M-141-S05_DIRTY,ui/mockups/admin/YL-M-141/YL-M-141-S05_DIRTY.png,PAGE,,983f7f552d8880c9
YL-M-141-S06_SUBMITTING,YL-M-141,ADMIN,Sub2API与通道/API Key映射,SUBMITTING,提交中,主按钮保留尺寸并显示进度，禁止重复提交。,wait_or_cancel_if_supported,P10-019,P10,P10-W04,YL-M-141-S06_SUBMITTING,ui/mockups/admin/YL-M-141/YL-M-141-S06_SUBMITTING.png,PAGE,,983f7f552d8880c9
YL-M-141-S07_SAVE_SUCCESS,YL-M-141,ADMIN,Sub2API与通道/API Key映射,SAVE_SUCCESS,保存成功,保存结果明确且数据回读一致。,continue,P10-019,P10,P10-W04,YL-M-141-S07_SAVE_SUCCESS,ui/mockups/admin/YL-M-141/YL-M-141-S07_SAVE_SUCCESS.png,PAGE,,983f7f552d8880c9
YL-M-141-S08_VERSION_CONFLICT,YL-M-141,ADMIN,Sub2API与通道/API Key映射,VERSION_CONFLICT,版本冲突,显示当前版本与服务器版本，禁止静默覆盖。,reload_compare_or_force_with_permission,P10-019,P10,P10-W04,YL-M-141-S08_VERSION_CONFLICT,ui/mockups/admin/YL-M-141/YL-M-141-S08_VERSION_CONFLICT.png,PAGE,,983f7f552d8880c9
YL-M-141-S09_ROLLBACK_CONFIRM,YL-M-141,ADMIN,Sub2API与通道/API Key映射,ROLLBACK_CONFIRM,确认回滚,列出目标版本、影响和审计原因。,confirm_or_cancel,P10-019,P10,P10-W04,YL-M-141-S09_ROLLBACK_CONFIRM,ui/mockups/admin/YL-M-141/YL-M-141-S09_ROLLBACK_CONFIRM.png,PAGE,,983f7f552d8880c9
YL-M-141-S10_PERMISSION_DENIED,YL-M-141,ADMIN,Sub2API与通道/API Key映射,PERMISSION_DENIED,权限不足,不泄露资源存在性，说明所需权限或返回。,back_or_request_access,P10-019,P10,P10-W04,YL-M-141-S10_PERMISSION_DENIED,ui/mockups/admin/YL-M-141/YL-M-141-S10_PERMISSION_DENIED.png,PAGE,,983f7f552d8880c9
YL-M-141-S11_SERVER_ERROR,YL-M-141,ADMIN,Sub2API与通道/API Key映射,SERVER_ERROR,服务异常,服务端 5xx，显示请求 ID，不暴露堆栈。,retry_or_status,P10-019,P10,P10-W04,YL-M-141-S11_SERVER_ERROR,ui/mockups/admin/YL-M-141/YL-M-141-S11_SERVER_ERROR.png,PAGE,,983f7f552d8880c9
YL-M-142-S01_LOADING,YL-M-142,ADMIN,Sub2API与通道/余额同步,LOADING,加载中,使用与最终布局一致的 Skeleton，禁止无限 Loading。,automatic_or_retry,P10-020,P10,P10-W04,YL-M-142-S01_LOADING,ui/mockups/admin/YL-M-142/YL-M-142-S01_LOADING.png,PAGE,,db2342092bf9302e
YL-M-142-S02_POPULATED,YL-M-142,ADMIN,Sub2API与通道/余额同步,POPULATED,有数据,真实结构化数据已加载。,none,P10-020,P10,P10-W04,YL-M-142-S02_POPULATED,ui/mockups/admin/YL-M-142/YL-M-142-S02_POPULATED.png,PAGE,,db2342092bf9302e
YL-M-142-S03_EDIT_MODE,YL-M-142,ADMIN,Sub2API与通道/余额同步,EDIT_MODE,编辑状态,可编辑字段与只读字段明显区分。,save_or_cancel,P10-020,P10,P10-W04,YL-M-142-S03_EDIT_MODE,ui/mockups/admin/YL-M-142/YL-M-142-S03_EDIT_MODE.png,PAGE,,db2342092bf9302e
YL-M-142-S04_VALIDATION_ERROR,YL-M-142,ADMIN,Sub2API与通道/余额同步,VALIDATION_ERROR,表单校验失败,字段级错误紧邻字段，首个错误获得焦点。,correct_input,P10-020,P10,P10-W04,YL-M-142-S04_VALIDATION_ERROR,ui/mockups/admin/YL-M-142/YL-M-142-S04_VALIDATION_ERROR.png,PAGE,,db2342092bf9302e
YL-M-142-S05_DIRTY,YL-M-142,ADMIN,Sub2API与通道/余额同步,DIRTY,存在未保存修改,离开或关闭前必须确认。,save_or_discard,P10-020,P10,P10-W04,YL-M-142-S05_DIRTY,ui/mockups/admin/YL-M-142/YL-M-142-S05_DIRTY.png,PAGE,,db2342092bf9302e
YL-M-142-S06_SUBMITTING,YL-M-142,ADMIN,Sub2API与通道/余额同步,SUBMITTING,提交中,主按钮保留尺寸并显示进度，禁止重复提交。,wait_or_cancel_if_supported,P10-020,P10,P10-W04,YL-M-142-S06_SUBMITTING,ui/mockups/admin/YL-M-142/YL-M-142-S06_SUBMITTING.png,PAGE,,db2342092bf9302e
YL-M-142-S07_SAVE_SUCCESS,YL-M-142,ADMIN,Sub2API与通道/余额同步,SAVE_SUCCESS,保存成功,保存结果明确且数据回读一致。,continue,P10-020,P10,P10-W04,YL-M-142-S07_SAVE_SUCCESS,ui/mockups/admin/YL-M-142/YL-M-142-S07_SAVE_SUCCESS.png,PAGE,,db2342092bf9302e
YL-M-142-S08_VERSION_CONFLICT,YL-M-142,ADMIN,Sub2API与通道/余额同步,VERSION_CONFLICT,版本冲突,显示当前版本与服务器版本，禁止静默覆盖。,reload_compare_or_force_with_permission,P10-020,P10,P10-W04,YL-M-142-S08_VERSION_CONFLICT,ui/mockups/admin/YL-M-142/YL-M-142-S08_VERSION_CONFLICT.png,PAGE,,db2342092bf9302e
YL-M-142-S09_ROLLBACK_CONFIRM,YL-M-142,ADMIN,Sub2API与通道/余额同步,ROLLBACK_CONFIRM,确认回滚,列出目标版本、影响和审计原因。,confirm_or_cancel,P10-020,P10,P10-W04,YL-M-142-S09_ROLLBACK_CONFIRM,ui/mockups/admin/YL-M-142/YL-M-142-S09_ROLLBACK_CONFIRM.png,PAGE,,db2342092bf9302e
YL-M-142-S10_PERMISSION_DENIED,YL-M-142,ADMIN,Sub2API与通道/余额同步,PERMISSION_DENIED,权限不足,不泄露资源存在性，说明所需权限或返回。,back_or_request_access,P10-020,P10,P10-W04,YL-M-142-S10_PERMISSION_DENIED,ui/mockups/admin/YL-M-142/YL-M-142-S10_PERMISSION_DENIED.png,PAGE,,db2342092bf9302e
YL-M-142-S11_SERVER_ERROR,YL-M-142,ADMIN,Sub2API与通道/余额同步,SERVER_ERROR,服务异常,服务端 5xx，显示请求 ID，不暴露堆栈。,retry_or_status,P10-020,P10,P10-W04,YL-M-142-S11_SERVER_ERROR,ui/mockups/admin/YL-M-142/YL-M-142-S11_SERVER_ERROR.png,PAGE,,db2342092bf9302e
YL-M-143-S01_LOADING,YL-M-143,ADMIN,Sub2API与通道/套餐同步,LOADING,加载中,使用与最终布局一致的 Skeleton，禁止无限 Loading。,automatic_or_retry,P10-021,P10,P10-W04,YL-M-143-S01_LOADING,ui/mockups/admin/YL-M-143/YL-M-143-S01_LOADING.png,PAGE,,83787bcd3e9ffe6b
YL-M-143-S02_POPULATED,YL-M-143,ADMIN,Sub2API与通道/套餐同步,POPULATED,有数据,真实结构化数据已加载。,none,P10-021,P10,P10-W04,YL-M-143-S02_POPULATED,ui/mockups/admin/YL-M-143/YL-M-143-S02_POPULATED.png,PAGE,,83787bcd3e9ffe6b
YL-M-143-S03_EDIT_MODE,YL-M-143,ADMIN,Sub2API与通道/套餐同步,EDIT_MODE,编辑状态,可编辑字段与只读字段明显区分。,save_or_cancel,P10-021,P10,P10-W04,YL-M-143-S03_EDIT_MODE,ui/mockups/admin/YL-M-143/YL-M-143-S03_EDIT_MODE.png,PAGE,,83787bcd3e9ffe6b
YL-M-143-S04_VALIDATION_ERROR,YL-M-143,ADMIN,Sub2API与通道/套餐同步,VALIDATION_ERROR,表单校验失败,字段级错误紧邻字段，首个错误获得焦点。,correct_input,P10-021,P10,P10-W04,YL-M-143-S04_VALIDATION_ERROR,ui/mockups/admin/YL-M-143/YL-M-143-S04_VALIDATION_ERROR.png,PAGE,,83787bcd3e9ffe6b
YL-M-143-S05_DIRTY,YL-M-143,ADMIN,Sub2API与通道/套餐同步,DIRTY,存在未保存修改,离开或关闭前必须确认。,save_or_discard,P10-021,P10,P10-W04,YL-M-143-S05_DIRTY,ui/mockups/admin/YL-M-143/YL-M-143-S05_DIRTY.png,PAGE,,83787bcd3e9ffe6b
YL-M-143-S06_SUBMITTING,YL-M-143,ADMIN,Sub2API与通道/套餐同步,SUBMITTING,提交中,主按钮保留尺寸并显示进度，禁止重复提交。,wait_or_cancel_if_supported,P10-021,P10,P10-W04,YL-M-143-S06_SUBMITTING,ui/mockups/admin/YL-M-143/YL-M-143-S06_SUBMITTING.png,PAGE,,83787bcd3e9ffe6b
YL-M-143-S07_SAVE_SUCCESS,YL-M-143,ADMIN,Sub2API与通道/套餐同步,SAVE_SUCCESS,保存成功,保存结果明确且数据回读一致。,continue,P10-021,P10,P10-W04,YL-M-143-S07_SAVE_SUCCESS,ui/mockups/admin/YL-M-143/YL-M-143-S07_SAVE_SUCCESS.png,PAGE,,83787bcd3e9ffe6b
YL-M-143-S08_VERSION_CONFLICT,YL-M-143,ADMIN,Sub2API与通道/套餐同步,VERSION_CONFLICT,版本冲突,显示当前版本与服务器版本，禁止静默覆盖。,reload_compare_or_force_with_permission,P10-021,P10,P10-W04,YL-M-143-S08_VERSION_CONFLICT,ui/mockups/admin/YL-M-143/YL-M-143-S08_VERSION_CONFLICT.png,PAGE,,83787bcd3e9ffe6b
YL-M-143-S09_ROLLBACK_CONFIRM,YL-M-143,ADMIN,Sub2API与通道/套餐同步,ROLLBACK_CONFIRM,确认回滚,列出目标版本、影响和审计原因。,confirm_or_cancel,P10-021,P10,P10-W04,YL-M-143-S09_ROLLBACK_CONFIRM,ui/mockups/admin/YL-M-143/YL-M-143-S09_ROLLBACK_CONFIRM.png,PAGE,,83787bcd3e9ffe6b
YL-M-143-S10_PERMISSION_DENIED,YL-M-143,ADMIN,Sub2API与通道/套餐同步,PERMISSION_DENIED,权限不足,不泄露资源存在性，说明所需权限或返回。,back_or_request_access,P10-021,P10,P10-W04,YL-M-143-S10_PERMISSION_DENIED,ui/mockups/admin/YL-M-143/YL-M-143-S10_PERMISSION_DENIED.png,PAGE,,83787bcd3e9ffe6b
YL-M-143-S11_SERVER_ERROR,YL-M-143,ADMIN,Sub2API与通道/套餐同步,SERVER_ERROR,服务异常,服务端 5xx，显示请求 ID，不暴露堆栈。,retry_or_status,P10-021,P10,P10-W04,YL-M-143-S11_SERVER_ERROR,ui/mockups/admin/YL-M-143/YL-M-143-S11_SERVER_ERROR.png,PAGE,,83787bcd3e9ffe6b
YL-M-144-S01_LOADING,YL-M-144,ADMIN,Sub2API与通道/用量同步,LOADING,加载中,使用与最终布局一致的 Skeleton，禁止无限 Loading。,automatic_or_retry,P10-022,P10,P10-W04,YL-M-144-S01_LOADING,ui/mockups/admin/YL-M-144/YL-M-144-S01_LOADING.png,PAGE,,9c28096090973f01
YL-M-144-S02_POPULATED,YL-M-144,ADMIN,Sub2API与通道/用量同步,POPULATED,有数据,真实结构化数据已加载。,none,P10-022,P10,P10-W04,YL-M-144-S02_POPULATED,ui/mockups/admin/YL-M-144/YL-M-144-S02_POPULATED.png,PAGE,,9c28096090973f01
YL-M-144-S03_EDIT_MODE,YL-M-144,ADMIN,Sub2API与通道/用量同步,EDIT_MODE,编辑状态,可编辑字段与只读字段明显区分。,save_or_cancel,P10-022,P10,P10-W04,YL-M-144-S03_EDIT_MODE,ui/mockups/admin/YL-M-144/YL-M-144-S03_EDIT_MODE.png,PAGE,,9c28096090973f01
YL-M-144-S04_VALIDATION_ERROR,YL-M-144,ADMIN,Sub2API与通道/用量同步,VALIDATION_ERROR,表单校验失败,字段级错误紧邻字段，首个错误获得焦点。,correct_input,P10-022,P10,P10-W04,YL-M-144-S04_VALIDATION_ERROR,ui/mockups/admin/YL-M-144/YL-M-144-S04_VALIDATION_ERROR.png,PAGE,,9c28096090973f01
YL-M-144-S05_DIRTY,YL-M-144,ADMIN,Sub2API与通道/用量同步,DIRTY,存在未保存修改,离开或关闭前必须确认。,save_or_discard,P10-022,P10,P10-W04,YL-M-144-S05_DIRTY,ui/mockups/admin/YL-M-144/YL-M-144-S05_DIRTY.png,PAGE,,9c28096090973f01
YL-M-144-S06_SUBMITTING,YL-M-144,ADMIN,Sub2API与通道/用量同步,SUBMITTING,提交中,主按钮保留尺寸并显示进度，禁止重复提交。,wait_or_cancel_if_supported,P10-022,P10,P10-W04,YL-M-144-S06_SUBMITTING,ui/mockups/admin/YL-M-144/YL-M-144-S06_SUBMITTING.png,PAGE,,9c28096090973f01
YL-M-144-S07_SAVE_SUCCESS,YL-M-144,ADMIN,Sub2API与通道/用量同步,SAVE_SUCCESS,保存成功,保存结果明确且数据回读一致。,continue,P10-022,P10,P10-W04,YL-M-144-S07_SAVE_SUCCESS,ui/mockups/admin/YL-M-144/YL-M-144-S07_SAVE_SUCCESS.png,PAGE,,9c28096090973f01
YL-M-144-S08_VERSION_CONFLICT,YL-M-144,ADMIN,Sub2API与通道/用量同步,VERSION_CONFLICT,版本冲突,显示当前版本与服务器版本，禁止静默覆盖。,reload_compare_or_force_with_permission,P10-022,P10,P10-W04,YL-M-144-S08_VERSION_CONFLICT,ui/mockups/admin/YL-M-144/YL-M-144-S08_VERSION_CONFLICT.png,PAGE,,9c28096090973f01
YL-M-144-S09_ROLLBACK_CONFIRM,YL-M-144,ADMIN,Sub2API与通道/用量同步,ROLLBACK_CONFIRM,确认回滚,列出目标版本、影响和审计原因。,confirm_or_cancel,P10-022,P10,P10-W04,YL-M-144-S09_ROLLBACK_CONFIRM,ui/mockups/admin/YL-M-144/YL-M-144-S09_ROLLBACK_CONFIRM.png,PAGE,,9c28096090973f01
YL-M-144-S10_PERMISSION_DENIED,YL-M-144,ADMIN,Sub2API与通道/用量同步,PERMISSION_DENIED,权限不足,不泄露资源存在性，说明所需权限或返回。,back_or_request_access,P10-022,P10,P10-W04,YL-M-144-S10_PERMISSION_DENIED,ui/mockups/admin/YL-M-144/YL-M-144-S10_PERMISSION_DENIED.png,PAGE,,9c28096090973f01
YL-M-144-S11_SERVER_ERROR,YL-M-144,ADMIN,Sub2API与通道/用量同步,SERVER_ERROR,服务异常,服务端 5xx，显示请求 ID，不暴露堆栈。,retry_or_status,P10-022,P10,P10-W04,YL-M-144-S11_SERVER_ERROR,ui/mockups/admin/YL-M-144/YL-M-144-S11_SERVER_ERROR.png,PAGE,,9c28096090973f01
YL-M-145-S01_LOADING,YL-M-145,ADMIN,商业化/对账,LOADING,加载中,使用与最终布局一致的 Skeleton，禁止无限 Loading。,automatic_or_retry,P10-023,P10,P10-W04,YL-M-145-S01_LOADING,ui/mockups/admin/YL-M-145/YL-M-145-S01_LOADING.png,PAGE,,31bc0995a8d5b7b1
YL-M-145-S02_POPULATED,YL-M-145,ADMIN,商业化/对账,POPULATED,有数据,真实结构化数据已加载。,none,P10-023,P10,P10-W04,YL-M-145-S02_POPULATED,ui/mockups/admin/YL-M-145/YL-M-145-S02_POPULATED.png,PAGE,,31bc0995a8d5b7b1
YL-M-145-S03_EMPTY,YL-M-145,ADMIN,商业化/对账,EMPTY,空数据,显示原因、下一步和主操作；不得使用伪造内容填满。,primary_action_or_refresh,P10-023,P10,P10-W04,YL-M-145-S03_EMPTY,ui/mockups/admin/YL-M-145/YL-M-145-S03_EMPTY.png,PAGE,,31bc0995a8d5b7b1
YL-M-145-S04_FILTER_ACTIVE,YL-M-145,ADMIN,商业化/对账,FILTER_ACTIVE,筛选生效,清晰展示筛选条件和结果数量。,clear_filter,P10-023,P10,P10-W04,YL-M-145-S04_FILTER_ACTIVE,ui/mockups/admin/YL-M-145/YL-M-145-S04_FILTER_ACTIVE.png,PAGE,,31bc0995a8d5b7b1
YL-M-145-S05_BULK_SELECTED,YL-M-145,ADMIN,商业化/对账,BULK_SELECTED,批量选择,显示已选数量和允许的批量动作。,clear_selection,P10-023,P10,P10-W04,YL-M-145-S05_BULK_SELECTED,ui/mockups/admin/YL-M-145/YL-M-145-S05_BULK_SELECTED.png,PAGE,,31bc0995a8d5b7b1
YL-M-145-S06_PERMISSION_DENIED,YL-M-145,ADMIN,商业化/对账,PERMISSION_DENIED,权限不足,不泄露资源存在性，说明所需权限或返回。,back_or_request_access,P10-023,P10,P10-W04,YL-M-145-S06_PERMISSION_DENIED,ui/mockups/admin/YL-M-145/YL-M-145-S06_PERMISSION_DENIED.png,PAGE,,31bc0995a8d5b7b1
YL-M-145-S07_NETWORK_ERROR,YL-M-145,ADMIN,商业化/对账,NETWORK_ERROR,网络连接失败,网络不可达或 DNS/TLS 失败，提供重试。,retry,P10-023,P10,P10-W04,YL-M-145-S07_NETWORK_ERROR,ui/mockups/admin/YL-M-145/YL-M-145-S07_NETWORK_ERROR.png,PAGE,,31bc0995a8d5b7b1
YL-M-145-S08_SERVER_ERROR,YL-M-145,ADMIN,商业化/对账,SERVER_ERROR,服务异常,服务端 5xx，显示请求 ID，不暴露堆栈。,retry_or_status,P10-023,P10,P10-W04,YL-M-145-S08_SERVER_ERROR,ui/mockups/admin/YL-M-145/YL-M-145-S08_SERVER_ERROR.png,PAGE,,31bc0995a8d5b7b1
YL-M-146-S01_LOADING,YL-M-146,ADMIN,Sub2API与通道/同步任务,LOADING,加载中,使用与最终布局一致的 Skeleton，禁止无限 Loading。,automatic_or_retry,P10-024,P10,P10-W04,YL-M-146-S01_LOADING,ui/mockups/admin/YL-M-146/YL-M-146-S01_LOADING.png,PAGE,,e2136921638f9da4
YL-M-146-S02_POPULATED,YL-M-146,ADMIN,Sub2API与通道/同步任务,POPULATED,有数据,真实结构化数据已加载。,none,P10-024,P10,P10-W04,YL-M-146-S02_POPULATED,ui/mockups/admin/YL-M-146/YL-M-146-S02_POPULATED.png,PAGE,,e2136921638f9da4
YL-M-146-S03_EDIT_MODE,YL-M-146,ADMIN,Sub2API与通道/同步任务,EDIT_MODE,编辑状态,可编辑字段与只读字段明显区分。,save_or_cancel,P10-024,P10,P10-W04,YL-M-146-S03_EDIT_MODE,ui/mockups/admin/YL-M-146/YL-M-146-S03_EDIT_MODE.png,PAGE,,e2136921638f9da4
YL-M-146-S04_VALIDATION_ERROR,YL-M-146,ADMIN,Sub2API与通道/同步任务,VALIDATION_ERROR,表单校验失败,字段级错误紧邻字段，首个错误获得焦点。,correct_input,P10-024,P10,P10-W04,YL-M-146-S04_VALIDATION_ERROR,ui/mockups/admin/YL-M-146/YL-M-146-S04_VALIDATION_ERROR.png,PAGE,,e2136921638f9da4
YL-M-146-S05_DIRTY,YL-M-146,ADMIN,Sub2API与通道/同步任务,DIRTY,存在未保存修改,离开或关闭前必须确认。,save_or_discard,P10-024,P10,P10-W04,YL-M-146-S05_DIRTY,ui/mockups/admin/YL-M-146/YL-M-146-S05_DIRTY.png,PAGE,,e2136921638f9da4
YL-M-146-S06_SUBMITTING,YL-M-146,ADMIN,Sub2API与通道/同步任务,SUBMITTING,提交中,主按钮保留尺寸并显示进度，禁止重复提交。,wait_or_cancel_if_supported,P10-024,P10,P10-W04,YL-M-146-S06_SUBMITTING,ui/mockups/admin/YL-M-146/YL-M-146-S06_SUBMITTING.png,PAGE,,e2136921638f9da4
YL-M-146-S07_SAVE_SUCCESS,YL-M-146,ADMIN,Sub2API与通道/同步任务,SAVE_SUCCESS,保存成功,保存结果明确且数据回读一致。,continue,P10-024,P10,P10-W04,YL-M-146-S07_SAVE_SUCCESS,ui/mockups/admin/YL-M-146/YL-M-146-S07_SAVE_SUCCESS.png,PAGE,,e2136921638f9da4
YL-M-146-S08_VERSION_CONFLICT,YL-M-146,ADMIN,Sub2API与通道/同步任务,VERSION_CONFLICT,版本冲突,显示当前版本与服务器版本，禁止静默覆盖。,reload_compare_or_force_with_permission,P10-024,P10,P10-W04,YL-M-146-S08_VERSION_CONFLICT,ui/mockups/admin/YL-M-146/YL-M-146-S08_VERSION_CONFLICT.png,PAGE,,e2136921638f9da4
YL-M-146-S09_ROLLBACK_CONFIRM,YL-M-146,ADMIN,Sub2API与通道/同步任务,ROLLBACK_CONFIRM,确认回滚,列出目标版本、影响和审计原因。,confirm_or_cancel,P10-024,P10,P10-W04,YL-M-146-S09_ROLLBACK_CONFIRM,ui/mockups/admin/YL-M-146/YL-M-146-S09_ROLLBACK_CONFIRM.png,PAGE,,e2136921638f9da4
YL-M-146-S10_PERMISSION_DENIED,YL-M-146,ADMIN,Sub2API与通道/同步任务,PERMISSION_DENIED,权限不足,不泄露资源存在性，说明所需权限或返回。,back_or_request_access,P10-024,P10,P10-W04,YL-M-146-S10_PERMISSION_DENIED,ui/mockups/admin/YL-M-146/YL-M-146-S10_PERMISSION_DENIED.png,PAGE,,e2136921638f9da4
YL-M-146-S11_SERVER_ERROR,YL-M-146,ADMIN,Sub2API与通道/同步任务,SERVER_ERROR,服务异常,服务端 5xx，显示请求 ID，不暴露堆栈。,retry_or_status,P10-024,P10,P10-W04,YL-M-146-S11_SERVER_ERROR,ui/mockups/admin/YL-M-146/YL-M-146-S11_SERVER_ERROR.png,PAGE,,e2136921638f9da4
YL-M-147-S01_LOADING,YL-M-147,ADMIN,商业化/交易管理,LOADING,加载中,使用与最终布局一致的 Skeleton，禁止无限 Loading。,automatic_or_retry,P10-025,P10,P10-W05,YL-M-147-S01_LOADING,ui/mockups/admin/YL-M-147/YL-M-147-S01_LOADING.png,PAGE,,5bc8aca73a86bbfe
YL-M-147-S02_POPULATED,YL-M-147,ADMIN,商业化/交易管理,POPULATED,有数据,真实结构化数据已加载。,none,P10-025,P10,P10-W05,YL-M-147-S02_POPULATED,ui/mockups/admin/YL-M-147/YL-M-147-S02_POPULATED.png,PAGE,,5bc8aca73a86bbfe
YL-M-147-S03_EMPTY,YL-M-147,ADMIN,商业化/交易管理,EMPTY,空数据,显示原因、下一步和主操作；不得使用伪造内容填满。,primary_action_or_refresh,P10-025,P10,P10-W05,YL-M-147-S03_EMPTY,ui/mockups/admin/YL-M-147/YL-M-147-S03_EMPTY.png,PAGE,,5bc8aca73a86bbfe
YL-M-147-S04_FILTER_ACTIVE,YL-M-147,ADMIN,商业化/交易管理,FILTER_ACTIVE,筛选生效,清晰展示筛选条件和结果数量。,clear_filter,P10-025,P10,P10-W05,YL-M-147-S04_FILTER_ACTIVE,ui/mockups/admin/YL-M-147/YL-M-147-S04_FILTER_ACTIVE.png,PAGE,,5bc8aca73a86bbfe
YL-M-147-S05_BULK_SELECTED,YL-M-147,ADMIN,商业化/交易管理,BULK_SELECTED,批量选择,显示已选数量和允许的批量动作。,clear_selection,P10-025,P10,P10-W05,YL-M-147-S05_BULK_SELECTED,ui/mockups/admin/YL-M-147/YL-M-147-S05_BULK_SELECTED.png,PAGE,,5bc8aca73a86bbfe
YL-M-147-S06_PERMISSION_DENIED,YL-M-147,ADMIN,商业化/交易管理,PERMISSION_DENIED,权限不足,不泄露资源存在性，说明所需权限或返回。,back_or_request_access,P10-025,P10,P10-W05,YL-M-147-S06_PERMISSION_DENIED,ui/mockups/admin/YL-M-147/YL-M-147-S06_PERMISSION_DENIED.png,PAGE,,5bc8aca73a86bbfe
YL-M-147-S07_NETWORK_ERROR,YL-M-147,ADMIN,商业化/交易管理,NETWORK_ERROR,网络连接失败,网络不可达或 DNS/TLS 失败，提供重试。,retry,P10-025,P10,P10-W05,YL-M-147-S07_NETWORK_ERROR,ui/mockups/admin/YL-M-147/YL-M-147-S07_NETWORK_ERROR.png,PAGE,,5bc8aca73a86bbfe
YL-M-147-S08_SERVER_ERROR,YL-M-147,ADMIN,商业化/交易管理,SERVER_ERROR,服务异常,服务端 5xx，显示请求 ID，不暴露堆栈。,retry_or_status,P10-025,P10,P10-W05,YL-M-147-S08_SERVER_ERROR,ui/mockups/admin/YL-M-147/YL-M-147-S08_SERVER_ERROR.png,PAGE,,5bc8aca73a86bbfe
YL-M-148-S01_LOADING,YL-M-148,ADMIN,商业化/钱包与账本,LOADING,加载中,使用与最终布局一致的 Skeleton，禁止无限 Loading。,automatic_or_retry,P10-026,P10,P10-W05,YL-M-148-S01_LOADING,ui/mockups/admin/YL-M-148/YL-M-148-S01_LOADING.png,PAGE,,40b54572409da46e
YL-M-148-S02_POPULATED,YL-M-148,ADMIN,商业化/钱包与账本,POPULATED,有数据,真实结构化数据已加载。,none,P10-026,P10,P10-W05,YL-M-148-S02_POPULATED,ui/mockups/admin/YL-M-148/YL-M-148-S02_POPULATED.png,PAGE,,40b54572409da46e
YL-M-148-S03_EMPTY,YL-M-148,ADMIN,商业化/钱包与账本,EMPTY,空数据,显示原因、下一步和主操作；不得使用伪造内容填满。,primary_action_or_refresh,P10-026,P10,P10-W05,YL-M-148-S03_EMPTY,ui/mockups/admin/YL-M-148/YL-M-148-S03_EMPTY.png,PAGE,,40b54572409da46e
YL-M-148-S04_FILTER_ACTIVE,YL-M-148,ADMIN,商业化/钱包与账本,FILTER_ACTIVE,筛选生效,清晰展示筛选条件和结果数量。,clear_filter,P10-026,P10,P10-W05,YL-M-148-S04_FILTER_ACTIVE,ui/mockups/admin/YL-M-148/YL-M-148-S04_FILTER_ACTIVE.png,PAGE,,40b54572409da46e
YL-M-148-S05_BULK_SELECTED,YL-M-148,ADMIN,商业化/钱包与账本,BULK_SELECTED,批量选择,显示已选数量和允许的批量动作。,clear_selection,P10-026,P10,P10-W05,YL-M-148-S05_BULK_SELECTED,ui/mockups/admin/YL-M-148/YL-M-148-S05_BULK_SELECTED.png,PAGE,,40b54572409da46e
YL-M-148-S06_PERMISSION_DENIED,YL-M-148,ADMIN,商业化/钱包与账本,PERMISSION_DENIED,权限不足,不泄露资源存在性，说明所需权限或返回。,back_or_request_access,P10-026,P10,P10-W05,YL-M-148-S06_PERMISSION_DENIED,ui/mockups/admin/YL-M-148/YL-M-148-S06_PERMISSION_DENIED.png,PAGE,,40b54572409da46e
YL-M-148-S07_NETWORK_ERROR,YL-M-148,ADMIN,商业化/钱包与账本,NETWORK_ERROR,网络连接失败,网络不可达或 DNS/TLS 失败，提供重试。,retry,P10-026,P10,P10-W05,YL-M-148-S07_NETWORK_ERROR,ui/mockups/admin/YL-M-148/YL-M-148-S07_NETWORK_ERROR.png,PAGE,,40b54572409da46e
YL-M-148-S08_SERVER_ERROR,YL-M-148,ADMIN,商业化/钱包与账本,SERVER_ERROR,服务异常,服务端 5xx，显示请求 ID，不暴露堆栈。,retry_or_status,P10-026,P10,P10-W05,YL-M-148-S08_SERVER_ERROR,ui/mockups/admin/YL-M-148/YL-M-148-S08_SERVER_ERROR.png,PAGE,,40b54572409da46e
YL-M-149-S01_LOADING,YL-M-149,ADMIN,商业化/退款,LOADING,加载中,使用与最终布局一致的 Skeleton，禁止无限 Loading。,automatic_or_retry,P10-027,P10,P10-W05,YL-M-149-S01_LOADING,ui/mockups/admin/YL-M-149/YL-M-149-S01_LOADING.png,PAGE,,3855ddd8f532b36e
YL-M-149-S02_POPULATED,YL-M-149,ADMIN,商业化/退款,POPULATED,有数据,真实结构化数据已加载。,none,P10-027,P10,P10-W05,YL-M-149-S02_POPULATED,ui/mockups/admin/YL-M-149/YL-M-149-S02_POPULATED.png,PAGE,,3855ddd8f532b36e
YL-M-149-S03_EMPTY,YL-M-149,ADMIN,商业化/退款,EMPTY,空数据,显示原因、下一步和主操作；不得使用伪造内容填满。,primary_action_or_refresh,P10-027,P10,P10-W05,YL-M-149-S03_EMPTY,ui/mockups/admin/YL-M-149/YL-M-149-S03_EMPTY.png,PAGE,,3855ddd8f532b36e
YL-M-149-S04_FILTER_ACTIVE,YL-M-149,ADMIN,商业化/退款,FILTER_ACTIVE,筛选生效,清晰展示筛选条件和结果数量。,clear_filter,P10-027,P10,P10-W05,YL-M-149-S04_FILTER_ACTIVE,ui/mockups/admin/YL-M-149/YL-M-149-S04_FILTER_ACTIVE.png,PAGE,,3855ddd8f532b36e
YL-M-149-S05_BULK_SELECTED,YL-M-149,ADMIN,商业化/退款,BULK_SELECTED,批量选择,显示已选数量和允许的批量动作。,clear_selection,P10-027,P10,P10-W05,YL-M-149-S05_BULK_SELECTED,ui/mockups/admin/YL-M-149/YL-M-149-S05_BULK_SELECTED.png,PAGE,,3855ddd8f532b36e
YL-M-149-S06_PERMISSION_DENIED,YL-M-149,ADMIN,商业化/退款,PERMISSION_DENIED,权限不足,不泄露资源存在性，说明所需权限或返回。,back_or_request_access,P10-027,P10,P10-W05,YL-M-149-S06_PERMISSION_DENIED,ui/mockups/admin/YL-M-149/YL-M-149-S06_PERMISSION_DENIED.png,PAGE,,3855ddd8f532b36e
YL-M-149-S07_NETWORK_ERROR,YL-M-149,ADMIN,商业化/退款,NETWORK_ERROR,网络连接失败,网络不可达或 DNS/TLS 失败，提供重试。,retry,P10-027,P10,P10-W05,YL-M-149-S07_NETWORK_ERROR,ui/mockups/admin/YL-M-149/YL-M-149-S07_NETWORK_ERROR.png,PAGE,,3855ddd8f532b36e
YL-M-149-S08_SERVER_ERROR,YL-M-149,ADMIN,商业化/退款,SERVER_ERROR,服务异常,服务端 5xx，显示请求 ID，不暴露堆栈。,retry_or_status,P10-027,P10,P10-W05,YL-M-149-S08_SERVER_ERROR,ui/mockups/admin/YL-M-149/YL-M-149-S08_SERVER_ERROR.png,PAGE,,3855ddd8f532b36e
YL-M-150-S01_LOADING,YL-M-150,ADMIN,商业化/额度策略,LOADING,加载中,使用与最终布局一致的 Skeleton，禁止无限 Loading。,automatic_or_retry,P10-028,P10,P10-W05,YL-M-150-S01_LOADING,ui/mockups/admin/YL-M-150/YL-M-150-S01_LOADING.png,PAGE,,1e3779673ae06f4b
YL-M-150-S02_POPULATED,YL-M-150,ADMIN,商业化/额度策略,POPULATED,有数据,真实结构化数据已加载。,none,P10-028,P10,P10-W05,YL-M-150-S02_POPULATED,ui/mockups/admin/YL-M-150/YL-M-150-S02_POPULATED.png,PAGE,,1e3779673ae06f4b
YL-M-150-S03_EMPTY,YL-M-150,ADMIN,商业化/额度策略,EMPTY,空数据,显示原因、下一步和主操作；不得使用伪造内容填满。,primary_action_or_refresh,P10-028,P10,P10-W05,YL-M-150-S03_EMPTY,ui/mockups/admin/YL-M-150/YL-M-150-S03_EMPTY.png,PAGE,,1e3779673ae06f4b
YL-M-150-S04_FILTER_ACTIVE,YL-M-150,ADMIN,商业化/额度策略,FILTER_ACTIVE,筛选生效,清晰展示筛选条件和结果数量。,clear_filter,P10-028,P10,P10-W05,YL-M-150-S04_FILTER_ACTIVE,ui/mockups/admin/YL-M-150/YL-M-150-S04_FILTER_ACTIVE.png,PAGE,,1e3779673ae06f4b
YL-M-150-S05_BULK_SELECTED,YL-M-150,ADMIN,商业化/额度策略,BULK_SELECTED,批量选择,显示已选数量和允许的批量动作。,clear_selection,P10-028,P10,P10-W05,YL-M-150-S05_BULK_SELECTED,ui/mockups/admin/YL-M-150/YL-M-150-S05_BULK_SELECTED.png,PAGE,,1e3779673ae06f4b
YL-M-150-S06_PERMISSION_DENIED,YL-M-150,ADMIN,商业化/额度策略,PERMISSION_DENIED,权限不足,不泄露资源存在性，说明所需权限或返回。,back_or_request_access,P10-028,P10,P10-W05,YL-M-150-S06_PERMISSION_DENIED,ui/mockups/admin/YL-M-150/YL-M-150-S06_PERMISSION_DENIED.png,PAGE,,1e3779673ae06f4b
YL-M-150-S07_NETWORK_ERROR,YL-M-150,ADMIN,商业化/额度策略,NETWORK_ERROR,网络连接失败,网络不可达或 DNS/TLS 失败，提供重试。,retry,P10-028,P10,P10-W05,YL-M-150-S07_NETWORK_ERROR,ui/mockups/admin/YL-M-150/YL-M-150-S07_NETWORK_ERROR.png,PAGE,,1e3779673ae06f4b
YL-M-150-S08_SERVER_ERROR,YL-M-150,ADMIN,商业化/额度策略,SERVER_ERROR,服务异常,服务端 5xx，显示请求 ID，不暴露堆栈。,retry_or_status,P10-028,P10,P10-W05,YL-M-150-S08_SERVER_ERROR,ui/mockups/admin/YL-M-150/YL-M-150-S08_SERVER_ERROR.png,PAGE,,1e3779673ae06f4b
YL-M-151-S01_LOADING,YL-M-151,ADMIN,Sub2API与通道/通道配置,LOADING,加载中,使用与最终布局一致的 Skeleton，禁止无限 Loading。,automatic_or_retry,P10-030,P10,P10-W05,YL-M-151-S01_LOADING,ui/mockups/admin/YL-M-151/YL-M-151-S01_LOADING.png,PAGE,,32bd7a2f053641d7
YL-M-151-S02_POPULATED,YL-M-151,ADMIN,Sub2API与通道/通道配置,POPULATED,有数据,真实结构化数据已加载。,none,P10-030,P10,P10-W05,YL-M-151-S02_POPULATED,ui/mockups/admin/YL-M-151/YL-M-151-S02_POPULATED.png,PAGE,,32bd7a2f053641d7
YL-M-151-S03_EDIT_MODE,YL-M-151,ADMIN,Sub2API与通道/通道配置,EDIT_MODE,编辑状态,可编辑字段与只读字段明显区分。,save_or_cancel,P10-030,P10,P10-W05,YL-M-151-S03_EDIT_MODE,ui/mockups/admin/YL-M-151/YL-M-151-S03_EDIT_MODE.png,PAGE,,32bd7a2f053641d7
YL-M-151-S04_VALIDATION_ERROR,YL-M-151,ADMIN,Sub2API与通道/通道配置,VALIDATION_ERROR,表单校验失败,字段级错误紧邻字段，首个错误获得焦点。,correct_input,P10-030,P10,P10-W05,YL-M-151-S04_VALIDATION_ERROR,ui/mockups/admin/YL-M-151/YL-M-151-S04_VALIDATION_ERROR.png,PAGE,,32bd7a2f053641d7
YL-M-151-S05_DIRTY,YL-M-151,ADMIN,Sub2API与通道/通道配置,DIRTY,存在未保存修改,离开或关闭前必须确认。,save_or_discard,P10-030,P10,P10-W05,YL-M-151-S05_DIRTY,ui/mockups/admin/YL-M-151/YL-M-151-S05_DIRTY.png,PAGE,,32bd7a2f053641d7
YL-M-151-S06_SUBMITTING,YL-M-151,ADMIN,Sub2API与通道/通道配置,SUBMITTING,提交中,主按钮保留尺寸并显示进度，禁止重复提交。,wait_or_cancel_if_supported,P10-030,P10,P10-W05,YL-M-151-S06_SUBMITTING,ui/mockups/admin/YL-M-151/YL-M-151-S06_SUBMITTING.png,PAGE,,32bd7a2f053641d7
YL-M-151-S07_SAVE_SUCCESS,YL-M-151,ADMIN,Sub2API与通道/通道配置,SAVE_SUCCESS,保存成功,保存结果明确且数据回读一致。,continue,P10-030,P10,P10-W05,YL-M-151-S07_SAVE_SUCCESS,ui/mockups/admin/YL-M-151/YL-M-151-S07_SAVE_SUCCESS.png,PAGE,,32bd7a2f053641d7
YL-M-151-S08_VERSION_CONFLICT,YL-M-151,ADMIN,Sub2API与通道/通道配置,VERSION_CONFLICT,版本冲突,显示当前版本与服务器版本，禁止静默覆盖。,reload_compare_or_force_with_permission,P10-030,P10,P10-W05,YL-M-151-S08_VERSION_CONFLICT,ui/mockups/admin/YL-M-151/YL-M-151-S08_VERSION_CONFLICT.png,PAGE,,32bd7a2f053641d7
YL-M-151-S09_ROLLBACK_CONFIRM,YL-M-151,ADMIN,Sub2API与通道/通道配置,ROLLBACK_CONFIRM,确认回滚,列出目标版本、影响和审计原因。,confirm_or_cancel,P10-030,P10,P10-W05,YL-M-151-S09_ROLLBACK_CONFIRM,ui/mockups/admin/YL-M-151/YL-M-151-S09_ROLLBACK_CONFIRM.png,PAGE,,32bd7a2f053641d7
YL-M-151-S10_PERMISSION_DENIED,YL-M-151,ADMIN,Sub2API与通道/通道配置,PERMISSION_DENIED,权限不足,不泄露资源存在性，说明所需权限或返回。,back_or_request_access,P10-030,P10,P10-W05,YL-M-151-S10_PERMISSION_DENIED,ui/mockups/admin/YL-M-151/YL-M-151-S10_PERMISSION_DENIED.png,PAGE,,32bd7a2f053641d7
YL-M-151-S11_SERVER_ERROR,YL-M-151,ADMIN,Sub2API与通道/通道配置,SERVER_ERROR,服务异常,服务端 5xx，显示请求 ID，不暴露堆栈。,retry_or_status,P10-030,P10,P10-W05,YL-M-151-S11_SERVER_ERROR,ui/mockups/admin/YL-M-151/YL-M-151-S11_SERVER_ERROR.png,PAGE,,32bd7a2f053641d7
YL-M-152-S01_LOADING,YL-M-152,ADMIN,开发者平台/概览,LOADING,加载中,使用与最终布局一致的 Skeleton，禁止无限 Loading。,automatic_or_retry,P11-001,P11,P11-W01,YL-M-152-S01_LOADING,ui/mockups/admin/YL-M-152/YL-M-152-S01_LOADING.png,PAGE,,50f0437abf9178f2
YL-M-152-S02_POPULATED,YL-M-152,ADMIN,开发者平台/概览,POPULATED,有数据,真实结构化数据已加载。,none,P11-001,P11,P11-W01,YL-M-152-S02_POPULATED,ui/mockups/admin/YL-M-152/YL-M-152-S02_POPULATED.png,PAGE,,50f0437abf9178f2
YL-M-152-S03_EMPTY,YL-M-152,ADMIN,开发者平台/概览,EMPTY,空数据,显示原因、下一步和主操作；不得使用伪造内容填满。,primary_action_or_refresh,P11-001,P11,P11-W01,YL-M-152-S03_EMPTY,ui/mockups/admin/YL-M-152/YL-M-152-S03_EMPTY.png,PAGE,,50f0437abf9178f2
YL-M-152-S04_FILTER_ACTIVE,YL-M-152,ADMIN,开发者平台/概览,FILTER_ACTIVE,筛选生效,清晰展示筛选条件和结果数量。,clear_filter,P11-001,P11,P11-W01,YL-M-152-S04_FILTER_ACTIVE,ui/mockups/admin/YL-M-152/YL-M-152-S04_FILTER_ACTIVE.png,PAGE,,50f0437abf9178f2
YL-M-152-S05_BULK_SELECTED,YL-M-152,ADMIN,开发者平台/概览,BULK_SELECTED,批量选择,显示已选数量和允许的批量动作。,clear_selection,P11-001,P11,P11-W01,YL-M-152-S05_BULK_SELECTED,ui/mockups/admin/YL-M-152/YL-M-152-S05_BULK_SELECTED.png,PAGE,,50f0437abf9178f2
YL-M-152-S06_PERMISSION_DENIED,YL-M-152,ADMIN,开发者平台/概览,PERMISSION_DENIED,权限不足,不泄露资源存在性，说明所需权限或返回。,back_or_request_access,P11-001,P11,P11-W01,YL-M-152-S06_PERMISSION_DENIED,ui/mockups/admin/YL-M-152/YL-M-152-S06_PERMISSION_DENIED.png,PAGE,,50f0437abf9178f2
YL-M-152-S07_NETWORK_ERROR,YL-M-152,ADMIN,开发者平台/概览,NETWORK_ERROR,网络连接失败,网络不可达或 DNS/TLS 失败，提供重试。,retry,P11-001,P11,P11-W01,YL-M-152-S07_NETWORK_ERROR,ui/mockups/admin/YL-M-152/YL-M-152-S07_NETWORK_ERROR.png,PAGE,,50f0437abf9178f2
YL-M-152-S08_SERVER_ERROR,YL-M-152,ADMIN,开发者平台/概览,SERVER_ERROR,服务异常,服务端 5xx，显示请求 ID，不暴露堆栈。,retry_or_status,P11-001,P11,P11-W01,YL-M-152-S08_SERVER_ERROR,ui/mockups/admin/YL-M-152/YL-M-152-S08_SERVER_ERROR.png,PAGE,,50f0437abf9178f2
YL-M-153-S01_LOADING,YL-M-153,ADMIN,开发者平台/开发者用户,LOADING,加载中,使用与最终布局一致的 Skeleton，禁止无限 Loading。,automatic_or_retry,P11-002|P11-031,P11,P11-W01|P11-W05,YL-M-153-S01_LOADING,ui/mockups/admin/YL-M-153/YL-M-153-S01_LOADING.png,PAGE,,b4da3f651cc6ccde
YL-M-153-S02_POPULATED,YL-M-153,ADMIN,开发者平台/开发者用户,POPULATED,有数据,真实结构化数据已加载。,none,P11-002|P11-031,P11,P11-W01|P11-W05,YL-M-153-S02_POPULATED,ui/mockups/admin/YL-M-153/YL-M-153-S02_POPULATED.png,PAGE,,b4da3f651cc6ccde
YL-M-153-S03_EMPTY,YL-M-153,ADMIN,开发者平台/开发者用户,EMPTY,空数据,显示原因、下一步和主操作；不得使用伪造内容填满。,primary_action_or_refresh,P11-002|P11-031,P11,P11-W01|P11-W05,YL-M-153-S03_EMPTY,ui/mockups/admin/YL-M-153/YL-M-153-S03_EMPTY.png,PAGE,,b4da3f651cc6ccde
YL-M-153-S04_FILTER_ACTIVE,YL-M-153,ADMIN,开发者平台/开发者用户,FILTER_ACTIVE,筛选生效,清晰展示筛选条件和结果数量。,clear_filter,P11-002|P11-031,P11,P11-W01|P11-W05,YL-M-153-S04_FILTER_ACTIVE,ui/mockups/admin/YL-M-153/YL-M-153-S04_FILTER_ACTIVE.png,PAGE,,b4da3f651cc6ccde
YL-M-153-S05_BULK_SELECTED,YL-M-153,ADMIN,开发者平台/开发者用户,BULK_SELECTED,批量选择,显示已选数量和允许的批量动作。,clear_selection,P11-002|P11-031,P11,P11-W01|P11-W05,YL-M-153-S05_BULK_SELECTED,ui/mockups/admin/YL-M-153/YL-M-153-S05_BULK_SELECTED.png,PAGE,,b4da3f651cc6ccde
YL-M-153-S06_PERMISSION_DENIED,YL-M-153,ADMIN,开发者平台/开发者用户,PERMISSION_DENIED,权限不足,不泄露资源存在性，说明所需权限或返回。,back_or_request_access,P11-002|P11-031,P11,P11-W01|P11-W05,YL-M-153-S06_PERMISSION_DENIED,ui/mockups/admin/YL-M-153/YL-M-153-S06_PERMISSION_DENIED.png,PAGE,,b4da3f651cc6ccde
YL-M-153-S07_NETWORK_ERROR,YL-M-153,ADMIN,开发者平台/开发者用户,NETWORK_ERROR,网络连接失败,网络不可达或 DNS/TLS 失败，提供重试。,retry,P11-002|P11-031,P11,P11-W01|P11-W05,YL-M-153-S07_NETWORK_ERROR,ui/mockups/admin/YL-M-153/YL-M-153-S07_NETWORK_ERROR.png,PAGE,,b4da3f651cc6ccde
YL-M-153-S08_SERVER_ERROR,YL-M-153,ADMIN,开发者平台/开发者用户,SERVER_ERROR,服务异常,服务端 5xx，显示请求 ID，不暴露堆栈。,retry_or_status,P11-002|P11-031,P11,P11-W01|P11-W05,YL-M-153-S08_SERVER_ERROR,ui/mockups/admin/YL-M-153/YL-M-153-S08_SERVER_ERROR.png,PAGE,,b4da3f651cc6ccde
YL-M-154-S01_LOADING,YL-M-154,ADMIN,Sub2API与通道/OIDC,LOADING,加载中,使用与最终布局一致的 Skeleton，禁止无限 Loading。,automatic_or_retry,P11-003,P11,P11-W01,YL-M-154-S01_LOADING,ui/mockups/admin/YL-M-154/YL-M-154-S01_LOADING.png,PAGE,,f5ee0429f4692ae4
YL-M-154-S02_POPULATED,YL-M-154,ADMIN,Sub2API与通道/OIDC,POPULATED,有数据,真实结构化数据已加载。,none,P11-003,P11,P11-W01,YL-M-154-S02_POPULATED,ui/mockups/admin/YL-M-154/YL-M-154-S02_POPULATED.png,PAGE,,f5ee0429f4692ae4
YL-M-154-S03_EDIT_MODE,YL-M-154,ADMIN,Sub2API与通道/OIDC,EDIT_MODE,编辑状态,可编辑字段与只读字段明显区分。,save_or_cancel,P11-003,P11,P11-W01,YL-M-154-S03_EDIT_MODE,ui/mockups/admin/YL-M-154/YL-M-154-S03_EDIT_MODE.png,PAGE,,f5ee0429f4692ae4
YL-M-154-S04_VALIDATION_ERROR,YL-M-154,ADMIN,Sub2API与通道/OIDC,VALIDATION_ERROR,表单校验失败,字段级错误紧邻字段，首个错误获得焦点。,correct_input,P11-003,P11,P11-W01,YL-M-154-S04_VALIDATION_ERROR,ui/mockups/admin/YL-M-154/YL-M-154-S04_VALIDATION_ERROR.png,PAGE,,f5ee0429f4692ae4
YL-M-154-S05_DIRTY,YL-M-154,ADMIN,Sub2API与通道/OIDC,DIRTY,存在未保存修改,离开或关闭前必须确认。,save_or_discard,P11-003,P11,P11-W01,YL-M-154-S05_DIRTY,ui/mockups/admin/YL-M-154/YL-M-154-S05_DIRTY.png,PAGE,,f5ee0429f4692ae4
YL-M-154-S06_SUBMITTING,YL-M-154,ADMIN,Sub2API与通道/OIDC,SUBMITTING,提交中,主按钮保留尺寸并显示进度，禁止重复提交。,wait_or_cancel_if_supported,P11-003,P11,P11-W01,YL-M-154-S06_SUBMITTING,ui/mockups/admin/YL-M-154/YL-M-154-S06_SUBMITTING.png,PAGE,,f5ee0429f4692ae4
YL-M-154-S07_SAVE_SUCCESS,YL-M-154,ADMIN,Sub2API与通道/OIDC,SAVE_SUCCESS,保存成功,保存结果明确且数据回读一致。,continue,P11-003,P11,P11-W01,YL-M-154-S07_SAVE_SUCCESS,ui/mockups/admin/YL-M-154/YL-M-154-S07_SAVE_SUCCESS.png,PAGE,,f5ee0429f4692ae4
YL-M-154-S08_VERSION_CONFLICT,YL-M-154,ADMIN,Sub2API与通道/OIDC,VERSION_CONFLICT,版本冲突,显示当前版本与服务器版本，禁止静默覆盖。,reload_compare_or_force_with_permission,P11-003,P11,P11-W01,YL-M-154-S08_VERSION_CONFLICT,ui/mockups/admin/YL-M-154/YL-M-154-S08_VERSION_CONFLICT.png,PAGE,,f5ee0429f4692ae4
YL-M-154-S09_ROLLBACK_CONFIRM,YL-M-154,ADMIN,Sub2API与通道/OIDC,ROLLBACK_CONFIRM,确认回滚,列出目标版本、影响和审计原因。,confirm_or_cancel,P11-003,P11,P11-W01,YL-M-154-S09_ROLLBACK_CONFIRM,ui/mockups/admin/YL-M-154/YL-M-154-S09_ROLLBACK_CONFIRM.png,PAGE,,f5ee0429f4692ae4
YL-M-154-S10_PERMISSION_DENIED,YL-M-154,ADMIN,Sub2API与通道/OIDC,PERMISSION_DENIED,权限不足,不泄露资源存在性，说明所需权限或返回。,back_or_request_access,P11-003,P11,P11-W01,YL-M-154-S10_PERMISSION_DENIED,ui/mockups/admin/YL-M-154/YL-M-154-S10_PERMISSION_DENIED.png,PAGE,,f5ee0429f4692ae4
YL-M-154-S11_SERVER_ERROR,YL-M-154,ADMIN,Sub2API与通道/OIDC,SERVER_ERROR,服务异常,服务端 5xx，显示请求 ID，不暴露堆栈。,retry_or_status,P11-003,P11,P11-W01,YL-M-154-S11_SERVER_ERROR,ui/mockups/admin/YL-M-154/YL-M-154-S11_SERVER_ERROR.png,PAGE,,f5ee0429f4692ae4
YL-M-155-S01_LOADING,YL-M-155,ADMIN,开发者平台/API Key,LOADING,加载中,使用与最终布局一致的 Skeleton，禁止无限 Loading。,automatic_or_retry,P11-004|P11-005|P11-006|P11-007,P11,P11-W01,YL-M-155-S01_LOADING,ui/mockups/admin/YL-M-155/YL-M-155-S01_LOADING.png,PAGE,,d44532fecac51a7f
YL-M-155-S02_POPULATED,YL-M-155,ADMIN,开发者平台/API Key,POPULATED,有数据,真实结构化数据已加载。,none,P11-004|P11-005|P11-006|P11-007,P11,P11-W01,YL-M-155-S02_POPULATED,ui/mockups/admin/YL-M-155/YL-M-155-S02_POPULATED.png,PAGE,,d44532fecac51a7f
YL-M-155-S03_EMPTY,YL-M-155,ADMIN,开发者平台/API Key,EMPTY,空数据,显示原因、下一步和主操作；不得使用伪造内容填满。,primary_action_or_refresh,P11-004|P11-005|P11-006|P11-007,P11,P11-W01,YL-M-155-S03_EMPTY,ui/mockups/admin/YL-M-155/YL-M-155-S03_EMPTY.png,PAGE,,d44532fecac51a7f
YL-M-155-S04_FILTER_ACTIVE,YL-M-155,ADMIN,开发者平台/API Key,FILTER_ACTIVE,筛选生效,清晰展示筛选条件和结果数量。,clear_filter,P11-004|P11-005|P11-006|P11-007,P11,P11-W01,YL-M-155-S04_FILTER_ACTIVE,ui/mockups/admin/YL-M-155/YL-M-155-S04_FILTER_ACTIVE.png,PAGE,,d44532fecac51a7f
YL-M-155-S05_BULK_SELECTED,YL-M-155,ADMIN,开发者平台/API Key,BULK_SELECTED,批量选择,显示已选数量和允许的批量动作。,clear_selection,P11-004|P11-005|P11-006|P11-007,P11,P11-W01,YL-M-155-S05_BULK_SELECTED,ui/mockups/admin/YL-M-155/YL-M-155-S05_BULK_SELECTED.png,PAGE,,d44532fecac51a7f
YL-M-155-S06_PERMISSION_DENIED,YL-M-155,ADMIN,开发者平台/API Key,PERMISSION_DENIED,权限不足,不泄露资源存在性，说明所需权限或返回。,back_or_request_access,P11-004|P11-005|P11-006|P11-007,P11,P11-W01,YL-M-155-S06_PERMISSION_DENIED,ui/mockups/admin/YL-M-155/YL-M-155-S06_PERMISSION_DENIED.png,PAGE,,d44532fecac51a7f
YL-M-155-S07_NETWORK_ERROR,YL-M-155,ADMIN,开发者平台/API Key,NETWORK_ERROR,网络连接失败,网络不可达或 DNS/TLS 失败，提供重试。,retry,P11-004|P11-005|P11-006|P11-007,P11,P11-W01,YL-M-155-S07_NETWORK_ERROR,ui/mockups/admin/YL-M-155/YL-M-155-S07_NETWORK_ERROR.png,PAGE,,d44532fecac51a7f
YL-M-155-S08_SERVER_ERROR,YL-M-155,ADMIN,开发者平台/API Key,SERVER_ERROR,服务异常,服务端 5xx，显示请求 ID，不暴露堆栈。,retry_or_status,P11-004|P11-005|P11-006|P11-007,P11,P11-W01,YL-M-155-S08_SERVER_ERROR,ui/mockups/admin/YL-M-155/YL-M-155-S08_SERVER_ERROR.png,PAGE,,d44532fecac51a7f
YL-M-156-S01_LOADING,YL-M-156,ADMIN,开发者平台/预算,LOADING,加载中,使用与最终布局一致的 Skeleton，禁止无限 Loading。,automatic_or_retry,P11-008|P11-009,P11,P11-W02,YL-M-156-S01_LOADING,ui/mockups/admin/YL-M-156/YL-M-156-S01_LOADING.png,PAGE,,92eb7f502990a84f
YL-M-156-S02_POPULATED,YL-M-156,ADMIN,开发者平台/预算,POPULATED,有数据,真实结构化数据已加载。,none,P11-008|P11-009,P11,P11-W02,YL-M-156-S02_POPULATED,ui/mockups/admin/YL-M-156/YL-M-156-S02_POPULATED.png,PAGE,,92eb7f502990a84f
YL-M-156-S03_EMPTY,YL-M-156,ADMIN,开发者平台/预算,EMPTY,空数据,显示原因、下一步和主操作；不得使用伪造内容填满。,primary_action_or_refresh,P11-008|P11-009,P11,P11-W02,YL-M-156-S03_EMPTY,ui/mockups/admin/YL-M-156/YL-M-156-S03_EMPTY.png,PAGE,,92eb7f502990a84f
YL-M-156-S04_FILTER_ACTIVE,YL-M-156,ADMIN,开发者平台/预算,FILTER_ACTIVE,筛选生效,清晰展示筛选条件和结果数量。,clear_filter,P11-008|P11-009,P11,P11-W02,YL-M-156-S04_FILTER_ACTIVE,ui/mockups/admin/YL-M-156/YL-M-156-S04_FILTER_ACTIVE.png,PAGE,,92eb7f502990a84f
YL-M-156-S05_BULK_SELECTED,YL-M-156,ADMIN,开发者平台/预算,BULK_SELECTED,批量选择,显示已选数量和允许的批量动作。,clear_selection,P11-008|P11-009,P11,P11-W02,YL-M-156-S05_BULK_SELECTED,ui/mockups/admin/YL-M-156/YL-M-156-S05_BULK_SELECTED.png,PAGE,,92eb7f502990a84f
YL-M-156-S06_PERMISSION_DENIED,YL-M-156,ADMIN,开发者平台/预算,PERMISSION_DENIED,权限不足,不泄露资源存在性，说明所需权限或返回。,back_or_request_access,P11-008|P11-009,P11,P11-W02,YL-M-156-S06_PERMISSION_DENIED,ui/mockups/admin/YL-M-156/YL-M-156-S06_PERMISSION_DENIED.png,PAGE,,92eb7f502990a84f
YL-M-156-S07_NETWORK_ERROR,YL-M-156,ADMIN,开发者平台/预算,NETWORK_ERROR,网络连接失败,网络不可达或 DNS/TLS 失败，提供重试。,retry,P11-008|P11-009,P11,P11-W02,YL-M-156-S07_NETWORK_ERROR,ui/mockups/admin/YL-M-156/YL-M-156-S07_NETWORK_ERROR.png,PAGE,,92eb7f502990a84f
YL-M-156-S08_SERVER_ERROR,YL-M-156,ADMIN,开发者平台/预算,SERVER_ERROR,服务异常,服务端 5xx，显示请求 ID，不暴露堆栈。,retry_or_status,P11-008|P11-009,P11,P11-W02,YL-M-156-S08_SERVER_ERROR,ui/mockups/admin/YL-M-156/YL-M-156-S08_SERVER_ERROR.png,PAGE,,92eb7f502990a84f
YL-M-157-S01_LOADING,YL-M-157,ADMIN,开发者平台/API Key策略,LOADING,加载中,使用与最终布局一致的 Skeleton，禁止无限 Loading。,automatic_or_retry,P11-010|P11-030,P11,P11-W02|P11-W05,YL-M-157-S01_LOADING,ui/mockups/admin/YL-M-157/YL-M-157-S01_LOADING.png,PAGE,,9dc4b2873ebe3574
YL-M-157-S02_POPULATED,YL-M-157,ADMIN,开发者平台/API Key策略,POPULATED,有数据,真实结构化数据已加载。,none,P11-010|P11-030,P11,P11-W02|P11-W05,YL-M-157-S02_POPULATED,ui/mockups/admin/YL-M-157/YL-M-157-S02_POPULATED.png,PAGE,,9dc4b2873ebe3574
YL-M-157-S03_EDIT_MODE,YL-M-157,ADMIN,开发者平台/API Key策略,EDIT_MODE,编辑状态,可编辑字段与只读字段明显区分。,save_or_cancel,P11-010|P11-030,P11,P11-W02|P11-W05,YL-M-157-S03_EDIT_MODE,ui/mockups/admin/YL-M-157/YL-M-157-S03_EDIT_MODE.png,PAGE,,9dc4b2873ebe3574
YL-M-157-S04_VALIDATION_ERROR,YL-M-157,ADMIN,开发者平台/API Key策略,VALIDATION_ERROR,表单校验失败,字段级错误紧邻字段，首个错误获得焦点。,correct_input,P11-010|P11-030,P11,P11-W02|P11-W05,YL-M-157-S04_VALIDATION_ERROR,ui/mockups/admin/YL-M-157/YL-M-157-S04_VALIDATION_ERROR.png,PAGE,,9dc4b2873ebe3574
YL-M-157-S05_DIRTY,YL-M-157,ADMIN,开发者平台/API Key策略,DIRTY,存在未保存修改,离开或关闭前必须确认。,save_or_discard,P11-010|P11-030,P11,P11-W02|P11-W05,YL-M-157-S05_DIRTY,ui/mockups/admin/YL-M-157/YL-M-157-S05_DIRTY.png,PAGE,,9dc4b2873ebe3574
YL-M-157-S06_SUBMITTING,YL-M-157,ADMIN,开发者平台/API Key策略,SUBMITTING,提交中,主按钮保留尺寸并显示进度，禁止重复提交。,wait_or_cancel_if_supported,P11-010|P11-030,P11,P11-W02|P11-W05,YL-M-157-S06_SUBMITTING,ui/mockups/admin/YL-M-157/YL-M-157-S06_SUBMITTING.png,PAGE,,9dc4b2873ebe3574
YL-M-157-S07_SAVE_SUCCESS,YL-M-157,ADMIN,开发者平台/API Key策略,SAVE_SUCCESS,保存成功,保存结果明确且数据回读一致。,continue,P11-010|P11-030,P11,P11-W02|P11-W05,YL-M-157-S07_SAVE_SUCCESS,ui/mockups/admin/YL-M-157/YL-M-157-S07_SAVE_SUCCESS.png,PAGE,,9dc4b2873ebe3574
YL-M-157-S08_VERSION_CONFLICT,YL-M-157,ADMIN,开发者平台/API Key策略,VERSION_CONFLICT,版本冲突,显示当前版本与服务器版本，禁止静默覆盖。,reload_compare_or_force_with_permission,P11-010|P11-030,P11,P11-W02|P11-W05,YL-M-157-S08_VERSION_CONFLICT,ui/mockups/admin/YL-M-157/YL-M-157-S08_VERSION_CONFLICT.png,PAGE,,9dc4b2873ebe3574
YL-M-157-S09_ROLLBACK_CONFIRM,YL-M-157,ADMIN,开发者平台/API Key策略,ROLLBACK_CONFIRM,确认回滚,列出目标版本、影响和审计原因。,confirm_or_cancel,P11-010|P11-030,P11,P11-W02|P11-W05,YL-M-157-S09_ROLLBACK_CONFIRM,ui/mockups/admin/YL-M-157/YL-M-157-S09_ROLLBACK_CONFIRM.png,PAGE,,9dc4b2873ebe3574
YL-M-157-S10_PERMISSION_DENIED,YL-M-157,ADMIN,开发者平台/API Key策略,PERMISSION_DENIED,权限不足,不泄露资源存在性，说明所需权限或返回。,back_or_request_access,P11-010|P11-030,P11,P11-W02|P11-W05,YL-M-157-S10_PERMISSION_DENIED,ui/mockups/admin/YL-M-157/YL-M-157-S10_PERMISSION_DENIED.png,PAGE,,9dc4b2873ebe3574
YL-M-157-S11_SERVER_ERROR,YL-M-157,ADMIN,开发者平台/API Key策略,SERVER_ERROR,服务异常,服务端 5xx，显示请求 ID，不暴露堆栈。,retry_or_status,P11-010|P11-030,P11,P11-W02|P11-W05,YL-M-157-S11_SERVER_ERROR,ui/mockups/admin/YL-M-157/YL-M-157-S11_SERVER_ERROR.png,PAGE,,9dc4b2873ebe3574
YL-M-158-S01_LOADING,YL-M-158,ADMIN,开发者平台/安全事件,LOADING,加载中,使用与最终布局一致的 Skeleton，禁止无限 Loading。,automatic_or_retry,P11-011,P11,P11-W02,YL-M-158-S01_LOADING,ui/mockups/admin/YL-M-158/YL-M-158-S01_LOADING.png,PAGE,,21dfa1b7d1aad3fa
YL-M-158-S02_POPULATED,YL-M-158,ADMIN,开发者平台/安全事件,POPULATED,有数据,真实结构化数据已加载。,none,P11-011,P11,P11-W02,YL-M-158-S02_POPULATED,ui/mockups/admin/YL-M-158/YL-M-158-S02_POPULATED.png,PAGE,,21dfa1b7d1aad3fa
YL-M-158-S03_EMPTY,YL-M-158,ADMIN,开发者平台/安全事件,EMPTY,空数据,显示原因、下一步和主操作；不得使用伪造内容填满。,primary_action_or_refresh,P11-011,P11,P11-W02,YL-M-158-S03_EMPTY,ui/mockups/admin/YL-M-158/YL-M-158-S03_EMPTY.png,PAGE,,21dfa1b7d1aad3fa
YL-M-158-S04_FILTER_ACTIVE,YL-M-158,ADMIN,开发者平台/安全事件,FILTER_ACTIVE,筛选生效,清晰展示筛选条件和结果数量。,clear_filter,P11-011,P11,P11-W02,YL-M-158-S04_FILTER_ACTIVE,ui/mockups/admin/YL-M-158/YL-M-158-S04_FILTER_ACTIVE.png,PAGE,,21dfa1b7d1aad3fa
YL-M-158-S05_BULK_SELECTED,YL-M-158,ADMIN,开发者平台/安全事件,BULK_SELECTED,批量选择,显示已选数量和允许的批量动作。,clear_selection,P11-011,P11,P11-W02,YL-M-158-S05_BULK_SELECTED,ui/mockups/admin/YL-M-158/YL-M-158-S05_BULK_SELECTED.png,PAGE,,21dfa1b7d1aad3fa
YL-M-158-S06_PERMISSION_DENIED,YL-M-158,ADMIN,开发者平台/安全事件,PERMISSION_DENIED,权限不足,不泄露资源存在性，说明所需权限或返回。,back_or_request_access,P11-011,P11,P11-W02,YL-M-158-S06_PERMISSION_DENIED,ui/mockups/admin/YL-M-158/YL-M-158-S06_PERMISSION_DENIED.png,PAGE,,21dfa1b7d1aad3fa
YL-M-158-S07_NETWORK_ERROR,YL-M-158,ADMIN,开发者平台/安全事件,NETWORK_ERROR,网络连接失败,网络不可达或 DNS/TLS 失败，提供重试。,retry,P11-011,P11,P11-W02,YL-M-158-S07_NETWORK_ERROR,ui/mockups/admin/YL-M-158/YL-M-158-S07_NETWORK_ERROR.png,PAGE,,21dfa1b7d1aad3fa
YL-M-158-S08_SERVER_ERROR,YL-M-158,ADMIN,开发者平台/安全事件,SERVER_ERROR,服务异常,服务端 5xx，显示请求 ID，不暴露堆栈。,retry_or_status,P11-011,P11,P11-W02,YL-M-158-S08_SERVER_ERROR,ui/mockups/admin/YL-M-158/YL-M-158-S08_SERVER_ERROR.png,PAGE,,21dfa1b7d1aad3fa
YL-M-159-S01_LOADING,YL-M-159,ADMIN,开发者平台/限流策略,LOADING,加载中,使用与最终布局一致的 Skeleton，禁止无限 Loading。,automatic_or_retry,P11-012,P11,P11-W02,YL-M-159-S01_LOADING,ui/mockups/admin/YL-M-159/YL-M-159-S01_LOADING.png,PAGE,,100bd75a7b00eef8
YL-M-159-S02_POPULATED,YL-M-159,ADMIN,开发者平台/限流策略,POPULATED,有数据,真实结构化数据已加载。,none,P11-012,P11,P11-W02,YL-M-159-S02_POPULATED,ui/mockups/admin/YL-M-159/YL-M-159-S02_POPULATED.png,PAGE,,100bd75a7b00eef8
YL-M-159-S03_EDIT_MODE,YL-M-159,ADMIN,开发者平台/限流策略,EDIT_MODE,编辑状态,可编辑字段与只读字段明显区分。,save_or_cancel,P11-012,P11,P11-W02,YL-M-159-S03_EDIT_MODE,ui/mockups/admin/YL-M-159/YL-M-159-S03_EDIT_MODE.png,PAGE,,100bd75a7b00eef8
YL-M-159-S04_VALIDATION_ERROR,YL-M-159,ADMIN,开发者平台/限流策略,VALIDATION_ERROR,表单校验失败,字段级错误紧邻字段，首个错误获得焦点。,correct_input,P11-012,P11,P11-W02,YL-M-159-S04_VALIDATION_ERROR,ui/mockups/admin/YL-M-159/YL-M-159-S04_VALIDATION_ERROR.png,PAGE,,100bd75a7b00eef8
YL-M-159-S05_DIRTY,YL-M-159,ADMIN,开发者平台/限流策略,DIRTY,存在未保存修改,离开或关闭前必须确认。,save_or_discard,P11-012,P11,P11-W02,YL-M-159-S05_DIRTY,ui/mockups/admin/YL-M-159/YL-M-159-S05_DIRTY.png,PAGE,,100bd75a7b00eef8
YL-M-159-S06_SUBMITTING,YL-M-159,ADMIN,开发者平台/限流策略,SUBMITTING,提交中,主按钮保留尺寸并显示进度，禁止重复提交。,wait_or_cancel_if_supported,P11-012,P11,P11-W02,YL-M-159-S06_SUBMITTING,ui/mockups/admin/YL-M-159/YL-M-159-S06_SUBMITTING.png,PAGE,,100bd75a7b00eef8
YL-M-159-S07_SAVE_SUCCESS,YL-M-159,ADMIN,开发者平台/限流策略,SAVE_SUCCESS,保存成功,保存结果明确且数据回读一致。,continue,P11-012,P11,P11-W02,YL-M-159-S07_SAVE_SUCCESS,ui/mockups/admin/YL-M-159/YL-M-159-S07_SAVE_SUCCESS.png,PAGE,,100bd75a7b00eef8
YL-M-159-S08_VERSION_CONFLICT,YL-M-159,ADMIN,开发者平台/限流策略,VERSION_CONFLICT,版本冲突,显示当前版本与服务器版本，禁止静默覆盖。,reload_compare_or_force_with_permission,P11-012,P11,P11-W02,YL-M-159-S08_VERSION_CONFLICT,ui/mockups/admin/YL-M-159/YL-M-159-S08_VERSION_CONFLICT.png,PAGE,,100bd75a7b00eef8
YL-M-159-S09_ROLLBACK_CONFIRM,YL-M-159,ADMIN,开发者平台/限流策略,ROLLBACK_CONFIRM,确认回滚,列出目标版本、影响和审计原因。,confirm_or_cancel,P11-012,P11,P11-W02,YL-M-159-S09_ROLLBACK_CONFIRM,ui/mockups/admin/YL-M-159/YL-M-159-S09_ROLLBACK_CONFIRM.png,PAGE,,100bd75a7b00eef8
YL-M-159-S10_PERMISSION_DENIED,YL-M-159,ADMIN,开发者平台/限流策略,PERMISSION_DENIED,权限不足,不泄露资源存在性，说明所需权限或返回。,back_or_request_access,P11-012,P11,P11-W02,YL-M-159-S10_PERMISSION_DENIED,ui/mockups/admin/YL-M-159/YL-M-159-S10_PERMISSION_DENIED.png,PAGE,,100bd75a7b00eef8
YL-M-159-S11_SERVER_ERROR,YL-M-159,ADMIN,开发者平台/限流策略,SERVER_ERROR,服务异常,服务端 5xx，显示请求 ID，不暴露堆栈。,retry_or_status,P11-012,P11,P11-W02,YL-M-159-S11_SERVER_ERROR,ui/mockups/admin/YL-M-159/YL-M-159-S11_SERVER_ERROR.png,PAGE,,100bd75a7b00eef8
YL-M-160-S01_LOADING,YL-M-160,ADMIN,开发者平台/API版本,LOADING,加载中,使用与最终布局一致的 Skeleton，禁止无限 Loading。,automatic_or_retry,P11-013|P11-018|P11-019|P11-032,P11,P11-W02|P11-W03|P11-W05,YL-M-160-S01_LOADING,ui/mockups/admin/YL-M-160/YL-M-160-S01_LOADING.png,PAGE,,b0e96241d7b73102
YL-M-160-S02_POPULATED,YL-M-160,ADMIN,开发者平台/API版本,POPULATED,有数据,真实结构化数据已加载。,none,P11-013|P11-018|P11-019|P11-032,P11,P11-W02|P11-W03|P11-W05,YL-M-160-S02_POPULATED,ui/mockups/admin/YL-M-160/YL-M-160-S02_POPULATED.png,PAGE,,b0e96241d7b73102
YL-M-160-S03_EDIT_MODE,YL-M-160,ADMIN,开发者平台/API版本,EDIT_MODE,编辑状态,可编辑字段与只读字段明显区分。,save_or_cancel,P11-013|P11-018|P11-019|P11-032,P11,P11-W02|P11-W03|P11-W05,YL-M-160-S03_EDIT_MODE,ui/mockups/admin/YL-M-160/YL-M-160-S03_EDIT_MODE.png,PAGE,,b0e96241d7b73102
YL-M-160-S04_VALIDATION_ERROR,YL-M-160,ADMIN,开发者平台/API版本,VALIDATION_ERROR,表单校验失败,字段级错误紧邻字段，首个错误获得焦点。,correct_input,P11-013|P11-018|P11-019|P11-032,P11,P11-W02|P11-W03|P11-W05,YL-M-160-S04_VALIDATION_ERROR,ui/mockups/admin/YL-M-160/YL-M-160-S04_VALIDATION_ERROR.png,PAGE,,b0e96241d7b73102
YL-M-160-S05_DIRTY,YL-M-160,ADMIN,开发者平台/API版本,DIRTY,存在未保存修改,离开或关闭前必须确认。,save_or_discard,P11-013|P11-018|P11-019|P11-032,P11,P11-W02|P11-W03|P11-W05,YL-M-160-S05_DIRTY,ui/mockups/admin/YL-M-160/YL-M-160-S05_DIRTY.png,PAGE,,b0e96241d7b73102
YL-M-160-S06_SUBMITTING,YL-M-160,ADMIN,开发者平台/API版本,SUBMITTING,提交中,主按钮保留尺寸并显示进度，禁止重复提交。,wait_or_cancel_if_supported,P11-013|P11-018|P11-019|P11-032,P11,P11-W02|P11-W03|P11-W05,YL-M-160-S06_SUBMITTING,ui/mockups/admin/YL-M-160/YL-M-160-S06_SUBMITTING.png,PAGE,,b0e96241d7b73102
YL-M-160-S07_SAVE_SUCCESS,YL-M-160,ADMIN,开发者平台/API版本,SAVE_SUCCESS,保存成功,保存结果明确且数据回读一致。,continue,P11-013|P11-018|P11-019|P11-032,P11,P11-W02|P11-W03|P11-W05,YL-M-160-S07_SAVE_SUCCESS,ui/mockups/admin/YL-M-160/YL-M-160-S07_SAVE_SUCCESS.png,PAGE,,b0e96241d7b73102
YL-M-160-S08_VERSION_CONFLICT,YL-M-160,ADMIN,开发者平台/API版本,VERSION_CONFLICT,版本冲突,显示当前版本与服务器版本，禁止静默覆盖。,reload_compare_or_force_with_permission,P11-013|P11-018|P11-019|P11-032,P11,P11-W02|P11-W03|P11-W05,YL-M-160-S08_VERSION_CONFLICT,ui/mockups/admin/YL-M-160/YL-M-160-S08_VERSION_CONFLICT.png,PAGE,,b0e96241d7b73102
YL-M-160-S09_ROLLBACK_CONFIRM,YL-M-160,ADMIN,开发者平台/API版本,ROLLBACK_CONFIRM,确认回滚,列出目标版本、影响和审计原因。,confirm_or_cancel,P11-013|P11-018|P11-019|P11-032,P11,P11-W02|P11-W03|P11-W05,YL-M-160-S09_ROLLBACK_CONFIRM,ui/mockups/admin/YL-M-160/YL-M-160-S09_ROLLBACK_CONFIRM.png,PAGE,,b0e96241d7b73102
YL-M-160-S10_PERMISSION_DENIED,YL-M-160,ADMIN,开发者平台/API版本,PERMISSION_DENIED,权限不足,不泄露资源存在性，说明所需权限或返回。,back_or_request_access,P11-013|P11-018|P11-019|P11-032,P11,P11-W02|P11-W03|P11-W05,YL-M-160-S10_PERMISSION_DENIED,ui/mockups/admin/YL-M-160/YL-M-160-S10_PERMISSION_DENIED.png,PAGE,,b0e96241d7b73102
YL-M-160-S11_SERVER_ERROR,YL-M-160,ADMIN,开发者平台/API版本,SERVER_ERROR,服务异常,服务端 5xx，显示请求 ID，不暴露堆栈。,retry_or_status,P11-013|P11-018|P11-019|P11-032,P11,P11-W02|P11-W03|P11-W05,YL-M-160-S11_SERVER_ERROR,ui/mockups/admin/YL-M-160/YL-M-160-S11_SERVER_ERROR.png,PAGE,,b0e96241d7b73102
YL-M-161-S01_LOADING,YL-M-161,ADMIN,开发者平台/API日志,LOADING,加载中,使用与最终布局一致的 Skeleton，禁止无限 Loading。,automatic_or_retry,P11-014|P11-015|P11-016|P11-017|P11-023,P11,P11-W02|P11-W03|P11-W04,YL-M-161-S01_LOADING,ui/mockups/admin/YL-M-161/YL-M-161-S01_LOADING.png,PAGE,,907d78d2481b2485
YL-M-161-S02_POPULATED,YL-M-161,ADMIN,开发者平台/API日志,POPULATED,有数据,真实结构化数据已加载。,none,P11-014|P11-015|P11-016|P11-017|P11-023,P11,P11-W02|P11-W03|P11-W04,YL-M-161-S02_POPULATED,ui/mockups/admin/YL-M-161/YL-M-161-S02_POPULATED.png,PAGE,,907d78d2481b2485
YL-M-161-S03_EMPTY,YL-M-161,ADMIN,开发者平台/API日志,EMPTY,空数据,显示原因、下一步和主操作；不得使用伪造内容填满。,primary_action_or_refresh,P11-014|P11-015|P11-016|P11-017|P11-023,P11,P11-W02|P11-W03|P11-W04,YL-M-161-S03_EMPTY,ui/mockups/admin/YL-M-161/YL-M-161-S03_EMPTY.png,PAGE,,907d78d2481b2485
YL-M-161-S04_FILTER_ACTIVE,YL-M-161,ADMIN,开发者平台/API日志,FILTER_ACTIVE,筛选生效,清晰展示筛选条件和结果数量。,clear_filter,P11-014|P11-015|P11-016|P11-017|P11-023,P11,P11-W02|P11-W03|P11-W04,YL-M-161-S04_FILTER_ACTIVE,ui/mockups/admin/YL-M-161/YL-M-161-S04_FILTER_ACTIVE.png,PAGE,,907d78d2481b2485
YL-M-161-S05_PARTIAL_DATA,YL-M-161,ADMIN,开发者平台/API日志,PARTIAL_DATA,部分数据,明确哪些数据源不可用以及统计截止时间。,retry_source,P11-014|P11-015|P11-016|P11-017|P11-023,P11,P11-W02|P11-W03|P11-W04,YL-M-161-S05_PARTIAL_DATA,ui/mockups/admin/YL-M-161/YL-M-161-S05_PARTIAL_DATA.png,PAGE,,907d78d2481b2485
YL-M-161-S06_PERMISSION_DENIED,YL-M-161,ADMIN,开发者平台/API日志,PERMISSION_DENIED,权限不足,不泄露资源存在性，说明所需权限或返回。,back_or_request_access,P11-014|P11-015|P11-016|P11-017|P11-023,P11,P11-W02|P11-W03|P11-W04,YL-M-161-S06_PERMISSION_DENIED,ui/mockups/admin/YL-M-161/YL-M-161-S06_PERMISSION_DENIED.png,PAGE,,907d78d2481b2485
YL-M-161-S07_SERVER_ERROR,YL-M-161,ADMIN,开发者平台/API日志,SERVER_ERROR,服务异常,服务端 5xx，显示请求 ID，不暴露堆栈。,retry_or_status,P11-014|P11-015|P11-016|P11-017|P11-023,P11,P11-W02|P11-W03|P11-W04,YL-M-161-S07_SERVER_ERROR,ui/mockups/admin/YL-M-161/YL-M-161-S07_SERVER_ERROR.png,PAGE,,907d78d2481b2485
YL-M-162-S01_LOADING,YL-M-162,ADMIN,开发者平台/模型别名,LOADING,加载中,使用与最终布局一致的 Skeleton，禁止无限 Loading。,automatic_or_retry,P11-020,P11,P11-W03,YL-M-162-S01_LOADING,ui/mockups/admin/YL-M-162/YL-M-162-S01_LOADING.png,PAGE,,32b8432c2ca158b7
YL-M-162-S02_POPULATED,YL-M-162,ADMIN,开发者平台/模型别名,POPULATED,有数据,真实结构化数据已加载。,none,P11-020,P11,P11-W03,YL-M-162-S02_POPULATED,ui/mockups/admin/YL-M-162/YL-M-162-S02_POPULATED.png,PAGE,,32b8432c2ca158b7
YL-M-162-S03_EMPTY,YL-M-162,ADMIN,开发者平台/模型别名,EMPTY,空数据,显示原因、下一步和主操作；不得使用伪造内容填满。,primary_action_or_refresh,P11-020,P11,P11-W03,YL-M-162-S03_EMPTY,ui/mockups/admin/YL-M-162/YL-M-162-S03_EMPTY.png,PAGE,,32b8432c2ca158b7
YL-M-162-S04_FILTER_ACTIVE,YL-M-162,ADMIN,开发者平台/模型别名,FILTER_ACTIVE,筛选生效,清晰展示筛选条件和结果数量。,clear_filter,P11-020,P11,P11-W03,YL-M-162-S04_FILTER_ACTIVE,ui/mockups/admin/YL-M-162/YL-M-162-S04_FILTER_ACTIVE.png,PAGE,,32b8432c2ca158b7
YL-M-162-S05_BULK_SELECTED,YL-M-162,ADMIN,开发者平台/模型别名,BULK_SELECTED,批量选择,显示已选数量和允许的批量动作。,clear_selection,P11-020,P11,P11-W03,YL-M-162-S05_BULK_SELECTED,ui/mockups/admin/YL-M-162/YL-M-162-S05_BULK_SELECTED.png,PAGE,,32b8432c2ca158b7
YL-M-162-S06_PERMISSION_DENIED,YL-M-162,ADMIN,开发者平台/模型别名,PERMISSION_DENIED,权限不足,不泄露资源存在性，说明所需权限或返回。,back_or_request_access,P11-020,P11,P11-W03,YL-M-162-S06_PERMISSION_DENIED,ui/mockups/admin/YL-M-162/YL-M-162-S06_PERMISSION_DENIED.png,PAGE,,32b8432c2ca158b7
YL-M-162-S07_NETWORK_ERROR,YL-M-162,ADMIN,开发者平台/模型别名,NETWORK_ERROR,网络连接失败,网络不可达或 DNS/TLS 失败，提供重试。,retry,P11-020,P11,P11-W03,YL-M-162-S07_NETWORK_ERROR,ui/mockups/admin/YL-M-162/YL-M-162-S07_NETWORK_ERROR.png,PAGE,,32b8432c2ca158b7
YL-M-162-S08_SERVER_ERROR,YL-M-162,ADMIN,开发者平台/模型别名,SERVER_ERROR,服务异常,服务端 5xx，显示请求 ID，不暴露堆栈。,retry_or_status,P11-020,P11,P11-W03,YL-M-162-S08_SERVER_ERROR,ui/mockups/admin/YL-M-162/YL-M-162-S08_SERVER_ERROR.png,PAGE,,32b8432c2ca158b7
YL-M-163-S01_LOADING,YL-M-163,ADMIN,开发者平台/错误码,LOADING,加载中,使用与最终布局一致的 Skeleton，禁止无限 Loading。,automatic_or_retry,P11-021,P11,P11-W04,YL-M-163-S01_LOADING,ui/mockups/admin/YL-M-163/YL-M-163-S01_LOADING.png,PAGE,,aa892b11cd0e4684
YL-M-163-S02_POPULATED,YL-M-163,ADMIN,开发者平台/错误码,POPULATED,有数据,真实结构化数据已加载。,none,P11-021,P11,P11-W04,YL-M-163-S02_POPULATED,ui/mockups/admin/YL-M-163/YL-M-163-S02_POPULATED.png,PAGE,,aa892b11cd0e4684
YL-M-163-S03_EMPTY,YL-M-163,ADMIN,开发者平台/错误码,EMPTY,空数据,显示原因、下一步和主操作；不得使用伪造内容填满。,primary_action_or_refresh,P11-021,P11,P11-W04,YL-M-163-S03_EMPTY,ui/mockups/admin/YL-M-163/YL-M-163-S03_EMPTY.png,PAGE,,aa892b11cd0e4684
YL-M-163-S04_FILTER_ACTIVE,YL-M-163,ADMIN,开发者平台/错误码,FILTER_ACTIVE,筛选生效,清晰展示筛选条件和结果数量。,clear_filter,P11-021,P11,P11-W04,YL-M-163-S04_FILTER_ACTIVE,ui/mockups/admin/YL-M-163/YL-M-163-S04_FILTER_ACTIVE.png,PAGE,,aa892b11cd0e4684
YL-M-163-S05_BULK_SELECTED,YL-M-163,ADMIN,开发者平台/错误码,BULK_SELECTED,批量选择,显示已选数量和允许的批量动作。,clear_selection,P11-021,P11,P11-W04,YL-M-163-S05_BULK_SELECTED,ui/mockups/admin/YL-M-163/YL-M-163-S05_BULK_SELECTED.png,PAGE,,aa892b11cd0e4684
YL-M-163-S06_PERMISSION_DENIED,YL-M-163,ADMIN,开发者平台/错误码,PERMISSION_DENIED,权限不足,不泄露资源存在性，说明所需权限或返回。,back_or_request_access,P11-021,P11,P11-W04,YL-M-163-S06_PERMISSION_DENIED,ui/mockups/admin/YL-M-163/YL-M-163-S06_PERMISSION_DENIED.png,PAGE,,aa892b11cd0e4684
YL-M-163-S07_NETWORK_ERROR,YL-M-163,ADMIN,开发者平台/错误码,NETWORK_ERROR,网络连接失败,网络不可达或 DNS/TLS 失败，提供重试。,retry,P11-021,P11,P11-W04,YL-M-163-S07_NETWORK_ERROR,ui/mockups/admin/YL-M-163/YL-M-163-S07_NETWORK_ERROR.png,PAGE,,aa892b11cd0e4684
YL-M-163-S08_SERVER_ERROR,YL-M-163,ADMIN,开发者平台/错误码,SERVER_ERROR,服务异常,服务端 5xx，显示请求 ID，不暴露堆栈。,retry_or_status,P11-021,P11,P11-W04,YL-M-163-S08_SERVER_ERROR,ui/mockups/admin/YL-M-163/YL-M-163-S08_SERVER_ERROR.png,PAGE,,aa892b11cd0e4684
YL-M-164-S01_LOADING,YL-M-164,ADMIN,开发者平台/用量,LOADING,加载中,使用与最终布局一致的 Skeleton，禁止无限 Loading。,automatic_or_retry,P11-022,P11,P11-W04,YL-M-164-S01_LOADING,ui/mockups/admin/YL-M-164/YL-M-164-S01_LOADING.png,PAGE,,f753b95021256e73
YL-M-164-S02_POPULATED,YL-M-164,ADMIN,开发者平台/用量,POPULATED,有数据,真实结构化数据已加载。,none,P11-022,P11,P11-W04,YL-M-164-S02_POPULATED,ui/mockups/admin/YL-M-164/YL-M-164-S02_POPULATED.png,PAGE,,f753b95021256e73
YL-M-164-S03_EMPTY,YL-M-164,ADMIN,开发者平台/用量,EMPTY,空数据,显示原因、下一步和主操作；不得使用伪造内容填满。,primary_action_or_refresh,P11-022,P11,P11-W04,YL-M-164-S03_EMPTY,ui/mockups/admin/YL-M-164/YL-M-164-S03_EMPTY.png,PAGE,,f753b95021256e73
YL-M-164-S04_FILTER_ACTIVE,YL-M-164,ADMIN,开发者平台/用量,FILTER_ACTIVE,筛选生效,清晰展示筛选条件和结果数量。,clear_filter,P11-022,P11,P11-W04,YL-M-164-S04_FILTER_ACTIVE,ui/mockups/admin/YL-M-164/YL-M-164-S04_FILTER_ACTIVE.png,PAGE,,f753b95021256e73
YL-M-164-S05_BULK_SELECTED,YL-M-164,ADMIN,开发者平台/用量,BULK_SELECTED,批量选择,显示已选数量和允许的批量动作。,clear_selection,P11-022,P11,P11-W04,YL-M-164-S05_BULK_SELECTED,ui/mockups/admin/YL-M-164/YL-M-164-S05_BULK_SELECTED.png,PAGE,,f753b95021256e73
YL-M-164-S06_PERMISSION_DENIED,YL-M-164,ADMIN,开发者平台/用量,PERMISSION_DENIED,权限不足,不泄露资源存在性，说明所需权限或返回。,back_or_request_access,P11-022,P11,P11-W04,YL-M-164-S06_PERMISSION_DENIED,ui/mockups/admin/YL-M-164/YL-M-164-S06_PERMISSION_DENIED.png,PAGE,,f753b95021256e73
YL-M-164-S07_NETWORK_ERROR,YL-M-164,ADMIN,开发者平台/用量,NETWORK_ERROR,网络连接失败,网络不可达或 DNS/TLS 失败，提供重试。,retry,P11-022,P11,P11-W04,YL-M-164-S07_NETWORK_ERROR,ui/mockups/admin/YL-M-164/YL-M-164-S07_NETWORK_ERROR.png,PAGE,,f753b95021256e73
YL-M-164-S08_SERVER_ERROR,YL-M-164,ADMIN,开发者平台/用量,SERVER_ERROR,服务异常,服务端 5xx，显示请求 ID，不暴露堆栈。,retry_or_status,P11-022,P11,P11-W04,YL-M-164-S08_SERVER_ERROR,ui/mockups/admin/YL-M-164/YL-M-164-S08_SERVER_ERROR.png,PAGE,,f753b95021256e73
YL-M-165-S01_LOADING,YL-M-165,ADMIN,开发者平台/Playground,LOADING,加载中,使用与最终布局一致的 Skeleton，禁止无限 Loading。,automatic_or_retry,P11-024,P11,P11-W04,YL-M-165-S01_LOADING,ui/mockups/admin/YL-M-165/YL-M-165-S01_LOADING.png,PAGE,,eb8b5f7471001e1a
YL-M-165-S02_POPULATED,YL-M-165,ADMIN,开发者平台/Playground,POPULATED,有数据,真实结构化数据已加载。,none,P11-024,P11,P11-W04,YL-M-165-S02_POPULATED,ui/mockups/admin/YL-M-165/YL-M-165-S02_POPULATED.png,PAGE,,eb8b5f7471001e1a
YL-M-165-S03_EMPTY,YL-M-165,ADMIN,开发者平台/Playground,EMPTY,空数据,显示原因、下一步和主操作；不得使用伪造内容填满。,primary_action_or_refresh,P11-024,P11,P11-W04,YL-M-165-S03_EMPTY,ui/mockups/admin/YL-M-165/YL-M-165-S03_EMPTY.png,PAGE,,eb8b5f7471001e1a
YL-M-165-S04_FILTER_ACTIVE,YL-M-165,ADMIN,开发者平台/Playground,FILTER_ACTIVE,筛选生效,清晰展示筛选条件和结果数量。,clear_filter,P11-024,P11,P11-W04,YL-M-165-S04_FILTER_ACTIVE,ui/mockups/admin/YL-M-165/YL-M-165-S04_FILTER_ACTIVE.png,PAGE,,eb8b5f7471001e1a
YL-M-165-S05_BULK_SELECTED,YL-M-165,ADMIN,开发者平台/Playground,BULK_SELECTED,批量选择,显示已选数量和允许的批量动作。,clear_selection,P11-024,P11,P11-W04,YL-M-165-S05_BULK_SELECTED,ui/mockups/admin/YL-M-165/YL-M-165-S05_BULK_SELECTED.png,PAGE,,eb8b5f7471001e1a
YL-M-165-S06_PERMISSION_DENIED,YL-M-165,ADMIN,开发者平台/Playground,PERMISSION_DENIED,权限不足,不泄露资源存在性，说明所需权限或返回。,back_or_request_access,P11-024,P11,P11-W04,YL-M-165-S06_PERMISSION_DENIED,ui/mockups/admin/YL-M-165/YL-M-165-S06_PERMISSION_DENIED.png,PAGE,,eb8b5f7471001e1a
YL-M-165-S07_NETWORK_ERROR,YL-M-165,ADMIN,开发者平台/Playground,NETWORK_ERROR,网络连接失败,网络不可达或 DNS/TLS 失败，提供重试。,retry,P11-024,P11,P11-W04,YL-M-165-S07_NETWORK_ERROR,ui/mockups/admin/YL-M-165/YL-M-165-S07_NETWORK_ERROR.png,PAGE,,eb8b5f7471001e1a
YL-M-165-S08_SERVER_ERROR,YL-M-165,ADMIN,开发者平台/Playground,SERVER_ERROR,服务异常,服务端 5xx，显示请求 ID，不暴露堆栈。,retry_or_status,P11-024,P11,P11-W04,YL-M-165-S08_SERVER_ERROR,ui/mockups/admin/YL-M-165/YL-M-165-S08_SERVER_ERROR.png,PAGE,,eb8b5f7471001e1a
YL-M-166-S01_LOADING,YL-M-166,ADMIN,开发者平台/API文档,LOADING,加载中,使用与最终布局一致的 Skeleton，禁止无限 Loading。,automatic_or_retry,P11-026,P11,P11-W04,YL-M-166-S01_LOADING,ui/mockups/admin/YL-M-166/YL-M-166-S01_LOADING.png,PAGE,,4b515990491151fe
YL-M-166-S02_POPULATED,YL-M-166,ADMIN,开发者平台/API文档,POPULATED,有数据,真实结构化数据已加载。,none,P11-026,P11,P11-W04,YL-M-166-S02_POPULATED,ui/mockups/admin/YL-M-166/YL-M-166-S02_POPULATED.png,PAGE,,4b515990491151fe
YL-M-166-S03_EMPTY,YL-M-166,ADMIN,开发者平台/API文档,EMPTY,空数据,显示原因、下一步和主操作；不得使用伪造内容填满。,primary_action_or_refresh,P11-026,P11,P11-W04,YL-M-166-S03_EMPTY,ui/mockups/admin/YL-M-166/YL-M-166-S03_EMPTY.png,PAGE,,4b515990491151fe
YL-M-166-S04_FILTER_ACTIVE,YL-M-166,ADMIN,开发者平台/API文档,FILTER_ACTIVE,筛选生效,清晰展示筛选条件和结果数量。,clear_filter,P11-026,P11,P11-W04,YL-M-166-S04_FILTER_ACTIVE,ui/mockups/admin/YL-M-166/YL-M-166-S04_FILTER_ACTIVE.png,PAGE,,4b515990491151fe
YL-M-166-S05_BULK_SELECTED,YL-M-166,ADMIN,开发者平台/API文档,BULK_SELECTED,批量选择,显示已选数量和允许的批量动作。,clear_selection,P11-026,P11,P11-W04,YL-M-166-S05_BULK_SELECTED,ui/mockups/admin/YL-M-166/YL-M-166-S05_BULK_SELECTED.png,PAGE,,4b515990491151fe
YL-M-166-S06_PERMISSION_DENIED,YL-M-166,ADMIN,开发者平台/API文档,PERMISSION_DENIED,权限不足,不泄露资源存在性，说明所需权限或返回。,back_or_request_access,P11-026,P11,P11-W04,YL-M-166-S06_PERMISSION_DENIED,ui/mockups/admin/YL-M-166/YL-M-166-S06_PERMISSION_DENIED.png,PAGE,,4b515990491151fe
YL-M-166-S07_NETWORK_ERROR,YL-M-166,ADMIN,开发者平台/API文档,NETWORK_ERROR,网络连接失败,网络不可达或 DNS/TLS 失败，提供重试。,retry,P11-026,P11,P11-W04,YL-M-166-S07_NETWORK_ERROR,ui/mockups/admin/YL-M-166/YL-M-166-S07_NETWORK_ERROR.png,PAGE,,4b515990491151fe
YL-M-166-S08_SERVER_ERROR,YL-M-166,ADMIN,开发者平台/API文档,SERVER_ERROR,服务异常,服务端 5xx，显示请求 ID，不暴露堆栈。,retry_or_status,P11-026,P11,P11-W04,YL-M-166-S08_SERVER_ERROR,ui/mockups/admin/YL-M-166/YL-M-166-S08_SERVER_ERROR.png,PAGE,,4b515990491151fe
YL-M-167-S01_LOADING,YL-M-167,ADMIN,开发者平台/告警,LOADING,加载中,使用与最终布局一致的 Skeleton，禁止无限 Loading。,automatic_or_retry,P11-027,P11,P11-W05,YL-M-167-S01_LOADING,ui/mockups/admin/YL-M-167/YL-M-167-S01_LOADING.png,PAGE,,5a55656f85e6df02
YL-M-167-S02_POPULATED,YL-M-167,ADMIN,开发者平台/告警,POPULATED,有数据,真实结构化数据已加载。,none,P11-027,P11,P11-W05,YL-M-167-S02_POPULATED,ui/mockups/admin/YL-M-167/YL-M-167-S02_POPULATED.png,PAGE,,5a55656f85e6df02
YL-M-167-S03_EMPTY,YL-M-167,ADMIN,开发者平台/告警,EMPTY,空数据,显示原因、下一步和主操作；不得使用伪造内容填满。,primary_action_or_refresh,P11-027,P11,P11-W05,YL-M-167-S03_EMPTY,ui/mockups/admin/YL-M-167/YL-M-167-S03_EMPTY.png,PAGE,,5a55656f85e6df02
YL-M-167-S04_FILTER_ACTIVE,YL-M-167,ADMIN,开发者平台/告警,FILTER_ACTIVE,筛选生效,清晰展示筛选条件和结果数量。,clear_filter,P11-027,P11,P11-W05,YL-M-167-S04_FILTER_ACTIVE,ui/mockups/admin/YL-M-167/YL-M-167-S04_FILTER_ACTIVE.png,PAGE,,5a55656f85e6df02
YL-M-167-S05_PARTIAL_DATA,YL-M-167,ADMIN,开发者平台/告警,PARTIAL_DATA,部分数据,明确哪些数据源不可用以及统计截止时间。,retry_source,P11-027,P11,P11-W05,YL-M-167-S05_PARTIAL_DATA,ui/mockups/admin/YL-M-167/YL-M-167-S05_PARTIAL_DATA.png,PAGE,,5a55656f85e6df02
YL-M-167-S06_PERMISSION_DENIED,YL-M-167,ADMIN,开发者平台/告警,PERMISSION_DENIED,权限不足,不泄露资源存在性，说明所需权限或返回。,back_or_request_access,P11-027,P11,P11-W05,YL-M-167-S06_PERMISSION_DENIED,ui/mockups/admin/YL-M-167/YL-M-167-S06_PERMISSION_DENIED.png,PAGE,,5a55656f85e6df02
YL-M-167-S07_SERVER_ERROR,YL-M-167,ADMIN,开发者平台/告警,SERVER_ERROR,服务异常,服务端 5xx，显示请求 ID，不暴露堆栈。,retry_or_status,P11-027,P11,P11-W05,YL-M-167-S07_SERVER_ERROR,ui/mockups/admin/YL-M-167/YL-M-167-S07_SERVER_ERROR.png,PAGE,,5a55656f85e6df02
YL-M-168-S01_LOADING,YL-M-168,ADMIN,开发者平台/Webhook,LOADING,加载中,使用与最终布局一致的 Skeleton，禁止无限 Loading。,automatic_or_retry,P11-028|P11-029,P11,P11-W05,YL-M-168-S01_LOADING,ui/mockups/admin/YL-M-168/YL-M-168-S01_LOADING.png,PAGE,,13a8c38a5e8f43c4
YL-M-168-S02_POPULATED,YL-M-168,ADMIN,开发者平台/Webhook,POPULATED,有数据,真实结构化数据已加载。,none,P11-028|P11-029,P11,P11-W05,YL-M-168-S02_POPULATED,ui/mockups/admin/YL-M-168/YL-M-168-S02_POPULATED.png,PAGE,,13a8c38a5e8f43c4
YL-M-168-S03_EMPTY,YL-M-168,ADMIN,开发者平台/Webhook,EMPTY,空数据,显示原因、下一步和主操作；不得使用伪造内容填满。,primary_action_or_refresh,P11-028|P11-029,P11,P11-W05,YL-M-168-S03_EMPTY,ui/mockups/admin/YL-M-168/YL-M-168-S03_EMPTY.png,PAGE,,13a8c38a5e8f43c4
YL-M-168-S04_FILTER_ACTIVE,YL-M-168,ADMIN,开发者平台/Webhook,FILTER_ACTIVE,筛选生效,清晰展示筛选条件和结果数量。,clear_filter,P11-028|P11-029,P11,P11-W05,YL-M-168-S04_FILTER_ACTIVE,ui/mockups/admin/YL-M-168/YL-M-168-S04_FILTER_ACTIVE.png,PAGE,,13a8c38a5e8f43c4
YL-M-168-S05_BULK_SELECTED,YL-M-168,ADMIN,开发者平台/Webhook,BULK_SELECTED,批量选择,显示已选数量和允许的批量动作。,clear_selection,P11-028|P11-029,P11,P11-W05,YL-M-168-S05_BULK_SELECTED,ui/mockups/admin/YL-M-168/YL-M-168-S05_BULK_SELECTED.png,PAGE,,13a8c38a5e8f43c4
YL-M-168-S06_PERMISSION_DENIED,YL-M-168,ADMIN,开发者平台/Webhook,PERMISSION_DENIED,权限不足,不泄露资源存在性，说明所需权限或返回。,back_or_request_access,P11-028|P11-029,P11,P11-W05,YL-M-168-S06_PERMISSION_DENIED,ui/mockups/admin/YL-M-168/YL-M-168-S06_PERMISSION_DENIED.png,PAGE,,13a8c38a5e8f43c4
YL-M-168-S07_NETWORK_ERROR,YL-M-168,ADMIN,开发者平台/Webhook,NETWORK_ERROR,网络连接失败,网络不可达或 DNS/TLS 失败，提供重试。,retry,P11-028|P11-029,P11,P11-W05,YL-M-168-S07_NETWORK_ERROR,ui/mockups/admin/YL-M-168/YL-M-168-S07_NETWORK_ERROR.png,PAGE,,13a8c38a5e8f43c4
YL-M-168-S08_SERVER_ERROR,YL-M-168,ADMIN,开发者平台/Webhook,SERVER_ERROR,服务异常,服务端 5xx，显示请求 ID，不暴露堆栈。,retry_or_status,P11-028|P11-029,P11,P11-W05,YL-M-168-S08_SERVER_ERROR,ui/mockups/admin/YL-M-168/YL-M-168-S08_SERVER_ERROR.png,PAGE,,13a8c38a5e8f43c4
YL-M-169-S01_LOADING,YL-M-169,ADMIN,安全与审计/WAF,LOADING,加载中,使用与最终布局一致的 Skeleton，禁止无限 Loading。,automatic_or_retry,P12-001,P12,P12-W01,YL-M-169-S01_LOADING,ui/mockups/admin/YL-M-169/YL-M-169-S01_LOADING.png,PAGE,,a42863c98022779f
YL-M-169-S02_POPULATED,YL-M-169,ADMIN,安全与审计/WAF,POPULATED,有数据,真实结构化数据已加载。,none,P12-001,P12,P12-W01,YL-M-169-S02_POPULATED,ui/mockups/admin/YL-M-169/YL-M-169-S02_POPULATED.png,PAGE,,a42863c98022779f
YL-M-169-S03_EMPTY,YL-M-169,ADMIN,安全与审计/WAF,EMPTY,空数据,显示原因、下一步和主操作；不得使用伪造内容填满。,primary_action_or_refresh,P12-001,P12,P12-W01,YL-M-169-S03_EMPTY,ui/mockups/admin/YL-M-169/YL-M-169-S03_EMPTY.png,PAGE,,a42863c98022779f
YL-M-169-S04_BULK_SELECTED,YL-M-169,ADMIN,安全与审计/WAF,BULK_SELECTED,批量选择,显示已选数量和允许的批量动作。,clear_selection,P12-001,P12,P12-W01,YL-M-169-S04_BULK_SELECTED,ui/mockups/admin/YL-M-169/YL-M-169-S04_BULK_SELECTED.png,PAGE,,a42863c98022779f
YL-M-169-S05_SUBMITTING,YL-M-169,ADMIN,安全与审计/WAF,SUBMITTING,提交中,主按钮保留尺寸并显示进度，禁止重复提交。,wait_or_cancel_if_supported,P12-001,P12,P12-W01,YL-M-169-S05_SUBMITTING,ui/mockups/admin/YL-M-169/YL-M-169-S05_SUBMITTING.png,PAGE,,a42863c98022779f
YL-M-169-S06_SUCCESS,YL-M-169,ADMIN,安全与审计/WAF,SUCCESS,操作成功,使用 Snackbar、结果页或成功卡，按合同给出下一步。,continue,P12-001,P12,P12-W01,YL-M-169-S06_SUCCESS,ui/mockups/admin/YL-M-169/YL-M-169-S06_SUCCESS.png,PAGE,,a42863c98022779f
YL-M-169-S07_PERMISSION_DENIED,YL-M-169,ADMIN,安全与审计/WAF,PERMISSION_DENIED,权限不足,不泄露资源存在性，说明所需权限或返回。,back_or_request_access,P12-001,P12,P12-W01,YL-M-169-S07_PERMISSION_DENIED,ui/mockups/admin/YL-M-169/YL-M-169-S07_PERMISSION_DENIED.png,PAGE,,a42863c98022779f
YL-M-169-S08_SERVER_ERROR,YL-M-169,ADMIN,安全与审计/WAF,SERVER_ERROR,服务异常,服务端 5xx，显示请求 ID，不暴露堆栈。,retry_or_status,P12-001,P12,P12-W01,YL-M-169-S08_SERVER_ERROR,ui/mockups/admin/YL-M-169/YL-M-169-S08_SERVER_ERROR.png,PAGE,,a42863c98022779f
YL-M-170-S01_LOADING,YL-M-170,ADMIN,安全与审计/扫描结果,LOADING,加载中,使用与最终布局一致的 Skeleton，禁止无限 Loading。,automatic_or_retry,P12-002|P12-003,P12,P12-W01,YL-M-170-S01_LOADING,ui/mockups/admin/YL-M-170/YL-M-170-S01_LOADING.png,PAGE,,7c91acb739267681
YL-M-170-S02_POPULATED,YL-M-170,ADMIN,安全与审计/扫描结果,POPULATED,有数据,真实结构化数据已加载。,none,P12-002|P12-003,P12,P12-W01,YL-M-170-S02_POPULATED,ui/mockups/admin/YL-M-170/YL-M-170-S02_POPULATED.png,PAGE,,7c91acb739267681
YL-M-170-S03_EMPTY,YL-M-170,ADMIN,安全与审计/扫描结果,EMPTY,空数据,显示原因、下一步和主操作；不得使用伪造内容填满。,primary_action_or_refresh,P12-002|P12-003,P12,P12-W01,YL-M-170-S03_EMPTY,ui/mockups/admin/YL-M-170/YL-M-170-S03_EMPTY.png,PAGE,,7c91acb739267681
YL-M-170-S04_BULK_SELECTED,YL-M-170,ADMIN,安全与审计/扫描结果,BULK_SELECTED,批量选择,显示已选数量和允许的批量动作。,clear_selection,P12-002|P12-003,P12,P12-W01,YL-M-170-S04_BULK_SELECTED,ui/mockups/admin/YL-M-170/YL-M-170-S04_BULK_SELECTED.png,PAGE,,7c91acb739267681
YL-M-170-S05_SUBMITTING,YL-M-170,ADMIN,安全与审计/扫描结果,SUBMITTING,提交中,主按钮保留尺寸并显示进度，禁止重复提交。,wait_or_cancel_if_supported,P12-002|P12-003,P12,P12-W01,YL-M-170-S05_SUBMITTING,ui/mockups/admin/YL-M-170/YL-M-170-S05_SUBMITTING.png,PAGE,,7c91acb739267681
YL-M-170-S06_SUCCESS,YL-M-170,ADMIN,安全与审计/扫描结果,SUCCESS,操作成功,使用 Snackbar、结果页或成功卡，按合同给出下一步。,continue,P12-002|P12-003,P12,P12-W01,YL-M-170-S06_SUCCESS,ui/mockups/admin/YL-M-170/YL-M-170-S06_SUCCESS.png,PAGE,,7c91acb739267681
YL-M-170-S07_PERMISSION_DENIED,YL-M-170,ADMIN,安全与审计/扫描结果,PERMISSION_DENIED,权限不足,不泄露资源存在性，说明所需权限或返回。,back_or_request_access,P12-002|P12-003,P12,P12-W01,YL-M-170-S07_PERMISSION_DENIED,ui/mockups/admin/YL-M-170/YL-M-170-S07_PERMISSION_DENIED.png,PAGE,,7c91acb739267681
YL-M-170-S08_SERVER_ERROR,YL-M-170,ADMIN,安全与审计/扫描结果,SERVER_ERROR,服务异常,服务端 5xx，显示请求 ID，不暴露堆栈。,retry_or_status,P12-002|P12-003,P12,P12-W01,YL-M-170-S08_SERVER_ERROR,ui/mockups/admin/YL-M-170/YL-M-170-S08_SERVER_ERROR.png,PAGE,,7c91acb739267681
YL-M-171-S01_LOADING,YL-M-171,ADMIN,安全与审计/密钥管理,LOADING,加载中,使用与最终布局一致的 Skeleton，禁止无限 Loading。,automatic_or_retry,P12-004,P12,P12-W01,YL-M-171-S01_LOADING,ui/mockups/admin/YL-M-171/YL-M-171-S01_LOADING.png,PAGE,,995cf344c8f5eaa1
YL-M-171-S02_POPULATED,YL-M-171,ADMIN,安全与审计/密钥管理,POPULATED,有数据,真实结构化数据已加载。,none,P12-004,P12,P12-W01,YL-M-171-S02_POPULATED,ui/mockups/admin/YL-M-171/YL-M-171-S02_POPULATED.png,PAGE,,995cf344c8f5eaa1
YL-M-171-S03_EMPTY,YL-M-171,ADMIN,安全与审计/密钥管理,EMPTY,空数据,显示原因、下一步和主操作；不得使用伪造内容填满。,primary_action_or_refresh,P12-004,P12,P12-W01,YL-M-171-S03_EMPTY,ui/mockups/admin/YL-M-171/YL-M-171-S03_EMPTY.png,PAGE,,995cf344c8f5eaa1
YL-M-171-S04_BULK_SELECTED,YL-M-171,ADMIN,安全与审计/密钥管理,BULK_SELECTED,批量选择,显示已选数量和允许的批量动作。,clear_selection,P12-004,P12,P12-W01,YL-M-171-S04_BULK_SELECTED,ui/mockups/admin/YL-M-171/YL-M-171-S04_BULK_SELECTED.png,PAGE,,995cf344c8f5eaa1
YL-M-171-S05_SUBMITTING,YL-M-171,ADMIN,安全与审计/密钥管理,SUBMITTING,提交中,主按钮保留尺寸并显示进度，禁止重复提交。,wait_or_cancel_if_supported,P12-004,P12,P12-W01,YL-M-171-S05_SUBMITTING,ui/mockups/admin/YL-M-171/YL-M-171-S05_SUBMITTING.png,PAGE,,995cf344c8f5eaa1
YL-M-171-S06_SUCCESS,YL-M-171,ADMIN,安全与审计/密钥管理,SUCCESS,操作成功,使用 Snackbar、结果页或成功卡，按合同给出下一步。,continue,P12-004,P12,P12-W01,YL-M-171-S06_SUCCESS,ui/mockups/admin/YL-M-171/YL-M-171-S06_SUCCESS.png,PAGE,,995cf344c8f5eaa1
YL-M-171-S07_PERMISSION_DENIED,YL-M-171,ADMIN,安全与审计/密钥管理,PERMISSION_DENIED,权限不足,不泄露资源存在性，说明所需权限或返回。,back_or_request_access,P12-004,P12,P12-W01,YL-M-171-S07_PERMISSION_DENIED,ui/mockups/admin/YL-M-171/YL-M-171-S07_PERMISSION_DENIED.png,PAGE,,995cf344c8f5eaa1
YL-M-171-S08_SERVER_ERROR,YL-M-171,ADMIN,安全与审计/密钥管理,SERVER_ERROR,服务异常,服务端 5xx，显示请求 ID，不暴露堆栈。,retry_or_status,P12-004,P12,P12-W01,YL-M-171-S08_SERVER_ERROR,ui/mockups/admin/YL-M-171/YL-M-171-S08_SERVER_ERROR.png,PAGE,,995cf344c8f5eaa1
YL-M-172-S01_LOADING,YL-M-172,ADMIN,安全与审计/操作审计,LOADING,加载中,使用与最终布局一致的 Skeleton，禁止无限 Loading。,automatic_or_retry,P12-005,P12,P12-W01,YL-M-172-S01_LOADING,ui/mockups/admin/YL-M-172/YL-M-172-S01_LOADING.png,PAGE,,267822ffa9bee5ec
YL-M-172-S02_POPULATED,YL-M-172,ADMIN,安全与审计/操作审计,POPULATED,有数据,真实结构化数据已加载。,none,P12-005,P12,P12-W01,YL-M-172-S02_POPULATED,ui/mockups/admin/YL-M-172/YL-M-172-S02_POPULATED.png,PAGE,,267822ffa9bee5ec
YL-M-172-S03_EMPTY,YL-M-172,ADMIN,安全与审计/操作审计,EMPTY,空数据,显示原因、下一步和主操作；不得使用伪造内容填满。,primary_action_or_refresh,P12-005,P12,P12-W01,YL-M-172-S03_EMPTY,ui/mockups/admin/YL-M-172/YL-M-172-S03_EMPTY.png,PAGE,,267822ffa9bee5ec
YL-M-172-S04_BULK_SELECTED,YL-M-172,ADMIN,安全与审计/操作审计,BULK_SELECTED,批量选择,显示已选数量和允许的批量动作。,clear_selection,P12-005,P12,P12-W01,YL-M-172-S04_BULK_SELECTED,ui/mockups/admin/YL-M-172/YL-M-172-S04_BULK_SELECTED.png,PAGE,,267822ffa9bee5ec
YL-M-172-S05_SUBMITTING,YL-M-172,ADMIN,安全与审计/操作审计,SUBMITTING,提交中,主按钮保留尺寸并显示进度，禁止重复提交。,wait_or_cancel_if_supported,P12-005,P12,P12-W01,YL-M-172-S05_SUBMITTING,ui/mockups/admin/YL-M-172/YL-M-172-S05_SUBMITTING.png,PAGE,,267822ffa9bee5ec
YL-M-172-S06_SUCCESS,YL-M-172,ADMIN,安全与审计/操作审计,SUCCESS,操作成功,使用 Snackbar、结果页或成功卡，按合同给出下一步。,continue,P12-005,P12,P12-W01,YL-M-172-S06_SUCCESS,ui/mockups/admin/YL-M-172/YL-M-172-S06_SUCCESS.png,PAGE,,267822ffa9bee5ec
YL-M-172-S07_PERMISSION_DENIED,YL-M-172,ADMIN,安全与审计/操作审计,PERMISSION_DENIED,权限不足,不泄露资源存在性，说明所需权限或返回。,back_or_request_access,P12-005,P12,P12-W01,YL-M-172-S07_PERMISSION_DENIED,ui/mockups/admin/YL-M-172/YL-M-172-S07_PERMISSION_DENIED.png,PAGE,,267822ffa9bee5ec
YL-M-172-S08_SERVER_ERROR,YL-M-172,ADMIN,安全与审计/操作审计,SERVER_ERROR,服务异常,服务端 5xx，显示请求 ID，不暴露堆栈。,retry_or_status,P12-005,P12,P12-W01,YL-M-172-S08_SERVER_ERROR,ui/mockups/admin/YL-M-172/YL-M-172-S08_SERVER_ERROR.png,PAGE,,267822ffa9bee5ec
YL-M-173-S01_LOADING,YL-M-173,ADMIN,安全与审计/风险事件,LOADING,加载中,使用与最终布局一致的 Skeleton，禁止无限 Loading。,automatic_or_retry,P12-006,P12,P12-W02,YL-M-173-S01_LOADING,ui/mockups/admin/YL-M-173/YL-M-173-S01_LOADING.png,PAGE,,a1b3a47a9e9a1464
YL-M-173-S02_POPULATED,YL-M-173,ADMIN,安全与审计/风险事件,POPULATED,有数据,真实结构化数据已加载。,none,P12-006,P12,P12-W02,YL-M-173-S02_POPULATED,ui/mockups/admin/YL-M-173/YL-M-173-S02_POPULATED.png,PAGE,,a1b3a47a9e9a1464
YL-M-173-S03_EMPTY,YL-M-173,ADMIN,安全与审计/风险事件,EMPTY,空数据,显示原因、下一步和主操作；不得使用伪造内容填满。,primary_action_or_refresh,P12-006,P12,P12-W02,YL-M-173-S03_EMPTY,ui/mockups/admin/YL-M-173/YL-M-173-S03_EMPTY.png,PAGE,,a1b3a47a9e9a1464
YL-M-173-S04_BULK_SELECTED,YL-M-173,ADMIN,安全与审计/风险事件,BULK_SELECTED,批量选择,显示已选数量和允许的批量动作。,clear_selection,P12-006,P12,P12-W02,YL-M-173-S04_BULK_SELECTED,ui/mockups/admin/YL-M-173/YL-M-173-S04_BULK_SELECTED.png,PAGE,,a1b3a47a9e9a1464
YL-M-173-S05_SUBMITTING,YL-M-173,ADMIN,安全与审计/风险事件,SUBMITTING,提交中,主按钮保留尺寸并显示进度，禁止重复提交。,wait_or_cancel_if_supported,P12-006,P12,P12-W02,YL-M-173-S05_SUBMITTING,ui/mockups/admin/YL-M-173/YL-M-173-S05_SUBMITTING.png,PAGE,,a1b3a47a9e9a1464
YL-M-173-S06_SUCCESS,YL-M-173,ADMIN,安全与审计/风险事件,SUCCESS,操作成功,使用 Snackbar、结果页或成功卡，按合同给出下一步。,continue,P12-006,P12,P12-W02,YL-M-173-S06_SUCCESS,ui/mockups/admin/YL-M-173/YL-M-173-S06_SUCCESS.png,PAGE,,a1b3a47a9e9a1464
YL-M-173-S07_PERMISSION_DENIED,YL-M-173,ADMIN,安全与审计/风险事件,PERMISSION_DENIED,权限不足,不泄露资源存在性，说明所需权限或返回。,back_or_request_access,P12-006,P12,P12-W02,YL-M-173-S07_PERMISSION_DENIED,ui/mockups/admin/YL-M-173/YL-M-173-S07_PERMISSION_DENIED.png,PAGE,,a1b3a47a9e9a1464
YL-M-173-S08_SERVER_ERROR,YL-M-173,ADMIN,安全与审计/风险事件,SERVER_ERROR,服务异常,服务端 5xx，显示请求 ID，不暴露堆栈。,retry_or_status,P12-006,P12,P12-W02,YL-M-173-S08_SERVER_ERROR,ui/mockups/admin/YL-M-173/YL-M-173-S08_SERVER_ERROR.png,PAGE,,a1b3a47a9e9a1464
YL-M-174-S01_LOADING,YL-M-174,ADMIN,安全与审计/审批,LOADING,加载中,使用与最终布局一致的 Skeleton，禁止无限 Loading。,automatic_or_retry,P12-007,P12,P12-W02,YL-M-174-S01_LOADING,ui/mockups/admin/YL-M-174/YL-M-174-S01_LOADING.png,PAGE,,960dc5674a354153
YL-M-174-S02_POPULATED,YL-M-174,ADMIN,安全与审计/审批,POPULATED,有数据,真实结构化数据已加载。,none,P12-007,P12,P12-W02,YL-M-174-S02_POPULATED,ui/mockups/admin/YL-M-174/YL-M-174-S02_POPULATED.png,PAGE,,960dc5674a354153
YL-M-174-S03_EMPTY,YL-M-174,ADMIN,安全与审计/审批,EMPTY,空数据,显示原因、下一步和主操作；不得使用伪造内容填满。,primary_action_or_refresh,P12-007,P12,P12-W02,YL-M-174-S03_EMPTY,ui/mockups/admin/YL-M-174/YL-M-174-S03_EMPTY.png,PAGE,,960dc5674a354153
YL-M-174-S04_BULK_SELECTED,YL-M-174,ADMIN,安全与审计/审批,BULK_SELECTED,批量选择,显示已选数量和允许的批量动作。,clear_selection,P12-007,P12,P12-W02,YL-M-174-S04_BULK_SELECTED,ui/mockups/admin/YL-M-174/YL-M-174-S04_BULK_SELECTED.png,PAGE,,960dc5674a354153
YL-M-174-S05_SUBMITTING,YL-M-174,ADMIN,安全与审计/审批,SUBMITTING,提交中,主按钮保留尺寸并显示进度，禁止重复提交。,wait_or_cancel_if_supported,P12-007,P12,P12-W02,YL-M-174-S05_SUBMITTING,ui/mockups/admin/YL-M-174/YL-M-174-S05_SUBMITTING.png,PAGE,,960dc5674a354153
YL-M-174-S06_SUCCESS,YL-M-174,ADMIN,安全与审计/审批,SUCCESS,操作成功,使用 Snackbar、结果页或成功卡，按合同给出下一步。,continue,P12-007,P12,P12-W02,YL-M-174-S06_SUCCESS,ui/mockups/admin/YL-M-174/YL-M-174-S06_SUCCESS.png,PAGE,,960dc5674a354153
YL-M-174-S07_PERMISSION_DENIED,YL-M-174,ADMIN,安全与审计/审批,PERMISSION_DENIED,权限不足,不泄露资源存在性，说明所需权限或返回。,back_or_request_access,P12-007,P12,P12-W02,YL-M-174-S07_PERMISSION_DENIED,ui/mockups/admin/YL-M-174/YL-M-174-S07_PERMISSION_DENIED.png,PAGE,,960dc5674a354153
YL-M-174-S08_SERVER_ERROR,YL-M-174,ADMIN,安全与审计/审批,SERVER_ERROR,服务异常,服务端 5xx，显示请求 ID，不暴露堆栈。,retry_or_status,P12-007,P12,P12-W02,YL-M-174-S08_SERVER_ERROR,ui/mockups/admin/YL-M-174/YL-M-174-S08_SERVER_ERROR.png,PAGE,,960dc5674a354153
YL-M-175-S01_LOADING,YL-M-175,ADMIN,可观测性/指标,LOADING,加载中,使用与最终布局一致的 Skeleton，禁止无限 Loading。,automatic_or_retry,P12-008,P12,P12-W02,YL-M-175-S01_LOADING,ui/mockups/admin/YL-M-175/YL-M-175-S01_LOADING.png,PAGE,,12e11c6660e25ba5
YL-M-175-S02_POPULATED,YL-M-175,ADMIN,可观测性/指标,POPULATED,有数据,真实结构化数据已加载。,none,P12-008,P12,P12-W02,YL-M-175-S02_POPULATED,ui/mockups/admin/YL-M-175/YL-M-175-S02_POPULATED.png,PAGE,,12e11c6660e25ba5
YL-M-175-S03_EMPTY,YL-M-175,ADMIN,可观测性/指标,EMPTY,空数据,显示原因、下一步和主操作；不得使用伪造内容填满。,primary_action_or_refresh,P12-008,P12,P12-W02,YL-M-175-S03_EMPTY,ui/mockups/admin/YL-M-175/YL-M-175-S03_EMPTY.png,PAGE,,12e11c6660e25ba5
YL-M-175-S04_FILTER_ACTIVE,YL-M-175,ADMIN,可观测性/指标,FILTER_ACTIVE,筛选生效,清晰展示筛选条件和结果数量。,clear_filter,P12-008,P12,P12-W02,YL-M-175-S04_FILTER_ACTIVE,ui/mockups/admin/YL-M-175/YL-M-175-S04_FILTER_ACTIVE.png,PAGE,,12e11c6660e25ba5
YL-M-175-S05_PARTIAL_DATA,YL-M-175,ADMIN,可观测性/指标,PARTIAL_DATA,部分数据,明确哪些数据源不可用以及统计截止时间。,retry_source,P12-008,P12,P12-W02,YL-M-175-S05_PARTIAL_DATA,ui/mockups/admin/YL-M-175/YL-M-175-S05_PARTIAL_DATA.png,PAGE,,12e11c6660e25ba5
YL-M-175-S06_PERMISSION_DENIED,YL-M-175,ADMIN,可观测性/指标,PERMISSION_DENIED,权限不足,不泄露资源存在性，说明所需权限或返回。,back_or_request_access,P12-008,P12,P12-W02,YL-M-175-S06_PERMISSION_DENIED,ui/mockups/admin/YL-M-175/YL-M-175-S06_PERMISSION_DENIED.png,PAGE,,12e11c6660e25ba5
YL-M-175-S07_SERVER_ERROR,YL-M-175,ADMIN,可观测性/指标,SERVER_ERROR,服务异常,服务端 5xx，显示请求 ID，不暴露堆栈。,retry_or_status,P12-008,P12,P12-W02,YL-M-175-S07_SERVER_ERROR,ui/mockups/admin/YL-M-175/YL-M-175-S07_SERVER_ERROR.png,PAGE,,12e11c6660e25ba5
YL-M-176-S01_LOADING,YL-M-176,ADMIN,可观测性/日志,LOADING,加载中,使用与最终布局一致的 Skeleton，禁止无限 Loading。,automatic_or_retry,P12-009,P12,P12-W02,YL-M-176-S01_LOADING,ui/mockups/admin/YL-M-176/YL-M-176-S01_LOADING.png,PAGE,,d0a3de5a83fb74ec
YL-M-176-S02_POPULATED,YL-M-176,ADMIN,可观测性/日志,POPULATED,有数据,真实结构化数据已加载。,none,P12-009,P12,P12-W02,YL-M-176-S02_POPULATED,ui/mockups/admin/YL-M-176/YL-M-176-S02_POPULATED.png,PAGE,,d0a3de5a83fb74ec
YL-M-176-S03_EMPTY,YL-M-176,ADMIN,可观测性/日志,EMPTY,空数据,显示原因、下一步和主操作；不得使用伪造内容填满。,primary_action_or_refresh,P12-009,P12,P12-W02,YL-M-176-S03_EMPTY,ui/mockups/admin/YL-M-176/YL-M-176-S03_EMPTY.png,PAGE,,d0a3de5a83fb74ec
YL-M-176-S04_FILTER_ACTIVE,YL-M-176,ADMIN,可观测性/日志,FILTER_ACTIVE,筛选生效,清晰展示筛选条件和结果数量。,clear_filter,P12-009,P12,P12-W02,YL-M-176-S04_FILTER_ACTIVE,ui/mockups/admin/YL-M-176/YL-M-176-S04_FILTER_ACTIVE.png,PAGE,,d0a3de5a83fb74ec
YL-M-176-S05_PARTIAL_DATA,YL-M-176,ADMIN,可观测性/日志,PARTIAL_DATA,部分数据,明确哪些数据源不可用以及统计截止时间。,retry_source,P12-009,P12,P12-W02,YL-M-176-S05_PARTIAL_DATA,ui/mockups/admin/YL-M-176/YL-M-176-S05_PARTIAL_DATA.png,PAGE,,d0a3de5a83fb74ec
YL-M-176-S06_PERMISSION_DENIED,YL-M-176,ADMIN,可观测性/日志,PERMISSION_DENIED,权限不足,不泄露资源存在性，说明所需权限或返回。,back_or_request_access,P12-009,P12,P12-W02,YL-M-176-S06_PERMISSION_DENIED,ui/mockups/admin/YL-M-176/YL-M-176-S06_PERMISSION_DENIED.png,PAGE,,d0a3de5a83fb74ec
YL-M-176-S07_SERVER_ERROR,YL-M-176,ADMIN,可观测性/日志,SERVER_ERROR,服务异常,服务端 5xx，显示请求 ID，不暴露堆栈。,retry_or_status,P12-009,P12,P12-W02,YL-M-176-S07_SERVER_ERROR,ui/mockups/admin/YL-M-176/YL-M-176-S07_SERVER_ERROR.png,PAGE,,d0a3de5a83fb74ec
YL-M-177-S01_LOADING,YL-M-177,ADMIN,可观测性/链路,LOADING,加载中,使用与最终布局一致的 Skeleton，禁止无限 Loading。,automatic_or_retry,P12-010,P12,P12-W02,YL-M-177-S01_LOADING,ui/mockups/admin/YL-M-177/YL-M-177-S01_LOADING.png,PAGE,,e9b872ac8c4a29c7
YL-M-177-S02_POPULATED,YL-M-177,ADMIN,可观测性/链路,POPULATED,有数据,真实结构化数据已加载。,none,P12-010,P12,P12-W02,YL-M-177-S02_POPULATED,ui/mockups/admin/YL-M-177/YL-M-177-S02_POPULATED.png,PAGE,,e9b872ac8c4a29c7
YL-M-177-S03_EMPTY,YL-M-177,ADMIN,可观测性/链路,EMPTY,空数据,显示原因、下一步和主操作；不得使用伪造内容填满。,primary_action_or_refresh,P12-010,P12,P12-W02,YL-M-177-S03_EMPTY,ui/mockups/admin/YL-M-177/YL-M-177-S03_EMPTY.png,PAGE,,e9b872ac8c4a29c7
YL-M-177-S04_FILTER_ACTIVE,YL-M-177,ADMIN,可观测性/链路,FILTER_ACTIVE,筛选生效,清晰展示筛选条件和结果数量。,clear_filter,P12-010,P12,P12-W02,YL-M-177-S04_FILTER_ACTIVE,ui/mockups/admin/YL-M-177/YL-M-177-S04_FILTER_ACTIVE.png,PAGE,,e9b872ac8c4a29c7
YL-M-177-S05_PARTIAL_DATA,YL-M-177,ADMIN,可观测性/链路,PARTIAL_DATA,部分数据,明确哪些数据源不可用以及统计截止时间。,retry_source,P12-010,P12,P12-W02,YL-M-177-S05_PARTIAL_DATA,ui/mockups/admin/YL-M-177/YL-M-177-S05_PARTIAL_DATA.png,PAGE,,e9b872ac8c4a29c7
YL-M-177-S06_PERMISSION_DENIED,YL-M-177,ADMIN,可观测性/链路,PERMISSION_DENIED,权限不足,不泄露资源存在性，说明所需权限或返回。,back_or_request_access,P12-010,P12,P12-W02,YL-M-177-S06_PERMISSION_DENIED,ui/mockups/admin/YL-M-177/YL-M-177-S06_PERMISSION_DENIED.png,PAGE,,e9b872ac8c4a29c7
YL-M-177-S07_SERVER_ERROR,YL-M-177,ADMIN,可观测性/链路,SERVER_ERROR,服务异常,服务端 5xx，显示请求 ID，不暴露堆栈。,retry_or_status,P12-010,P12,P12-W02,YL-M-177-S07_SERVER_ERROR,ui/mockups/admin/YL-M-177/YL-M-177-S07_SERVER_ERROR.png,PAGE,,e9b872ac8c4a29c7
YL-M-178-S01_LOADING,YL-M-178,ADMIN,可观测性/告警,LOADING,加载中,使用与最终布局一致的 Skeleton，禁止无限 Loading。,automatic_or_retry,P12-011,P12,P12-W03,YL-M-178-S01_LOADING,ui/mockups/admin/YL-M-178/YL-M-178-S01_LOADING.png,PAGE,,19369598caff76a9
YL-M-178-S02_POPULATED,YL-M-178,ADMIN,可观测性/告警,POPULATED,有数据,真实结构化数据已加载。,none,P12-011,P12,P12-W03,YL-M-178-S02_POPULATED,ui/mockups/admin/YL-M-178/YL-M-178-S02_POPULATED.png,PAGE,,19369598caff76a9
YL-M-178-S03_EMPTY,YL-M-178,ADMIN,可观测性/告警,EMPTY,空数据,显示原因、下一步和主操作；不得使用伪造内容填满。,primary_action_or_refresh,P12-011,P12,P12-W03,YL-M-178-S03_EMPTY,ui/mockups/admin/YL-M-178/YL-M-178-S03_EMPTY.png,PAGE,,19369598caff76a9
YL-M-178-S04_FILTER_ACTIVE,YL-M-178,ADMIN,可观测性/告警,FILTER_ACTIVE,筛选生效,清晰展示筛选条件和结果数量。,clear_filter,P12-011,P12,P12-W03,YL-M-178-S04_FILTER_ACTIVE,ui/mockups/admin/YL-M-178/YL-M-178-S04_FILTER_ACTIVE.png,PAGE,,19369598caff76a9
YL-M-178-S05_PARTIAL_DATA,YL-M-178,ADMIN,可观测性/告警,PARTIAL_DATA,部分数据,明确哪些数据源不可用以及统计截止时间。,retry_source,P12-011,P12,P12-W03,YL-M-178-S05_PARTIAL_DATA,ui/mockups/admin/YL-M-178/YL-M-178-S05_PARTIAL_DATA.png,PAGE,,19369598caff76a9
YL-M-178-S06_PERMISSION_DENIED,YL-M-178,ADMIN,可观测性/告警,PERMISSION_DENIED,权限不足,不泄露资源存在性，说明所需权限或返回。,back_or_request_access,P12-011,P12,P12-W03,YL-M-178-S06_PERMISSION_DENIED,ui/mockups/admin/YL-M-178/YL-M-178-S06_PERMISSION_DENIED.png,PAGE,,19369598caff76a9
YL-M-178-S07_SERVER_ERROR,YL-M-178,ADMIN,可观测性/告警,SERVER_ERROR,服务异常,服务端 5xx，显示请求 ID，不暴露堆栈。,retry_or_status,P12-011,P12,P12-W03,YL-M-178-S07_SERVER_ERROR,ui/mockups/admin/YL-M-178/YL-M-178-S07_SERVER_ERROR.png,PAGE,,19369598caff76a9
YL-M-179-S01_LOADING,YL-M-179,ADMIN,可观测性/事故,LOADING,加载中,使用与最终布局一致的 Skeleton，禁止无限 Loading。,automatic_or_retry,P12-012,P12,P12-W03,YL-M-179-S01_LOADING,ui/mockups/admin/YL-M-179/YL-M-179-S01_LOADING.png,PAGE,,cc062e7e0ab98a1f
YL-M-179-S02_POPULATED,YL-M-179,ADMIN,可观测性/事故,POPULATED,有数据,真实结构化数据已加载。,none,P12-012,P12,P12-W03,YL-M-179-S02_POPULATED,ui/mockups/admin/YL-M-179/YL-M-179-S02_POPULATED.png,PAGE,,cc062e7e0ab98a1f
YL-M-179-S03_EMPTY,YL-M-179,ADMIN,可观测性/事故,EMPTY,空数据,显示原因、下一步和主操作；不得使用伪造内容填满。,primary_action_or_refresh,P12-012,P12,P12-W03,YL-M-179-S03_EMPTY,ui/mockups/admin/YL-M-179/YL-M-179-S03_EMPTY.png,PAGE,,cc062e7e0ab98a1f
YL-M-179-S04_FILTER_ACTIVE,YL-M-179,ADMIN,可观测性/事故,FILTER_ACTIVE,筛选生效,清晰展示筛选条件和结果数量。,clear_filter,P12-012,P12,P12-W03,YL-M-179-S04_FILTER_ACTIVE,ui/mockups/admin/YL-M-179/YL-M-179-S04_FILTER_ACTIVE.png,PAGE,,cc062e7e0ab98a1f
YL-M-179-S05_PARTIAL_DATA,YL-M-179,ADMIN,可观测性/事故,PARTIAL_DATA,部分数据,明确哪些数据源不可用以及统计截止时间。,retry_source,P12-012,P12,P12-W03,YL-M-179-S05_PARTIAL_DATA,ui/mockups/admin/YL-M-179/YL-M-179-S05_PARTIAL_DATA.png,PAGE,,cc062e7e0ab98a1f
YL-M-179-S06_PERMISSION_DENIED,YL-M-179,ADMIN,可观测性/事故,PERMISSION_DENIED,权限不足,不泄露资源存在性，说明所需权限或返回。,back_or_request_access,P12-012,P12,P12-W03,YL-M-179-S06_PERMISSION_DENIED,ui/mockups/admin/YL-M-179/YL-M-179-S06_PERMISSION_DENIED.png,PAGE,,cc062e7e0ab98a1f
YL-M-179-S07_SERVER_ERROR,YL-M-179,ADMIN,可观测性/事故,SERVER_ERROR,服务异常,服务端 5xx，显示请求 ID，不暴露堆栈。,retry_or_status,P12-012,P12,P12-W03,YL-M-179-S07_SERVER_ERROR,ui/mockups/admin/YL-M-179/YL-M-179-S07_SERVER_ERROR.png,PAGE,,cc062e7e0ab98a1f
YL-M-180-S01_LOADING,YL-M-180,ADMIN,可观测性/压测,LOADING,加载中,使用与最终布局一致的 Skeleton，禁止无限 Loading。,automatic_or_retry,P12-013|P12-014|P12-015,P12,P12-W03,YL-M-180-S01_LOADING,ui/mockups/admin/YL-M-180/YL-M-180-S01_LOADING.png,PAGE,,9ecab4c2b4fd4644
YL-M-180-S02_POPULATED,YL-M-180,ADMIN,可观测性/压测,POPULATED,有数据,真实结构化数据已加载。,none,P12-013|P12-014|P12-015,P12,P12-W03,YL-M-180-S02_POPULATED,ui/mockups/admin/YL-M-180/YL-M-180-S02_POPULATED.png,PAGE,,9ecab4c2b4fd4644
YL-M-180-S03_EMPTY,YL-M-180,ADMIN,可观测性/压测,EMPTY,空数据,显示原因、下一步和主操作；不得使用伪造内容填满。,primary_action_or_refresh,P12-013|P12-014|P12-015,P12,P12-W03,YL-M-180-S03_EMPTY,ui/mockups/admin/YL-M-180/YL-M-180-S03_EMPTY.png,PAGE,,9ecab4c2b4fd4644
YL-M-180-S04_FILTER_ACTIVE,YL-M-180,ADMIN,可观测性/压测,FILTER_ACTIVE,筛选生效,清晰展示筛选条件和结果数量。,clear_filter,P12-013|P12-014|P12-015,P12,P12-W03,YL-M-180-S04_FILTER_ACTIVE,ui/mockups/admin/YL-M-180/YL-M-180-S04_FILTER_ACTIVE.png,PAGE,,9ecab4c2b4fd4644
YL-M-180-S05_PARTIAL_DATA,YL-M-180,ADMIN,可观测性/压测,PARTIAL_DATA,部分数据,明确哪些数据源不可用以及统计截止时间。,retry_source,P12-013|P12-014|P12-015,P12,P12-W03,YL-M-180-S05_PARTIAL_DATA,ui/mockups/admin/YL-M-180/YL-M-180-S05_PARTIAL_DATA.png,PAGE,,9ecab4c2b4fd4644
YL-M-180-S06_PERMISSION_DENIED,YL-M-180,ADMIN,可观测性/压测,PERMISSION_DENIED,权限不足,不泄露资源存在性，说明所需权限或返回。,back_or_request_access,P12-013|P12-014|P12-015,P12,P12-W03,YL-M-180-S06_PERMISSION_DENIED,ui/mockups/admin/YL-M-180/YL-M-180-S06_PERMISSION_DENIED.png,PAGE,,9ecab4c2b4fd4644
YL-M-180-S07_SERVER_ERROR,YL-M-180,ADMIN,可观测性/压测,SERVER_ERROR,服务异常,服务端 5xx，显示请求 ID，不暴露堆栈。,retry_or_status,P12-013|P12-014|P12-015,P12,P12-W03,YL-M-180-S07_SERVER_ERROR,ui/mockups/admin/YL-M-180/YL-M-180-S07_SERVER_ERROR.png,PAGE,,9ecab4c2b4fd4644
YL-M-181-S01_LOADING,YL-M-181,ADMIN,可观测性/数据库,LOADING,加载中,使用与最终布局一致的 Skeleton，禁止无限 Loading。,automatic_or_retry,P12-017,P12,P12-W04,YL-M-181-S01_LOADING,ui/mockups/admin/YL-M-181/YL-M-181-S01_LOADING.png,PAGE,,81801d285f92d5a6
YL-M-181-S02_POPULATED,YL-M-181,ADMIN,可观测性/数据库,POPULATED,有数据,真实结构化数据已加载。,none,P12-017,P12,P12-W04,YL-M-181-S02_POPULATED,ui/mockups/admin/YL-M-181/YL-M-181-S02_POPULATED.png,PAGE,,81801d285f92d5a6
YL-M-181-S03_EMPTY,YL-M-181,ADMIN,可观测性/数据库,EMPTY,空数据,显示原因、下一步和主操作；不得使用伪造内容填满。,primary_action_or_refresh,P12-017,P12,P12-W04,YL-M-181-S03_EMPTY,ui/mockups/admin/YL-M-181/YL-M-181-S03_EMPTY.png,PAGE,,81801d285f92d5a6
YL-M-181-S04_FILTER_ACTIVE,YL-M-181,ADMIN,可观测性/数据库,FILTER_ACTIVE,筛选生效,清晰展示筛选条件和结果数量。,clear_filter,P12-017,P12,P12-W04,YL-M-181-S04_FILTER_ACTIVE,ui/mockups/admin/YL-M-181/YL-M-181-S04_FILTER_ACTIVE.png,PAGE,,81801d285f92d5a6
YL-M-181-S05_BULK_SELECTED,YL-M-181,ADMIN,可观测性/数据库,BULK_SELECTED,批量选择,显示已选数量和允许的批量动作。,clear_selection,P12-017,P12,P12-W04,YL-M-181-S05_BULK_SELECTED,ui/mockups/admin/YL-M-181/YL-M-181-S05_BULK_SELECTED.png,PAGE,,81801d285f92d5a6
YL-M-181-S06_PERMISSION_DENIED,YL-M-181,ADMIN,可观测性/数据库,PERMISSION_DENIED,权限不足,不泄露资源存在性，说明所需权限或返回。,back_or_request_access,P12-017,P12,P12-W04,YL-M-181-S06_PERMISSION_DENIED,ui/mockups/admin/YL-M-181/YL-M-181-S06_PERMISSION_DENIED.png,PAGE,,81801d285f92d5a6
YL-M-181-S07_NETWORK_ERROR,YL-M-181,ADMIN,可观测性/数据库,NETWORK_ERROR,网络连接失败,网络不可达或 DNS/TLS 失败，提供重试。,retry,P12-017,P12,P12-W04,YL-M-181-S07_NETWORK_ERROR,ui/mockups/admin/YL-M-181/YL-M-181-S07_NETWORK_ERROR.png,PAGE,,81801d285f92d5a6
YL-M-181-S08_SERVER_ERROR,YL-M-181,ADMIN,可观测性/数据库,SERVER_ERROR,服务异常,服务端 5xx，显示请求 ID，不暴露堆栈。,retry_or_status,P12-017,P12,P12-W04,YL-M-181-S08_SERVER_ERROR,ui/mockups/admin/YL-M-181/YL-M-181-S08_SERVER_ERROR.png,PAGE,,81801d285f92d5a6
YL-M-182-S01_LOADING,YL-M-182,ADMIN,可观测性/恢复演练,LOADING,加载中,使用与最终布局一致的 Skeleton，禁止无限 Loading。,automatic_or_retry,P12-018|P12-019|P12-022|P13-005,P12|P13,P12-W04|P12-W05|P13-W01,YL-M-182-S01_LOADING,ui/mockups/admin/YL-M-182/YL-M-182-S01_LOADING.png,PAGE,,a26ae3299f006cde
YL-M-182-S02_POPULATED,YL-M-182,ADMIN,可观测性/恢复演练,POPULATED,有数据,真实结构化数据已加载。,none,P12-018|P12-019|P12-022|P13-005,P12|P13,P12-W04|P12-W05|P13-W01,YL-M-182-S02_POPULATED,ui/mockups/admin/YL-M-182/YL-M-182-S02_POPULATED.png,PAGE,,a26ae3299f006cde
YL-M-182-S03_EMPTY,YL-M-182,ADMIN,可观测性/恢复演练,EMPTY,空数据,显示原因、下一步和主操作；不得使用伪造内容填满。,primary_action_or_refresh,P12-018|P12-019|P12-022|P13-005,P12|P13,P12-W04|P12-W05|P13-W01,YL-M-182-S03_EMPTY,ui/mockups/admin/YL-M-182/YL-M-182-S03_EMPTY.png,PAGE,,a26ae3299f006cde
YL-M-182-S04_FILTER_ACTIVE,YL-M-182,ADMIN,可观测性/恢复演练,FILTER_ACTIVE,筛选生效,清晰展示筛选条件和结果数量。,clear_filter,P12-018|P12-019|P12-022|P13-005,P12|P13,P12-W04|P12-W05|P13-W01,YL-M-182-S04_FILTER_ACTIVE,ui/mockups/admin/YL-M-182/YL-M-182-S04_FILTER_ACTIVE.png,PAGE,,a26ae3299f006cde
YL-M-182-S05_BULK_SELECTED,YL-M-182,ADMIN,可观测性/恢复演练,BULK_SELECTED,批量选择,显示已选数量和允许的批量动作。,clear_selection,P12-018|P12-019|P12-022|P13-005,P12|P13,P12-W04|P12-W05|P13-W01,YL-M-182-S05_BULK_SELECTED,ui/mockups/admin/YL-M-182/YL-M-182-S05_BULK_SELECTED.png,PAGE,,a26ae3299f006cde
YL-M-182-S06_PERMISSION_DENIED,YL-M-182,ADMIN,可观测性/恢复演练,PERMISSION_DENIED,权限不足,不泄露资源存在性，说明所需权限或返回。,back_or_request_access,P12-018|P12-019|P12-022|P13-005,P12|P13,P12-W04|P12-W05|P13-W01,YL-M-182-S06_PERMISSION_DENIED,ui/mockups/admin/YL-M-182/YL-M-182-S06_PERMISSION_DENIED.png,PAGE,,a26ae3299f006cde
YL-M-182-S07_NETWORK_ERROR,YL-M-182,ADMIN,可观测性/恢复演练,NETWORK_ERROR,网络连接失败,网络不可达或 DNS/TLS 失败，提供重试。,retry,P12-018|P12-019|P12-022|P13-005,P12|P13,P12-W04|P12-W05|P13-W01,YL-M-182-S07_NETWORK_ERROR,ui/mockups/admin/YL-M-182/YL-M-182-S07_NETWORK_ERROR.png,PAGE,,a26ae3299f006cde
YL-M-182-S08_SERVER_ERROR,YL-M-182,ADMIN,可观测性/恢复演练,SERVER_ERROR,服务异常,服务端 5xx，显示请求 ID，不暴露堆栈。,retry_or_status,P12-018|P12-019|P12-022|P13-005,P12|P13,P12-W04|P12-W05|P13-W01,YL-M-182-S08_SERVER_ERROR,ui/mockups/admin/YL-M-182/YL-M-182-S08_SERVER_ERROR.png,PAGE,,a26ae3299f006cde
YL-M-183-S01_LOADING,YL-M-183,ADMIN,文件与存储/生命周期,LOADING,加载中,使用与最终布局一致的 Skeleton，禁止无限 Loading。,automatic_or_retry,P12-020,P12,P12-W04,YL-M-183-S01_LOADING,ui/mockups/admin/YL-M-183/YL-M-183-S01_LOADING.png,PAGE,,1ebda10e4bfe6965
YL-M-183-S02_POPULATED,YL-M-183,ADMIN,文件与存储/生命周期,POPULATED,有数据,真实结构化数据已加载。,none,P12-020,P12,P12-W04,YL-M-183-S02_POPULATED,ui/mockups/admin/YL-M-183/YL-M-183-S02_POPULATED.png,PAGE,,1ebda10e4bfe6965
YL-M-183-S03_EMPTY,YL-M-183,ADMIN,文件与存储/生命周期,EMPTY,空数据,显示原因、下一步和主操作；不得使用伪造内容填满。,primary_action_or_refresh,P12-020,P12,P12-W04,YL-M-183-S03_EMPTY,ui/mockups/admin/YL-M-183/YL-M-183-S03_EMPTY.png,PAGE,,1ebda10e4bfe6965
YL-M-183-S04_FILTER_ACTIVE,YL-M-183,ADMIN,文件与存储/生命周期,FILTER_ACTIVE,筛选生效,清晰展示筛选条件和结果数量。,clear_filter,P12-020,P12,P12-W04,YL-M-183-S04_FILTER_ACTIVE,ui/mockups/admin/YL-M-183/YL-M-183-S04_FILTER_ACTIVE.png,PAGE,,1ebda10e4bfe6965
YL-M-183-S05_BULK_SELECTED,YL-M-183,ADMIN,文件与存储/生命周期,BULK_SELECTED,批量选择,显示已选数量和允许的批量动作。,clear_selection,P12-020,P12,P12-W04,YL-M-183-S05_BULK_SELECTED,ui/mockups/admin/YL-M-183/YL-M-183-S05_BULK_SELECTED.png,PAGE,,1ebda10e4bfe6965
YL-M-183-S06_PERMISSION_DENIED,YL-M-183,ADMIN,文件与存储/生命周期,PERMISSION_DENIED,权限不足,不泄露资源存在性，说明所需权限或返回。,back_or_request_access,P12-020,P12,P12-W04,YL-M-183-S06_PERMISSION_DENIED,ui/mockups/admin/YL-M-183/YL-M-183-S06_PERMISSION_DENIED.png,PAGE,,1ebda10e4bfe6965
YL-M-183-S07_NETWORK_ERROR,YL-M-183,ADMIN,文件与存储/生命周期,NETWORK_ERROR,网络连接失败,网络不可达或 DNS/TLS 失败，提供重试。,retry,P12-020,P12,P12-W04,YL-M-183-S07_NETWORK_ERROR,ui/mockups/admin/YL-M-183/YL-M-183-S07_NETWORK_ERROR.png,PAGE,,1ebda10e4bfe6965
YL-M-183-S08_SERVER_ERROR,YL-M-183,ADMIN,文件与存储/生命周期,SERVER_ERROR,服务异常,服务端 5xx，显示请求 ID，不暴露堆栈。,retry_or_status,P12-020,P12,P12-W04,YL-M-183-S08_SERVER_ERROR,ui/mockups/admin/YL-M-183/YL-M-183-S08_SERVER_ERROR.png,PAGE,,1ebda10e4bfe6965
YL-M-184-S01_LOADING,YL-M-184,ADMIN,可观测性/备份,LOADING,加载中,使用与最终布局一致的 Skeleton，禁止无限 Loading。,automatic_or_retry,P12-021,P12,P12-W05,YL-M-184-S01_LOADING,ui/mockups/admin/YL-M-184/YL-M-184-S01_LOADING.png,PAGE,,280673d18fca4591
YL-M-184-S02_POPULATED,YL-M-184,ADMIN,可观测性/备份,POPULATED,有数据,真实结构化数据已加载。,none,P12-021,P12,P12-W05,YL-M-184-S02_POPULATED,ui/mockups/admin/YL-M-184/YL-M-184-S02_POPULATED.png,PAGE,,280673d18fca4591
YL-M-184-S03_EMPTY,YL-M-184,ADMIN,可观测性/备份,EMPTY,空数据,显示原因、下一步和主操作；不得使用伪造内容填满。,primary_action_or_refresh,P12-021,P12,P12-W05,YL-M-184-S03_EMPTY,ui/mockups/admin/YL-M-184/YL-M-184-S03_EMPTY.png,PAGE,,280673d18fca4591
YL-M-184-S04_FILTER_ACTIVE,YL-M-184,ADMIN,可观测性/备份,FILTER_ACTIVE,筛选生效,清晰展示筛选条件和结果数量。,clear_filter,P12-021,P12,P12-W05,YL-M-184-S04_FILTER_ACTIVE,ui/mockups/admin/YL-M-184/YL-M-184-S04_FILTER_ACTIVE.png,PAGE,,280673d18fca4591
YL-M-184-S05_BULK_SELECTED,YL-M-184,ADMIN,可观测性/备份,BULK_SELECTED,批量选择,显示已选数量和允许的批量动作。,clear_selection,P12-021,P12,P12-W05,YL-M-184-S05_BULK_SELECTED,ui/mockups/admin/YL-M-184/YL-M-184-S05_BULK_SELECTED.png,PAGE,,280673d18fca4591
YL-M-184-S06_PERMISSION_DENIED,YL-M-184,ADMIN,可观测性/备份,PERMISSION_DENIED,权限不足,不泄露资源存在性，说明所需权限或返回。,back_or_request_access,P12-021,P12,P12-W05,YL-M-184-S06_PERMISSION_DENIED,ui/mockups/admin/YL-M-184/YL-M-184-S06_PERMISSION_DENIED.png,PAGE,,280673d18fca4591
YL-M-184-S07_NETWORK_ERROR,YL-M-184,ADMIN,可观测性/备份,NETWORK_ERROR,网络连接失败,网络不可达或 DNS/TLS 失败，提供重试。,retry,P12-021,P12,P12-W05,YL-M-184-S07_NETWORK_ERROR,ui/mockups/admin/YL-M-184/YL-M-184-S07_NETWORK_ERROR.png,PAGE,,280673d18fca4591
YL-M-184-S08_SERVER_ERROR,YL-M-184,ADMIN,可观测性/备份,SERVER_ERROR,服务异常,服务端 5xx，显示请求 ID，不暴露堆栈。,retry_or_status,P12-021,P12,P12-W05,YL-M-184-S08_SERVER_ERROR,ui/mockups/admin/YL-M-184/YL-M-184-S08_SERVER_ERROR.png,PAGE,,280673d18fca4591
YL-M-185-S01_LOADING,YL-M-185,ADMIN,安全与审计/隐私请求,LOADING,加载中,使用与最终布局一致的 Skeleton，禁止无限 Loading。,automatic_or_retry,P12-023,P12,P12-W05,YL-M-185-S01_LOADING,ui/mockups/admin/YL-M-185/YL-M-185-S01_LOADING.png,PAGE,,70f6f0f83f59cdeb
YL-M-185-S02_POPULATED,YL-M-185,ADMIN,安全与审计/隐私请求,POPULATED,有数据,真实结构化数据已加载。,none,P12-023,P12,P12-W05,YL-M-185-S02_POPULATED,ui/mockups/admin/YL-M-185/YL-M-185-S02_POPULATED.png,PAGE,,70f6f0f83f59cdeb
YL-M-185-S03_EMPTY,YL-M-185,ADMIN,安全与审计/隐私请求,EMPTY,空数据,显示原因、下一步和主操作；不得使用伪造内容填满。,primary_action_or_refresh,P12-023,P12,P12-W05,YL-M-185-S03_EMPTY,ui/mockups/admin/YL-M-185/YL-M-185-S03_EMPTY.png,PAGE,,70f6f0f83f59cdeb
YL-M-185-S04_BULK_SELECTED,YL-M-185,ADMIN,安全与审计/隐私请求,BULK_SELECTED,批量选择,显示已选数量和允许的批量动作。,clear_selection,P12-023,P12,P12-W05,YL-M-185-S04_BULK_SELECTED,ui/mockups/admin/YL-M-185/YL-M-185-S04_BULK_SELECTED.png,PAGE,,70f6f0f83f59cdeb
YL-M-185-S05_SUBMITTING,YL-M-185,ADMIN,安全与审计/隐私请求,SUBMITTING,提交中,主按钮保留尺寸并显示进度，禁止重复提交。,wait_or_cancel_if_supported,P12-023,P12,P12-W05,YL-M-185-S05_SUBMITTING,ui/mockups/admin/YL-M-185/YL-M-185-S05_SUBMITTING.png,PAGE,,70f6f0f83f59cdeb
YL-M-185-S06_SUCCESS,YL-M-185,ADMIN,安全与审计/隐私请求,SUCCESS,操作成功,使用 Snackbar、结果页或成功卡，按合同给出下一步。,continue,P12-023,P12,P12-W05,YL-M-185-S06_SUCCESS,ui/mockups/admin/YL-M-185/YL-M-185-S06_SUCCESS.png,PAGE,,70f6f0f83f59cdeb
YL-M-185-S07_PERMISSION_DENIED,YL-M-185,ADMIN,安全与审计/隐私请求,PERMISSION_DENIED,权限不足,不泄露资源存在性，说明所需权限或返回。,back_or_request_access,P12-023,P12,P12-W05,YL-M-185-S07_PERMISSION_DENIED,ui/mockups/admin/YL-M-185/YL-M-185-S07_PERMISSION_DENIED.png,PAGE,,70f6f0f83f59cdeb
YL-M-185-S08_SERVER_ERROR,YL-M-185,ADMIN,安全与审计/隐私请求,SERVER_ERROR,服务异常,服务端 5xx，显示请求 ID，不暴露堆栈。,retry_or_status,P12-023,P12,P12-W05,YL-M-185-S08_SERVER_ERROR,ui/mockups/admin/YL-M-185/YL-M-185-S08_SERVER_ERROR.png,PAGE,,70f6f0f83f59cdeb
YL-M-186-S01_LOADING,YL-M-186,ADMIN,系统设置/数据保留,LOADING,加载中,使用与最终布局一致的 Skeleton，禁止无限 Loading。,automatic_or_retry,P12-024,P12,P12-W05,YL-M-186-S01_LOADING,ui/mockups/admin/YL-M-186/YL-M-186-S01_LOADING.png,PAGE,,5dbf60e7f71cf982
YL-M-186-S02_POPULATED,YL-M-186,ADMIN,系统设置/数据保留,POPULATED,有数据,真实结构化数据已加载。,none,P12-024,P12,P12-W05,YL-M-186-S02_POPULATED,ui/mockups/admin/YL-M-186/YL-M-186-S02_POPULATED.png,PAGE,,5dbf60e7f71cf982
YL-M-186-S03_EMPTY,YL-M-186,ADMIN,系统设置/数据保留,EMPTY,空数据,显示原因、下一步和主操作；不得使用伪造内容填满。,primary_action_or_refresh,P12-024,P12,P12-W05,YL-M-186-S03_EMPTY,ui/mockups/admin/YL-M-186/YL-M-186-S03_EMPTY.png,PAGE,,5dbf60e7f71cf982
YL-M-186-S04_FILTER_ACTIVE,YL-M-186,ADMIN,系统设置/数据保留,FILTER_ACTIVE,筛选生效,清晰展示筛选条件和结果数量。,clear_filter,P12-024,P12,P12-W05,YL-M-186-S04_FILTER_ACTIVE,ui/mockups/admin/YL-M-186/YL-M-186-S04_FILTER_ACTIVE.png,PAGE,,5dbf60e7f71cf982
YL-M-186-S05_BULK_SELECTED,YL-M-186,ADMIN,系统设置/数据保留,BULK_SELECTED,批量选择,显示已选数量和允许的批量动作。,clear_selection,P12-024,P12,P12-W05,YL-M-186-S05_BULK_SELECTED,ui/mockups/admin/YL-M-186/YL-M-186-S05_BULK_SELECTED.png,PAGE,,5dbf60e7f71cf982
YL-M-186-S06_PERMISSION_DENIED,YL-M-186,ADMIN,系统设置/数据保留,PERMISSION_DENIED,权限不足,不泄露资源存在性，说明所需权限或返回。,back_or_request_access,P12-024,P12,P12-W05,YL-M-186-S06_PERMISSION_DENIED,ui/mockups/admin/YL-M-186/YL-M-186-S06_PERMISSION_DENIED.png,PAGE,,5dbf60e7f71cf982
YL-M-186-S07_NETWORK_ERROR,YL-M-186,ADMIN,系统设置/数据保留,NETWORK_ERROR,网络连接失败,网络不可达或 DNS/TLS 失败，提供重试。,retry,P12-024,P12,P12-W05,YL-M-186-S07_NETWORK_ERROR,ui/mockups/admin/YL-M-186/YL-M-186-S07_NETWORK_ERROR.png,PAGE,,5dbf60e7f71cf982
YL-M-186-S08_SERVER_ERROR,YL-M-186,ADMIN,系统设置/数据保留,SERVER_ERROR,服务异常,服务端 5xx，显示请求 ID，不暴露堆栈。,retry_or_status,P12-024,P12,P12-W05,YL-M-186-S08_SERVER_ERROR,ui/mockups/admin/YL-M-186/YL-M-186-S08_SERVER_ERROR.png,PAGE,,5dbf60e7f71cf982
YL-M-187-S01_LOADING,YL-M-187,ADMIN,可观测性/运行手册,LOADING,加载中,使用与最终布局一致的 Skeleton，禁止无限 Loading。,automatic_or_retry,P12-025,P12,P12-W05,YL-M-187-S01_LOADING,ui/mockups/admin/YL-M-187/YL-M-187-S01_LOADING.png,PAGE,,a26dcd32492adec7
YL-M-187-S02_POPULATED,YL-M-187,ADMIN,可观测性/运行手册,POPULATED,有数据,真实结构化数据已加载。,none,P12-025,P12,P12-W05,YL-M-187-S02_POPULATED,ui/mockups/admin/YL-M-187/YL-M-187-S02_POPULATED.png,PAGE,,a26dcd32492adec7
YL-M-187-S03_EDIT_MODE,YL-M-187,ADMIN,可观测性/运行手册,EDIT_MODE,编辑状态,可编辑字段与只读字段明显区分。,save_or_cancel,P12-025,P12,P12-W05,YL-M-187-S03_EDIT_MODE,ui/mockups/admin/YL-M-187/YL-M-187-S03_EDIT_MODE.png,PAGE,,a26dcd32492adec7
YL-M-187-S04_VALIDATION_ERROR,YL-M-187,ADMIN,可观测性/运行手册,VALIDATION_ERROR,表单校验失败,字段级错误紧邻字段，首个错误获得焦点。,correct_input,P12-025,P12,P12-W05,YL-M-187-S04_VALIDATION_ERROR,ui/mockups/admin/YL-M-187/YL-M-187-S04_VALIDATION_ERROR.png,PAGE,,a26dcd32492adec7
YL-M-187-S05_DIRTY,YL-M-187,ADMIN,可观测性/运行手册,DIRTY,存在未保存修改,离开或关闭前必须确认。,save_or_discard,P12-025,P12,P12-W05,YL-M-187-S05_DIRTY,ui/mockups/admin/YL-M-187/YL-M-187-S05_DIRTY.png,PAGE,,a26dcd32492adec7
YL-M-187-S06_SUBMITTING,YL-M-187,ADMIN,可观测性/运行手册,SUBMITTING,提交中,主按钮保留尺寸并显示进度，禁止重复提交。,wait_or_cancel_if_supported,P12-025,P12,P12-W05,YL-M-187-S06_SUBMITTING,ui/mockups/admin/YL-M-187/YL-M-187-S06_SUBMITTING.png,PAGE,,a26dcd32492adec7
YL-M-187-S07_SAVE_SUCCESS,YL-M-187,ADMIN,可观测性/运行手册,SAVE_SUCCESS,保存成功,保存结果明确且数据回读一致。,continue,P12-025,P12,P12-W05,YL-M-187-S07_SAVE_SUCCESS,ui/mockups/admin/YL-M-187/YL-M-187-S07_SAVE_SUCCESS.png,PAGE,,a26dcd32492adec7
YL-M-187-S08_VERSION_CONFLICT,YL-M-187,ADMIN,可观测性/运行手册,VERSION_CONFLICT,版本冲突,显示当前版本与服务器版本，禁止静默覆盖。,reload_compare_or_force_with_permission,P12-025,P12,P12-W05,YL-M-187-S08_VERSION_CONFLICT,ui/mockups/admin/YL-M-187/YL-M-187-S08_VERSION_CONFLICT.png,PAGE,,a26dcd32492adec7
YL-M-187-S09_ROLLBACK_CONFIRM,YL-M-187,ADMIN,可观测性/运行手册,ROLLBACK_CONFIRM,确认回滚,列出目标版本、影响和审计原因。,confirm_or_cancel,P12-025,P12,P12-W05,YL-M-187-S09_ROLLBACK_CONFIRM,ui/mockups/admin/YL-M-187/YL-M-187-S09_ROLLBACK_CONFIRM.png,PAGE,,a26dcd32492adec7
YL-M-187-S10_PERMISSION_DENIED,YL-M-187,ADMIN,可观测性/运行手册,PERMISSION_DENIED,权限不足,不泄露资源存在性，说明所需权限或返回。,back_or_request_access,P12-025,P12,P12-W05,YL-M-187-S10_PERMISSION_DENIED,ui/mockups/admin/YL-M-187/YL-M-187-S10_PERMISSION_DENIED.png,PAGE,,a26dcd32492adec7
YL-M-187-S11_SERVER_ERROR,YL-M-187,ADMIN,可观测性/运行手册,SERVER_ERROR,服务异常,服务端 5xx，显示请求 ID，不暴露堆栈。,retry_or_status,P12-025,P12,P12-W05,YL-M-187-S11_SERVER_ERROR,ui/mockups/admin/YL-M-187/YL-M-187-S11_SERVER_ERROR.png,PAGE,,a26dcd32492adec7
YL-M-188-S01_LOADING,YL-M-188,ADMIN,质量与发布/测试,LOADING,加载中,使用与最终布局一致的 Skeleton，禁止无限 Loading。,automatic_or_retry,P13-001,P13,P13-W01,YL-M-188-S01_LOADING,ui/mockups/admin/YL-M-188/YL-M-188-S01_LOADING.png,PAGE,,843ff5ff9d4c11b6
YL-M-188-S02_POPULATED,YL-M-188,ADMIN,质量与发布/测试,POPULATED,有数据,真实结构化数据已加载。,none,P13-001,P13,P13-W01,YL-M-188-S02_POPULATED,ui/mockups/admin/YL-M-188/YL-M-188-S02_POPULATED.png,PAGE,,843ff5ff9d4c11b6
YL-M-188-S03_EMPTY,YL-M-188,ADMIN,质量与发布/测试,EMPTY,空数据,显示原因、下一步和主操作；不得使用伪造内容填满。,primary_action_or_refresh,P13-001,P13,P13-W01,YL-M-188-S03_EMPTY,ui/mockups/admin/YL-M-188/YL-M-188-S03_EMPTY.png,PAGE,,843ff5ff9d4c11b6
YL-M-188-S04_FILTER_ACTIVE,YL-M-188,ADMIN,质量与发布/测试,FILTER_ACTIVE,筛选生效,清晰展示筛选条件和结果数量。,clear_filter,P13-001,P13,P13-W01,YL-M-188-S04_FILTER_ACTIVE,ui/mockups/admin/YL-M-188/YL-M-188-S04_FILTER_ACTIVE.png,PAGE,,843ff5ff9d4c11b6
YL-M-188-S05_BULK_SELECTED,YL-M-188,ADMIN,质量与发布/测试,BULK_SELECTED,批量选择,显示已选数量和允许的批量动作。,clear_selection,P13-001,P13,P13-W01,YL-M-188-S05_BULK_SELECTED,ui/mockups/admin/YL-M-188/YL-M-188-S05_BULK_SELECTED.png,PAGE,,843ff5ff9d4c11b6
YL-M-188-S06_PERMISSION_DENIED,YL-M-188,ADMIN,质量与发布/测试,PERMISSION_DENIED,权限不足,不泄露资源存在性，说明所需权限或返回。,back_or_request_access,P13-001,P13,P13-W01,YL-M-188-S06_PERMISSION_DENIED,ui/mockups/admin/YL-M-188/YL-M-188-S06_PERMISSION_DENIED.png,PAGE,,843ff5ff9d4c11b6
YL-M-188-S07_NETWORK_ERROR,YL-M-188,ADMIN,质量与发布/测试,NETWORK_ERROR,网络连接失败,网络不可达或 DNS/TLS 失败，提供重试。,retry,P13-001,P13,P13-W01,YL-M-188-S07_NETWORK_ERROR,ui/mockups/admin/YL-M-188/YL-M-188-S07_NETWORK_ERROR.png,PAGE,,843ff5ff9d4c11b6
YL-M-188-S08_SERVER_ERROR,YL-M-188,ADMIN,质量与发布/测试,SERVER_ERROR,服务异常,服务端 5xx，显示请求 ID，不暴露堆栈。,retry_or_status,P13-001,P13,P13-W01,YL-M-188-S08_SERVER_ERROR,ui/mockups/admin/YL-M-188/YL-M-188-S08_SERVER_ERROR.png,PAGE,,843ff5ff9d4c11b6
YL-M-189-S01_LOADING,YL-M-189,ADMIN,质量与发布/真机验收,LOADING,加载中,使用与最终布局一致的 Skeleton，禁止无限 Loading。,automatic_or_retry,P13-002,P13,P13-W01,YL-M-189-S01_LOADING,ui/mockups/admin/YL-M-189/YL-M-189-S01_LOADING.png,PAGE,,d963c768f1f7777a
YL-M-189-S02_POPULATED,YL-M-189,ADMIN,质量与发布/真机验收,POPULATED,有数据,真实结构化数据已加载。,none,P13-002,P13,P13-W01,YL-M-189-S02_POPULATED,ui/mockups/admin/YL-M-189/YL-M-189-S02_POPULATED.png,PAGE,,d963c768f1f7777a
YL-M-189-S03_EMPTY,YL-M-189,ADMIN,质量与发布/真机验收,EMPTY,空数据,显示原因、下一步和主操作；不得使用伪造内容填满。,primary_action_or_refresh,P13-002,P13,P13-W01,YL-M-189-S03_EMPTY,ui/mockups/admin/YL-M-189/YL-M-189-S03_EMPTY.png,PAGE,,d963c768f1f7777a
YL-M-189-S04_FILTER_ACTIVE,YL-M-189,ADMIN,质量与发布/真机验收,FILTER_ACTIVE,筛选生效,清晰展示筛选条件和结果数量。,clear_filter,P13-002,P13,P13-W01,YL-M-189-S04_FILTER_ACTIVE,ui/mockups/admin/YL-M-189/YL-M-189-S04_FILTER_ACTIVE.png,PAGE,,d963c768f1f7777a
YL-M-189-S05_BULK_SELECTED,YL-M-189,ADMIN,质量与发布/真机验收,BULK_SELECTED,批量选择,显示已选数量和允许的批量动作。,clear_selection,P13-002,P13,P13-W01,YL-M-189-S05_BULK_SELECTED,ui/mockups/admin/YL-M-189/YL-M-189-S05_BULK_SELECTED.png,PAGE,,d963c768f1f7777a
YL-M-189-S06_PERMISSION_DENIED,YL-M-189,ADMIN,质量与发布/真机验收,PERMISSION_DENIED,权限不足,不泄露资源存在性，说明所需权限或返回。,back_or_request_access,P13-002,P13,P13-W01,YL-M-189-S06_PERMISSION_DENIED,ui/mockups/admin/YL-M-189/YL-M-189-S06_PERMISSION_DENIED.png,PAGE,,d963c768f1f7777a
YL-M-189-S07_NETWORK_ERROR,YL-M-189,ADMIN,质量与发布/真机验收,NETWORK_ERROR,网络连接失败,网络不可达或 DNS/TLS 失败，提供重试。,retry,P13-002,P13,P13-W01,YL-M-189-S07_NETWORK_ERROR,ui/mockups/admin/YL-M-189/YL-M-189-S07_NETWORK_ERROR.png,PAGE,,d963c768f1f7777a
YL-M-189-S08_SERVER_ERROR,YL-M-189,ADMIN,质量与发布/真机验收,SERVER_ERROR,服务异常,服务端 5xx，显示请求 ID，不暴露堆栈。,retry_or_status,P13-002,P13,P13-W01,YL-M-189-S08_SERVER_ERROR,ui/mockups/admin/YL-M-189/YL-M-189-S08_SERVER_ERROR.png,PAGE,,d963c768f1f7777a
YL-M-190-S01_LOADING,YL-M-190,ADMIN,管理员与权限/审计,LOADING,加载中,使用与最终布局一致的 Skeleton，禁止无限 Loading。,automatic_or_retry,P13-003,P13,P13-W01,YL-M-190-S01_LOADING,ui/mockups/admin/YL-M-190/YL-M-190-S01_LOADING.png,PAGE,,80362cd516b6a225
YL-M-190-S02_POPULATED,YL-M-190,ADMIN,管理员与权限/审计,POPULATED,有数据,真实结构化数据已加载。,none,P13-003,P13,P13-W01,YL-M-190-S02_POPULATED,ui/mockups/admin/YL-M-190/YL-M-190-S02_POPULATED.png,PAGE,,80362cd516b6a225
YL-M-190-S03_EMPTY,YL-M-190,ADMIN,管理员与权限/审计,EMPTY,空数据,显示原因、下一步和主操作；不得使用伪造内容填满。,primary_action_or_refresh,P13-003,P13,P13-W01,YL-M-190-S03_EMPTY,ui/mockups/admin/YL-M-190/YL-M-190-S03_EMPTY.png,PAGE,,80362cd516b6a225
YL-M-190-S04_BULK_SELECTED,YL-M-190,ADMIN,管理员与权限/审计,BULK_SELECTED,批量选择,显示已选数量和允许的批量动作。,clear_selection,P13-003,P13,P13-W01,YL-M-190-S04_BULK_SELECTED,ui/mockups/admin/YL-M-190/YL-M-190-S04_BULK_SELECTED.png,PAGE,,80362cd516b6a225
YL-M-190-S05_SUBMITTING,YL-M-190,ADMIN,管理员与权限/审计,SUBMITTING,提交中,主按钮保留尺寸并显示进度，禁止重复提交。,wait_or_cancel_if_supported,P13-003,P13,P13-W01,YL-M-190-S05_SUBMITTING,ui/mockups/admin/YL-M-190/YL-M-190-S05_SUBMITTING.png,PAGE,,80362cd516b6a225
YL-M-190-S06_SUCCESS,YL-M-190,ADMIN,管理员与权限/审计,SUCCESS,操作成功,使用 Snackbar、结果页或成功卡，按合同给出下一步。,continue,P13-003,P13,P13-W01,YL-M-190-S06_SUCCESS,ui/mockups/admin/YL-M-190/YL-M-190-S06_SUCCESS.png,PAGE,,80362cd516b6a225
YL-M-190-S07_PERMISSION_DENIED,YL-M-190,ADMIN,管理员与权限/审计,PERMISSION_DENIED,权限不足,不泄露资源存在性，说明所需权限或返回。,back_or_request_access,P13-003,P13,P13-W01,YL-M-190-S07_PERMISSION_DENIED,ui/mockups/admin/YL-M-190/YL-M-190-S07_PERMISSION_DENIED.png,PAGE,,80362cd516b6a225
YL-M-190-S08_SERVER_ERROR,YL-M-190,ADMIN,管理员与权限/审计,SERVER_ERROR,服务异常,服务端 5xx，显示请求 ID，不暴露堆栈。,retry_or_status,P13-003,P13,P13-W01,YL-M-190-S08_SERVER_ERROR,ui/mockups/admin/YL-M-190/YL-M-190-S08_SERVER_ERROR.png,PAGE,,80362cd516b6a225
YL-M-191-S01_LOADING,YL-M-191,ADMIN,模型与供应商/故障切换,LOADING,加载中,使用与最终布局一致的 Skeleton，禁止无限 Loading。,automatic_or_retry,P13-010,P13,P13-W02,YL-M-191-S01_LOADING,ui/mockups/admin/YL-M-191/YL-M-191-S01_LOADING.png,PAGE,,9b721ae333a4672a
YL-M-191-S02_POPULATED,YL-M-191,ADMIN,模型与供应商/故障切换,POPULATED,有数据,真实结构化数据已加载。,none,P13-010,P13,P13-W02,YL-M-191-S02_POPULATED,ui/mockups/admin/YL-M-191/YL-M-191-S02_POPULATED.png,PAGE,,9b721ae333a4672a
YL-M-191-S03_EMPTY,YL-M-191,ADMIN,模型与供应商/故障切换,EMPTY,空数据,显示原因、下一步和主操作；不得使用伪造内容填满。,primary_action_or_refresh,P13-010,P13,P13-W02,YL-M-191-S03_EMPTY,ui/mockups/admin/YL-M-191/YL-M-191-S03_EMPTY.png,PAGE,,9b721ae333a4672a
YL-M-191-S04_FILTER_ACTIVE,YL-M-191,ADMIN,模型与供应商/故障切换,FILTER_ACTIVE,筛选生效,清晰展示筛选条件和结果数量。,clear_filter,P13-010,P13,P13-W02,YL-M-191-S04_FILTER_ACTIVE,ui/mockups/admin/YL-M-191/YL-M-191-S04_FILTER_ACTIVE.png,PAGE,,9b721ae333a4672a
YL-M-191-S05_BULK_SELECTED,YL-M-191,ADMIN,模型与供应商/故障切换,BULK_SELECTED,批量选择,显示已选数量和允许的批量动作。,clear_selection,P13-010,P13,P13-W02,YL-M-191-S05_BULK_SELECTED,ui/mockups/admin/YL-M-191/YL-M-191-S05_BULK_SELECTED.png,PAGE,,9b721ae333a4672a
YL-M-191-S06_PERMISSION_DENIED,YL-M-191,ADMIN,模型与供应商/故障切换,PERMISSION_DENIED,权限不足,不泄露资源存在性，说明所需权限或返回。,back_or_request_access,P13-010,P13,P13-W02,YL-M-191-S06_PERMISSION_DENIED,ui/mockups/admin/YL-M-191/YL-M-191-S06_PERMISSION_DENIED.png,PAGE,,9b721ae333a4672a
YL-M-191-S07_NETWORK_ERROR,YL-M-191,ADMIN,模型与供应商/故障切换,NETWORK_ERROR,网络连接失败,网络不可达或 DNS/TLS 失败，提供重试。,retry,P13-010,P13,P13-W02,YL-M-191-S07_NETWORK_ERROR,ui/mockups/admin/YL-M-191/YL-M-191-S07_NETWORK_ERROR.png,PAGE,,9b721ae333a4672a
YL-M-191-S08_SERVER_ERROR,YL-M-191,ADMIN,模型与供应商/故障切换,SERVER_ERROR,服务异常,服务端 5xx，显示请求 ID，不暴露堆栈。,retry_or_status,P13-010,P13,P13-W02,YL-M-191-S08_SERVER_ERROR,ui/mockups/admin/YL-M-191/YL-M-191-S08_SERVER_ERROR.png,PAGE,,9b721ae333a4672a
YL-M-192-S01_LOADING,YL-M-192,ADMIN,可观测性/容量规划,LOADING,加载中,使用与最终布局一致的 Skeleton，禁止无限 Loading。,automatic_or_retry,P13-011,P13,P13-W03,YL-M-192-S01_LOADING,ui/mockups/admin/YL-M-192/YL-M-192-S01_LOADING.png,PAGE,,ec4fbfeae35c0f8b
YL-M-192-S02_POPULATED,YL-M-192,ADMIN,可观测性/容量规划,POPULATED,有数据,真实结构化数据已加载。,none,P13-011,P13,P13-W03,YL-M-192-S02_POPULATED,ui/mockups/admin/YL-M-192/YL-M-192-S02_POPULATED.png,PAGE,,ec4fbfeae35c0f8b
YL-M-192-S03_EMPTY,YL-M-192,ADMIN,可观测性/容量规划,EMPTY,空数据,显示原因、下一步和主操作；不得使用伪造内容填满。,primary_action_or_refresh,P13-011,P13,P13-W03,YL-M-192-S03_EMPTY,ui/mockups/admin/YL-M-192/YL-M-192-S03_EMPTY.png,PAGE,,ec4fbfeae35c0f8b
YL-M-192-S04_FILTER_ACTIVE,YL-M-192,ADMIN,可观测性/容量规划,FILTER_ACTIVE,筛选生效,清晰展示筛选条件和结果数量。,clear_filter,P13-011,P13,P13-W03,YL-M-192-S04_FILTER_ACTIVE,ui/mockups/admin/YL-M-192/YL-M-192-S04_FILTER_ACTIVE.png,PAGE,,ec4fbfeae35c0f8b
YL-M-192-S05_PARTIAL_DATA,YL-M-192,ADMIN,可观测性/容量规划,PARTIAL_DATA,部分数据,明确哪些数据源不可用以及统计截止时间。,retry_source,P13-011,P13,P13-W03,YL-M-192-S05_PARTIAL_DATA,ui/mockups/admin/YL-M-192/YL-M-192-S05_PARTIAL_DATA.png,PAGE,,ec4fbfeae35c0f8b
YL-M-192-S06_PERMISSION_DENIED,YL-M-192,ADMIN,可观测性/容量规划,PERMISSION_DENIED,权限不足,不泄露资源存在性，说明所需权限或返回。,back_or_request_access,P13-011,P13,P13-W03,YL-M-192-S06_PERMISSION_DENIED,ui/mockups/admin/YL-M-192/YL-M-192-S06_PERMISSION_DENIED.png,PAGE,,ec4fbfeae35c0f8b
YL-M-192-S07_SERVER_ERROR,YL-M-192,ADMIN,可观测性/容量规划,SERVER_ERROR,服务异常,服务端 5xx，显示请求 ID，不暴露堆栈。,retry_or_status,P13-011,P13,P13-W03,YL-M-192-S07_SERVER_ERROR,ui/mockups/admin/YL-M-192/YL-M-192-S07_SERVER_ERROR.png,PAGE,,ec4fbfeae35c0f8b
YL-M-193-S01_LOADING,YL-M-193,ADMIN,质量与发布/商业就绪,LOADING,加载中,使用与最终布局一致的 Skeleton，禁止无限 Loading。,automatic_or_retry,P13-012,P13,P13-W03,YL-M-193-S01_LOADING,ui/mockups/admin/YL-M-193/YL-M-193-S01_LOADING.png,PAGE,,9a4129df81330352
YL-M-193-S02_POPULATED,YL-M-193,ADMIN,质量与发布/商业就绪,POPULATED,有数据,真实结构化数据已加载。,none,P13-012,P13,P13-W03,YL-M-193-S02_POPULATED,ui/mockups/admin/YL-M-193/YL-M-193-S02_POPULATED.png,PAGE,,9a4129df81330352
YL-M-193-S03_EMPTY,YL-M-193,ADMIN,质量与发布/商业就绪,EMPTY,空数据,显示原因、下一步和主操作；不得使用伪造内容填满。,primary_action_or_refresh,P13-012,P13,P13-W03,YL-M-193-S03_EMPTY,ui/mockups/admin/YL-M-193/YL-M-193-S03_EMPTY.png,PAGE,,9a4129df81330352
YL-M-193-S04_FILTER_ACTIVE,YL-M-193,ADMIN,质量与发布/商业就绪,FILTER_ACTIVE,筛选生效,清晰展示筛选条件和结果数量。,clear_filter,P13-012,P13,P13-W03,YL-M-193-S04_FILTER_ACTIVE,ui/mockups/admin/YL-M-193/YL-M-193-S04_FILTER_ACTIVE.png,PAGE,,9a4129df81330352
YL-M-193-S05_BULK_SELECTED,YL-M-193,ADMIN,质量与发布/商业就绪,BULK_SELECTED,批量选择,显示已选数量和允许的批量动作。,clear_selection,P13-012,P13,P13-W03,YL-M-193-S05_BULK_SELECTED,ui/mockups/admin/YL-M-193/YL-M-193-S05_BULK_SELECTED.png,PAGE,,9a4129df81330352
YL-M-193-S06_PERMISSION_DENIED,YL-M-193,ADMIN,质量与发布/商业就绪,PERMISSION_DENIED,权限不足,不泄露资源存在性，说明所需权限或返回。,back_or_request_access,P13-012,P13,P13-W03,YL-M-193-S06_PERMISSION_DENIED,ui/mockups/admin/YL-M-193/YL-M-193-S06_PERMISSION_DENIED.png,PAGE,,9a4129df81330352
YL-M-193-S07_NETWORK_ERROR,YL-M-193,ADMIN,质量与发布/商业就绪,NETWORK_ERROR,网络连接失败,网络不可达或 DNS/TLS 失败，提供重试。,retry,P13-012,P13,P13-W03,YL-M-193-S07_NETWORK_ERROR,ui/mockups/admin/YL-M-193/YL-M-193-S07_NETWORK_ERROR.png,PAGE,,9a4129df81330352
YL-M-193-S08_SERVER_ERROR,YL-M-193,ADMIN,质量与发布/商业就绪,SERVER_ERROR,服务异常,服务端 5xx，显示请求 ID，不暴露堆栈。,retry_or_status,P13-012,P13,P13-W03,YL-M-193-S08_SERVER_ERROR,ui/mockups/admin/YL-M-193/YL-M-193-S08_SERVER_ERROR.png,PAGE,,9a4129df81330352
YL-M-194-S01_LOADING,YL-M-194,ADMIN,质量与发布/最终交付,LOADING,加载中,使用与最终布局一致的 Skeleton，禁止无限 Loading。,automatic_or_retry,P13-014,P13,P13-W03,YL-M-194-S01_LOADING,ui/mockups/admin/YL-M-194/YL-M-194-S01_LOADING.png,PAGE,,fefa6a212363a69f
YL-M-194-S02_POPULATED,YL-M-194,ADMIN,质量与发布/最终交付,POPULATED,有数据,真实结构化数据已加载。,none,P13-014,P13,P13-W03,YL-M-194-S02_POPULATED,ui/mockups/admin/YL-M-194/YL-M-194-S02_POPULATED.png,PAGE,,fefa6a212363a69f
YL-M-194-S03_EMPTY,YL-M-194,ADMIN,质量与发布/最终交付,EMPTY,空数据,显示原因、下一步和主操作；不得使用伪造内容填满。,primary_action_or_refresh,P13-014,P13,P13-W03,YL-M-194-S03_EMPTY,ui/mockups/admin/YL-M-194/YL-M-194-S03_EMPTY.png,PAGE,,fefa6a212363a69f
YL-M-194-S04_FILTER_ACTIVE,YL-M-194,ADMIN,质量与发布/最终交付,FILTER_ACTIVE,筛选生效,清晰展示筛选条件和结果数量。,clear_filter,P13-014,P13,P13-W03,YL-M-194-S04_FILTER_ACTIVE,ui/mockups/admin/YL-M-194/YL-M-194-S04_FILTER_ACTIVE.png,PAGE,,fefa6a212363a69f
YL-M-194-S05_BULK_SELECTED,YL-M-194,ADMIN,质量与发布/最终交付,BULK_SELECTED,批量选择,显示已选数量和允许的批量动作。,clear_selection,P13-014,P13,P13-W03,YL-M-194-S05_BULK_SELECTED,ui/mockups/admin/YL-M-194/YL-M-194-S05_BULK_SELECTED.png,PAGE,,fefa6a212363a69f
YL-M-194-S06_PERMISSION_DENIED,YL-M-194,ADMIN,质量与发布/最终交付,PERMISSION_DENIED,权限不足,不泄露资源存在性，说明所需权限或返回。,back_or_request_access,P13-014,P13,P13-W03,YL-M-194-S06_PERMISSION_DENIED,ui/mockups/admin/YL-M-194/YL-M-194-S06_PERMISSION_DENIED.png,PAGE,,fefa6a212363a69f
YL-M-194-S07_NETWORK_ERROR,YL-M-194,ADMIN,质量与发布/最终交付,NETWORK_ERROR,网络连接失败,网络不可达或 DNS/TLS 失败，提供重试。,retry,P13-014,P13,P13-W03,YL-M-194-S07_NETWORK_ERROR,ui/mockups/admin/YL-M-194/YL-M-194-S07_NETWORK_ERROR.png,PAGE,,fefa6a212363a69f
YL-M-194-S08_SERVER_ERROR,YL-M-194,ADMIN,质量与发布/最终交付,SERVER_ERROR,服务异常,服务端 5xx，显示请求 ID，不暴露堆栈。,retry_or_status,P13-014,P13,P13-W03,YL-M-194-S08_SERVER_ERROR,ui/mockups/admin/YL-M-194/YL-M-194-S08_SERVER_ERROR.png,PAGE,,fefa6a212363a69f
YL-M-195-S01_LOADING,YL-M-195,ADMIN,质量与发布/最终验收,LOADING,加载中,使用与最终布局一致的 Skeleton，禁止无限 Loading。,automatic_or_retry,P13-015,P13,P13-W03,YL-M-195-S01_LOADING,ui/mockups/admin/YL-M-195/YL-M-195-S01_LOADING.png,PAGE,,2dddc0303a40f8b6
YL-M-195-S02_POPULATED,YL-M-195,ADMIN,质量与发布/最终验收,POPULATED,有数据,真实结构化数据已加载。,none,P13-015,P13,P13-W03,YL-M-195-S02_POPULATED,ui/mockups/admin/YL-M-195/YL-M-195-S02_POPULATED.png,PAGE,,2dddc0303a40f8b6
YL-M-195-S03_EMPTY,YL-M-195,ADMIN,质量与发布/最终验收,EMPTY,空数据,显示原因、下一步和主操作；不得使用伪造内容填满。,primary_action_or_refresh,P13-015,P13,P13-W03,YL-M-195-S03_EMPTY,ui/mockups/admin/YL-M-195/YL-M-195-S03_EMPTY.png,PAGE,,2dddc0303a40f8b6
YL-M-195-S04_FILTER_ACTIVE,YL-M-195,ADMIN,质量与发布/最终验收,FILTER_ACTIVE,筛选生效,清晰展示筛选条件和结果数量。,clear_filter,P13-015,P13,P13-W03,YL-M-195-S04_FILTER_ACTIVE,ui/mockups/admin/YL-M-195/YL-M-195-S04_FILTER_ACTIVE.png,PAGE,,2dddc0303a40f8b6
YL-M-195-S05_BULK_SELECTED,YL-M-195,ADMIN,质量与发布/最终验收,BULK_SELECTED,批量选择,显示已选数量和允许的批量动作。,clear_selection,P13-015,P13,P13-W03,YL-M-195-S05_BULK_SELECTED,ui/mockups/admin/YL-M-195/YL-M-195-S05_BULK_SELECTED.png,PAGE,,2dddc0303a40f8b6
YL-M-195-S06_PERMISSION_DENIED,YL-M-195,ADMIN,质量与发布/最终验收,PERMISSION_DENIED,权限不足,不泄露资源存在性，说明所需权限或返回。,back_or_request_access,P13-015,P13,P13-W03,YL-M-195-S06_PERMISSION_DENIED,ui/mockups/admin/YL-M-195/YL-M-195-S06_PERMISSION_DENIED.png,PAGE,,2dddc0303a40f8b6
YL-M-195-S07_NETWORK_ERROR,YL-M-195,ADMIN,质量与发布/最终验收,NETWORK_ERROR,网络连接失败,网络不可达或 DNS/TLS 失败，提供重试。,retry,P13-015,P13,P13-W03,YL-M-195-S07_NETWORK_ERROR,ui/mockups/admin/YL-M-195/YL-M-195-S07_NETWORK_ERROR.png,PAGE,,2dddc0303a40f8b6
YL-M-195-S08_SERVER_ERROR,YL-M-195,ADMIN,质量与发布/最终验收,SERVER_ERROR,服务异常,服务端 5xx，显示请求 ID，不暴露堆栈。,retry_or_status,P13-015,P13,P13-W03,YL-M-195-S08_SERVER_ERROR,ui/mockups/admin/YL-M-195/YL-M-195-S08_SERVER_ERROR.png,PAGE,,2dddc0303a40f8b6
YL-D-001-S01_LOADING,YL-D-001,DEVELOPER,开发者中心,LOADING,加载中,使用与最终布局一致的 Skeleton，禁止无限 Loading。,automatic_or_retry,P00-024,P00,P00-W05,YL-D-001-S01_LOADING,ui/mockups/developer/YL-D-001/YL-D-001-S01_LOADING.png,PAGE,,15d7631dec0632df
YL-D-001-S02_POPULATED,YL-D-001,DEVELOPER,开发者中心,POPULATED,有数据,真实结构化数据已加载。,none,P00-024,P00,P00-W05,YL-D-001-S02_POPULATED,ui/mockups/developer/YL-D-001/YL-D-001-S02_POPULATED.png,PAGE,,15d7631dec0632df
YL-D-001-S03_EMPTY,YL-D-001,DEVELOPER,开发者中心,EMPTY,空数据,显示原因、下一步和主操作；不得使用伪造内容填满。,primary_action_or_refresh,P00-024,P00,P00-W05,YL-D-001-S03_EMPTY,ui/mockups/developer/YL-D-001/YL-D-001-S03_EMPTY.png,PAGE,,15d7631dec0632df
YL-D-001-S04_FILTER_ACTIVE,YL-D-001,DEVELOPER,开发者中心,FILTER_ACTIVE,筛选生效,清晰展示筛选条件和结果数量。,clear_filter,P00-024,P00,P00-W05,YL-D-001-S04_FILTER_ACTIVE,ui/mockups/developer/YL-D-001/YL-D-001-S04_FILTER_ACTIVE.png,PAGE,,15d7631dec0632df
YL-D-001-S05_BULK_SELECTED,YL-D-001,DEVELOPER,开发者中心,BULK_SELECTED,批量选择,显示已选数量和允许的批量动作。,clear_selection,P00-024,P00,P00-W05,YL-D-001-S05_BULK_SELECTED,ui/mockups/developer/YL-D-001/YL-D-001-S05_BULK_SELECTED.png,PAGE,,15d7631dec0632df
YL-D-001-S06_PERMISSION_DENIED,YL-D-001,DEVELOPER,开发者中心,PERMISSION_DENIED,权限不足,不泄露资源存在性，说明所需权限或返回。,back_or_request_access,P00-024,P00,P00-W05,YL-D-001-S06_PERMISSION_DENIED,ui/mockups/developer/YL-D-001/YL-D-001-S06_PERMISSION_DENIED.png,PAGE,,15d7631dec0632df
YL-D-001-S07_SERVER_ERROR,YL-D-001,DEVELOPER,开发者中心,SERVER_ERROR,服务异常,服务端 5xx，显示请求 ID，不暴露堆栈。,retry_or_status,P00-024,P00,P00-W05,YL-D-001-S07_SERVER_ERROR,ui/mockups/developer/YL-D-001/YL-D-001-S07_SERVER_ERROR.png,PAGE,,15d7631dec0632df
YL-D-002-S01_LOADING,YL-D-002,DEVELOPER,绑定 Sub2API,LOADING,加载中,使用与最终布局一致的 Skeleton，禁止无限 Loading。,automatic_or_retry,P10-018,P10,P10-W03,YL-D-002-S01_LOADING,ui/mockups/developer/YL-D-002/YL-D-002-S01_LOADING.png,PAGE,,7090b1ba7528a3d1
YL-D-002-S02_POPULATED,YL-D-002,DEVELOPER,绑定 Sub2API,POPULATED,有数据,真实结构化数据已加载。,none,P10-018,P10,P10-W03,YL-D-002-S02_POPULATED,ui/mockups/developer/YL-D-002/YL-D-002-S02_POPULATED.png,PAGE,,7090b1ba7528a3d1
YL-D-002-S03_EDIT_MODE,YL-D-002,DEVELOPER,绑定 Sub2API,EDIT_MODE,编辑状态,可编辑字段与只读字段明显区分。,save_or_cancel,P10-018,P10,P10-W03,YL-D-002-S03_EDIT_MODE,ui/mockups/developer/YL-D-002/YL-D-002-S03_EDIT_MODE.png,PAGE,,7090b1ba7528a3d1
YL-D-002-S04_DIRTY,YL-D-002,DEVELOPER,绑定 Sub2API,DIRTY,存在未保存修改,离开或关闭前必须确认。,save_or_discard,P10-018,P10,P10-W03,YL-D-002-S04_DIRTY,ui/mockups/developer/YL-D-002/YL-D-002-S04_DIRTY.png,PAGE,,7090b1ba7528a3d1
YL-D-002-S05_VALIDATION_ERROR,YL-D-002,DEVELOPER,绑定 Sub2API,VALIDATION_ERROR,表单校验失败,字段级错误紧邻字段，首个错误获得焦点。,correct_input,P10-018,P10,P10-W03,YL-D-002-S05_VALIDATION_ERROR,ui/mockups/developer/YL-D-002/YL-D-002-S05_VALIDATION_ERROR.png,PAGE,,7090b1ba7528a3d1
YL-D-002-S06_SUBMITTING,YL-D-002,DEVELOPER,绑定 Sub2API,SUBMITTING,提交中,主按钮保留尺寸并显示进度，禁止重复提交。,wait_or_cancel_if_supported,P10-018,P10,P10-W03,YL-D-002-S06_SUBMITTING,ui/mockups/developer/YL-D-002/YL-D-002-S06_SUBMITTING.png,PAGE,,7090b1ba7528a3d1
YL-D-002-S07_SAVE_SUCCESS,YL-D-002,DEVELOPER,绑定 Sub2API,SAVE_SUCCESS,保存成功,保存结果明确且数据回读一致。,continue,P10-018,P10,P10-W03,YL-D-002-S07_SAVE_SUCCESS,ui/mockups/developer/YL-D-002/YL-D-002-S07_SAVE_SUCCESS.png,PAGE,,7090b1ba7528a3d1
YL-D-002-S08_VERSION_CONFLICT,YL-D-002,DEVELOPER,绑定 Sub2API,VERSION_CONFLICT,版本冲突,显示当前版本与服务器版本，禁止静默覆盖。,reload_compare_or_force_with_permission,P10-018,P10,P10-W03,YL-D-002-S08_VERSION_CONFLICT,ui/mockups/developer/YL-D-002/YL-D-002-S08_VERSION_CONFLICT.png,PAGE,,7090b1ba7528a3d1
YL-D-002-S09_PERMISSION_DENIED,YL-D-002,DEVELOPER,绑定 Sub2API,PERMISSION_DENIED,权限不足,不泄露资源存在性，说明所需权限或返回。,back_or_request_access,P10-018,P10,P10-W03,YL-D-002-S09_PERMISSION_DENIED,ui/mockups/developer/YL-D-002/YL-D-002-S09_PERMISSION_DENIED.png,PAGE,,7090b1ba7528a3d1
YL-D-002-S10_SERVER_ERROR,YL-D-002,DEVELOPER,绑定 Sub2API,SERVER_ERROR,服务异常,服务端 5xx，显示请求 ID，不暴露堆栈。,retry_or_status,P10-018,P10,P10-W03,YL-D-002-S10_SERVER_ERROR,ui/mockups/developer/YL-D-002/YL-D-002-S10_SERVER_ERROR.png,PAGE,,7090b1ba7528a3d1
YL-D-003-S01_LOADING,YL-D-003,DEVELOPER,开发者概览,LOADING,加载中,使用与最终布局一致的 Skeleton，禁止无限 Loading。,automatic_or_retry,P11-001,P11,P11-W01,YL-D-003-S01_LOADING,ui/mockups/developer/YL-D-003/YL-D-003-S01_LOADING.png,PAGE,,6a1d4f4dd605e140
YL-D-003-S02_POPULATED,YL-D-003,DEVELOPER,开发者概览,POPULATED,有数据,真实结构化数据已加载。,none,P11-001,P11,P11-W01,YL-D-003-S02_POPULATED,ui/mockups/developer/YL-D-003/YL-D-003-S02_POPULATED.png,PAGE,,6a1d4f4dd605e140
YL-D-003-S03_EMPTY,YL-D-003,DEVELOPER,开发者概览,EMPTY,空数据,显示原因、下一步和主操作；不得使用伪造内容填满。,primary_action_or_refresh,P11-001,P11,P11-W01,YL-D-003-S03_EMPTY,ui/mockups/developer/YL-D-003/YL-D-003-S03_EMPTY.png,PAGE,,6a1d4f4dd605e140
YL-D-003-S04_PARTIAL_DATA,YL-D-003,DEVELOPER,开发者概览,PARTIAL_DATA,部分数据,明确哪些数据源不可用以及统计截止时间。,retry_source,P11-001,P11,P11-W01,YL-D-003-S04_PARTIAL_DATA,ui/mockups/developer/YL-D-003/YL-D-003-S04_PARTIAL_DATA.png,PAGE,,6a1d4f4dd605e140
YL-D-003-S05_BUDGET_EXHAUSTED,YL-D-003,DEVELOPER,开发者概览,BUDGET_EXHAUSTED,预算耗尽,停止收费调用并给出充值或调整预算入口。,recharge_or_adjust,P11-001,P11,P11-W01,YL-D-003-S05_BUDGET_EXHAUSTED,ui/mockups/developer/YL-D-003/YL-D-003-S05_BUDGET_EXHAUSTED.png,PAGE,,6a1d4f4dd605e140
YL-D-003-S06_SERVICE_DEGRADED,YL-D-003,DEVELOPER,开发者概览,SERVICE_DEGRADED,服务降级,展示受影响能力、替代通道和状态页入口。,choose_alternative_or_retry,P11-001,P11,P11-W01,YL-D-003-S06_SERVICE_DEGRADED,ui/mockups/developer/YL-D-003/YL-D-003-S06_SERVICE_DEGRADED.png,PAGE,,6a1d4f4dd605e140
YL-D-003-S07_SERVER_ERROR,YL-D-003,DEVELOPER,开发者概览,SERVER_ERROR,服务异常,服务端 5xx，显示请求 ID，不暴露堆栈。,retry_or_status,P11-001,P11,P11-W01,YL-D-003-S07_SERVER_ERROR,ui/mockups/developer/YL-D-003/YL-D-003-S07_SERVER_ERROR.png,PAGE,,6a1d4f4dd605e140
YL-D-004-S01_LOADING,YL-D-004,DEVELOPER,开发者开通,LOADING,加载中,使用与最终布局一致的 Skeleton，禁止无限 Loading。,automatic_or_retry,P11-002,P11,P11-W01,YL-D-004-S01_LOADING,ui/mockups/developer/YL-D-004/YL-D-004-S01_LOADING.png,PAGE,,14afd89e6e5b0b45
YL-D-004-S02_POPULATED,YL-D-004,DEVELOPER,开发者开通,POPULATED,有数据,真实结构化数据已加载。,none,P11-002,P11,P11-W01,YL-D-004-S02_POPULATED,ui/mockups/developer/YL-D-004/YL-D-004-S02_POPULATED.png,PAGE,,14afd89e6e5b0b45
YL-D-004-S03_EDIT_MODE,YL-D-004,DEVELOPER,开发者开通,EDIT_MODE,编辑状态,可编辑字段与只读字段明显区分。,save_or_cancel,P11-002,P11,P11-W01,YL-D-004-S03_EDIT_MODE,ui/mockups/developer/YL-D-004/YL-D-004-S03_EDIT_MODE.png,PAGE,,14afd89e6e5b0b45
YL-D-004-S04_DIRTY,YL-D-004,DEVELOPER,开发者开通,DIRTY,存在未保存修改,离开或关闭前必须确认。,save_or_discard,P11-002,P11,P11-W01,YL-D-004-S04_DIRTY,ui/mockups/developer/YL-D-004/YL-D-004-S04_DIRTY.png,PAGE,,14afd89e6e5b0b45
YL-D-004-S05_VALIDATION_ERROR,YL-D-004,DEVELOPER,开发者开通,VALIDATION_ERROR,表单校验失败,字段级错误紧邻字段，首个错误获得焦点。,correct_input,P11-002,P11,P11-W01,YL-D-004-S05_VALIDATION_ERROR,ui/mockups/developer/YL-D-004/YL-D-004-S05_VALIDATION_ERROR.png,PAGE,,14afd89e6e5b0b45
YL-D-004-S06_SUBMITTING,YL-D-004,DEVELOPER,开发者开通,SUBMITTING,提交中,主按钮保留尺寸并显示进度，禁止重复提交。,wait_or_cancel_if_supported,P11-002,P11,P11-W01,YL-D-004-S06_SUBMITTING,ui/mockups/developer/YL-D-004/YL-D-004-S06_SUBMITTING.png,PAGE,,14afd89e6e5b0b45
YL-D-004-S07_SAVE_SUCCESS,YL-D-004,DEVELOPER,开发者开通,SAVE_SUCCESS,保存成功,保存结果明确且数据回读一致。,continue,P11-002,P11,P11-W01,YL-D-004-S07_SAVE_SUCCESS,ui/mockups/developer/YL-D-004/YL-D-004-S07_SAVE_SUCCESS.png,PAGE,,14afd89e6e5b0b45
YL-D-004-S08_VERSION_CONFLICT,YL-D-004,DEVELOPER,开发者开通,VERSION_CONFLICT,版本冲突,显示当前版本与服务器版本，禁止静默覆盖。,reload_compare_or_force_with_permission,P11-002,P11,P11-W01,YL-D-004-S08_VERSION_CONFLICT,ui/mockups/developer/YL-D-004/YL-D-004-S08_VERSION_CONFLICT.png,PAGE,,14afd89e6e5b0b45
YL-D-004-S09_PERMISSION_DENIED,YL-D-004,DEVELOPER,开发者开通,PERMISSION_DENIED,权限不足,不泄露资源存在性，说明所需权限或返回。,back_or_request_access,P11-002,P11,P11-W01,YL-D-004-S09_PERMISSION_DENIED,ui/mockups/developer/YL-D-004/YL-D-004-S09_PERMISSION_DENIED.png,PAGE,,14afd89e6e5b0b45
YL-D-004-S10_SERVER_ERROR,YL-D-004,DEVELOPER,开发者开通,SERVER_ERROR,服务异常,服务端 5xx，显示请求 ID，不暴露堆栈。,retry_or_status,P11-002,P11,P11-W01,YL-D-004-S10_SERVER_ERROR,ui/mockups/developer/YL-D-004/YL-D-004-S10_SERVER_ERROR.png,PAGE,,14afd89e6e5b0b45
YL-D-005-S01_LOADING,YL-D-005,DEVELOPER,Sub2API登录,LOADING,加载中,使用与最终布局一致的 Skeleton，禁止无限 Loading。,automatic_or_retry,P11-003,P11,P11-W01,YL-D-005-S01_LOADING,ui/mockups/developer/YL-D-005/YL-D-005-S01_LOADING.png,PAGE,,4b0b6dec2ccb3bef
YL-D-005-S02_POPULATED,YL-D-005,DEVELOPER,Sub2API登录,POPULATED,有数据,真实结构化数据已加载。,none,P11-003,P11,P11-W01,YL-D-005-S02_POPULATED,ui/mockups/developer/YL-D-005/YL-D-005-S02_POPULATED.png,PAGE,,4b0b6dec2ccb3bef
YL-D-005-S03_EDIT_MODE,YL-D-005,DEVELOPER,Sub2API登录,EDIT_MODE,编辑状态,可编辑字段与只读字段明显区分。,save_or_cancel,P11-003,P11,P11-W01,YL-D-005-S03_EDIT_MODE,ui/mockups/developer/YL-D-005/YL-D-005-S03_EDIT_MODE.png,PAGE,,4b0b6dec2ccb3bef
YL-D-005-S04_DIRTY,YL-D-005,DEVELOPER,Sub2API登录,DIRTY,存在未保存修改,离开或关闭前必须确认。,save_or_discard,P11-003,P11,P11-W01,YL-D-005-S04_DIRTY,ui/mockups/developer/YL-D-005/YL-D-005-S04_DIRTY.png,PAGE,,4b0b6dec2ccb3bef
YL-D-005-S05_VALIDATION_ERROR,YL-D-005,DEVELOPER,Sub2API登录,VALIDATION_ERROR,表单校验失败,字段级错误紧邻字段，首个错误获得焦点。,correct_input,P11-003,P11,P11-W01,YL-D-005-S05_VALIDATION_ERROR,ui/mockups/developer/YL-D-005/YL-D-005-S05_VALIDATION_ERROR.png,PAGE,,4b0b6dec2ccb3bef
YL-D-005-S06_SUBMITTING,YL-D-005,DEVELOPER,Sub2API登录,SUBMITTING,提交中,主按钮保留尺寸并显示进度，禁止重复提交。,wait_or_cancel_if_supported,P11-003,P11,P11-W01,YL-D-005-S06_SUBMITTING,ui/mockups/developer/YL-D-005/YL-D-005-S06_SUBMITTING.png,PAGE,,4b0b6dec2ccb3bef
YL-D-005-S07_SAVE_SUCCESS,YL-D-005,DEVELOPER,Sub2API登录,SAVE_SUCCESS,保存成功,保存结果明确且数据回读一致。,continue,P11-003,P11,P11-W01,YL-D-005-S07_SAVE_SUCCESS,ui/mockups/developer/YL-D-005/YL-D-005-S07_SAVE_SUCCESS.png,PAGE,,4b0b6dec2ccb3bef
YL-D-005-S08_VERSION_CONFLICT,YL-D-005,DEVELOPER,Sub2API登录,VERSION_CONFLICT,版本冲突,显示当前版本与服务器版本，禁止静默覆盖。,reload_compare_or_force_with_permission,P11-003,P11,P11-W01,YL-D-005-S08_VERSION_CONFLICT,ui/mockups/developer/YL-D-005/YL-D-005-S08_VERSION_CONFLICT.png,PAGE,,4b0b6dec2ccb3bef
YL-D-005-S09_PERMISSION_DENIED,YL-D-005,DEVELOPER,Sub2API登录,PERMISSION_DENIED,权限不足,不泄露资源存在性，说明所需权限或返回。,back_or_request_access,P11-003,P11,P11-W01,YL-D-005-S09_PERMISSION_DENIED,ui/mockups/developer/YL-D-005/YL-D-005-S09_PERMISSION_DENIED.png,PAGE,,4b0b6dec2ccb3bef
YL-D-005-S10_SERVER_ERROR,YL-D-005,DEVELOPER,Sub2API登录,SERVER_ERROR,服务异常,服务端 5xx，显示请求 ID，不暴露堆栈。,retry_or_status,P11-003,P11,P11-W01,YL-D-005-S10_SERVER_ERROR,ui/mockups/developer/YL-D-005/YL-D-005-S10_SERVER_ERROR.png,PAGE,,4b0b6dec2ccb3bef
YL-D-006-S01_LOADING,YL-D-006,DEVELOPER,API Key,LOADING,加载中,使用与最终布局一致的 Skeleton，禁止无限 Loading。,automatic_or_retry,P11-004|P11-006,P11,P11-W01,YL-D-006-S01_LOADING,ui/mockups/developer/YL-D-006/YL-D-006-S01_LOADING.png,PAGE,,a1ac330009bafcab
YL-D-006-S02_POPULATED,YL-D-006,DEVELOPER,API Key,POPULATED,有数据,真实结构化数据已加载。,none,P11-004|P11-006,P11,P11-W01,YL-D-006-S02_POPULATED,ui/mockups/developer/YL-D-006/YL-D-006-S02_POPULATED.png,PAGE,,a1ac330009bafcab
YL-D-006-S03_CREATED_ONCE,YL-D-006,DEVELOPER,API Key,CREATED_ONCE,密钥仅展示一次,完整 API Key 仅本次可见，包含复制和安全提醒。,copy_then_close,P11-004|P11-006,P11,P11-W01,YL-D-006-S03_CREATED_ONCE,ui/mockups/developer/YL-D-006/YL-D-006-S03_CREATED_ONCE.png,PAGE,,a1ac330009bafcab
YL-D-006-S04_DIRTY,YL-D-006,DEVELOPER,API Key,DIRTY,存在未保存修改,离开或关闭前必须确认。,save_or_discard,P11-004|P11-006,P11,P11-W01,YL-D-006-S04_DIRTY,ui/mockups/developer/YL-D-006/YL-D-006-S04_DIRTY.png,PAGE,,a1ac330009bafcab
YL-D-006-S05_VALIDATION_ERROR,YL-D-006,DEVELOPER,API Key,VALIDATION_ERROR,表单校验失败,字段级错误紧邻字段，首个错误获得焦点。,correct_input,P11-004|P11-006,P11,P11-W01,YL-D-006-S05_VALIDATION_ERROR,ui/mockups/developer/YL-D-006/YL-D-006-S05_VALIDATION_ERROR.png,PAGE,,a1ac330009bafcab
YL-D-006-S06_SUBMITTING,YL-D-006,DEVELOPER,API Key,SUBMITTING,提交中,主按钮保留尺寸并显示进度，禁止重复提交。,wait_or_cancel_if_supported,P11-004|P11-006,P11,P11-W01,YL-D-006-S06_SUBMITTING,ui/mockups/developer/YL-D-006/YL-D-006-S06_SUBMITTING.png,PAGE,,a1ac330009bafcab
YL-D-006-S07_SAVE_SUCCESS,YL-D-006,DEVELOPER,API Key,SAVE_SUCCESS,保存成功,保存结果明确且数据回读一致。,continue,P11-004|P11-006,P11,P11-W01,YL-D-006-S07_SAVE_SUCCESS,ui/mockups/developer/YL-D-006/YL-D-006-S07_SAVE_SUCCESS.png,PAGE,,a1ac330009bafcab
YL-D-006-S08_BUDGET_EXHAUSTED,YL-D-006,DEVELOPER,API Key,BUDGET_EXHAUSTED,预算耗尽,停止收费调用并给出充值或调整预算入口。,recharge_or_adjust,P11-004|P11-006,P11,P11-W01,YL-D-006-S08_BUDGET_EXHAUSTED,ui/mockups/developer/YL-D-006/YL-D-006-S08_BUDGET_EXHAUSTED.png,PAGE,,a1ac330009bafcab
YL-D-006-S09_PERMISSION_DENIED,YL-D-006,DEVELOPER,API Key,PERMISSION_DENIED,权限不足,不泄露资源存在性，说明所需权限或返回。,back_or_request_access,P11-004|P11-006,P11,P11-W01,YL-D-006-S09_PERMISSION_DENIED,ui/mockups/developer/YL-D-006/YL-D-006-S09_PERMISSION_DENIED.png,PAGE,,a1ac330009bafcab
YL-D-006-S10_SERVER_ERROR,YL-D-006,DEVELOPER,API Key,SERVER_ERROR,服务异常,服务端 5xx，显示请求 ID，不暴露堆栈。,retry_or_status,P11-004|P11-006,P11,P11-W01,YL-D-006-S10_SERVER_ERROR,ui/mockups/developer/YL-D-006/YL-D-006-S10_SERVER_ERROR.png,PAGE,,a1ac330009bafcab
YL-D-007-S01_LOADING,YL-D-007,DEVELOPER,API Key创建结果,LOADING,加载中,使用与最终布局一致的 Skeleton，禁止无限 Loading。,automatic_or_retry,P11-005,P11,P11-W01,YL-D-007-S01_LOADING,ui/mockups/developer/YL-D-007/YL-D-007-S01_LOADING.png,PAGE,,11e0218658c893c7
YL-D-007-S02_POPULATED,YL-D-007,DEVELOPER,API Key创建结果,POPULATED,有数据,真实结构化数据已加载。,none,P11-005,P11,P11-W01,YL-D-007-S02_POPULATED,ui/mockups/developer/YL-D-007/YL-D-007-S02_POPULATED.png,PAGE,,11e0218658c893c7
YL-D-007-S03_CREATED_ONCE,YL-D-007,DEVELOPER,API Key创建结果,CREATED_ONCE,密钥仅展示一次,完整 API Key 仅本次可见，包含复制和安全提醒。,copy_then_close,P11-005,P11,P11-W01,YL-D-007-S03_CREATED_ONCE,ui/mockups/developer/YL-D-007/YL-D-007-S03_CREATED_ONCE.png,PAGE,,11e0218658c893c7
YL-D-007-S04_DIRTY,YL-D-007,DEVELOPER,API Key创建结果,DIRTY,存在未保存修改,离开或关闭前必须确认。,save_or_discard,P11-005,P11,P11-W01,YL-D-007-S04_DIRTY,ui/mockups/developer/YL-D-007/YL-D-007-S04_DIRTY.png,PAGE,,11e0218658c893c7
YL-D-007-S05_VALIDATION_ERROR,YL-D-007,DEVELOPER,API Key创建结果,VALIDATION_ERROR,表单校验失败,字段级错误紧邻字段，首个错误获得焦点。,correct_input,P11-005,P11,P11-W01,YL-D-007-S05_VALIDATION_ERROR,ui/mockups/developer/YL-D-007/YL-D-007-S05_VALIDATION_ERROR.png,PAGE,,11e0218658c893c7
YL-D-007-S06_SUBMITTING,YL-D-007,DEVELOPER,API Key创建结果,SUBMITTING,提交中,主按钮保留尺寸并显示进度，禁止重复提交。,wait_or_cancel_if_supported,P11-005,P11,P11-W01,YL-D-007-S06_SUBMITTING,ui/mockups/developer/YL-D-007/YL-D-007-S06_SUBMITTING.png,PAGE,,11e0218658c893c7
YL-D-007-S07_SAVE_SUCCESS,YL-D-007,DEVELOPER,API Key创建结果,SAVE_SUCCESS,保存成功,保存结果明确且数据回读一致。,continue,P11-005,P11,P11-W01,YL-D-007-S07_SAVE_SUCCESS,ui/mockups/developer/YL-D-007/YL-D-007-S07_SAVE_SUCCESS.png,PAGE,,11e0218658c893c7
YL-D-007-S08_BUDGET_EXHAUSTED,YL-D-007,DEVELOPER,API Key创建结果,BUDGET_EXHAUSTED,预算耗尽,停止收费调用并给出充值或调整预算入口。,recharge_or_adjust,P11-005,P11,P11-W01,YL-D-007-S08_BUDGET_EXHAUSTED,ui/mockups/developer/YL-D-007/YL-D-007-S08_BUDGET_EXHAUSTED.png,PAGE,,11e0218658c893c7
YL-D-007-S09_PERMISSION_DENIED,YL-D-007,DEVELOPER,API Key创建结果,PERMISSION_DENIED,权限不足,不泄露资源存在性，说明所需权限或返回。,back_or_request_access,P11-005,P11,P11-W01,YL-D-007-S09_PERMISSION_DENIED,ui/mockups/developer/YL-D-007/YL-D-007-S09_PERMISSION_DENIED.png,PAGE,,11e0218658c893c7
YL-D-007-S10_SERVER_ERROR,YL-D-007,DEVELOPER,API Key创建结果,SERVER_ERROR,服务异常,服务端 5xx，显示请求 ID，不暴露堆栈。,retry_or_status,P11-005,P11,P11-W01,YL-D-007-S10_SERVER_ERROR,ui/mockups/developer/YL-D-007/YL-D-007-S10_SERVER_ERROR.png,PAGE,,11e0218658c893c7
YL-D-008-S01_LOADING,YL-D-008,DEVELOPER,API Key详情,LOADING,加载中,使用与最终布局一致的 Skeleton，禁止无限 Loading。,automatic_or_retry,P11-007,P11,P11-W01,YL-D-008-S01_LOADING,ui/mockups/developer/YL-D-008/YL-D-008-S01_LOADING.png,PAGE,,5dd014f5063407a2
YL-D-008-S02_POPULATED,YL-D-008,DEVELOPER,API Key详情,POPULATED,有数据,真实结构化数据已加载。,none,P11-007,P11,P11-W01,YL-D-008-S02_POPULATED,ui/mockups/developer/YL-D-008/YL-D-008-S02_POPULATED.png,PAGE,,5dd014f5063407a2
YL-D-008-S03_CREATED_ONCE,YL-D-008,DEVELOPER,API Key详情,CREATED_ONCE,密钥仅展示一次,完整 API Key 仅本次可见，包含复制和安全提醒。,copy_then_close,P11-007,P11,P11-W01,YL-D-008-S03_CREATED_ONCE,ui/mockups/developer/YL-D-008/YL-D-008-S03_CREATED_ONCE.png,PAGE,,5dd014f5063407a2
YL-D-008-S04_DIRTY,YL-D-008,DEVELOPER,API Key详情,DIRTY,存在未保存修改,离开或关闭前必须确认。,save_or_discard,P11-007,P11,P11-W01,YL-D-008-S04_DIRTY,ui/mockups/developer/YL-D-008/YL-D-008-S04_DIRTY.png,PAGE,,5dd014f5063407a2
YL-D-008-S05_VALIDATION_ERROR,YL-D-008,DEVELOPER,API Key详情,VALIDATION_ERROR,表单校验失败,字段级错误紧邻字段，首个错误获得焦点。,correct_input,P11-007,P11,P11-W01,YL-D-008-S05_VALIDATION_ERROR,ui/mockups/developer/YL-D-008/YL-D-008-S05_VALIDATION_ERROR.png,PAGE,,5dd014f5063407a2
YL-D-008-S06_SUBMITTING,YL-D-008,DEVELOPER,API Key详情,SUBMITTING,提交中,主按钮保留尺寸并显示进度，禁止重复提交。,wait_or_cancel_if_supported,P11-007,P11,P11-W01,YL-D-008-S06_SUBMITTING,ui/mockups/developer/YL-D-008/YL-D-008-S06_SUBMITTING.png,PAGE,,5dd014f5063407a2
YL-D-008-S07_SAVE_SUCCESS,YL-D-008,DEVELOPER,API Key详情,SAVE_SUCCESS,保存成功,保存结果明确且数据回读一致。,continue,P11-007,P11,P11-W01,YL-D-008-S07_SAVE_SUCCESS,ui/mockups/developer/YL-D-008/YL-D-008-S07_SAVE_SUCCESS.png,PAGE,,5dd014f5063407a2
YL-D-008-S08_BUDGET_EXHAUSTED,YL-D-008,DEVELOPER,API Key详情,BUDGET_EXHAUSTED,预算耗尽,停止收费调用并给出充值或调整预算入口。,recharge_or_adjust,P11-007,P11,P11-W01,YL-D-008-S08_BUDGET_EXHAUSTED,ui/mockups/developer/YL-D-008/YL-D-008-S08_BUDGET_EXHAUSTED.png,PAGE,,5dd014f5063407a2
YL-D-008-S09_PERMISSION_DENIED,YL-D-008,DEVELOPER,API Key详情,PERMISSION_DENIED,权限不足,不泄露资源存在性，说明所需权限或返回。,back_or_request_access,P11-007,P11,P11-W01,YL-D-008-S09_PERMISSION_DENIED,ui/mockups/developer/YL-D-008/YL-D-008-S09_PERMISSION_DENIED.png,PAGE,,5dd014f5063407a2
YL-D-008-S10_SERVER_ERROR,YL-D-008,DEVELOPER,API Key详情,SERVER_ERROR,服务异常,服务端 5xx，显示请求 ID，不暴露堆栈。,retry_or_status,P11-007,P11,P11-W01,YL-D-008-S10_SERVER_ERROR,ui/mockups/developer/YL-D-008/YL-D-008-S10_SERVER_ERROR.png,PAGE,,5dd014f5063407a2
YL-D-009-S01_LOADING,YL-D-009,DEVELOPER,API Key预算,LOADING,加载中,使用与最终布局一致的 Skeleton，禁止无限 Loading。,automatic_or_retry,P11-008,P11,P11-W02,YL-D-009-S01_LOADING,ui/mockups/developer/YL-D-009/YL-D-009-S01_LOADING.png,PAGE,,664b32537993cf38
YL-D-009-S02_POPULATED,YL-D-009,DEVELOPER,API Key预算,POPULATED,有数据,真实结构化数据已加载。,none,P11-008,P11,P11-W02,YL-D-009-S02_POPULATED,ui/mockups/developer/YL-D-009/YL-D-009-S02_POPULATED.png,PAGE,,664b32537993cf38
YL-D-009-S03_EMPTY,YL-D-009,DEVELOPER,API Key预算,EMPTY,空数据,显示原因、下一步和主操作；不得使用伪造内容填满。,primary_action_or_refresh,P11-008,P11,P11-W02,YL-D-009-S03_EMPTY,ui/mockups/developer/YL-D-009/YL-D-009-S03_EMPTY.png,PAGE,,664b32537993cf38
YL-D-009-S04_PAYMENT_PENDING,YL-D-009,DEVELOPER,API Key预算,PAYMENT_PENDING,支付待确认,订单已创建或支付结果回调中，禁止重复付款。,refresh_status,P11-008,P11,P11-W02,YL-D-009-S04_PAYMENT_PENDING,ui/mockups/developer/YL-D-009/YL-D-009-S04_PAYMENT_PENDING.png,PAGE,,664b32537993cf38
YL-D-009-S05_CREDIT_PENDING,YL-D-009,DEVELOPER,API Key预算,CREDIT_PENDING,到账同步中,支付成功但额度投影尚未完成，自动重试。,automatic_or_support,P11-008,P11,P11-W02,YL-D-009-S05_CREDIT_PENDING,ui/mockups/developer/YL-D-009/YL-D-009-S05_CREDIT_PENDING.png,PAGE,,664b32537993cf38
YL-D-009-S06_REFUND_PENDING,YL-D-009,DEVELOPER,API Key预算,REFUND_PENDING,退款处理中,展示退款阶段、金额和预计规则，不伪造到账时间。,refresh_status,P11-008,P11,P11-W02,YL-D-009-S06_REFUND_PENDING,ui/mockups/developer/YL-D-009/YL-D-009-S06_REFUND_PENDING.png,PAGE,,664b32537993cf38
YL-D-009-S07_BUDGET_EXHAUSTED,YL-D-009,DEVELOPER,API Key预算,BUDGET_EXHAUSTED,预算耗尽,停止收费调用并给出充值或调整预算入口。,recharge_or_adjust,P11-008,P11,P11-W02,YL-D-009-S07_BUDGET_EXHAUSTED,ui/mockups/developer/YL-D-009/YL-D-009-S07_BUDGET_EXHAUSTED.png,PAGE,,664b32537993cf38
YL-D-009-S08_SUCCESS,YL-D-009,DEVELOPER,API Key预算,SUCCESS,操作成功,使用 Snackbar、结果页或成功卡，按合同给出下一步。,continue,P11-008,P11,P11-W02,YL-D-009-S08_SUCCESS,ui/mockups/developer/YL-D-009/YL-D-009-S08_SUCCESS.png,PAGE,,664b32537993cf38
YL-D-009-S09_SERVER_ERROR,YL-D-009,DEVELOPER,API Key预算,SERVER_ERROR,服务异常,服务端 5xx，显示请求 ID，不暴露堆栈。,retry_or_status,P11-008,P11,P11-W02,YL-D-009-S09_SERVER_ERROR,ui/mockups/developer/YL-D-009/YL-D-009-S09_SERVER_ERROR.png,PAGE,,664b32537993cf38
YL-D-009-S10_OFFLINE,YL-D-009,DEVELOPER,API Key预算,OFFLINE,离线,说明当前离线；有缓存时显示缓存来源与时间。,retry_when_online,P11-008,P11,P11-W02,YL-D-009-S10_OFFLINE,ui/mockups/developer/YL-D-009/YL-D-009-S10_OFFLINE.png,PAGE,,664b32537993cf38
YL-D-010-S01_LOADING,YL-D-010,DEVELOPER,预算与告警,LOADING,加载中,使用与最终布局一致的 Skeleton，禁止无限 Loading。,automatic_or_retry,P11-009|P11-027,P11,P11-W02|P11-W05,YL-D-010-S01_LOADING,ui/mockups/developer/YL-D-010/YL-D-010-S01_LOADING.png,PAGE,,b4eeeff99e57ec84
YL-D-010-S02_POPULATED,YL-D-010,DEVELOPER,预算与告警,POPULATED,有数据,真实结构化数据已加载。,none,P11-009|P11-027,P11,P11-W02|P11-W05,YL-D-010-S02_POPULATED,ui/mockups/developer/YL-D-010/YL-D-010-S02_POPULATED.png,PAGE,,b4eeeff99e57ec84
YL-D-010-S03_EMPTY,YL-D-010,DEVELOPER,预算与告警,EMPTY,空数据,显示原因、下一步和主操作；不得使用伪造内容填满。,primary_action_or_refresh,P11-009|P11-027,P11,P11-W02|P11-W05,YL-D-010-S03_EMPTY,ui/mockups/developer/YL-D-010/YL-D-010-S03_EMPTY.png,PAGE,,b4eeeff99e57ec84
YL-D-010-S04_PAYMENT_PENDING,YL-D-010,DEVELOPER,预算与告警,PAYMENT_PENDING,支付待确认,订单已创建或支付结果回调中，禁止重复付款。,refresh_status,P11-009|P11-027,P11,P11-W02|P11-W05,YL-D-010-S04_PAYMENT_PENDING,ui/mockups/developer/YL-D-010/YL-D-010-S04_PAYMENT_PENDING.png,PAGE,,b4eeeff99e57ec84
YL-D-010-S05_CREDIT_PENDING,YL-D-010,DEVELOPER,预算与告警,CREDIT_PENDING,到账同步中,支付成功但额度投影尚未完成，自动重试。,automatic_or_support,P11-009|P11-027,P11,P11-W02|P11-W05,YL-D-010-S05_CREDIT_PENDING,ui/mockups/developer/YL-D-010/YL-D-010-S05_CREDIT_PENDING.png,PAGE,,b4eeeff99e57ec84
YL-D-010-S06_REFUND_PENDING,YL-D-010,DEVELOPER,预算与告警,REFUND_PENDING,退款处理中,展示退款阶段、金额和预计规则，不伪造到账时间。,refresh_status,P11-009|P11-027,P11,P11-W02|P11-W05,YL-D-010-S06_REFUND_PENDING,ui/mockups/developer/YL-D-010/YL-D-010-S06_REFUND_PENDING.png,PAGE,,b4eeeff99e57ec84
YL-D-010-S07_BUDGET_EXHAUSTED,YL-D-010,DEVELOPER,预算与告警,BUDGET_EXHAUSTED,预算耗尽,停止收费调用并给出充值或调整预算入口。,recharge_or_adjust,P11-009|P11-027,P11,P11-W02|P11-W05,YL-D-010-S07_BUDGET_EXHAUSTED,ui/mockups/developer/YL-D-010/YL-D-010-S07_BUDGET_EXHAUSTED.png,PAGE,,b4eeeff99e57ec84
YL-D-010-S08_SUCCESS,YL-D-010,DEVELOPER,预算与告警,SUCCESS,操作成功,使用 Snackbar、结果页或成功卡，按合同给出下一步。,continue,P11-009|P11-027,P11,P11-W02|P11-W05,YL-D-010-S08_SUCCESS,ui/mockups/developer/YL-D-010/YL-D-010-S08_SUCCESS.png,PAGE,,b4eeeff99e57ec84
YL-D-010-S09_SERVER_ERROR,YL-D-010,DEVELOPER,预算与告警,SERVER_ERROR,服务异常,服务端 5xx，显示请求 ID，不暴露堆栈。,retry_or_status,P11-009|P11-027,P11,P11-W02|P11-W05,YL-D-010-S09_SERVER_ERROR,ui/mockups/developer/YL-D-010/YL-D-010-S09_SERVER_ERROR.png,PAGE,,b4eeeff99e57ec84
YL-D-010-S10_OFFLINE,YL-D-010,DEVELOPER,预算与告警,OFFLINE,离线,说明当前离线；有缓存时显示缓存来源与时间。,retry_when_online,P11-009|P11-027,P11,P11-W02|P11-W05,YL-D-010-S10_OFFLINE,ui/mockups/developer/YL-D-010/YL-D-010-S10_OFFLINE.png,PAGE,,b4eeeff99e57ec84
YL-D-011-S01_LOADING,YL-D-011,DEVELOPER,API Key安全,LOADING,加载中,使用与最终布局一致的 Skeleton，禁止无限 Loading。,automatic_or_retry,P11-010,P11,P11-W02,YL-D-011-S01_LOADING,ui/mockups/developer/YL-D-011/YL-D-011-S01_LOADING.png,PAGE,,4e9861487ee94315
YL-D-011-S02_POPULATED,YL-D-011,DEVELOPER,API Key安全,POPULATED,有数据,真实结构化数据已加载。,none,P11-010,P11,P11-W02,YL-D-011-S02_POPULATED,ui/mockups/developer/YL-D-011/YL-D-011-S02_POPULATED.png,PAGE,,4e9861487ee94315
YL-D-011-S03_CREATED_ONCE,YL-D-011,DEVELOPER,API Key安全,CREATED_ONCE,密钥仅展示一次,完整 API Key 仅本次可见，包含复制和安全提醒。,copy_then_close,P11-010,P11,P11-W02,YL-D-011-S03_CREATED_ONCE,ui/mockups/developer/YL-D-011/YL-D-011-S03_CREATED_ONCE.png,PAGE,,4e9861487ee94315
YL-D-011-S04_DIRTY,YL-D-011,DEVELOPER,API Key安全,DIRTY,存在未保存修改,离开或关闭前必须确认。,save_or_discard,P11-010,P11,P11-W02,YL-D-011-S04_DIRTY,ui/mockups/developer/YL-D-011/YL-D-011-S04_DIRTY.png,PAGE,,4e9861487ee94315
YL-D-011-S05_VALIDATION_ERROR,YL-D-011,DEVELOPER,API Key安全,VALIDATION_ERROR,表单校验失败,字段级错误紧邻字段，首个错误获得焦点。,correct_input,P11-010,P11,P11-W02,YL-D-011-S05_VALIDATION_ERROR,ui/mockups/developer/YL-D-011/YL-D-011-S05_VALIDATION_ERROR.png,PAGE,,4e9861487ee94315
YL-D-011-S06_SUBMITTING,YL-D-011,DEVELOPER,API Key安全,SUBMITTING,提交中,主按钮保留尺寸并显示进度，禁止重复提交。,wait_or_cancel_if_supported,P11-010,P11,P11-W02,YL-D-011-S06_SUBMITTING,ui/mockups/developer/YL-D-011/YL-D-011-S06_SUBMITTING.png,PAGE,,4e9861487ee94315
YL-D-011-S07_SAVE_SUCCESS,YL-D-011,DEVELOPER,API Key安全,SAVE_SUCCESS,保存成功,保存结果明确且数据回读一致。,continue,P11-010,P11,P11-W02,YL-D-011-S07_SAVE_SUCCESS,ui/mockups/developer/YL-D-011/YL-D-011-S07_SAVE_SUCCESS.png,PAGE,,4e9861487ee94315
YL-D-011-S08_BUDGET_EXHAUSTED,YL-D-011,DEVELOPER,API Key安全,BUDGET_EXHAUSTED,预算耗尽,停止收费调用并给出充值或调整预算入口。,recharge_or_adjust,P11-010,P11,P11-W02,YL-D-011-S08_BUDGET_EXHAUSTED,ui/mockups/developer/YL-D-011/YL-D-011-S08_BUDGET_EXHAUSTED.png,PAGE,,4e9861487ee94315
YL-D-011-S09_PERMISSION_DENIED,YL-D-011,DEVELOPER,API Key安全,PERMISSION_DENIED,权限不足,不泄露资源存在性，说明所需权限或返回。,back_or_request_access,P11-010,P11,P11-W02,YL-D-011-S09_PERMISSION_DENIED,ui/mockups/developer/YL-D-011/YL-D-011-S09_PERMISSION_DENIED.png,PAGE,,4e9861487ee94315
YL-D-011-S10_SERVER_ERROR,YL-D-011,DEVELOPER,API Key安全,SERVER_ERROR,服务异常,服务端 5xx，显示请求 ID，不暴露堆栈。,retry_or_status,P11-010,P11,P11-W02,YL-D-011-S10_SERVER_ERROR,ui/mockups/developer/YL-D-011/YL-D-011-S10_SERVER_ERROR.png,PAGE,,4e9861487ee94315
YL-D-012-S01_LOADING,YL-D-012,DEVELOPER,用量统计,LOADING,加载中,使用与最终布局一致的 Skeleton，禁止无限 Loading。,automatic_or_retry,P11-022,P11,P11-W04,YL-D-012-S01_LOADING,ui/mockups/developer/YL-D-012/YL-D-012-S01_LOADING.png,PAGE,,2f35bc9821ae5a7b
YL-D-012-S02_POPULATED,YL-D-012,DEVELOPER,用量统计,POPULATED,有数据,真实结构化数据已加载。,none,P11-022,P11,P11-W04,YL-D-012-S02_POPULATED,ui/mockups/developer/YL-D-012/YL-D-012-S02_POPULATED.png,PAGE,,2f35bc9821ae5a7b
YL-D-012-S03_EMPTY,YL-D-012,DEVELOPER,用量统计,EMPTY,空数据,显示原因、下一步和主操作；不得使用伪造内容填满。,primary_action_or_refresh,P11-022,P11,P11-W04,YL-D-012-S03_EMPTY,ui/mockups/developer/YL-D-012/YL-D-012-S03_EMPTY.png,PAGE,,2f35bc9821ae5a7b
YL-D-012-S04_PAYMENT_PENDING,YL-D-012,DEVELOPER,用量统计,PAYMENT_PENDING,支付待确认,订单已创建或支付结果回调中，禁止重复付款。,refresh_status,P11-022,P11,P11-W04,YL-D-012-S04_PAYMENT_PENDING,ui/mockups/developer/YL-D-012/YL-D-012-S04_PAYMENT_PENDING.png,PAGE,,2f35bc9821ae5a7b
YL-D-012-S05_CREDIT_PENDING,YL-D-012,DEVELOPER,用量统计,CREDIT_PENDING,到账同步中,支付成功但额度投影尚未完成，自动重试。,automatic_or_support,P11-022,P11,P11-W04,YL-D-012-S05_CREDIT_PENDING,ui/mockups/developer/YL-D-012/YL-D-012-S05_CREDIT_PENDING.png,PAGE,,2f35bc9821ae5a7b
YL-D-012-S06_REFUND_PENDING,YL-D-012,DEVELOPER,用量统计,REFUND_PENDING,退款处理中,展示退款阶段、金额和预计规则，不伪造到账时间。,refresh_status,P11-022,P11,P11-W04,YL-D-012-S06_REFUND_PENDING,ui/mockups/developer/YL-D-012/YL-D-012-S06_REFUND_PENDING.png,PAGE,,2f35bc9821ae5a7b
YL-D-012-S07_BUDGET_EXHAUSTED,YL-D-012,DEVELOPER,用量统计,BUDGET_EXHAUSTED,预算耗尽,停止收费调用并给出充值或调整预算入口。,recharge_or_adjust,P11-022,P11,P11-W04,YL-D-012-S07_BUDGET_EXHAUSTED,ui/mockups/developer/YL-D-012/YL-D-012-S07_BUDGET_EXHAUSTED.png,PAGE,,2f35bc9821ae5a7b
YL-D-012-S08_SUCCESS,YL-D-012,DEVELOPER,用量统计,SUCCESS,操作成功,使用 Snackbar、结果页或成功卡，按合同给出下一步。,continue,P11-022,P11,P11-W04,YL-D-012-S08_SUCCESS,ui/mockups/developer/YL-D-012/YL-D-012-S08_SUCCESS.png,PAGE,,2f35bc9821ae5a7b
YL-D-012-S09_SERVER_ERROR,YL-D-012,DEVELOPER,用量统计,SERVER_ERROR,服务异常,服务端 5xx，显示请求 ID，不暴露堆栈。,retry_or_status,P11-022,P11,P11-W04,YL-D-012-S09_SERVER_ERROR,ui/mockups/developer/YL-D-012/YL-D-012-S09_SERVER_ERROR.png,PAGE,,2f35bc9821ae5a7b
YL-D-012-S10_OFFLINE,YL-D-012,DEVELOPER,用量统计,OFFLINE,离线,说明当前离线；有缓存时显示缓存来源与时间。,retry_when_online,P11-022,P11,P11-W04,YL-D-012-S10_OFFLINE,ui/mockups/developer/YL-D-012/YL-D-012-S10_OFFLINE.png,PAGE,,2f35bc9821ae5a7b
YL-D-013-S01_LOADING,YL-D-013,DEVELOPER,调用日志,LOADING,加载中,使用与最终布局一致的 Skeleton，禁止无限 Loading。,automatic_or_retry,P11-023,P11,P11-W04,YL-D-013-S01_LOADING,ui/mockups/developer/YL-D-013/YL-D-013-S01_LOADING.png,PAGE,,0e772061b985ce4b
YL-D-013-S02_POPULATED,YL-D-013,DEVELOPER,调用日志,POPULATED,有数据,真实结构化数据已加载。,none,P11-023,P11,P11-W04,YL-D-013-S02_POPULATED,ui/mockups/developer/YL-D-013/YL-D-013-S02_POPULATED.png,PAGE,,0e772061b985ce4b
YL-D-013-S03_EMPTY,YL-D-013,DEVELOPER,调用日志,EMPTY,空数据,显示原因、下一步和主操作；不得使用伪造内容填满。,primary_action_or_refresh,P11-023,P11,P11-W04,YL-D-013-S03_EMPTY,ui/mockups/developer/YL-D-013/YL-D-013-S03_EMPTY.png,PAGE,,0e772061b985ce4b
YL-D-013-S04_FILTER_ACTIVE,YL-D-013,DEVELOPER,调用日志,FILTER_ACTIVE,筛选生效,清晰展示筛选条件和结果数量。,clear_filter,P11-023,P11,P11-W04,YL-D-013-S04_FILTER_ACTIVE,ui/mockups/developer/YL-D-013/YL-D-013-S04_FILTER_ACTIVE.png,PAGE,,0e772061b985ce4b
YL-D-013-S05_BULK_SELECTED,YL-D-013,DEVELOPER,调用日志,BULK_SELECTED,批量选择,显示已选数量和允许的批量动作。,clear_selection,P11-023,P11,P11-W04,YL-D-013-S05_BULK_SELECTED,ui/mockups/developer/YL-D-013/YL-D-013-S05_BULK_SELECTED.png,PAGE,,0e772061b985ce4b
YL-D-013-S06_PERMISSION_DENIED,YL-D-013,DEVELOPER,调用日志,PERMISSION_DENIED,权限不足,不泄露资源存在性，说明所需权限或返回。,back_or_request_access,P11-023,P11,P11-W04,YL-D-013-S06_PERMISSION_DENIED,ui/mockups/developer/YL-D-013/YL-D-013-S06_PERMISSION_DENIED.png,PAGE,,0e772061b985ce4b
YL-D-013-S07_SERVER_ERROR,YL-D-013,DEVELOPER,调用日志,SERVER_ERROR,服务异常,服务端 5xx，显示请求 ID，不暴露堆栈。,retry_or_status,P11-023,P11,P11-W04,YL-D-013-S07_SERVER_ERROR,ui/mockups/developer/YL-D-013/YL-D-013-S07_SERVER_ERROR.png,PAGE,,0e772061b985ce4b
YL-D-014-S01_LOADING,YL-D-014,DEVELOPER,API Playground,LOADING,加载中,使用与最终布局一致的 Skeleton，禁止无限 Loading。,automatic_or_retry,P11-024,P11,P11-W04,YL-D-014-S01_LOADING,ui/mockups/developer/YL-D-014/YL-D-014-S01_LOADING.png,PAGE,,c75d08a41d0be5b9
YL-D-014-S02_POPULATED,YL-D-014,DEVELOPER,API Playground,POPULATED,有数据,真实结构化数据已加载。,none,P11-024,P11,P11-W04,YL-D-014-S02_POPULATED,ui/mockups/developer/YL-D-014/YL-D-014-S02_POPULATED.png,PAGE,,c75d08a41d0be5b9
YL-D-014-S03_EDIT_MODE,YL-D-014,DEVELOPER,API Playground,EDIT_MODE,编辑状态,可编辑字段与只读字段明显区分。,save_or_cancel,P11-024,P11,P11-W04,YL-D-014-S03_EDIT_MODE,ui/mockups/developer/YL-D-014/YL-D-014-S03_EDIT_MODE.png,PAGE,,c75d08a41d0be5b9
YL-D-014-S04_DIRTY,YL-D-014,DEVELOPER,API Playground,DIRTY,存在未保存修改,离开或关闭前必须确认。,save_or_discard,P11-024,P11,P11-W04,YL-D-014-S04_DIRTY,ui/mockups/developer/YL-D-014/YL-D-014-S04_DIRTY.png,PAGE,,c75d08a41d0be5b9
YL-D-014-S05_VALIDATION_ERROR,YL-D-014,DEVELOPER,API Playground,VALIDATION_ERROR,表单校验失败,字段级错误紧邻字段，首个错误获得焦点。,correct_input,P11-024,P11,P11-W04,YL-D-014-S05_VALIDATION_ERROR,ui/mockups/developer/YL-D-014/YL-D-014-S05_VALIDATION_ERROR.png,PAGE,,c75d08a41d0be5b9
YL-D-014-S06_SUBMITTING,YL-D-014,DEVELOPER,API Playground,SUBMITTING,提交中,主按钮保留尺寸并显示进度，禁止重复提交。,wait_or_cancel_if_supported,P11-024,P11,P11-W04,YL-D-014-S06_SUBMITTING,ui/mockups/developer/YL-D-014/YL-D-014-S06_SUBMITTING.png,PAGE,,c75d08a41d0be5b9
YL-D-014-S07_SAVE_SUCCESS,YL-D-014,DEVELOPER,API Playground,SAVE_SUCCESS,保存成功,保存结果明确且数据回读一致。,continue,P11-024,P11,P11-W04,YL-D-014-S07_SAVE_SUCCESS,ui/mockups/developer/YL-D-014/YL-D-014-S07_SAVE_SUCCESS.png,PAGE,,c75d08a41d0be5b9
YL-D-014-S08_VERSION_CONFLICT,YL-D-014,DEVELOPER,API Playground,VERSION_CONFLICT,版本冲突,显示当前版本与服务器版本，禁止静默覆盖。,reload_compare_or_force_with_permission,P11-024,P11,P11-W04,YL-D-014-S08_VERSION_CONFLICT,ui/mockups/developer/YL-D-014/YL-D-014-S08_VERSION_CONFLICT.png,PAGE,,c75d08a41d0be5b9
YL-D-014-S09_PERMISSION_DENIED,YL-D-014,DEVELOPER,API Playground,PERMISSION_DENIED,权限不足,不泄露资源存在性，说明所需权限或返回。,back_or_request_access,P11-024,P11,P11-W04,YL-D-014-S09_PERMISSION_DENIED,ui/mockups/developer/YL-D-014/YL-D-014-S09_PERMISSION_DENIED.png,PAGE,,c75d08a41d0be5b9
YL-D-014-S10_SERVER_ERROR,YL-D-014,DEVELOPER,API Playground,SERVER_ERROR,服务异常,服务端 5xx，显示请求 ID，不暴露堆栈。,retry_or_status,P11-024,P11,P11-W04,YL-D-014-S10_SERVER_ERROR,ui/mockups/developer/YL-D-014/YL-D-014-S10_SERVER_ERROR.png,PAGE,,c75d08a41d0be5b9
YL-D-015-S01_LOADING,YL-D-015,DEVELOPER,模型与价格,LOADING,加载中,使用与最终布局一致的 Skeleton，禁止无限 Loading。,automatic_or_retry,P11-025,P11,P11-W04,YL-D-015-S01_LOADING,ui/mockups/developer/YL-D-015/YL-D-015-S01_LOADING.png,PAGE,,1a7fc2c49541b36a
YL-D-015-S02_POPULATED,YL-D-015,DEVELOPER,模型与价格,POPULATED,有数据,真实结构化数据已加载。,none,P11-025,P11,P11-W04,YL-D-015-S02_POPULATED,ui/mockups/developer/YL-D-015/YL-D-015-S02_POPULATED.png,PAGE,,1a7fc2c49541b36a
YL-D-015-S03_EMPTY,YL-D-015,DEVELOPER,模型与价格,EMPTY,空数据,显示原因、下一步和主操作；不得使用伪造内容填满。,primary_action_or_refresh,P11-025,P11,P11-W04,YL-D-015-S03_EMPTY,ui/mockups/developer/YL-D-015/YL-D-015-S03_EMPTY.png,PAGE,,1a7fc2c49541b36a
YL-D-015-S04_PAYMENT_PENDING,YL-D-015,DEVELOPER,模型与价格,PAYMENT_PENDING,支付待确认,订单已创建或支付结果回调中，禁止重复付款。,refresh_status,P11-025,P11,P11-W04,YL-D-015-S04_PAYMENT_PENDING,ui/mockups/developer/YL-D-015/YL-D-015-S04_PAYMENT_PENDING.png,PAGE,,1a7fc2c49541b36a
YL-D-015-S05_CREDIT_PENDING,YL-D-015,DEVELOPER,模型与价格,CREDIT_PENDING,到账同步中,支付成功但额度投影尚未完成，自动重试。,automatic_or_support,P11-025,P11,P11-W04,YL-D-015-S05_CREDIT_PENDING,ui/mockups/developer/YL-D-015/YL-D-015-S05_CREDIT_PENDING.png,PAGE,,1a7fc2c49541b36a
YL-D-015-S06_REFUND_PENDING,YL-D-015,DEVELOPER,模型与价格,REFUND_PENDING,退款处理中,展示退款阶段、金额和预计规则，不伪造到账时间。,refresh_status,P11-025,P11,P11-W04,YL-D-015-S06_REFUND_PENDING,ui/mockups/developer/YL-D-015/YL-D-015-S06_REFUND_PENDING.png,PAGE,,1a7fc2c49541b36a
YL-D-015-S07_BUDGET_EXHAUSTED,YL-D-015,DEVELOPER,模型与价格,BUDGET_EXHAUSTED,预算耗尽,停止收费调用并给出充值或调整预算入口。,recharge_or_adjust,P11-025,P11,P11-W04,YL-D-015-S07_BUDGET_EXHAUSTED,ui/mockups/developer/YL-D-015/YL-D-015-S07_BUDGET_EXHAUSTED.png,PAGE,,1a7fc2c49541b36a
YL-D-015-S08_SUCCESS,YL-D-015,DEVELOPER,模型与价格,SUCCESS,操作成功,使用 Snackbar、结果页或成功卡，按合同给出下一步。,continue,P11-025,P11,P11-W04,YL-D-015-S08_SUCCESS,ui/mockups/developer/YL-D-015/YL-D-015-S08_SUCCESS.png,PAGE,,1a7fc2c49541b36a
YL-D-015-S09_SERVER_ERROR,YL-D-015,DEVELOPER,模型与价格,SERVER_ERROR,服务异常,服务端 5xx，显示请求 ID，不暴露堆栈。,retry_or_status,P11-025,P11,P11-W04,YL-D-015-S09_SERVER_ERROR,ui/mockups/developer/YL-D-015/YL-D-015-S09_SERVER_ERROR.png,PAGE,,1a7fc2c49541b36a
YL-D-015-S10_OFFLINE,YL-D-015,DEVELOPER,模型与价格,OFFLINE,离线,说明当前离线；有缓存时显示缓存来源与时间。,retry_when_online,P11-025,P11,P11-W04,YL-D-015-S10_OFFLINE,ui/mockups/developer/YL-D-015/YL-D-015-S10_OFFLINE.png,PAGE,,1a7fc2c49541b36a
YL-D-016-S01_LOADING,YL-D-016,DEVELOPER,API文档,LOADING,加载中,使用与最终布局一致的 Skeleton，禁止无限 Loading。,automatic_or_retry,P11-026,P11,P11-W04,YL-D-016-S01_LOADING,ui/mockups/developer/YL-D-016/YL-D-016-S01_LOADING.png,PAGE,,f44823028de9b4af
YL-D-016-S02_POPULATED,YL-D-016,DEVELOPER,API文档,POPULATED,有数据,真实结构化数据已加载。,none,P11-026,P11,P11-W04,YL-D-016-S02_POPULATED,ui/mockups/developer/YL-D-016/YL-D-016-S02_POPULATED.png,PAGE,,f44823028de9b4af
YL-D-016-S03_FILTER_ACTIVE,YL-D-016,DEVELOPER,API文档,FILTER_ACTIVE,筛选生效,清晰展示筛选条件和结果数量。,clear_filter,P11-026,P11,P11-W04,YL-D-016-S03_FILTER_ACTIVE,ui/mockups/developer/YL-D-016/YL-D-016-S03_FILTER_ACTIVE.png,PAGE,,f44823028de9b4af
YL-D-016-S04_NOT_FOUND,YL-D-016,DEVELOPER,API文档,NOT_FOUND,内容不存在,资源不存在、已删除或不可访问。,back,P11-026,P11,P11-W04,YL-D-016-S04_NOT_FOUND,ui/mockups/developer/YL-D-016/YL-D-016-S04_NOT_FOUND.png,PAGE,,f44823028de9b4af
YL-D-016-S05_SERVICE_DEGRADED,YL-D-016,DEVELOPER,API文档,SERVICE_DEGRADED,服务降级,展示受影响能力、替代通道和状态页入口。,choose_alternative_or_retry,P11-026,P11,P11-W04,YL-D-016-S05_SERVICE_DEGRADED,ui/mockups/developer/YL-D-016/YL-D-016-S05_SERVICE_DEGRADED.png,PAGE,,f44823028de9b4af
YL-D-016-S06_SERVER_ERROR,YL-D-016,DEVELOPER,API文档,SERVER_ERROR,服务异常,服务端 5xx，显示请求 ID，不暴露堆栈。,retry_or_status,P11-026,P11,P11-W04,YL-D-016-S06_SERVER_ERROR,ui/mockups/developer/YL-D-016/YL-D-016-S06_SERVER_ERROR.png,PAGE,,f44823028de9b4af
YL-D-017-S01_LOADING,YL-D-017,DEVELOPER,Webhook,LOADING,加载中,使用与最终布局一致的 Skeleton，禁止无限 Loading。,automatic_or_retry,P11-028,P11,P11-W05,YL-D-017-S01_LOADING,ui/mockups/developer/YL-D-017/YL-D-017-S01_LOADING.png,PAGE,,4f6a5e14c5e9df98
YL-D-017-S02_POPULATED,YL-D-017,DEVELOPER,Webhook,POPULATED,有数据,真实结构化数据已加载。,none,P11-028,P11,P11-W05,YL-D-017-S02_POPULATED,ui/mockups/developer/YL-D-017/YL-D-017-S02_POPULATED.png,PAGE,,4f6a5e14c5e9df98
YL-D-017-S03_EMPTY,YL-D-017,DEVELOPER,Webhook,EMPTY,空数据,显示原因、下一步和主操作；不得使用伪造内容填满。,primary_action_or_refresh,P11-028,P11,P11-W05,YL-D-017-S03_EMPTY,ui/mockups/developer/YL-D-017/YL-D-017-S03_EMPTY.png,PAGE,,4f6a5e14c5e9df98
YL-D-017-S04_FILTER_ACTIVE,YL-D-017,DEVELOPER,Webhook,FILTER_ACTIVE,筛选生效,清晰展示筛选条件和结果数量。,clear_filter,P11-028,P11,P11-W05,YL-D-017-S04_FILTER_ACTIVE,ui/mockups/developer/YL-D-017/YL-D-017-S04_FILTER_ACTIVE.png,PAGE,,4f6a5e14c5e9df98
YL-D-017-S05_BULK_SELECTED,YL-D-017,DEVELOPER,Webhook,BULK_SELECTED,批量选择,显示已选数量和允许的批量动作。,clear_selection,P11-028,P11,P11-W05,YL-D-017-S05_BULK_SELECTED,ui/mockups/developer/YL-D-017/YL-D-017-S05_BULK_SELECTED.png,PAGE,,4f6a5e14c5e9df98
YL-D-017-S06_PERMISSION_DENIED,YL-D-017,DEVELOPER,Webhook,PERMISSION_DENIED,权限不足,不泄露资源存在性，说明所需权限或返回。,back_or_request_access,P11-028,P11,P11-W05,YL-D-017-S06_PERMISSION_DENIED,ui/mockups/developer/YL-D-017/YL-D-017-S06_PERMISSION_DENIED.png,PAGE,,4f6a5e14c5e9df98
YL-D-017-S07_SERVER_ERROR,YL-D-017,DEVELOPER,Webhook,SERVER_ERROR,服务异常,服务端 5xx，显示请求 ID，不暴露堆栈。,retry_or_status,P11-028,P11,P11-W05,YL-D-017-S07_SERVER_ERROR,ui/mockups/developer/YL-D-017/YL-D-017-S07_SERVER_ERROR.png,PAGE,,4f6a5e14c5e9df98
YL-W-001-S01_LOADING,YL-W-001,WEB,安全验证承载页,LOADING,加载中,使用与最终布局一致的 Skeleton，禁止无限 Loading。,automatic_or_retry,P01-003|P02-005|P02-022,P01|P02,P01-W01|P02-W01|P02-W05,YL-W-001-S01_LOADING,ui/mockups/web/YL-W-001/YL-W-001-S01_LOADING.png,PAGE,,cdf12cd1e61e6019
YL-W-001-S02_POPULATED,YL-W-001,WEB,安全验证承载页,POPULATED,有数据,真实结构化数据已加载。,none,P01-003|P02-005|P02-022,P01|P02,P01-W01|P02-W01|P02-W05,YL-W-001-S02_POPULATED,ui/mockups/web/YL-W-001/YL-W-001-S02_POPULATED.png,PAGE,,cdf12cd1e61e6019
YL-W-001-S03_SUCCESS,YL-W-001,WEB,安全验证承载页,SUCCESS,操作成功,使用 Snackbar、结果页或成功卡，按合同给出下一步。,continue,P01-003|P02-005|P02-022,P01|P02,P01-W01|P02-W01|P02-W05,YL-W-001-S03_SUCCESS,ui/mockups/web/YL-W-001/YL-W-001-S03_SUCCESS.png,PAGE,,cdf12cd1e61e6019
YL-W-001-S04_VALIDATION_ERROR,YL-W-001,WEB,安全验证承载页,VALIDATION_ERROR,表单校验失败,字段级错误紧邻字段，首个错误获得焦点。,correct_input,P01-003|P02-005|P02-022,P01|P02,P01-W01|P02-W01|P02-W05,YL-W-001-S04_VALIDATION_ERROR,ui/mockups/web/YL-W-001/YL-W-001-S04_VALIDATION_ERROR.png,PAGE,,cdf12cd1e61e6019
YL-W-001-S05_MAINTENANCE,YL-W-001,WEB,安全验证承载页,MAINTENANCE,维护中,展示维护范围、开始时间与状态页，不伪造结束时间。,status_or_retry,P01-003|P02-005|P02-022,P01|P02,P01-W01|P02-W01|P02-W05,YL-W-001-S05_MAINTENANCE,ui/mockups/web/YL-W-001/YL-W-001-S05_MAINTENANCE.png,PAGE,,cdf12cd1e61e6019
YL-W-001-S06_NETWORK_ERROR,YL-W-001,WEB,安全验证承载页,NETWORK_ERROR,网络连接失败,网络不可达或 DNS/TLS 失败，提供重试。,retry,P01-003|P02-005|P02-022,P01|P02,P01-W01|P02-W01|P02-W05,YL-W-001-S06_NETWORK_ERROR,ui/mockups/web/YL-W-001/YL-W-001-S06_NETWORK_ERROR.png,PAGE,,cdf12cd1e61e6019
YL-W-001-S07_SERVER_ERROR,YL-W-001,WEB,安全验证承载页,SERVER_ERROR,服务异常,服务端 5xx，显示请求 ID，不暴露堆栈。,retry_or_status,P01-003|P02-005|P02-022,P01|P02,P01-W01|P02-W01|P02-W05,YL-W-001-S07_SERVER_ERROR,ui/mockups/web/YL-W-001/YL-W-001-S07_SERVER_ERROR.png,PAGE,,cdf12cd1e61e6019
YL-W-002-S01_LOADING,YL-W-002,WEB,邮箱验证状态页,LOADING,加载中,使用与最终布局一致的 Skeleton，禁止无限 Loading。,automatic_or_retry,P01-004|P01-005|P02-007|P02-015,P01|P02,P01-W01|P02-W02|P02-W03,YL-W-002-S01_LOADING,ui/mockups/web/YL-W-002/YL-W-002-S01_LOADING.png,PAGE,,f94c60ee08809fe4
YL-W-002-S02_POPULATED,YL-W-002,WEB,邮箱验证状态页,POPULATED,有数据,真实结构化数据已加载。,none,P01-004|P01-005|P02-007|P02-015,P01|P02,P01-W01|P02-W02|P02-W03,YL-W-002-S02_POPULATED,ui/mockups/web/YL-W-002/YL-W-002-S02_POPULATED.png,PAGE,,f94c60ee08809fe4
YL-W-002-S03_SUCCESS,YL-W-002,WEB,邮箱验证状态页,SUCCESS,操作成功,使用 Snackbar、结果页或成功卡，按合同给出下一步。,continue,P01-004|P01-005|P02-007|P02-015,P01|P02,P01-W01|P02-W02|P02-W03,YL-W-002-S03_SUCCESS,ui/mockups/web/YL-W-002/YL-W-002-S03_SUCCESS.png,PAGE,,f94c60ee08809fe4
YL-W-002-S04_VALIDATION_ERROR,YL-W-002,WEB,邮箱验证状态页,VALIDATION_ERROR,表单校验失败,字段级错误紧邻字段，首个错误获得焦点。,correct_input,P01-004|P01-005|P02-007|P02-015,P01|P02,P01-W01|P02-W02|P02-W03,YL-W-002-S04_VALIDATION_ERROR,ui/mockups/web/YL-W-002/YL-W-002-S04_VALIDATION_ERROR.png,PAGE,,f94c60ee08809fe4
YL-W-002-S05_MAINTENANCE,YL-W-002,WEB,邮箱验证状态页,MAINTENANCE,维护中,展示维护范围、开始时间与状态页，不伪造结束时间。,status_or_retry,P01-004|P01-005|P02-007|P02-015,P01|P02,P01-W01|P02-W02|P02-W03,YL-W-002-S05_MAINTENANCE,ui/mockups/web/YL-W-002/YL-W-002-S05_MAINTENANCE.png,PAGE,,f94c60ee08809fe4
YL-W-002-S06_NETWORK_ERROR,YL-W-002,WEB,邮箱验证状态页,NETWORK_ERROR,网络连接失败,网络不可达或 DNS/TLS 失败，提供重试。,retry,P01-004|P01-005|P02-007|P02-015,P01|P02,P01-W01|P02-W02|P02-W03,YL-W-002-S06_NETWORK_ERROR,ui/mockups/web/YL-W-002/YL-W-002-S06_NETWORK_ERROR.png,PAGE,,f94c60ee08809fe4
YL-W-002-S07_SERVER_ERROR,YL-W-002,WEB,邮箱验证状态页,SERVER_ERROR,服务异常,服务端 5xx，显示请求 ID，不暴露堆栈。,retry_or_status,P01-004|P01-005|P02-007|P02-015,P01|P02,P01-W01|P02-W02|P02-W03,YL-W-002-S07_SERVER_ERROR,ui/mockups/web/YL-W-002/YL-W-002-S07_SERVER_ERROR.png,PAGE,,f94c60ee08809fe4
YL-W-003-S01_LOADING,YL-W-003,WEB,YLVEN OIDC 授权与回调页,LOADING,加载中,使用与最终布局一致的 Skeleton，禁止无限 Loading。,automatic_or_retry,P10-019|P11-003,P10|P11,P10-W04|P11-W01,YL-W-003-S01_LOADING,ui/mockups/web/YL-W-003/YL-W-003-S01_LOADING.png,PAGE,,4a4d3bdfd9da3682
YL-W-003-S02_POPULATED,YL-W-003,WEB,YLVEN OIDC 授权与回调页,POPULATED,有数据,真实结构化数据已加载。,none,P10-019|P11-003,P10|P11,P10-W04|P11-W01,YL-W-003-S02_POPULATED,ui/mockups/web/YL-W-003/YL-W-003-S02_POPULATED.png,PAGE,,4a4d3bdfd9da3682
YL-W-003-S03_SUCCESS,YL-W-003,WEB,YLVEN OIDC 授权与回调页,SUCCESS,操作成功,使用 Snackbar、结果页或成功卡，按合同给出下一步。,continue,P10-019|P11-003,P10|P11,P10-W04|P11-W01,YL-W-003-S03_SUCCESS,ui/mockups/web/YL-W-003/YL-W-003-S03_SUCCESS.png,PAGE,,4a4d3bdfd9da3682
YL-W-003-S04_VALIDATION_ERROR,YL-W-003,WEB,YLVEN OIDC 授权与回调页,VALIDATION_ERROR,表单校验失败,字段级错误紧邻字段，首个错误获得焦点。,correct_input,P10-019|P11-003,P10|P11,P10-W04|P11-W01,YL-W-003-S04_VALIDATION_ERROR,ui/mockups/web/YL-W-003/YL-W-003-S04_VALIDATION_ERROR.png,PAGE,,4a4d3bdfd9da3682
YL-W-003-S05_MAINTENANCE,YL-W-003,WEB,YLVEN OIDC 授权与回调页,MAINTENANCE,维护中,展示维护范围、开始时间与状态页，不伪造结束时间。,status_or_retry,P10-019|P11-003,P10|P11,P10-W04|P11-W01,YL-W-003-S05_MAINTENANCE,ui/mockups/web/YL-W-003/YL-W-003-S05_MAINTENANCE.png,PAGE,,4a4d3bdfd9da3682
YL-W-003-S06_NETWORK_ERROR,YL-W-003,WEB,YLVEN OIDC 授权与回调页,NETWORK_ERROR,网络连接失败,网络不可达或 DNS/TLS 失败，提供重试。,retry,P10-019|P11-003,P10|P11,P10-W04|P11-W01,YL-W-003-S06_NETWORK_ERROR,ui/mockups/web/YL-W-003/YL-W-003-S06_NETWORK_ERROR.png,PAGE,,4a4d3bdfd9da3682
YL-W-003-S07_SERVER_ERROR,YL-W-003,WEB,YLVEN OIDC 授权与回调页,SERVER_ERROR,服务异常,服务端 5xx，显示请求 ID，不暴露堆栈。,retry_or_status,P10-019|P11-003,P10|P11,P10-W04|P11-W01,YL-W-003-S07_SERVER_ERROR,ui/mockups/web/YL-W-003/YL-W-003-S07_SERVER_ERROR.png,PAGE,,4a4d3bdfd9da3682
YL-W-004-S01_LOADING,YL-W-004,WEB,APK 下载与更新页,LOADING,加载中,使用与最终布局一致的 Skeleton，禁止无限 Loading。,automatic_or_retry,P09-023|P13-013,P09|P13,P09-W05|P13-W03,YL-W-004-S01_LOADING,ui/mockups/web/YL-W-004/YL-W-004-S01_LOADING.png,PAGE,,cce33944d4d8afef
YL-W-004-S02_POPULATED,YL-W-004,WEB,APK 下载与更新页,POPULATED,有数据,真实结构化数据已加载。,none,P09-023|P13-013,P09|P13,P09-W05|P13-W03,YL-W-004-S02_POPULATED,ui/mockups/web/YL-W-004/YL-W-004-S02_POPULATED.png,PAGE,,cce33944d4d8afef
YL-W-004-S03_SUCCESS,YL-W-004,WEB,APK 下载与更新页,SUCCESS,操作成功,使用 Snackbar、结果页或成功卡，按合同给出下一步。,continue,P09-023|P13-013,P09|P13,P09-W05|P13-W03,YL-W-004-S03_SUCCESS,ui/mockups/web/YL-W-004/YL-W-004-S03_SUCCESS.png,PAGE,,cce33944d4d8afef
YL-W-004-S04_VALIDATION_ERROR,YL-W-004,WEB,APK 下载与更新页,VALIDATION_ERROR,表单校验失败,字段级错误紧邻字段，首个错误获得焦点。,correct_input,P09-023|P13-013,P09|P13,P09-W05|P13-W03,YL-W-004-S04_VALIDATION_ERROR,ui/mockups/web/YL-W-004/YL-W-004-S04_VALIDATION_ERROR.png,PAGE,,cce33944d4d8afef
YL-W-004-S05_MAINTENANCE,YL-W-004,WEB,APK 下载与更新页,MAINTENANCE,维护中,展示维护范围、开始时间与状态页，不伪造结束时间。,status_or_retry,P09-023|P13-013,P09|P13,P09-W05|P13-W03,YL-W-004-S05_MAINTENANCE,ui/mockups/web/YL-W-004/YL-W-004-S05_MAINTENANCE.png,PAGE,,cce33944d4d8afef
YL-W-004-S06_NETWORK_ERROR,YL-W-004,WEB,APK 下载与更新页,NETWORK_ERROR,网络连接失败,网络不可达或 DNS/TLS 失败，提供重试。,retry,P09-023|P13-013,P09|P13,P09-W05|P13-W03,YL-W-004-S06_NETWORK_ERROR,ui/mockups/web/YL-W-004/YL-W-004-S06_NETWORK_ERROR.png,PAGE,,cce33944d4d8afef
YL-W-004-S07_SERVER_ERROR,YL-W-004,WEB,APK 下载与更新页,SERVER_ERROR,服务异常,服务端 5xx，显示请求 ID，不暴露堆栈。,retry_or_status,P09-023|P13-013,P09|P13,P09-W05|P13-W03,YL-W-004-S07_SERVER_ERROR,ui/mockups/web/YL-W-004/YL-W-004-S07_SERVER_ERROR.png,PAGE,,cce33944d4d8afef
YL-W-005-S01_LOADING,YL-W-005,WEB,公开服务状态页,LOADING,加载中,使用与最终布局一致的 Skeleton，禁止无限 Loading。,automatic_or_retry,P04-030|P09-025|P12-012,P04|P09|P12,P04-W05|P09-W05|P12-W03,YL-W-005-S01_LOADING,ui/mockups/web/YL-W-005/YL-W-005-S01_LOADING.png,PAGE,,fa144fc4e0773449
YL-W-005-S02_POPULATED,YL-W-005,WEB,公开服务状态页,POPULATED,有数据,真实结构化数据已加载。,none,P04-030|P09-025|P12-012,P04|P09|P12,P04-W05|P09-W05|P12-W03,YL-W-005-S02_POPULATED,ui/mockups/web/YL-W-005/YL-W-005-S02_POPULATED.png,PAGE,,fa144fc4e0773449
YL-W-005-S03_SUCCESS,YL-W-005,WEB,公开服务状态页,SUCCESS,操作成功,使用 Snackbar、结果页或成功卡，按合同给出下一步。,continue,P04-030|P09-025|P12-012,P04|P09|P12,P04-W05|P09-W05|P12-W03,YL-W-005-S03_SUCCESS,ui/mockups/web/YL-W-005/YL-W-005-S03_SUCCESS.png,PAGE,,fa144fc4e0773449
YL-W-005-S04_VALIDATION_ERROR,YL-W-005,WEB,公开服务状态页,VALIDATION_ERROR,表单校验失败,字段级错误紧邻字段，首个错误获得焦点。,correct_input,P04-030|P09-025|P12-012,P04|P09|P12,P04-W05|P09-W05|P12-W03,YL-W-005-S04_VALIDATION_ERROR,ui/mockups/web/YL-W-005/YL-W-005-S04_VALIDATION_ERROR.png,PAGE,,fa144fc4e0773449
YL-W-005-S05_MAINTENANCE,YL-W-005,WEB,公开服务状态页,MAINTENANCE,维护中,展示维护范围、开始时间与状态页，不伪造结束时间。,status_or_retry,P04-030|P09-025|P12-012,P04|P09|P12,P04-W05|P09-W05|P12-W03,YL-W-005-S05_MAINTENANCE,ui/mockups/web/YL-W-005/YL-W-005-S05_MAINTENANCE.png,PAGE,,fa144fc4e0773449
YL-W-005-S06_NETWORK_ERROR,YL-W-005,WEB,公开服务状态页,NETWORK_ERROR,网络连接失败,网络不可达或 DNS/TLS 失败，提供重试。,retry,P04-030|P09-025|P12-012,P04|P09|P12,P04-W05|P09-W05|P12-W03,YL-W-005-S06_NETWORK_ERROR,ui/mockups/web/YL-W-005/YL-W-005-S06_NETWORK_ERROR.png,PAGE,,fa144fc4e0773449
YL-W-005-S07_SERVER_ERROR,YL-W-005,WEB,公开服务状态页,SERVER_ERROR,服务异常,服务端 5xx，显示请求 ID，不暴露堆栈。,retry_or_status,P04-030|P09-025|P12-012,P04|P09|P12,P04-W05|P09-W05|P12-W03,YL-W-005-S07_SERVER_ERROR,ui/mockups/web/YL-W-005/YL-W-005-S07_SERVER_ERROR.png,PAGE,,fa144fc4e0773449
YL-W-006-S01_LOADING,YL-W-006,WEB,会话或作品安全分享页,LOADING,加载中,使用与最终布局一致的 Skeleton，禁止无限 Loading。,automatic_or_retry,P03-024|P08-020,P03|P08,P03-W04|P08-W04,YL-W-006-S01_LOADING,ui/mockups/web/YL-W-006/YL-W-006-S01_LOADING.png,PAGE,,52d98671a9fc7d82
YL-W-006-S02_POPULATED,YL-W-006,WEB,会话或作品安全分享页,POPULATED,有数据,真实结构化数据已加载。,none,P03-024|P08-020,P03|P08,P03-W04|P08-W04,YL-W-006-S02_POPULATED,ui/mockups/web/YL-W-006/YL-W-006-S02_POPULATED.png,PAGE,,52d98671a9fc7d82
YL-W-006-S03_SUCCESS,YL-W-006,WEB,会话或作品安全分享页,SUCCESS,操作成功,使用 Snackbar、结果页或成功卡，按合同给出下一步。,continue,P03-024|P08-020,P03|P08,P03-W04|P08-W04,YL-W-006-S03_SUCCESS,ui/mockups/web/YL-W-006/YL-W-006-S03_SUCCESS.png,PAGE,,52d98671a9fc7d82
YL-W-006-S04_VALIDATION_ERROR,YL-W-006,WEB,会话或作品安全分享页,VALIDATION_ERROR,表单校验失败,字段级错误紧邻字段，首个错误获得焦点。,correct_input,P03-024|P08-020,P03|P08,P03-W04|P08-W04,YL-W-006-S04_VALIDATION_ERROR,ui/mockups/web/YL-W-006/YL-W-006-S04_VALIDATION_ERROR.png,PAGE,,52d98671a9fc7d82
YL-W-006-S05_MAINTENANCE,YL-W-006,WEB,会话或作品安全分享页,MAINTENANCE,维护中,展示维护范围、开始时间与状态页，不伪造结束时间。,status_or_retry,P03-024|P08-020,P03|P08,P03-W04|P08-W04,YL-W-006-S05_MAINTENANCE,ui/mockups/web/YL-W-006/YL-W-006-S05_MAINTENANCE.png,PAGE,,52d98671a9fc7d82
YL-W-006-S06_NETWORK_ERROR,YL-W-006,WEB,会话或作品安全分享页,NETWORK_ERROR,网络连接失败,网络不可达或 DNS/TLS 失败，提供重试。,retry,P03-024|P08-020,P03|P08,P03-W04|P08-W04,YL-W-006-S06_NETWORK_ERROR,ui/mockups/web/YL-W-006/YL-W-006-S06_NETWORK_ERROR.png,PAGE,,52d98671a9fc7d82
YL-W-006-S07_SERVER_ERROR,YL-W-006,WEB,会话或作品安全分享页,SERVER_ERROR,服务异常,服务端 5xx，显示请求 ID，不暴露堆栈。,retry_or_status,P03-024|P08-020,P03|P08,P03-W04|P08-W04,YL-W-006-S07_SERVER_ERROR,ui/mockups/web/YL-W-006/YL-W-006-S07_SERVER_ERROR.png,PAGE,,52d98671a9fc7d82
YL-W-007-S01_LOADING,YL-W-007,WEB,维护、错误与不兼容提示页,LOADING,加载中,使用与最终布局一致的 Skeleton，禁止无限 Loading。,automatic_or_retry,P12-012|P13-014,P12|P13,P12-W03|P13-W03,YL-W-007-S01_LOADING,ui/mockups/web/YL-W-007/YL-W-007-S01_LOADING.png,PAGE,,7c2c17faa117dfcb
YL-W-007-S02_POPULATED,YL-W-007,WEB,维护、错误与不兼容提示页,POPULATED,有数据,真实结构化数据已加载。,none,P12-012|P13-014,P12|P13,P12-W03|P13-W03,YL-W-007-S02_POPULATED,ui/mockups/web/YL-W-007/YL-W-007-S02_POPULATED.png,PAGE,,7c2c17faa117dfcb
YL-W-007-S03_SUCCESS,YL-W-007,WEB,维护、错误与不兼容提示页,SUCCESS,操作成功,使用 Snackbar、结果页或成功卡，按合同给出下一步。,continue,P12-012|P13-014,P12|P13,P12-W03|P13-W03,YL-W-007-S03_SUCCESS,ui/mockups/web/YL-W-007/YL-W-007-S03_SUCCESS.png,PAGE,,7c2c17faa117dfcb
YL-W-007-S04_VALIDATION_ERROR,YL-W-007,WEB,维护、错误与不兼容提示页,VALIDATION_ERROR,表单校验失败,字段级错误紧邻字段，首个错误获得焦点。,correct_input,P12-012|P13-014,P12|P13,P12-W03|P13-W03,YL-W-007-S04_VALIDATION_ERROR,ui/mockups/web/YL-W-007/YL-W-007-S04_VALIDATION_ERROR.png,PAGE,,7c2c17faa117dfcb
YL-W-007-S05_MAINTENANCE,YL-W-007,WEB,维护、错误与不兼容提示页,MAINTENANCE,维护中,展示维护范围、开始时间与状态页，不伪造结束时间。,status_or_retry,P12-012|P13-014,P12|P13,P12-W03|P13-W03,YL-W-007-S05_MAINTENANCE,ui/mockups/web/YL-W-007/YL-W-007-S05_MAINTENANCE.png,PAGE,,7c2c17faa117dfcb
YL-W-007-S06_NETWORK_ERROR,YL-W-007,WEB,维护、错误与不兼容提示页,NETWORK_ERROR,网络连接失败,网络不可达或 DNS/TLS 失败，提供重试。,retry,P12-012|P13-014,P12|P13,P12-W03|P13-W03,YL-W-007-S06_NETWORK_ERROR,ui/mockups/web/YL-W-007/YL-W-007-S06_NETWORK_ERROR.png,PAGE,,7c2c17faa117dfcb
YL-W-007-S07_SERVER_ERROR,YL-W-007,WEB,维护、错误与不兼容提示页,SERVER_ERROR,服务异常,服务端 5xx，显示请求 ID，不暴露堆栈。,retry_or_status,P12-012|P13-014,P12|P13,P12-W03|P13-W03,YL-W-007-S07_SERVER_ERROR,ui/mockups/web/YL-W-007/YL-W-007-S07_SERVER_ERROR.png,PAGE,,7c2c17faa117dfcb
YL-DS-001-S01_DEFAULT,YL-DS-001,DESIGN_SYSTEM,颜色、主题与对比度基准板,DEFAULT,默认/可操作,数据与控件处于正常可操作状态。,none,P00-004,P00,P00-W01,YL-DS-001-S01_DEFAULT,ui/mockups/design-system/YL-DS-001/YL-DS-001-S01_DEFAULT.png,PAGE,,9fc076de3a468e43
YL-DS-002-S01_DEFAULT,YL-DS-002,DESIGN_SYSTEM,字体、字号、行高与字重基准板,DEFAULT,默认/可操作,数据与控件处于正常可操作状态。,none,P00-004,P00,P00-W01,YL-DS-002-S01_DEFAULT,ui/mockups/design-system/YL-DS-002/YL-DS-002-S01_DEFAULT.png,PAGE,,2889b5d6c3eb652c
YL-DS-003-S01_DEFAULT,YL-DS-003,DESIGN_SYSTEM,间距、网格、圆角、边框与阴影基准板,DEFAULT,默认/可操作,数据与控件处于正常可操作状态。,none,P00-004,P00,P00-W01,YL-DS-003-S01_DEFAULT,ui/mockups/design-system/YL-DS-003/YL-DS-003-S01_DEFAULT.png,PAGE,,e424781229aef484
YL-DS-004-S01_DEFAULT,YL-DS-004,DESIGN_SYSTEM,按钮、图标、Chip 与分段控件基准板,DEFAULT,默认/可操作,数据与控件处于正常可操作状态。,none,P00-004,P00,P00-W01,YL-DS-004-S01_DEFAULT,ui/mockups/design-system/YL-DS-004/YL-DS-004-S01_DEFAULT.png,PAGE,,f14c3e54dcf7507b
YL-DS-005-S01_DEFAULT,YL-DS-005,DESIGN_SYSTEM,输入框、验证码、搜索和表单基准板,DEFAULT,默认/可操作,数据与控件处于正常可操作状态。,none,P00-004,P00,P00-W01,YL-DS-005-S01_DEFAULT,ui/mockups/design-system/YL-DS-005/YL-DS-005-S01_DEFAULT.png,PAGE,,8a67b4993eb75b7e
YL-DS-006-S01_DEFAULT,YL-DS-006,DESIGN_SYSTEM,顶部栏、底部导航、侧栏和标签页基准板,DEFAULT,默认/可操作,数据与控件处于正常可操作状态。,none,P00-004,P00,P00-W01,YL-DS-006-S01_DEFAULT,ui/mockups/design-system/YL-DS-006/YL-DS-006-S01_DEFAULT.png,PAGE,,b6dec54ccb7ee846
YL-DS-007-S01_DEFAULT,YL-DS-007,DESIGN_SYSTEM,卡片、列表、表格、筛选和分页基准板,DEFAULT,默认/可操作,数据与控件处于正常可操作状态。,none,P00-004,P00,P00-W01,YL-DS-007-S01_DEFAULT,ui/mockups/design-system/YL-DS-007/YL-DS-007-S01_DEFAULT.png,PAGE,,30a723b1cc6990bc
YL-DS-008-S01_DEFAULT,YL-DS-008,DESIGN_SYSTEM,Dialog、Bottom Sheet、Snackbar 与菜单基准板,DEFAULT,默认/可操作,数据与控件处于正常可操作状态。,none,P00-004,P00,P00-W01,YL-DS-008-S01_DEFAULT,ui/mockups/design-system/YL-DS-008/YL-DS-008-S01_DEFAULT.png,PAGE,,32d5d9a21e8647f5
YL-DS-009-S01_DEFAULT,YL-DS-009,DESIGN_SYSTEM,Loading、Skeleton、Empty、Offline 与 Error 基准板,DEFAULT,默认/可操作,数据与控件处于正常可操作状态。,none,P00-004,P00,P00-W01,YL-DS-009-S01_DEFAULT,ui/mockups/design-system/YL-DS-009/YL-DS-009-S01_DEFAULT.png,PAGE,,5a713a74f797f01d
YL-DS-010-S01_DEFAULT,YL-DS-010,DESIGN_SYSTEM,聊天消息、模型标签、代码、表格和引用基准板,DEFAULT,默认/可操作,数据与控件处于正常可操作状态。,none,P00-004,P00,P00-W01,YL-DS-010-S01_DEFAULT,ui/mockups/design-system/YL-DS-010/YL-DS-010-S01_DEFAULT.png,PAGE,,938198dee9375332
YL-DS-011-S01_DEFAULT,YL-DS-011,DESIGN_SYSTEM,文件、附件、上传、解析和资料库基准板,DEFAULT,默认/可操作,数据与控件处于正常可操作状态。,none,P00-004,P00,P00-W01,YL-DS-011-S01_DEFAULT,ui/mockups/design-system/YL-DS-011/YL-DS-011-S01_DEFAULT.png,PAGE,,0a22a7d33f91e0c0
YL-DS-012-S01_DEFAULT,YL-DS-012,DESIGN_SYSTEM,图片工作台、任务、结果和编辑基准板,DEFAULT,默认/可操作,数据与控件处于正常可操作状态。,none,P00-004,P00,P00-W01,YL-DS-012-S01_DEFAULT,ui/mockups/design-system/YL-DS-012/YL-DS-012-S01_DEFAULT.png,PAGE,,4db8baa7cd3e90d2
YL-DS-013-S01_DEFAULT,YL-DS-013,DESIGN_SYSTEM,PPT 工作台、缩略图、预览和后台/开发者组件基准板,DEFAULT,默认/可操作,数据与控件处于正常可操作状态。,none,P00-004,P00,P00-W01,YL-DS-013-S01_DEFAULT,ui/mockups/design-system/YL-DS-013/YL-DS-013-S01_DEFAULT.png,PAGE,,f4296400a9e254bc
